origin_port,dest_port,frequency,n_vessels,total_emission,mean_distance,mean_speed,mean_load_factor,EF_avg_e,n_legs_direct,corridor_id,E_e,eta_LNG,eta_green_methanol,eta_green_ammonia,alpha_e,W_e,origin_lon,origin_lat,dest_lon,dest_lat,gc_distance_nm,range_violating_LNG,k_e_LNG,range_violating_green_methanol,k_e_green_methanol,range_violating_green_ammonia,k_e_green_ammonia
MATAN,SGSGP,244.0,127,3186539.1807995965,10896.68319553589,16.356190114645326,0.6443644764784269,625.4289473364067,236,0,3186539.1807995965,0.13435410640052947,0.8180448786634287,0.9389219188483565,1.0,2606732.0575134675,-5.797516,35.789733,103.802776,1.248823,6305.966526821533,False,0,True,1,True,2
NLROT,SGSGP,193.0,91,2341846.812303471,11961.67759882148,16.025468683613802,0.587212336386024,628.763115966596,161,1,2341846.812303471,0.1389444033024949,0.8190097397410859,0.9392458001591343,0.8497409326424871,1629799.1560328386,4.03038,52.002215,103.802776,1.248823,5704.322736595839,False,0,True,1,True,2
MYTPP,NLROT,136.0,66,2083470.5995070843,11931.300469961157,17.585803376120626,0.7498014464497337,630.369537343578,128,2,2083470.5995070843,0.14113870051288013,0.8194709717738562,0.9394006249715405,0.9338235294117647,1594357.6982258956,103.549576,1.327854,4.03038,52.002215,5691.301502173687,False,0,True,1,True,2
ESVAL,SGSGP,143.0,83,1745877.505838655,11240.422121220994,16.706911651788218,0.5994224082720712,623.9025867781195,111,3,1745877.505838655,0.1322363274756868,0.8175997304520376,0.9387724929988386,0.965034965034965,1377518.8740439333,-0.316667,39.45,103.802776,1.248823,6006.936742345254,False,0,True,1,True,2
BRSTS,SGSGP,308.0,98,1720793.4869570662,9178.026636144456,16.46016750415021,0.4417051069800278,627.4999290693813,244,4,1720793.4869570662,0.1372110578515483,0.8186453978269417,0.9391234990948082,0.9188311688311688,1294375.539754408,-46.306133,-23.95,103.802776,1.248823,8599.26125352153,False,0,True,1,True,1
EGPSA,SGSGP,102.0,42,1517405.0130149361,12795.835088765278,17.20054639443456,0.6799633402943237,630.660084792157,97,5,1517405.0130149361,0.14153438111050576,0.8195541421691459,0.939428543329186,1.0,1243595.5637646175,32.319633,31.269083,103.802776,1.248823,4417.6949977457625,False,0,True,1,True,2
KRBUS,USLGB,302.0,101,1251079.2534023072,5636.956817163628,16.607683845873726,0.40420092465621016,630.4225082392643,289,6,1251079.2534023072,0.14121086584915776,0.8194861406236316,0.9394057167998482,0.695364238410596,712916.6983007938,129.052391,35.112607,-118.217354,33.74561,5208.498867553833,False,0,False,0,True,1
KRBUS,MXMAN,237.0,129,1158471.0287188366,6752.66309664529,15.422196473833445,0.41698763639731523,627.6571288800578,232,7,1158471.0287188366,0.13742714757971175,0.8186908189777821,0.9391387459134558,0.8481012658227848,804364.3402870694,129.052391,35.112607,-104.293756,19.073908,6356.88678173363,False,0,False,0,True,1
CNSHE,SGSGP,1128.0,458,1107960.476158061,1499.6786815258852,14.182299896430479,0.3597878818744452,627.6505000144614,1057,8,1107960.476158061,0.13741803760607874,0.8186889040996892,0.9391381031336391,0.6640070921985816,602304.1986353706,113.8943,22.467416,103.802776,1.248823,1403.5726228500714,False,0,False,0,False,0
GRPIR,SGSGP,100.0,53,1080479.2070073474,12368.910280666432,16.689012508866078,0.5546972977319667,630.649722984405,97,9,1080479.2070073474,0.14152027620348617,0.8195511773770904,0.939427548117793,0.99,876652.9261719931,23.65,37.933333,103.802776,1.248823,4891.746880858865,False,0,True,1,True,2
CNYTN,SGSGP,640.0,279,1035466.535007759,1503.4212416448813,14.921223797953928,0.5129085415411258,623.3326937157761,616,10,1035466.535007759,0.13144295901978698,0.8174329677437232,0.9387165146556259,0.9359375,792200.4142870479,114.263091,22.566543,103.802776,1.248823,1418.044886458818,False,0,False,0,False,0
ESALG,SGSGP,83.0,60,991727.5930074215,10814.450864614688,15.720735145503243,0.5658900291955207,624.6661051315245,81,11,991727.5930074215,0.13329697969444454,0.8178226750816915,0.9388473302998297,0.9879518072289156,801285.5382094437,-5.433333,36.116667,103.802776,1.248823,6284.379345507191,False,0,True,1,True,2
SGSGP,USNYK,98.0,49,961148.5030470471,12596.135485277313,17.269336397007056,0.42160029905207114,630.3031440771608,92,12,961148.5030470471,0.141048231969913,0.819451955667115,0.9393942417089964,0.3979591836734694,313438.63061049476,103.802776,1.248823,-74.049568,40.663452,8288.108506446199,False,0,True,1,True,2
CNYTN,USLSA,171.0,89,875273.8811929516,6534.766149222274,17.547406532458236,0.5299979892968278,627.9098464656222,166,13,875273.8811929516,0.13777431099793813,0.8187637912662825,0.9391632410050262,0.8596491228070176,616061.1492409271,114.263091,22.566543,-118.244,33.738045,6288.038073002395,False,0,False,0,True,1
KRBUS,USHOU,124.0,50,858034.6960484636,10136.900110282479,16.0713697550183,0.38805448982309276,630.7,63,14,858034.6960484636,0.1415887109560806,0.8195655620738862,0.9394323767242746,0.6451612903225806,453687.54061022913,129.052391,35.112607,-94.97475,29.6069,6192.128186752496,False,0,True,1,True,2
KRBUS,PABAL,148.0,101,848150.5638338559,8391.073074465625,16.9356247441237,0.40869508089413925,630.3810029128232,77,15,848150.5638338559,0.14115432175409104,0.8194742552929729,0.9394017271721579,0.5675675675675675,394480.7725717661,129.052391,35.112607,-79.57037,8.954178,7703.193333867882,False,0,True,1,True,1
ESALG,MYTPP,57.0,23,842305.9444114325,10898.904482301296,17.907411111322098,0.7832548794290052,630.6999999999999,57,16,842305.9444114325,0.1415887109560805,0.8195655620738862,0.9394323767242746,0.8070175438596491,557104.3413931164,-5.433333,36.116667,103.549576,1.327854,6269.476334666067,False,0,True,1,True,2
CNNBO,CNYSN,3091.0,1153,839052.5385140642,224.17032981614088,7.594941563615394,0.20848186602896296,628.4567124684474,1958,17,839052.5385140642,0.13852459643004966,0.8189214981044324,0.9392161795042998,0.8362989323843416,574636.1851588688,121.683333,29.966667,122.066667,30.633333,44.688068643847636,False,0,False,0,False,0
GBFEL,SGSGP,55.0,31,792891.8021761689,11921.674139340115,15.938291364359248,0.5901685515915489,625.9020478925376,43,18,792891.8021761689,0.13500842212781183,0.8181824130737809,0.9389680859351356,1.0,648730.1280109168,1.3,51.933333,103.802776,1.248823,5804.596582088126,False,0,True,1,True,2
ESALG,OMSAL,127.0,42,785984.5999237399,9525.727387867988,17.527168220253735,0.4328140363439067,630.6999999999998,124,19,785984.5999237399,0.1415887109560804,0.8195655620738861,0.9394323767242746,0.2283464566929134,147093.00316629632,-5.433333,36.116667,54.002781,16.946141,3339.1891334718175,False,0,True,1,True,1
LKCOL,MATAN,82.0,56,715563.6352843776,9567.885229349895,17.69386123663989,0.550915397605016,630.2031220448249,82,20,715563.6352843776,0.14091190433440692,0.8194233001722488,0.9393846227291731,0.7317073170731707,429036.23085949477,79.85,6.95,-5.797516,35.789733,4948.66415624456,False,0,True,1,True,1
LKCOL,USNYK,81.0,56,708770.767922743,11383.213898847693,16.64747369829438,0.4663323197796636,630.4032054170204,71,21,708770.767922743,0.14118456989466543,0.8194806133247377,0.9394038614148065,0.6666666666666666,387215.93573598313,79.85,6.95,-74.049568,40.663452,7605.91881943662,False,0,True,1,True,2
AEJAL,SGSGP,278.0,132,700420.5125458671,3570.511638444872,15.410059446317792,0.41387832883684855,630.5399362196839,222,22,700420.5125458671,0.1413708015928543,0.8195197584434186,0.9394170015161563,0.7769784172661871,445992.17639599775,55.0606,25.0136,103.802776,1.248823,3161.1813120480756,False,0,False,0,False,0
ILASD,SGSGP,54.0,33,695710.0888035056,12836.446758941884,16.713433171686955,0.5856297149066646,630.5824109906702,53,23,695710.0888035056,0.14142863713968967,0.8195319152318004,0.9394210822658592,1.0,570156.6215232229,34.65,31.816667,103.802776,1.248823,4305.521522754551,False,0,True,1,True,2
MATAN,OMSAL,108.0,52,691006.6673869805,9461.206039977245,16.979994013775563,0.46515179027887693,630.6804462791014,108,24,691006.6673869805,0.14156209663045616,0.819559967854721,0.939430498875662,0.6018518518518519,340841.5846038857,-5.797516,35.789733,54.002781,16.946141,3355.7169153172586,False,0,True,1,True,1
KRBUS,USNYK,92.0,44,653656.3092541696,10704.12508316019,16.37213271693744,0.38318022477480146,630.7000000000002,73,25,653656.3092541696,0.14158871095608083,0.8195655620738862,0.9394323767242746,0.782608695652174,419254.5916933322,129.052391,35.112607,-74.049568,40.663452,6082.120728214737,False,0,True,1,True,2
GBFEL,MYTPP,61.0,46,650091.097430476,12331.121064714129,15.619315658969363,0.4741424709125301,630.1140034584027,51,26,650091.097430476,0.14079040137418442,0.819397760761696,0.9393760497460174,0.9836065573770492,523950.67822194647,1.3,51.933333,103.549576,1.327854,5791.609154966137,False,0,True,1,True,2
LKCOL,NLROT,45.0,21,646963.2365946696,10717.392983797907,17.615483495091745,0.794666184098957,625.6991579433421,44,27,646963.2365946696,0.13472793893543256,0.8181234566879427,0.9389482956544764,0.9555555555555556,505771.54171850154,79.85,6.95,4.03038,52.002215,4551.94140145919,False,0,True,1,True,2
CNQIN,SGSGP,399.0,213,641002.2456064165,2580.1470039057012,15.058088379813482,0.39155801415136726,627.5721678316536,276,28,641002.2456064165,0.13731037201568397,0.8186662732460008,0.9391305064850372,0.7218045112781954,378779.1299028615,120.2667,36.0333,103.802776,1.248823,2280.7332048981575,False,0,False,0,False,0
INNSA,MYPKE,616.0,192,631740.0993023245,2323.934575434996,14.535857832841725,0.322253260929252,630.6687044017046,429,29,631740.0993023245,0.1415461141145271,0.8195566083971799,0.9394293711842906,0.4935064935064935,255511.39455276632,72.9428,18.953883,101.34485,3.00525,1922.756266066833,False,0,False,0,False,0
EGDAM,SGSGP,70.0,38,607032.0743585847,12749.168153446833,16.45697327082167,0.4586831074310888,630.3498503038319,65,30,607032.0743585847,0.14111187662051106,0.8194653335046438,0.9393987323363567,1.0,497441.74126227334,31.757526,31.481673,103.802776,1.248823,4448.099551464168,False,0,True,1,True,2
CNQIN,KRBUS,1780.0,632,589076.7135303138,546.6300173027712,11.432542428337257,0.27362459669665207,629.6173880072369,1466,31,589076.7135303138,0.14011269333975718,0.819255309386894,0.9393282321492034,0.7061797752808989,340805.3432984473,120.2667,36.0333,129.052391,35.112607,432.44654231935135,False,0,False,0,False,0
LKCOL,SGSGP,548.0,326,582838.4715734911,1649.9589696374508,13.41325539532757,0.3412464753944577,627.8051688611499,492,32,582838.4715734911,0.13763054709774136,0.8187335726998947,0.939153097338629,0.6441605839416058,307386.6181036926,79.85,6.95,103.802776,1.248823,1474.0928280650671,False,0,False,0,False,0
FRLEH,SGSGP,61.0,36,582650.3518907363,11581.349970297862,16.362228189441385,0.455947781562797,623.7898235581677,57,33,582650.3518907363,0.13207946081615574,0.8175667577408173,0.9387614248303974,0.5901639344262295,281127.87093945575,0.094067,49.480233,103.802776,1.248823,5877.6949125497495,False,0,True,1,True,2
CNNBO,CNWGQ,4844.0,961,581093.9681094631,250.29783500390008,10.07057090792721,0.22448219344404666,630.6214433897696,2536,34,581093.9681094631,0.14148177852972943,0.8195430853281921,0.9394248318061242,0.6040462427745664,287665.87453588605,121.683333,29.966667,121.617967,31.353633,83.34247453011474,False,0,False,0,False,0
CNNSA,SGSGP,823.0,278,559306.4221603577,1478.7292866803587,14.362900570175121,0.33096855847836,629.1575763061954,775,35,559306.4221603577,0.13948425579077195,0.8191232144606388,0.9392838909700914,0.6026731470230863,276109.20254760847,113.682083,22.64515,103.802776,1.248823,1408.0413391936736,False,0,False,0,False,0
HKHKG,SGSGP,658.0,261,558551.5060491528,1486.3665640866402,14.976777430642269,0.3961009050555645,628.6132839228351,639,36,558551.5060491528,0.13873916786897067,0.818966600117268,0.9392313191957788,0.7872340425531915,360108.42621871934,114.181938,22.298785,103.802776,1.248823,1401.6753807801063,False,0,False,0,False,0
KRBUS,MXLCS,115.0,95,553253.0009200337,6926.038501795422,15.012348255726142,0.42301036626714134,629.2186417136818,111,37,553253.0009200337,0.13956776848585906,0.8191407684774488,0.9392897834432209,0.7652173913043478,346790.46759631316,129.052391,35.112607,-102.166667,17.883333,6491.476424865248,False,0,False,0,True,1
BEANT,CNYSN,44.0,16,550957.3852266399,14057.732023917448,17.71092000767232,0.5282310933991761,630.1551390593373,44,38,550957.3852266399,0.14084648931345123,0.8194095502103265,0.9393800071883521,1.0,451459.7432136186,4.4,51.2167,122.066667,30.633333,4896.3092813334215,False,0,True,1,True,2
FRDKK,SGSGP,33.0,16,547017.4780811607,12067.006938983059,17.87684101449561,0.7990847489074808,565.7579967536656,32,39,547017.4780811607,0.043053738335882885,0.7988539257898476,0.9324799645445709,1.0,436987.05984079716,2.35,51.0667,103.802776,1.248823,5775.186156148858,False,0,True,1,True,2
SGSGP,THLCB,1511.0,316,529276.6604257323,833.6844969780634,12.94480619507981,0.31285602941584345,629.8031044460923,1401,40,529276.6604257323,0.14036625704448102,0.819308607409793,0.9393461230496845,0.47121111846459296,204336.4246158794,103.802776,1.248823,100.886078,13.056152,729.8242527659659,False,0,False,0,False,0
CNYSN,KRBUS,1109.0,512,528838.255823414,555.4569569039575,9.846806456872276,0.2554922359355153,629.0764768499678,1070,41,528838.255823414,0.13937331958269727,0.8190998961368876,0.9392760635538586,0.7989179440937781,346068.3727055903,122.066667,30.633333,129.052391,35.112607,442.9796288954696,False,0,False,0,False,0
CNQIN,CNYSN,1122.0,521,520497.6833307874,519.0183585091884,10.60952463993799,0.2537251007448043,627.4382703184443,868,42,520497.6833307874,0.13712627104301,0.8186275759968499,0.9391175167230199,0.7433155080213903,316722.09731321456,120.2667,36.0333,122.066667,30.633333,336.5336443102714,False,0,False,0,False,0
MYTPP,PTSNS,41.0,17,514487.15368446294,10885.341486366282,17.472478650841534,0.6231475948874864,626.8108832880287,40,43,514487.15368446294,0.1362626041845243,0.8184460368603599,0.9390565782782578,1.0,421079.9719486156,103.549576,1.327854,-8.866667,37.95,6402.749793329105,False,0,True,1,True,2
INMUN,MATAN,72.0,30,514112.40673043235,9899.179154086803,16.182107192335078,0.34268648301004234,630.7000000000002,70,44,514112.40673043235,0.14158871095608083,0.8195655620738862,0.9394323767242746,0.6944444444444444,292603.34971610084,69.7,22.766667,-5.797516,35.789733,3936.713455851056,False,0,True,1,True,1
CNWGQ,USLGB,135.0,23,505894.1084001927,5967.939444431727,19.955438255530403,0.673784242307238,630.7,132,45,505894.1084001927,0.1415887109560806,0.8195655620738862,0.9394323767242746,0.3111111111111111,128990.8322269378,121.617967,31.353633,-118.217354,33.74561,5636.952476425495,False,0,False,0,True,1
CNYSN,USLGB,106.0,44,488767.91403771256,5994.381363815245,16.94241772568348,0.3858598032142389,630.6235761020284,101,46,488767.91403771256,0.14148468196119746,0.8195436956172595,0.939425036665899,0.660377358490566,264525.1545270983,122.066667,30.633333,-118.217354,33.74561,5650.180783604128,False,0,False,0,True,1
CNWGQ,USLSA,130.0,27,470416.26359038695,5937.8345254673995,18.559336639286904,0.5634305772943087,630.7,117,47,470416.26359038695,0.1415887109560806,0.8195655620738862,0.9394323767242746,0.3384615384615385,130489.43582337482,121.617967,31.353633,-118.244,33.738045,5636.273290712429,False,0,False,0,True,1
JPYOK,MXMAN,87.0,54,462521.68765103444,6209.876085059862,17.71475971601079,0.5360430026153022,627.6887319869227,86,48,462521.68765103444,0.1374705767200557,0.818699947600189,0.9391418101786223,0.9885057471264368,374313.9931513948,139.679832,35.450183,-104.293756,19.073908,5915.635863013831,False,0,False,0,True,1
CAHFX,LKCOL,58.0,38,455390.1801952907,11096.325388358942,16.033049717134524,0.4336161745578278,623.9732605433352,56,49,455390.1801952907,0.132334613940721,0.8176203898530736,0.9387794278768665,0.896551724137931,333818.7487355142,-63.57595,44.655955,79.85,6.95,7133.867125480561,False,0,True,1,True,2
MYTPP,USSAV,42.0,16,454867.66307225125,12658.119344727853,18.19335532094758,0.4604363692820411,630.7000000000002,41,50,454867.66307225125,0.14158871095608083,0.8195655620738862,0.9394323767242746,0.16666666666666666,62132.31199250744,103.549576,1.327854,-81.0833,32.0833,8784.037173207647,False,0,True,1,True,2
CAVCR,KRBUS,149.0,82,453109.5723189485,4873.130018241599,14.816967724580405,0.3423393523731546,630.5060271672485,139,51,453109.5723189485,0.1413246239176904,0.8195100520905674,0.9394137433203837,0.6711409395973155,249213.3216200243,-123.116667,49.283333,129.052391,35.112607,4453.996500161266,False,0,False,0,False,0
INMUN,USNYK,57.0,34,447763.5345905436,11567.108868013545,16.972006499112872,0.3842257308328559,630.7,53,52,447763.5345905436,0.1415887109560806,0.8195655620738862,0.9394323767242746,0.7543859649122807,276838.2041197232,69.7,22.766667,-74.049568,40.663452,6494.815663191851,False,0,True,1,True,2
KRBUS,USLSA,130.0,62,443814.84964763914,5473.942662033376,16.564528872855572,0.42761477993719615,630.1464092885197,122,53,443814.84964763914,0.140834586979113,0.8194070483897729,0.9393791673856707,0.7769230769230769,282539.74318548926,129.052391,35.112607,-118.244,33.738045,5207.7908382902715,False,0,False,0,True,1
AEKHA,MATAN,39.0,25,443597.1267893509,10357.694783685694,18.582363737702305,0.6140241611753668,630.4121267595051,39,54,443597.1267893509,0.14119672351014623,0.819483167963529,0.9394047189473358,0.6153846153846154,223704.8484682194,54.659214,24.802318,-5.797516,35.789733,3153.688267960499,False,0,True,1,True,2
TWKAO,USLGB,97.0,19,443418.8685929173,6348.668778885065,16.53070477666364,0.34782722844925423,630.7,95,55,443418.8685929173,0.1415887109560806,0.8195655620738862,0.9394323767242746,0.8762886597938144,318452.79291921936,120.260382,22.620829,-118.217354,33.74561,6052.949714512584,False,0,False,0,True,1
ESALG,USNYK,241.0,54,437474.72535184544,3370.1175827332645,15.749357130611118,0.34613110993827656,630.7000000000002,225,56,437474.72535184544,0.14158871095608083,0.8195655620738862,0.9394323767242746,0.24896265560165975,89262.87614342842,-5.433333,36.116667,-74.049568,40.663452,3157.563260341453,False,0,False,0,False,0
CNNBO,SGSGP,327.0,176,429571.71503997344,2183.934476268976,15.022223076445494,0.4055792597821391,628.387886626901,277,57,429571.71503997344,0.13843024106311141,0.818901665003661,0.9392095219959565,0.72782874617737,256033.40751976013,121.683333,29.966667,103.802776,1.248823,2003.3858029375665,False,0,False,0,False,0
CNTJN,SGSGP,196.0,101,421292.4559074931,2883.901192755801,15.803007852714634,0.4641287238533906,630.4453371817093,179,58,421292.4559074931,0.14124196330766792,0.8194926771784496,0.939407910968513,0.8112244897959183,280072.0771842232,117.8143,38.97075,103.802776,1.248823,2391.869432148379,False,0,False,0,False,0
CNQIN,CNWGQ,2140.0,594,419456.7882358336,478.3278370420253,10.40014516448846,0.23807215332124582,630.5982373054031,1563,59,419456.7882358336,0.14145018496492212,0.8195364444939197,0.9394226026332841,0.6817757009345794,234367.3000727178,120.2667,36.0333,121.617967,31.353633,288.95387911645236,False,0,False,0,False,0
CNNBO,USLGB,105.0,52,417783.978483863,5936.14682426146,16.952130864231336,0.42720302589977677,630.5372558122433,89,60,417783.978483863,0.14136715156889312,0.8195189912237533,0.939416743978448,0.780952380952381,267383.96358968015,121.683333,29.966667,-118.217354,33.74561,5692.200998276048,False,0,False,0,True,1
GHTEM,SGSGP,110.0,73,409791.84370078245,8331.657544945128,15.608080132247418,0.3541820250296217,630.2677043761156,56,61,409791.84370078245,0.14099993345539308,0.8194418035227626,0.9393908338714371,0.7363636363636363,247271.3269559824,0.016667,5.633333,103.802776,1.248823,6219.51687381601,False,0,True,1,True,1
BRRDJ,SGSGP,67.0,38,409712.87037132855,9229.020099312398,17.245829943143416,0.4885460949250828,614.6713911695318,66,62,409712.87037132855,0.11920416701047165,0.8148604252046392,0.9378529722567418,0.8507462686567164,284029.1315592218,-43.1667,-22.916667,103.802776,1.248823,8484.16541967193,False,0,True,1,True,1
INMUN,INNSA,1637.0,567,405382.6732110117,475.4684291766347,11.300030898243948,0.2623839727664514,630.2460716970749,1154,63,405382.6732110117,0.14097044898326372,0.8194356060108892,0.9393887535115638,0.5088576664630422,169034.88214741604,69.7,22.766667,72.9428,18.953883,292.3822316478465,False,0,False,0,False,0
CNNBO,KRBUS,960.0,413,402158.3193223175,567.2612736112139,10.637966810589532,0.2644009465094188,629.8539324243669,821,64,402158.3193223175,0.14043562780325825,0.8193231888511466,0.9393510176987153,0.696875,229618.6655127184,121.683333,29.966667,129.052391,35.112607,484.06093284852756,False,0,False,0,False,0
CNMWN,SGSGP,423.0,190,400646.45523419447,1487.9224267497864,14.088216599636727,0.34363990336520933,630.3360372229591,410,65,400646.45523419447,0.14109305508658576,0.8194613772974759,0.9393974043300841,0.7470449172576832,245265.5261014619,113.862187,22.508158,103.802776,1.248823,1404.9836483566105,False,0,False,0,False,0
MYPKE,SGSGP,3474.0,644,389963.2894412713,239.44165877432502,9.70422380544389,0.23765908859791582,630.3478599702621,2730,66,389963.2894412713,0.14110916466736068,0.8194647634635125,0.9393985409868733,0.4939550949913644,157848.87042496228,101.34485,3.00525,103.802776,1.248823,181.29473394393423,False,0,False,0,False,0
CNYSN,MYTPP,187.0,96,389146.9633002585,2225.9929374203152,15.72554550565102,0.5712167593591247,630.5745886901639,181,67,389146.9633002585,0.14141798653098003,0.8195296765187025,0.9394203307822007,0.8128342245989305,259227.0465917531,122.066667,30.633333,103.549576,1.327854,2050.8872754899726,False,0,False,0,False,0
CNNBO,CNYTN,609.0,313,388521.4592938375,797.685773006305,13.118248213881172,0.3324858357525798,623.5480642254475,448,68,388521.4592938375,0.13174295445450446,0.8174960255207289,0.9387376816774327,0.7947454844006568,252422.88738961788,121.683333,29.966667,114.263091,22.566543,597.1524062884863,False,0,False,0,False,0
AEJAL,MYPKE,224.0,104,387005.4036540582,3375.6527596755295,15.175074816295153,0.32757814527037954,628.3076105595375,138,69,387005.4036540582,0.13832016212909182,0.8188785268753059,0.9392017550671062,0.7098214285714286,224949.8033887764,55.0606,25.0136,101.34485,3.00525,2980.491666214786,False,0,False,0,False,0
CNYSN,MXMAN,77.0,42,386544.7263837518,7139.057358442411,16.15357254965025,0.40545409593064236,629.5138780959303,74,70,386544.7263837518,0.13997130351191844,0.8192255898405177,0.9393182559921598,0.8571428571428571,271429.1412612605,122.066667,30.633333,-104.293756,19.073908,6799.406653871914,False,0,False,0,True,1
CNNBO,CNSHE,786.0,356,383057.21060374484,811.0146135056527,13.22900829318215,0.32580961938181824,629.2716304238384,696,71,383057.21060374484,0.13964022240229312,0.8191559979855577,0.9392948956331134,0.6730279898218829,211185.1533795545,121.683333,29.966667,113.8943,22.467416,615.0329553645491,False,0,False,0,False,0
COCTA,KRBUS,52.0,22,380975.0917368336,9660.403483600454,14.487641873873843,0.36070619175102814,630.592887815056,50,72,380975.0917368336,0.14144290165418905,0.8195349135726758,0.9394220887388068,1.0,312222.38887988817,-75.540962,10.394286,129.052391,35.112607,7738.643932669051,False,0,True,1,True,1
OMSAL,USNYK,40.0,20,380743.9571439371,11188.910238990064,17.887869524111633,0.43742840463433436,630.7,34,73,380743.9571439371,0.1415887109560806,0.8195655620738862,0.9394323767242746,0.1,31204.463524290648,54.002781,16.946141,-74.049568,40.663452,6298.933996713179,False,0,True,1,True,2
CLSAN,HKHKG,56.0,29,371184.94183653564,10615.601003619375,16.931576803434396,0.3497921214099428,630.6999999999999,56,74,371184.94183653564,0.1415887109560805,0.8195655620738862,0.9394323767242746,0.7857142857142857,239022.45359898955,-71.616667,-33.5833,114.181938,22.298785,10063.604080775129,False,0,True,1,True,2
CNQIN,MYPKE,232.0,128,370663.2238685389,2787.7390964268407,15.569032639199577,0.41315481196247195,614.8872011197514,147,75,370663.2238685389,0.11951330420591966,0.8149254045412517,0.9378747843011934,0.6681034482758621,201809.2501605311,120.2667,36.0333,101.34485,3.00525,2243.5305760962747,False,0,False,0,False,0
BRSTS,MATAN,119.0,17,367443.1314484607,4442.171356571199,16.549772104701642,0.51782573831174,630.6999999999999,108,76,367443.1314484607,0.1415887109560805,0.8195655620738862,0.9394323767242746,1.0,301143.7365557465,-46.306133,-23.95,-5.797516,35.789733,4260.432383979919,False,0,False,0,False,0
KRBUS,USOAK,116.0,53,365683.8070347949,5231.17029277046,15.219033092077773,0.3567777252494889,630.0123560376355,115,77,365683.8070347949,0.14065177482382907,0.8193686220446098,0.9393662685597899,0.9051724137931034,271216.66286882176,129.052391,35.112607,-122.320518,37.814824,4898.754645625859,False,0,False,0,True,1
CNYTN,USLGB,79.0,33,365481.32743353123,6552.140135223991,18.159659677951062,0.5256511222953969,630.7,74,78,365481.32743353123,0.1415887109560806,0.8195655620738862,0.9394323767242746,0.7974683544303798,238870.40887811445,114.263091,22.566543,-118.217354,33.74561,6288.749217466294,False,0,False,0,True,1
CNSHE,MYPKE,520.0,160,358342.2081278011,1687.8894003299451,14.778331647832344,0.3637787314806078,630.0322971326399,349,79,358342.2081278011,0.1406789739764409,0.8193743391919449,0.9393681876725157,0.5865384615384616,172217.31739756983,113.8943,22.467416,101.34485,3.00525,1378.203430262849,False,0,False,0,False,0
BEZEE,SGSGP,31.0,22,355809.7398326695,11896.915383750022,15.609984067428849,0.5007331975858337,627.1828039178281,29,80,355809.7398326695,0.13677480215013538,0.81855369871571,0.939092717846574,1.0,291249.3785791061,3.2,51.333333,103.802776,1.248823,5741.020290935177,False,0,True,1,True,2
CNQIN,CNTJN,1360.0,404,353957.55242325354,522.6478103970941,11.778122801486075,0.2741445139027002,630.0282157171114,816,81,353957.55242325354,0.14067340716833276,0.819373169072324,0.9393677948907099,0.6154411764705883,178492.29415471046,120.2667,36.0333,117.8143,38.97075,211.52088938713973,False,0,False,0,False,0
ESBAR,SGSGP,36.0,25,353172.0696010328,11395.652473262484,14.802416522098222,0.5300590823096467,630.4999629482675,36,82,353172.0696010328,0.14131636508213108,0.8195083161181133,0.9394131605950081,0.9722222222222222,281387.79672372784,2.166667,41.35,103.802776,1.248823,5876.332545540555,False,0,True,1,True,2
JPYOK,MXESE,96.0,30,347033.3775075061,5234.144104072473,15.924334919802314,0.40522876514283634,630.2808064521453,93,83,347033.3775075061,0.1410177900743257,0.8194455569088627,0.9393920937954179,0.84375,239941.37190735165,139.679832,35.450183,-116.6246,31.850733,4912.669556372769,False,0,False,0,True,1
CNYTN,MYTPP,254.0,136,345029.25316079013,1519.2697098317246,15.384005730453586,0.4604959417233248,629.7116473836396,241,84,345029.25316079013,0.1402414069210276,0.819282364439625,0.9393373138980112,0.8070866141732284,228144.32432178766,114.263091,22.566543,103.549576,1.327854,1420.177240735508,False,0,False,0,False,0
CNNBO,CNNSA,766.0,267,336254.45269729896,840.4108557404172,13.779230600395438,0.32807920540656693,630.5633757294408,657,85,336254.45269729896,0.14140271884058597,0.8195264673144785,0.9394192535273557,0.7101827676240209,195704.65602265374,121.683333,29.966667,113.682083,22.64515,614.9783412753962,False,0,False,0,False,0
CNNBO,CNXIA,1142.0,414,333985.17963126046,545.3779799391267,13.093790719764254,0.3261302169438767,628.2284553814152,891,86,333985.17963126046,0.13821159267403638,0.8188557060330723,0.9391940946437906,0.8038528896672504,219842.24616959027,121.683333,29.966667,118.042517,24.44535,384.2329989961004,False,0,False,0,False,0
CLSAN,PECAL,423.0,124,332680.25342125964,1356.739649987714,15.86017124751696,0.43432777734233347,630.0890794947971,389,87,332680.25342125964,0.14075641426115126,0.8193906168136664,0.939373651689649,0.7730496453900709,210729.5284236201,-71.616667,-33.5833,-77.15,-12.05,1327.9967726375646,False,0,False,0,False,0
JMKIN,KRBUS,38.0,16,330513.98295771563,9066.472977962047,16.847548572770393,0.693965159529609,630.505456595153,19,88,330513.98295771563,0.14132384686460775,0.8195098887572818,0.9394136884932176,0.9736842105263158,263731.59642202465,-76.7936,17.997,129.052391,35.112607,7294.769095591336,False,0,True,1,True,1
CNYSN,SGSGP,164.0,119,327578.2386433292,2250.244141225643,14.509133879996103,0.45638018265940117,626.8089757778674,151,89,327578.2386433292,0.13625997565187264,0.8184454843538661,0.9390563928147424,0.8780487804878049,235409.2069962959,122.066667,30.633333,103.802776,1.248823,2047.6869082331768,False,0,False,0,False,0
JPYOK,MXLCS,56.0,36,327114.09339714533,6352.909293309731,17.054986110928922,0.5238476539078639,627.4606916039994,55,90,327114.09339714533,0.1371571044299198,0.8186340570449295,0.93911969225937,0.9642857142857143,258222.92534448343,139.679832,35.450183,-102.166667,17.883333,6053.162101754083,False,0,False,0,True,1
LKCOL,MYTPP,232.0,108,325864.40922239865,1623.3579877132765,14.835079468781569,0.443671856862077,629.1707582333953,216,91,325864.40922239865,0.13950228468951853,0.8191270040592301,0.9392851630497592,0.6379310344827587,170279.31859426468,79.85,6.95,103.549576,1.327854,1458.1967122127503,False,0,False,0,False,0
CNYTN,ESALG,26.0,17,324249.6959892812,12451.344643463197,13.73096430899138,0.45906260139366306,630.6999999999999,26,92,324249.6959892812,0.1415887109560805,0.8195655620738862,0.9394323767242746,0.9615384615384616,255522.96571705956,114.263091,22.566543,-5.433333,36.116667,5898.506110646396,False,0,True,1,True,2
GBLGP,LKCOL,38.0,28,323877.5852989634,10723.168037641475,16.63132817637036,0.388346462405755,630.5553002679213,31,93,323877.5852989634,0.1413917228671926,0.8195241560071787,0.9394184776755204,0.47368421052631576,125727.87066715704,0.486317,51.502973,79.85,6.95,4680.205746329894,False,0,True,1,True,2
KRBUS,USSEA,118.0,47,321384.6349639576,4835.879049446319,16.404255150828853,0.4321943361654861,630.2452811328463,116,94,321384.6349639576,0.1409693714376563,0.8194353795153404,0.9393886774823023,0.8135593220338984,214254.05314339502,129.052391,35.112607,-122.333333,47.6,4539.086777627776,False,0,False,0,False,0
CNNBO,CNQIN,962.0,444,321144.59483065625,664.6072391727124,11.78932616730123,0.2594788152098945,630.3155475626712,545,95,321144.59483065625,0.14106513460836145,0.8194555085305348,0.9393954343222006,0.6798336798336798,178907.55151121347,121.683333,29.966667,120.2667,36.0333,371.1480622296862,False,0,False,0,False,0
AEJAL,MATAN,41.0,21,320702.701472971,10141.01323183827,17.55853684602582,0.4138848539114073,630.7,33,96,320702.701472971,0.1415887109560806,0.8195655620738862,0.9394323767242746,0.5365853658536586,141034.42866850737,55.0606,25.0136,-5.797516,35.789733,3167.339767216329,False,0,True,1,True,2
CAHFX,SGSGP,39.0,23,318451.3385663589,12229.640905387194,15.704947810498199,0.430097442539524,626.1734061163296,38,97,318451.3385663589,0.13538327448639764,0.8182612054609384,0.9389945346977843,0.9743589743589743,253894.93063298496,-63.57595,44.655955,103.802776,1.248823,7969.74914154213,False,0,True,1,True,2
ESVAL,INMUN,46.0,26,317683.9530345188,10261.29725302131,16.419169752442777,0.35945720247603397,628.7629680988437,34,98,317683.9530345188,0.13894420080590675,0.8190096971771559,0.9392457858714178,0.5869565217391305,152718.00936232094,-0.316667,39.45,69.7,22.766667,3645.1041821572007,False,0,True,1,True,2
MYPKE,USCHA,35.0,24,316110.1271440622,12365.160149971076,16.49334443453244,0.4176095683436007,624.6743155758596,30,99,316110.1271440622,0.13330837125757722,0.8178250695402887,0.9388481340636118,0.9428571428571428,243750.05604461173,101.34485,3.00525,-79.938165,32.87698,8651.663525306196,False,0,True,1,True,2
SGSGP,ZADUR,143.0,45,316058.4069641223,5043.967192239385,12.742172408931898,0.27138097717062365,630.6999999999999,87,100,316058.4069641223,0.1415887109560805,0.8195655620738862,0.9394323767242746,0.7482517482517482,193820.0887890552,103.802776,1.248823,31.041098,-29.877639,4548.460125184966,False,0,False,0,True,1
BSFRE,MYTPP,31.0,14,315666.9694952144,12884.669181624635,17.79468164837421,0.4196269240300936,630.7000000000002,31,101,315666.9694952144,0.14158871095608083,0.8195655620738862,0.9394323767242746,0.22580645161290322,58418.336805727085,-78.6966,26.5285,103.549576,1.327854,9129.72180619896,False,0,True,1,True,2
LKCOL,MYPKE,440.0,164,314968.67661126744,1444.9385320713454,13.895002820495355,0.29163064901108404,629.6881825129849,314,102,314968.67661126744,0.14020936864439937,0.8192756301288006,0.9393350533472775,0.4727272727272727,121985.45792799625,79.85,6.95,101.34485,3.00525,1307.0140547898814,False,0,False,0,False,0
GBSOU,SGSGP,26.0,21,312802.71139420423,11790.135589426352,15.214476294071467,0.5594720242381783,630.7,26,103,312802.71139420423,0.1415887109560806,0.8195655620738862,0.9394323767242746,1.0,256362.3299820266,-1.4,50.9,103.802776,1.248823,5916.155020619102,False,0,True,1,True,2
INNSA,MATAN,47.0,18,309887.2462941656,9797.030106783504,16.589428188937106,0.4341600460061532,630.7,46,104,309887.2462941656,0.1415887109560806,0.8195655620738862,0.9394323767242746,0.7872340425531915,199936.12472294568,72.9428,18.953883,-5.797516,35.789733,4211.142393809487,False,0,True,1,True,1
AUMEL,AUSYD,831.0,221,309558.3767999748,681.1498966316219,10.90116657263237,0.2642519102311599,630.6999999999999,767,105,309558.3767999748,0.1415887109560805,0.8195655620738862,0.9394323767242746,0.5415162454873647,137384.50455419743,144.912243,-37.858862,151.2111,-33.86,389.17721656779435,False,0,False,0,False,0
USHNL,USLGB,224.0,19,305741.1538776846,2277.237854479459,19.467854356488882,0.6710014386926026,630.6999999999999,221,106,305741.1538776846,0.1415887109560805,0.8195655620738862,0.9394323767242746,0.38839285714285715,97321.50935061979,-157.868643,21.300094,-118.217354,33.74561,2223.568801119506,False,0,False,0,False,0
CNYSN,MXLCS,61.0,35,303474.701736653,7321.092232792436,16.7708428006019,0.4880694774119033,630.7,58,107,303474.701736653,0.1415887109560806,0.8195655620738862,0.9394323767242746,0.8852459016393442,220176.0718560044,122.066667,30.633333,-102.166667,17.883333,6933.700579111996,False,0,False,0,True,1
CNWGQ,SGSGP,310.0,141,302888.96602996514,2297.782330882678,13.910778406070623,0.2984712960331218,630.7,258,108,302888.96602996514,0.1415887109560806,0.8195655620738862,0.9394323767242746,0.6064516129032258,150543.95080574646,121.617967,31.353633,103.802776,1.248823,2071.1320166670885,False,0,False,0,False,0
THLCB,VNHCM,1775.0,212,301576.06587965245,641.77075261426,13.672621821305862,0.46335974589087164,630.2574539744481,1516,109,301576.06587965245,0.14098596282218756,0.8194388669544975,0.9393898481341107,0.8507042253521127,210228.70765339502,100.886078,13.056152,106.710033,10.776988,368.45873761098994,False,0,False,0,False,0
CNXIA,USLSA,67.0,32,300878.3791708972,6335.119975292804,17.15568465754125,0.4230774156631283,630.5696712344051,65,110,300878.3791708972,0.14141129093609317,0.8195282691328545,0.9394198583556682,0.40298507462686567,99367.38965878283,118.042517,24.44535,-118.244,33.738045,6062.478307149679,False,0,False,0,True,1
USNFK,USSAV,686.0,270,300715.2301792193,570.7364070903606,12.154643272607094,0.2822549575582792,629.8502988176665,310,111,300715.2301792193,0.14043066897594936,0.8193221465265295,0.939350667814705,0.6049562682215743,149050.7272182475,-76.316667,36.85,-81.0833,32.0833,370.800311011568,False,0,False,0,False,0
CNYSN,USSAV,36.0,21,300649.73516386363,12515.819851326065,15.216475734350592,0.4460331221820953,630.7,26,112,300649.73516386363,0.1415887109560806,0.8195655620738862,0.9394323767242746,0.9166666666666666,225868.6550880255,122.066667,30.633333,-81.0833,32.0833,6818.1184984029405,False,0,True,1,True,2
CNGLA,IRBAB,102.0,14,300487.01432296797,5419.683556444679,14.870452418900454,0.33077241121355405,627.7235365312678,32,113,300487.01432296797,0.13751840023122652,0.8187099999008378,0.9391451845009842,0.6764705882352942,166419.69528620248,113.212217,21.928867,56.270599,27.172804,3099.941507162525,False,0,False,0,True,1
CNWGQ,VNHCM,611.0,130,299082.0750036108,1768.5440920026786,14.191072085881899,0.4789866736951978,630.4840331401325,482,114,299082.0750036108,0.1412946695833811,0.8195037558156424,0.9394116298080627,0.7888707037643208,193351.32892564754,121.617967,31.353633,106.710033,10.776988,1487.4602452977574,False,0,False,0,False,0
CNQIN,USOAK,67.0,27,295888.9217983222,5804.544553222934,16.70302113745522,0.39514646098412975,630.3068349738197,49,115,295888.9217983222,0.14105326174594401,0.8194530129048548,0.9393945965989935,0.47761194029850745,115805.16702223479,120.2667,36.0333,-122.320518,37.814824,5174.567885748851,False,0,False,0,True,1
FRLEH,MYPKE,18.0,13,293148.67774880154,11549.469129440247,18.221056420035147,0.7932730240413594,568.6171724418017,17,116,293148.67774880154,0.04786554779013008,0.7998653478731378,0.9328194752966069,1.0,234479.4691060955,0.094067,49.480233,101.34485,3.00525,5702.381131564812,False,0,True,1,True,2
CNNBO,USLSA,77.0,42,291529.28952860215,5903.57024626183,17.07553676546621,0.48304495570301964,629.8572982014974,70,117,291529.28952860215,0.1404402210692478,0.819324154336314,0.9393513417895184,0.9090909090909091,217142.7169157167,121.683333,29.966667,-118.244,33.738045,5691.49953337667,False,0,False,0,True,1
DEWVN,SGSGP,23.0,21,282971.3795315321,12281.643345339424,15.04976042774647,0.5174600202152911,626.2730891120982,22,119,282971.3795315321,0.1355208942993662,0.8182901325660655,0.9390042448508233,1.0,231552.68766925985,8.170278,53.541667,103.802776,1.248823,5543.966544588826,False,0,True,1,True,2
KRBUS,USMOB,49.0,24,281046.6683347053,9870.543655273093,15.997110993114433,0.3357703716514531,630.6999999999999,34,120,281046.6683347053,0.1415887109560805,0.8195655620738862,0.9394323767242746,0.24489795918367346,56408.85813127979,129.052391,35.112607,-88.1167,30.6833,6333.689670498708,False,0,True,1,True,1
BEANT,DEHAM,845.0,336,280212.6377915975,462.87691042248446,10.551015923669697,0.24342029573802706,630.5617852935573,689,121,280212.6377915975,0.14140055324165912,0.8195260121147041,0.9394191007274314,0.4887573964497041,112239.00394096017,4.4,51.2167,9.903145,53.539287,245.1028547870434,False,0,False,0,False,0
PRSJU,USJAC,399.0,4,278367.5748986847,1127.9975522267428,19.448298777534617,0.7550994612456107,630.6999999999999,397,122,278367.5748986847,0.1415887109560805,0.8195655620738862,0.9394323767242746,1.0,228140.47798498513,-66.083333,18.45,-81.377283,30.398817,1099.4909853419394,False,0,False,0,False,0
AUBRI,SGSGP,149.0,38,277043.8444997631,4022.7398664126204,15.003503631457473,0.30880023834891784,630.7,129,123,277043.8444997631,0.1415887109560806,0.8195655620738862,0.9394323767242746,0.46308724832214765,105146.55030484933,153.169467,-27.350967,103.802776,1.248823,3324.4814143562044,False,0,False,0,False,0
CNYSN,CNYTN,372.0,235,276911.4637084781,860.9613111273441,12.629974016092682,0.33445281625220424,629.0256292162283,330,124,276911.4637084781,0.13930375035022124,0.8190852729771984,0.9392711549009576,0.8494623655913979,192670.04350034165,122.066667,30.633333,114.263091,22.566543,639.9418904137054,False,0,False,0,False,0
MXMAN,PABAL,208.0,94,275718.00224328274,1780.7552803276797,15.07014003498627,0.36309826994653105,630.1751414735684,153,125,275718.00224328274,0.14087375973920724,0.8194152823389763,0.9393819313299552,0.9278846153846154,209634.69287617685,-104.293756,19.073908,-79.57037,8.954178,1560.4676592122607,False,0,False,0,False,0
BRRDJ,COCTA,112.0,39,272371.9575945812,4160.764315343693,14.762919500717862,0.35946256858909076,630.6999999999999,110,126,272371.9575945812,0.1415887109560805,0.8195655620738862,0.9394323767242746,0.36607142857142855,81716.90836862384,-43.1667,-22.916667,-75.540962,10.394286,2760.761967876718,False,0,False,0,False,0
MATAN,MYPKE,26.0,25,271765.0020754016,10527.085395927345,17.21028880532978,0.6079056265403021,602.7542123795714,22,127,271765.0020754016,0.1017897695602249,0.8111999921979195,0.9366242504565951,1.0,220455.76756323336,-5.797516,35.789733,101.34485,3.00525,6124.790925430405,False,0,True,1,True,2
CNWGQ,KRBUS,1430.0,337,266871.4870153068,543.0400464929817,10.488106759700992,0.27955897755919445,630.5296843266112,1249,128,266871.4870153068,0.1413568409896504,0.8195168239834174,0.9394160164865251,0.637062937062937,139329.27868071335,121.617967,31.353633,129.052391,35.112607,436.0758484429307,False,0,False,0,False,0
INMUN,LKCOL,379.0,191,264811.3049475213,1293.1208558546632,12.852899180615395,0.29091220976710536,630.2994638547308,321,129,264811.3049475213,0.14104321668155506,0.8194509014746232,0.9393938878412179,0.5224274406332454,113366.68281494381,69.7,22.766667,79.85,6.95,1116.2619809090118,False,0,False,0,False,0
USNFK,USNYK,919.0,357,263288.45601366163,356.45778437563297,9.376732318889921,0.22565639711233457,630.1349142336177,615,130,263288.45601366163,0.14081891390122192,0.8194037539748044,0.9393780615275705,0.6060935799782372,130758.35573923204,-76.316667,36.85,-74.049568,40.663452,252.344079551572,False,0,False,0,False,0
CNNSA,CNTJN,537.0,62,262325.563193666,1502.8094855098088,11.450201264176084,0.3485271465446141,630.6840182191647,401,131,262325.563193666,0.14156695847672207,0.8195609897943313,0.9394308419169021,0.9031657355679702,194173.22557986557,113.682083,22.64515,117.8143,38.97075,1002.7711755796681,False,0,False,0,False,0
MYPKE,NLROT,22.0,19,262015.43601232755,11758.318711535134,16.841551277685422,0.5837337283071792,628.1046748450573,19,132,262015.43601232755,0.13804176010383284,0.818820007942032,0.9391821116290476,1.0,214543.48139654903,101.34485,3.00525,4.03038,52.002215,5530.803823853867,False,0,True,1,True,2
ESALG,MYPKE,22.0,18,258543.19224585037,10561.000763913704,17.400485212098836,0.6428674799782975,612.8960312595796,17,133,258543.19224585037,0.11665278874892715,0.8143241362386922,0.9376729525862745,0.9545454545454546,200968.05435572367,-5.433333,36.116667,101.34485,3.00525,6103.235620027048,False,0,True,1,True,2
SGSGP,TWKAO,338.0,121,257540.99520935927,1652.2879408310982,14.815029835379924,0.3569924926986056,630.6858588938975,317,134,257540.99520935927,0.14156946383812674,0.8195615164107477,0.9394310186897238,0.7071005917159763,149248.20878295865,103.802776,1.248823,120.260382,22.620829,1602.6742782642089,False,0,False,0,False,0
JPTOK,USOAK,78.0,32,257505.95052120136,4780.256748267806,16.100042691056156,0.3248888805193641,630.7000000000002,74,135,257505.95052120136,0.14158871095608083,0.8195655620738862,0.9394323767242746,0.47435897435897434,100110.14533105529,139.75,35.6667,-122.320518,37.814824,4466.917262855329,False,0,False,0,False,0
CNTJN,KRBUS,687.0,211,256934.02761885757,761.3176175478874,12.944569007720995,0.34646472763784897,630.0230061005881,649,136,256934.02761885757,0.14066630145636105,0.819371675481592,0.9393672935272127,0.7234352256186317,152300.8136172541,117.8143,38.97075,129.052391,35.112607,585.7372430070668,False,0,False,0,False,0
BDCTG,SGSGP,792.0,78,256089.33898078036,1535.2791957075622,12.801856782071749,0.4181528451618457,630.4471400819838,543,137,256089.33898078036,0.14124441911244778,0.8194931933782722,0.9394080842447275,0.5202020202020202,109171.40116021983,91.883333,22.35,103.802776,1.248823,1445.4970605951296,False,0,False,0,False,0
JPYOK,USNFK,31.0,16,255420.53026487547,9716.521399163375,17.055489233186044,0.5135654823143062,630.7000000000002,20,138,255420.53026487547,0.14158871095608083,0.8195655620738862,0.9394323767242746,0.6451612903225806,135054.10996886628,139.679832,35.450183,-76.316667,36.85,6024.701423419143,False,0,True,1,True,1
GHTEM,MYTPP,44.0,21,253671.6259667568,8282.458269669964,16.33737233553293,0.3826172110365037,621.3457565960126,36,139,253671.6259667568,0.12866549058609222,0.8168491555757246,0.9385205425570534,0.9772727272727273,202502.10224936483,0.016667,5.633333,103.549576,1.327854,6203.900058621501,False,0,True,1,True,1
DEBHN,MXVER,120.0,36,253177.8231111572,5657.8444596307045,15.28719924071151,0.41517081848578835,630.7,119,140,253177.8231111572,0.1415887109560806,0.8195655620738862,0.9394323767242746,0.15,31124.37373541077,8.548651,53.563407,-96.1333,19.2,4981.459720078186,False,0,False,0,True,1
CNNSA,MYPKE,394.0,164,253100.85958787336,1670.7514138449678,14.3054207661196,0.33311132811502026,630.0971083243971,294,141,253100.85958787336,0.1407673629232601,0.8193929181763335,0.9393744242033035,0.5329949238578681,110537.31194273011,113.682083,22.64515,101.34485,3.00525,1380.619582212028,False,0,False,0,False,0
INNSA,SGSGP,195.0,101,252103.54862492686,2516.691006309319,14.167855164248248,0.3177940683062171,630.6134644214854,165,142,252103.54862492686,0.14147091594900918,0.8195408020594703,0.9394240653661843,0.558974358974359,115489.21407276987,72.9428,18.953883,103.802776,1.248823,2103.7297455765765,False,0,False,0,False,0
CNYTN,VNCMP,338.0,172,250941.4006533899,989.5669266508886,14.429930889322106,0.36484388544134927,629.1394956307903,317,143,250941.4006533899,0.13945952565387842,0.8191180162900099,0.9392821460657151,0.8224852071005917,169062.34615884937,114.263091,22.566543,107.012844,10.522075,834.4161988082551,False,0,False,0,False,0
BEANT,USNFK,105.0,15,250060.3842231625,3699.9302908184372,16.597542530274705,0.3562045367470497,630.7000000000002,90,144,250060.3842231625,0.14158871095608083,0.8195655620738862,0.9394323767242746,0.01904761904761905,3903.635797109869,4.4,51.2167,-76.316667,36.85,3407.050999103642,False,0,False,0,False,0
SGSGP,VNCMP,638.0,240,248644.17837578017,670.5912005254877,11.51902994076398,0.2883721071339161,629.6740560466579,591,145,248644.17837578017,0.1401900796117872,0.8192715756553774,0.93933369235532,0.6786833855799373,138252.6295853215,103.802776,1.248823,107.012844,10.522075,588.7835424350544,False,0,False,0,False,0
AEJAL,INMUN,697.0,234,246641.18701439814,1251.0703859106902,12.982066709211384,0.3154924583263977,630.6703634938807,434,146,246641.18701439814,0.1415483724323553,0.8195570830860769,0.9394295305262578,0.4017216642754663,81202.62396492707,55.0606,25.0136,69.7,22.766667,814.4588711933749,False,0,False,0,False,0
USLSA,USOAK,647.0,218,244887.2524780469,475.9624723851743,8.538340500843326,0.21714782430139093,629.7843869114124,535,147,244887.2524780469,0.14034070826186562,0.8193032371632809,0.9393443203834564,0.7527047913446677,151020.37002257194,-118.244,33.738045,-122.320518,37.814824,315.1120702803044,False,0,False,0,False,0
DEHAM,NLROT,1045.0,389,244278.17804852463,359.913153412115,10.436141744368818,0.2534006039148704,630.0697338100264,757,148,244278.17804852463,0.14073003201382372,0.8193850713763818,0.9393717902159735,0.5751196172248804,115114.73043631167,9.903145,53.539287,4.03038,52.002215,232.34261540380663,False,0,False,0,False,0
CAVCR,JPTOK,93.0,33,242014.97251842494,4441.427488031224,15.083675358947286,0.29057015412753207,630.4408906751269,85,149,242014.97251842494,0.14123590647772666,0.8194914040583031,0.9394074836118381,0.3763440860215054,74640.0176035371,-123.116667,49.283333,139.75,35.6667,4077.1176598762486,False,0,False,0,False,0
BEANT,LKCOL,30.0,24,241135.71512518165,10726.68205972753,16.259990545901502,0.4025704534946028,630.2230170120835,27,150,241135.71512518165,0.14093902414608328,0.8194290006424534,0.9393865362437761,0.7,138315.51864496164,4.4,51.2167,79.85,6.95,4532.523606903127,False,0,True,1,True,2
CNXIA,PABAL,34.0,14,241119.61636601324,9290.95595179607,17.65150342741984,0.4422969300088142,630.7,33,151,241119.61636601324,0.1415887109560806,0.8195655620738862,0.9394323767242746,0.5,98806.66695702572,118.042517,24.44535,-79.57037,8.954178,8552.06138149368,False,0,True,1,True,1
CNNBO,MXMAN,54.0,23,239999.60581196967,6975.204007441218,16.844289385585967,0.3536492049053769,628.6491871959389,51,152,239999.60581196967,0.1387883560068056,0.8189769392566946,0.9392347898032138,0.8888888888888888,174714.79341395566,121.683333,29.966667,-104.293756,19.073908,6840.937007452967,False,0,False,0,True,1
BRSTS,COCTA,94.0,43,237898.226908683,4365.1066996260715,15.43854002431928,0.37332563320343226,630.6713187016785,59,153,237898.226908683,0.14154967263368745,0.8195573563829214,0.9394296222656203,0.35106382978723405,68447.35089153545,-46.306133,-23.95,-75.540962,10.394286,2682.0199933820286,False,0,False,0,False,0
IDJAK,SGSGP,927.0,180,236946.72824027002,608.7206331048245,12.363499987822596,0.30108655095763537,630.6494361007086,875,154,236946.72824027002,0.14151988567933382,0.8195510952905581,0.939427520563263,0.3926645091693635,76251.50165950078,106.788826,-6.09208,103.802776,1.248823,475.712904659944,False,0,False,0,False,0
AEJAL,ESVAL,29.0,20,236444.1296564124,10669.221659985033,16.97735870865392,0.378839284984108,628.5221632334167,19,155,236444.1296564124,0.13861430563596822,0.8189403546017237,0.9392225091896823,0.5862068965517241,113509.37481149692,55.0606,25.0136,-0.316667,39.45,2895.2529782554852,False,0,True,1,True,2
AEKHA,EGPSA,11.0,11,235287.4021977711,12111.178815621402,17.18426963327303,0.8093971225021763,630.6999999999999,10,156,235287.4021977711,0.1415887109560805,0.8195655620738862,0.9394323767242746,1.0,192833.4520311208,54.659214,24.802318,32.319633,31.269083,1243.225743837467,False,0,True,1,True,2
INMUN,MYPKE,209.0,89,234951.65783804553,2656.7102712610513,15.225185721782845,0.3580653275635566,630.6686293481289,151,157,234951.65783804553,0.14154601195305794,0.8195565869232693,0.9394293639760007,0.430622009569378,82918.92866542639,69.7,22.766667,101.34485,3.00525,2189.5038197159956,False,0,False,0,False,0
HKHKG,TWKAO,1576.0,317,232860.1496694718,366.36882905299524,13.61540296467444,0.37081406680294465,629.9403624532953,1503,158,232860.1496694718,0.14055356305234346,0.8193479783438431,0.9393593389519754,0.6789340101522843,129536.19122418993,114.181938,22.298785,120.260382,22.620829,337.8001698323597,False,0,False,0,False,0
CNYTN,USHOU,29.0,13,232457.82268959135,11318.722306641213,16.912915267062264,0.33103770930873894,630.7000000000002,14,159,232457.82268959135,0.14158871095608083,0.8195655620738862,0.9394323767242746,0.3448275862068966,65694.62969347129,114.263091,22.566543,-94.97475,29.6069,7248.663601207551,False,0,True,1,True,2
KRBUS,PACRI,38.0,21,231727.46881911473,8612.002020723716,16.564392517805224,0.3701055462184517,630.7,19,160,231727.46881911473,0.1415887109560806,0.8195655620738862,0.9394323767242746,0.2631578947368421,49977.85611334123,129.052391,35.112607,-79.916667,9.35,7672.3461557924475,False,0,True,1,True,1
CNNBO,HKHKG,539.0,221,231208.01838533304,810.3504765251844,13.589741661492187,0.3270291292655458,629.5103570588491,421,161,231208.01838533304,0.13996649311778075,0.819224578715928,0.9393179165812693,0.6716141001855288,127211.29407718698,121.683333,29.966667,114.181938,22.298785,612.3585571961911,False,0,False,0,False,0
JPYOK,KRBUS,509.0,148,229813.27876243394,890.7828192711756,13.845050889165083,0.3554908813207574,629.5225324248202,496,162,229813.27876243394,0.139983126712536,0.8192280750274965,0.9393190902113389,0.7799607072691552,146842.80455912292,139.679832,35.450183,129.052391,35.112607,521.0207311076266,False,0,False,0,False,0
CNQIN,HKHKG,402.0,138,229263.53542050236,1205.143374731454,14.37493733554799,0.3587449853381956,630.1840976175864,334,163,229263.53542050236,0.14088596959719402,0.8194178487997057,0.9393827928308327,0.6293532338308457,118231.95559609015,120.2667,36.0333,114.181938,22.298785,883.6341705801048,False,0,False,0,False,0
CGPNO,SGSGP,47.0,23,229173.8215984881,7562.348402330026,15.265267352961956,0.29762887756872036,630.5515576384062,20,164,229173.8215984881,0.14138662661036627,0.8195230847954557,0.9394181180947838,0.425531914893617,79920.52648117294,11.839142,-4.778824,103.802776,1.248823,5527.350921716165,False,0,False,0,True,1
HKHKG,THLCB,464.0,89,228079.49027131675,1497.6502259288916,15.731073378624137,0.498655254859137,630.5770181585925,457,165,228079.49027131675,0.1414212944502906,0.8195303718294109,0.939420564181753,0.6875,128506.17275974138,114.181938,22.298785,100.886078,13.056152,940.5178330441901,False,0,False,0,False,0
CNNSA,CNQIN,788.0,144,227895.5435177851,1208.2105599314345,12.087138575314178,0.3858248086405908,630.1453765302142,473,166,227895.5435177851,0.14083317887512747,0.8194067524122451,0.9393790680329329,0.8781725888324873,163989.20033574515,113.682083,22.64515,120.2667,36.0333,873.9733970125026,False,0,False,0,False,0
FRFOS,REREU,36.0,21,227261.74215394835,8056.954454129355,16.48046935061701,0.37893748906202884,630.7000000000002,36,167,227261.74215394835,0.14158871095608083,0.8195655620738862,0.9394323767242746,0.5555555555555556,103475.49858127294,4.871235,43.408352,55.3,-20.916666,4756.683992433206,False,0,True,1,True,1
USHNL,USOAK,171.0,17,226446.83270567964,2138.1091958989396,19.46431062048181,0.6395652136798649,630.7,170,168,226446.83270567964,0.1415887109560806,0.8195655620738862,0.9394323767242746,0.29239766081871343,54265.50459832795,-157.868643,21.300094,-122.320518,37.814824,2086.86730257555,False,0,False,0,False,0
AEJAL,ESALG,30.0,17,225350.06626317385,10064.917460422463,16.54932528747342,0.34107716529766596,630.4531656678821,22,169,225350.06626317385,0.14125262670945915,0.8194949185805993,0.9394086633548233,0.9,166205.91078402507,55.0606,25.0136,-5.433333,36.116667,3147.7143600253894,False,0,True,1,True,2
LKCOL,USBAL,30.0,16,225253.06738876633,11437.229256670078,17.194999140183707,0.438024833945784,630.7,28,170,225253.06738876633,0.1415887109560806,0.8195655620738862,0.9394323767242746,0.6333333333333333,116919.44929611612,79.85,6.95,-76.583333,39.283333,7737.789316405643,False,0,True,1,True,2
EGPSA,MATAN,205.0,61,223669.58090242784,1968.4486834292086,15.895229115815454,0.41227399108441226,630.7,202,171,223669.58090242784,0.1415887109560806,0.8195655620738862,0.9394323767242746,0.775609756097561,142178.48702824142,32.319633,31.269083,-5.797516,35.789733,1914.878620753077,False,0,False,0,False,0
CNYTN,PACOL,26.0,16,223619.50674588265,10583.833407054173,17.836503761042273,0.5569861171104664,628.7867751175997,10,172,223619.50674588265,0.1389768019552513,0.8190165498014548,0.9392480861372194,1.0,183148.07688331595,114.263091,22.566543,-79.892063,9.359918,8717.353240347999,False,0,True,1,True,2
AEJAL,CNNBO,87.0,53,223150.7853200916,5702.1956103713055,16.124638054155884,0.531044366492622,630.3293749615563,30,173,223150.7853200916,0.14108397687634355,0.819459469095914,0.9393967637914228,0.6896551724137931,126112.43039085418,55.0606,25.0136,121.683333,29.966667,3511.5400700094356,False,0,False,0,True,1
AUFRE,SGSGP,199.0,54,223002.44248819628,2385.015927709714,14.665062798110288,0.3552044693280479,630.6672530094111,183,174,223002.44248819628,0.14154413850322278,0.8195561931320036,0.9394292317894775,0.5025125628140703,91840.72001244457,115.75,-32.05,103.802776,1.248823,2111.523912126137,False,0,False,0,False,0
COBUE,PECAL,267.0,118,222533.65063684812,1187.3097918002018,14.769028729474813,0.3677411752755333,628.3205844638243,219,175,222533.65063684812,0.1383379545618384,0.81888226676974,0.9392030104622502,0.8352059925093633,152198.63610235436,-77.083333,3.883333,-77.15,-12.05,956.6529311710117,False,0,False,0,False,0
JPKOB,SGSGP,157.0,49,221660.9397600337,2744.575155177146,14.625484608782688,0.33282023427384566,630.480827446847,148,176,221660.9397600337,0.14129030347771687,0.8195028380786187,0.9394113217451954,0.6687898089171974,121486.85202913848,135.237233,34.685033,103.802776,1.248823,2668.8734324513584,False,0,False,0,False,0
CNQIN,PACOL,37.0,19,221654.22823423208,8958.49684251645,16.918836039346903,0.4816523099964606,629.0784436468734,19,177,221654.22823423208,0.13937601030896363,0.8191004617162173,0.9392762534056195,1.0,181557.0806880113,120.2667,36.0333,-79.892063,9.359918,7853.009956593474,False,0,True,1,True,1
MXMAN,TWKAO,43.0,19,221463.45338143603,7513.850121569707,16.683966864147685,0.37642701386224225,629.395022926809,42,178,221463.45338143603,0.13980889540183383,0.8191914523397279,0.9393067968310862,0.8372093023255814,151887.32205966438,-104.293756,19.073908,120.260382,22.620829,7188.841832656863,False,0,False,0,True,1
KRBUS,SGSGP,113.0,78,221099.1791420113,2578.2354980985433,13.935084562619489,0.4482367460548611,629.994997643633,109,179,221099.1791420113,0.14062809700871348,0.819363645067587,0.939364597904937,0.7964601769911505,144287.2269105529,129.052391,35.112607,103.802776,1.248823,2474.6447130224556,False,0,False,0,False,0
GBFEL,INMUN,33.0,26,221067.2711751716,11205.508082027878,15.129355422242218,0.30432039409838346,630.4439348195235,25,180,221067.2711751716,0.14124005308261722,0.8194922756571885,0.9394077761872108,0.3333333333333333,60387.64037622206,1.3,51.933333,69.7,22.766667,3546.7135086340195,False,0,True,1,True,2
AEJAL,INNSA,453.0,168,219370.76201647555,1234.9259234389708,13.573246575804246,0.30017341374146755,630.6284074498525,300,181,219370.76201647555,0.14149125918807892,0.8195450781226512,0.9394255007406439,0.37969094922737306,68262.44429729425,55.0606,25.0136,72.9428,18.953883,1058.798893902086,False,0,False,0,False,0
FRLEH,USNYK,120.0,37,217024.21045540352,3406.8320213538523,15.605107043868733,0.37586857569726667,630.6999999999999,107,182,217024.21045540352,0.1415887109560805,0.8195655620738862,0.9394323767242746,0.49166666666666664,87450.57143754937,0.094067,49.480233,-74.049568,40.663452,3059.0447215542977,False,0,False,0,False,0
KEMOM,SGSGP,141.0,46,214768.75332130762,4142.753548738115,14.282808191072807,0.34923817501161875,630.6268272358876,138,183,214768.75332130762,0.1414891079514956,0.8195446259417809,0.9394253489540951,0.3262411347517731,57422.54304833979,39.647169,-4.053188,103.802776,1.248823,3862.375216195476,False,0,False,0,False,0
AEJAL,SAJED,287.0,74,213144.21261999794,3669.8504494574204,13.654470146057509,0.31541257595744304,630.2904934739847,226,184,213144.21261999794,0.14103099189081092,0.819448331875091,0.9393930252867178,0.3519163763066202,61465.949886790906,55.0606,25.0136,39.1667,21.466667,901.6965472450182,False,0,False,0,False,0
ITGOA,SGSGP,32.0,22,212172.09505093936,11711.226978431185,14.86829938763914,0.3571132579200686,630.2784903631136,30,185,212172.09505093936,0.1410146335660437,0.8194448934241149,0.9393918710790965,0.9375,162996.88107805143,8.923988,44.403373,103.802776,1.248823,5560.207981036836,False,0,True,1,True,2
CNMWN,CNNBO,471.0,207,211080.47691394258,814.0830211889261,13.828922406186868,0.31878428555111976,630.4608389505095,446,186,211080.47691394258,0.14126307844713049,0.8194971154918423,0.9394094008065762,0.6942675159235668,120094.28518770955,113.862187,22.508158,121.683333,29.966667,614.3785398439564,False,0,False,0,False,0
BEANT,GRPIR,118.0,35,209844.32364394848,2965.55839047804,15.682503231099243,0.33009133126978557,630.7000000000002,117,187,209844.32364394848,0.14158871095608083,0.8195655620738862,0.9394323767242746,0.3305084745762712,56841.23780640184,4.4,51.2167,23.65,37.933333,1139.6610400953182,False,0,False,0,False,0
AEKHA,SGSGP,77.0,57,208639.54505376637,3580.52128011238,15.75489924584503,0.4045599731648643,629.7690247230453,57,188,208639.54505376637,0.1403197382753264,0.8192988293604214,0.9393428407870659,0.8181818181818182,139858.4741079614,54.659214,24.802318,103.802776,1.248823,3177.781374957561,False,0,False,0,False,0
KRBUS,PACOL,36.0,23,208188.65813388364,8384.292012456695,16.690767742335265,0.46734696606247844,629.5147996602402,20,189,208188.65813388364,0.13997256253196477,0.8192258544812294,0.9393183448258609,0.9444444444444444,161078.33516675184,129.052391,35.112607,-79.892063,9.359918,7672.561309428757,False,0,True,1,True,1
CNYSN,USNYK,25.0,14,205162.49703580106,11123.615598190927,16.827775628775672,0.4009804939259898,630.7,24,190,205162.49703580106,0.1415887109560806,0.8195655620738862,0.9394323767242746,1.0,168144.11719962832,122.066667,30.633333,-74.049568,40.663452,6433.844530652076,False,0,True,1,True,2
AUMEL,SGSGP,97.0,23,204094.5761195597,4008.530583223646,15.832756737517894,0.326752116547,630.7,91,191,204094.5761195597,0.1415887109560806,0.8195655620738862,0.9394323767242746,0.5154639175257731,86221.07525446314,144.912243,-37.858862,103.802776,1.248823,3269.4514942497217,False,0,False,0,False,0
NZTAU,PABAL,75.0,17,203489.15529472684,6567.957670477698,16.9228105398892,0.42280916020704495,630.6585871310288,47,192,203489.15529472684,0.14153234246294977,0.819553713654015,0.9394283994866728,0.09333333333333334,15565.227338277116,176.183333,-37.716667,-79.57037,8.954178,6406.865441685085,False,0,False,0,True,1
ESALG,NLROT,176.0,91,202572.0551153264,1467.0190590946827,13.482578352498887,0.37814731486289127,629.0618573707422,150,193,202572.0551153264,0.139353318506924,0.8190956919949907,0.9392746523216928,0.6818181818181818,113131.29386150159,-5.433333,36.116667,4.03038,52.002215,1035.4438175049831,False,0,False,0,False,0
INMUN,PTSNS,29.0,24,201829.6538224774,10084.783051115855,16.076285447557417,0.40019165559253783,625.6709557782208,28,194,201829.6538224774,0.13468893673257232,0.8181152585891517,0.9389455437443374,0.9655172413793104,159426.12910283386,69.7,22.766667,-8.866667,37.95,4054.8458909733745,False,0,True,1,True,2
BDCTG,LKCOL,761.0,39,200654.53486994136,1354.7552275569137,12.042695339684434,0.35317672322661925,630.7,318,195,200654.53486994136,0.1415887109560806,0.8195655620738862,0.9394323767242746,0.3088042049934297,50782.71151582005,91.883333,22.35,79.85,6.95,1157.5213551444372,False,0,False,0,False,0
MXLCS,MXMAN,629.0,206,199631.36384107807,375.4369802867077,5.13849096136241,0.21838405984845033,628.7222974664842,595,196,199631.36384107807,0.13888850104149386,0.8189979893212449,0.939241855817852,0.848966613672496,138804.0764797371,-102.166667,17.883333,-104.293756,19.073908,140.64357024185486,False,0,False,0,False,0
CNYSN,USLSA,51.0,20,199592.63719507222,5927.106684961402,15.873806732050594,0.4474489066682373,629.9794066226085,49,197,199592.63719507222,0.14060682887634823,0.8193591745957304,0.939363097272029,0.9607843137254902,157124.801272734,122.066667,30.633333,-118.244,33.738045,5649.484730625522,False,0,False,0,True,1
TWKEE,USLSA,47.0,10,199180.87056940462,6018.415076557353,16.125734605361608,0.2905993652623573,630.7,47,198,199180.87056940462,0.1415887109560806,0.8195655620738862,0.9394323767242746,0.8085106382978723,131982.71747697963,121.7559,25.15113,-118.244,33.738045,5887.966450776495,False,0,False,0,True,1
MATAN,NLROT,188.0,108,198233.47412742538,1454.0444066032367,14.202378640970357,0.382250878185105,623.4971009938185,165,199,198233.47412742538,0.13167198510299494,0.8174811080619151,0.9387326742351947,0.7712765957446809,124987.0075120976,-5.797516,35.789733,4.03038,52.002215,1059.9637977632499,False,0,False,0,False,0
JPTOK,USTAC,72.0,29,197505.21439790577,4411.985666852919,14.703639848569876,0.30208409631751587,630.3480056267746,69,200,197505.21439790577,0.14110936313398947,0.819464805180362,0.9393985549902445,0.6111111111111112,98907.46069030781,139.75,35.6667,-122.422033,47.272467,4161.676119939412,False,0,False,0,False,0
AUBRI,TWKAO,89.0,20,197356.04412103118,3824.9288794615295,14.833111380268265,0.29300457219347453,630.7,87,201,197356.04412103118,0.1415887109560806,0.8195655620738862,0.9394323767242746,0.7640449438202247,123581.3794556601,153.169467,-27.350967,120.260382,22.620829,3556.1621159228084,False,0,False,0,False,0
CNNSA,THLCB,494.0,88,197028.78881728678,1501.4709908923016,15.021735584257787,0.45512327369068334,629.4203348621883,424,202,197028.78881728678,0.13984348770914812,0.8191987234970466,0.9393092375886396,0.7206477732793523,116316.68157024175,113.682083,22.64515,100.886078,13.056152,929.7317775290538,False,0,False,0,False,0
CNWGQ,USTAM,27.0,11,196280.5187996837,10195.705562594543,15.73921695300281,0.29727436552198616,630.7,27,203,196280.5187996837,0.1415887109560806,0.8195655620738862,0.9394323767242746,0.37037037037037035,59579.53841267287,121.617967,31.353633,-82.466667,27.95,6989.405566698665,False,0,True,1,True,2
CNNSA,MYTPP,264.0,118,196162.91404175226,1509.8207420193676,14.91806392038513,0.35890355637770294,630.675542412364,241,204,196162.91404175226,0.14155542177976466,0.8195585648292154,0.9394300279127946,0.7196969696969697,115703.52006783067,113.682083,22.64515,103.549576,1.327854,1409.8183055858813,False,0,False,0,False,0
CNXIA,CNYTN,641.0,277,195999.1414732736,348.0803633126435,11.543866150390434,0.2649048580687545,630.1013220593437,544,205,195999.1414732736,0.14077310894927741,0.8193941259668042,0.9393748296303333,0.6661466458658346,106983.51452101982,118.042517,24.44535,114.263091,22.566543,236.6792710810271,False,0,False,0,False,0
CLVAL,HKHKG,23.0,12,194039.966487851,10411.60060284926,19.214023907992907,0.6550685413164316,626.7097826982817,23,206,194039.966487851,0.13612326638812444,0.8184167486423505,0.9390467469080649,1.0,158805.55847965766,-71.6167,-33.033333,114.181938,22.298785,10093.180513609459,False,0,True,1,True,2
CNBYQ,CNNSA,367.0,47,192843.63696620328,1479.1415779160193,12.06506570076105,0.39224241975974644,630.6914599560095,272,207,192843.63696620328,0.1415770874117077,0.8195631188538093,0.9394315565924034,0.9918256130790191,156755.5908800559,122.0684,40.268517,113.682083,22.64515,1140.5698555590848,False,0,False,0,False,0
MYTPP,TGLOM,48.0,12,192721.0335467295,8256.897624417285,15.934125060256113,0.6636234743990426,630.7,31,208,192721.0335467295,0.1415887109560806,0.8195655620738862,0.9394323767242746,0.9791666666666666,154656.94880339009,103.549576,1.327854,1.286945,6.137824,6126.69267807529,False,0,True,1,True,1
CGPNO,LKCOL,38.0,17,191436.84305776394,6324.426153466848,16.59393411202941,0.40520431324760503,626.9120730482434,38,209,191436.84305776394,0.1364020198757011,0.8184753414515235,0.9390664151445359,1.0,156686.33548810505,11.839142,-4.778824,79.85,6.95,4135.644541809176,False,0,False,0,True,1
PKQAS,USNFK,28.0,16,191297.2739123132,11602.43294333236,15.560291603101442,0.28841561533997234,630.6999999999999,26,210,191297.2739123132,0.1415887109560805,0.8195655620738862,0.9394323767242746,0.7857142857142857,123184.80257061559,67.343788,24.775279,-76.316667,36.85,6574.898492104583,False,0,True,1,True,2
GRPIR,MYPKE,24.0,19,190851.4680572079,12090.757444127761,15.669560804586887,0.36697588570774203,630.1581545307185,18,211,190851.4680572079,0.14085060058743049,0.8194104143828032,0.939380297270853,0.875,136837.47046053267,23.65,37.933333,101.34485,3.00525,4710.640090912012,False,0,True,1,True,2
CNDAL,CNTJN,1538.0,345,190679.32084247362,241.34203984298364,10.87853779050957,0.2660196497328681,630.2315389456758,1272,212,190679.32084247362,0.14095064029052473,0.8194314423070959,0.9393873558535243,0.577373211963589,90213.77388538624,121.737442,38.978628,117.8143,38.97075,183.10651773044196,False,0,False,0,False,0
AEKHA,BSFRE,23.0,17,190488.0106633663,12132.24347849523,15.905013799714673,0.35903501979164293,630.7000000000002,19,213,190488.0106633663,0.14158871095608083,0.8195655620738862,0.9394323767242746,0.2608695652173913,40726.281789823886,54.659214,24.802318,-78.6966,26.5285,6708.289809402544,False,0,True,1,True,2
SGSGP,TGLOM,34.0,29,188772.50065726833,9619.684175584907,15.01530363966075,0.38103134914090886,630.1382024671735,25,214,188772.50065726833,0.14082339734321425,0.81940469637543,0.9393783778694326,0.6764705882352942,104637.19683697917,103.802776,1.248823,1.286945,6.137824,6142.333707745823,False,0,True,1,True,1
MYTPP,SGSGP,1935.0,371,187583.79093867677,173.35586008078266,4.967148747505589,0.20328249953024335,630.4437707647179,1693,215,187583.79093867677,0.14123982961511272,0.8194922286852602,0.9394077604198324,0.4630490956072351,71181.50861798617,103.549576,1.327854,103.802776,1.248823,15.921901494115852,False,0,False,0,False,0
CNYTN,PABAL,25.0,17,185883.07076123863,9354.574138026876,17.46697620245609,0.5138352474906384,628.1980148185,11,216,185883.07076123863,0.13816983303199049,0.8188469283321769,0.9391911481747729,0.8,121767.82521743435,114.263091,22.566543,-79.57037,8.954178,8747.253496352423,False,0,True,1,True,1
TWKAO,USOAK,40.0,30,184809.8879845162,6023.450230705813,16.42346525542201,0.49661509126505127,625.5269631841729,37,217,184809.8879845162,0.1344897472619475,0.8180733898012738,0.9389314893709021,0.975,147408.3502439797,120.260382,22.620829,-122.320518,37.814824,5748.162162595534,False,0,False,0,True,1
ESBAR,ESVAL,1149.0,339,183021.0373226126,207.0233015363837,8.087200186796904,0.24272077466129524,628.8620351773768,961,218,183021.0373226126,0.13907984626978998,0.8190382092824198,0.9392553567187033,0.4194952132288947,62882.8453671077,2.166667,41.35,-0.316667,39.45,160.93966345706667,False,0,False,0,False,0
ESALG,ZAPLZ,49.0,15,182229.02665192125,5625.1826368764805,16.652985169392117,0.48806780901405705,630.7,39,219,182229.02665192125,0.1415887109560806,0.8195655620738862,0.9394323767242746,0.9183673469387755,137156.90937626848,-5.433333,36.116667,25.6372,-33.9618,4553.548755243234,False,0,False,0,True,1
AUSYD,CNYTN,77.0,20,181796.51979630362,4548.958279934862,15.538400553621178,0.33760052666743,630.6999999999999,77,220,181796.51979630362,0.1415887109560805,0.8195655620738862,0.9394323767242746,0.44155844155844154,65789.63215087992,151.2111,-33.86,114.263091,22.566543,3991.6984647688037,False,0,False,0,False,0
ESVAL,VNCMP,21.0,16,181498.13551555522,11847.984760570986,17.659732058873928,0.4326340954685556,630.7,10,221,181498.13551555522,0.1415887109560806,0.8195655620738862,0.9394323767242746,0.7619047619047619,113333.04491365208,-0.316667,39.45,107.012844,10.522075,5783.178654533154,False,0,True,1,True,2
TWKEE,USOAK,48.0,11,181263.09483825756,5828.381577781642,14.799864162714986,0.2540601017045488,630.7,48,222,181263.09483825756,0.1415887109560806,0.8195655620738862,0.9394323767242746,0.8125,120702.55454104955,121.7559,25.15113,-122.320518,37.814824,5582.755008531069,False,0,False,0,True,1
CNQIN,JMKIN,22.0,12,180315.00061230894,10096.405020822413,16.135924117567164,0.5865153021401828,630.1854679075435,13,223,180315.00061230894,0.14088783767474866,0.8194182414617407,0.9393829246382996,1.0,147753.40071091088,120.2667,36.0333,-76.7936,17.997,7421.506160340199,False,0,True,1,True,2
CNYTN,USNYK,19.0,18,180135.8400165183,13646.41330407921,17.021943047925884,0.4272899120351722,630.7000000000002,17,224,180135.8400165183,0.14158871095608083,0.8195655620738862,0.9394323767242746,0.8421052631578947,124322.63660866482,114.263091,22.566543,-74.049568,40.663452,6982.627942572278,False,0,True,1,True,2
THLCB,VNCMP,521.0,190,179988.60972294232,677.1136488622949,13.256425302379029,0.3060029842419025,629.2716472571651,510,225,179988.60972294232,0.1396402454173412,0.8191560028232239,0.9392948972570049,0.6468330134357005,95368.25102072461,100.886078,13.056152,107.012844,10.522075,390.8806506440235,False,0,False,0,False,0
AUBRI,CNQIN,88.0,30,179889.97279397858,4460.8108873091915,14.821276444771229,0.32191079159429525,630.7,52,226,179889.97279397858,0.1415887109560806,0.8195655620738862,0.9394323767242746,0.5340909090909091,78741.89151391589,153.169467,-27.350967,120.2667,36.0333,4236.56593605197,False,0,False,0,False,0
MYPKE,SAJED,85.0,51,179783.92048914227,5674.559590597786,14.34945464225454,0.35781920350504304,630.4684413275846,67,227,179783.92048914227,0.14127343335382847,0.8194992920496226,0.9394101314261475,0.5294117647058824,77999.71529793057,101.34485,3.00525,39.1667,21.466667,3786.616765164838,False,0,False,0,True,1
AUBRI,AUMEL,308.0,107,177919.82851099886,1133.0725773418176,13.918199603802709,0.3265411014695241,630.7,264,228,177919.82851099886,0.1415887109560806,0.8195655620738862,0.9394323767242746,0.4902597402597403,71488.18702244689,153.169467,-27.350967,144.912243,-37.858862,755.8277378960955,False,0,False,0,False,0
SGSGP,VNHPG,550.0,111,176788.15520486372,1381.2754868842324,13.028245567910004,0.35452972449324505,630.6073384554737,504,229,176788.15520486372,0.14146257586213062,0.8195390490083311,0.9394234769078932,0.4290909090909091,62168.749083340685,103.802776,1.248823,106.828308,20.81389,1188.004458504646,False,0,False,0,False,0
CNWGQ,CNXIA,785.0,219,176610.93241288903,660.4807599361161,12.181066241195198,0.2983683017706078,630.6322964015819,579,230,176610.93241288903,0.1414965533968775,0.8195461909430451,0.9394258742884387,0.6356687898089172,92007.21993885798,121.617967,31.353633,118.042517,24.44535,456.0158417068077,False,0,False,0,False,0
AUBRI,MYTPP,88.0,31,175792.32553521878,4084.9454723371505,15.218236799059746,0.33227971744858636,630.7000000000002,84,231,175792.32553521878,0.14158871095608083,0.8195655620738862,0.9394323767242746,0.32954545454545453,47478.713028191676,153.169467,-27.350967,103.549576,1.327854,3339.655635482852,False,0,False,0,False,0
CNWGQ,HKHKG,675.0,182,175456.57325027205,929.397480909793,13.325031173226433,0.36559649514190456,630.5777939697062,590,232,175456.57325027205,0.14142235077499488,0.8195305938644153,0.9394206387137141,0.6785185185185185,97565.5549486378,121.617967,31.353633,114.181938,22.298785,673.5479469586885,False,0,False,0,False,0
BEANT,NLROT,1283.0,416,175183.7417115763,207.4357265496199,8.30880408501083,0.22360751745882088,628.4575185539505,973,233,175183.7417115763,0.13852570139389142,0.8189217303631785,0.939216257468132,0.49727201870615745,71339.52541413394,4.4,51.2167,4.03038,52.002215,49.13488879778335,False,0,False,0,False,0
MXMAN,PECAL,93.0,50,174186.66117494646,2496.529319129667,15.614224909274853,0.3770158196212514,628.5910681141328,74,234,174186.66117494646,0.13870872899247366,0.8189602019936156,0.9392291714952207,0.8064516129032258,115041.88969389324,-104.293756,19.073908,-77.15,-12.05,2464.034693639055,False,0,False,0,False,0
GHTEM,LKCOL,46.0,23,172430.69110086074,7033.530605999446,16.250107350242754,0.42937393680199676,630.2854660187032,22,235,172430.69110086074,0.14102414034732902,0.819446891709505,0.9393925418567934,0.9130434782608695,129011.02917462455,0.016667,5.633333,79.85,6.95,4759.1771216684265,False,0,False,0,True,1
ESALG,LKCOL,18.0,14,172416.41385851108,9661.1684699347,14.959406147539477,0.537042371721171,630.5711000104297,18,236,172416.41385851108,0.14141323636455094,0.8195286780537234,0.9394199956208457,1.0,141300.19572422927,-5.433333,36.116667,79.85,6.95,4929.960688181875,False,0,True,1,True,1
BDCTG,MYPKE,517.0,74,172214.67803008622,1348.066910861811,13.93170530173907,0.44204304164404296,630.6860977334185,181,237,172214.67803008622,0.14156978892399563,0.8195615847424284,0.9394310416270717,0.7756286266924565,109472.63890007745,91.883333,22.35,101.34485,3.00525,1285.5993382829067,False,0,False,0,False,0
AUMEL,TWKAO,71.0,21,171411.49501205358,4850.5280495659035,15.386036825830653,0.38278287390341437,630.6999999999999,69,238,171411.49501205358,0.1415887109560805,0.8195655620738862,0.9394323767242746,0.5211267605633803,73209.42895003826,144.912243,-37.858862,120.260382,22.620829,3888.6053814336587,False,0,False,0,False,0
NAWVB,SGSGP,35.0,19,171400.87881073405,6512.841019755957,15.963198423947201,0.33698436854622316,630.6999999999999,32,239,171400.87881073405,0.1415887109560805,0.8195655620738862,0.9394323767242746,0.37142857142857144,52176.15281634871,14.5,-22.95,103.802776,1.248823,5394.337877918781,False,0,False,0,True,1
ZADUR,ZAPLZ,346.0,142,171240.60842822638,1041.4702618303957,6.927918422467446,0.22354226282451772,630.6537673810328,235,240,171240.60842822638,0.14152578165303642,0.8195523345994007,0.9394279365702733,0.42485549132947975,59624.49173725285,31.041098,-29.877639,25.6372,-33.9618,368.6269749444733,False,0,False,0,False,0
JPTOK,USLSA,47.0,20,170988.41807941545,5010.840164956729,16.262762479055908,0.35579107964904033,630.7,46,241,170988.41807941545,0.1415887109560806,0.8195655620738862,0.9394323767242746,0.44680851063829785,62614.055285085014,139.75,35.6667,-118.244,33.738045,4769.4899406513205,False,0,False,0,True,1
AUBRI,KRBUS,82.0,23,170891.60059692178,4206.3870493109225,15.10847056949764,0.36297702687529193,630.7,82,242,170891.60059692178,0.1415887109560806,0.8195655620738862,0.9394323767242746,0.5365853658536586,75152.4672032266,153.169467,-27.350967,129.052391,35.112607,3992.1565531057877,False,0,False,0,False,0
DEBHN,USNYK,83.0,21,169637.44197109898,3776.7424829712345,15.244944797503662,0.33557943952776104,630.7,72,243,169637.44197109898,0.1415887109560806,0.8195655620738862,0.9394323767242746,0.3253012048192771,45226.30298676072,8.548651,53.563407,-74.049568,40.663452,3265.564468159875,False,0,False,0,False,0
ESBAR,LKCOL,31.0,13,168915.8085200862,10067.56137753872,17.590378526366994,0.45415582659238135,630.7000000000002,27,244,168915.8085200862,0.14158871095608083,0.8195655620738862,0.9394323767242746,0.3870967741935484,53588.740472101694,2.166667,41.35,79.85,6.95,4573.793074248671,False,0,True,1,True,2
ITGIT,SGSGP,14.0,13,168489.00096323882,11780.955431830416,16.938864559740953,0.5798112228002787,629.6530775991681,14,245,168489.00096323882,0.1401614329206048,0.8192655542415309,0.9393316711074383,1.0,138037.23475774968,15.909341,38.462848,103.802776,1.248823,5257.974794879055,False,0,True,1,True,2
IDJAK,IDSUR,1128.0,205,166998.58353698833,414.4852705710526,12.633857956713914,0.33815418224279886,630.6448314574207,822,246,166998.58353698833,0.14151361750032232,0.8195497777457271,0.9394270782942599,0.3723404255319149,50959.87043357076,106.788826,-6.09208,112.731533,-7.1937,360.5188482143604,False,0,False,0,False,0
HKHKG,MYPKE,252.0,86,166595.22341517487,1671.9388388932111,15.146075295913576,0.36700951645805524,630.0683413262522,221,247,166595.22341517487,0.14072813298254472,0.8193846722080044,0.9393716562244795,0.5992063492063492,81795.00576170161,114.181938,22.298785,101.34485,3.00525,1378.8155729519356,False,0,False,0,False,0
CNXIA,CNYSN,316.0,187,166057.53040746073,630.8829693896764,11.58048316887045,0.31166254784857017,629.2389904839097,262,248,166057.53040746073,0.13959559374468844,0.8191466172296741,0.9392917467326323,0.8259493670886076,112350.14614551562,118.042517,24.44535,122.066667,30.633333,428.77252910938586,False,0,False,0,False,0
AUFRE,MYPKE,124.0,26,165958.1100766738,2571.5318311017454,14.994236106626436,0.356867618553337,630.6410730976777,93,249,165958.1100766738,0.14150850127685144,0.8195487023370995,0.9394267173047206,0.5725806451612904,77877.12513428663,115.75,-32.05,101.34485,3.00525,2259.2225313977133,False,0,False,0,False,0
ESLPA,ZAPLZ,47.0,37,165338.1575403443,5179.755831107121,15.309377506668348,0.4330080558815209,630.7000000000002,47,250,165338.1575403443,0.14158871095608083,0.8195655620738862,0.9394323767242746,0.574468085106383,77843.56213731813,-15.4167,28.15,25.6372,-33.9618,4398.976377112535,False,0,False,0,True,1
CNSHE,THLCB,335.0,93,164549.44176221325,1519.007308736647,15.360510226648637,0.45753371708378415,630.2592365819638,316,251,164549.44176221325,0.1409883924333537,0.8194393776485328,0.9393900195621613,0.764179104477612,103040.60534450934,113.8943,22.467416,100.886078,13.056152,933.0925248357661,False,0,False,0,False,0
JPYOK,USLSA,49.0,17,163559.23019761266,5236.521261714371,14.909464067997273,0.3000377349915775,630.7,49,252,163559.23019761266,0.1415887109560806,0.8195655620738862,0.9394323767242746,0.22448979591836735,30092.298708613558,139.679832,35.450183,-118.244,33.738045,4779.631560769191,False,0,False,0,True,1
INNSA,LKCOL,307.0,155,163449.4439713685,963.7567863621057,12.220431123404591,0.2814574346261467,630.4838919539256,229,253,163449.4439713685,0.1412944772908421,0.8195037153965604,0.9394116162403217,0.5309446254071661,71118.66624784452,72.9428,18.953883,79.85,6.95,825.8800842716155,False,0,False,0,False,0
FRDKK,MYPKE,11.0,10,163283.77836514494,11424.144870179176,18.054530439176606,0.7083857061221819,603.9533806275633,11,254,163283.77836514494,0.10357319394845443,0.811574860493783,0.9367500849812171,1.0,132517.00964759028,2.35,51.0667,101.34485,3.00525,5600.977977647391,False,0,True,1,True,2
MXLCS,PABAL,138.0,90,162321.53956997473,1644.7646972144303,14.061539676684477,0.36722660693167114,629.8223564827688,108,255,162321.53956997473,0.14039253381947536,0.8193141306772374,0.9393479770814628,0.8985507246376812,119500.35546585228,-102.166667,17.883333,-79.57037,8.954178,1422.507065919692,False,0,False,0,False,0
CNQIN,CNYTN,131.0,70,161683.19454721123,1220.7262368171755,13.731407802795772,0.389318701320699,628.7826361248002,108,256,161683.19454721123,0.1389711342274671,0.819015358468943,0.9392476862347419,0.9389312977099237,124334.2397212216,120.2667,36.0333,114.263091,22.566543,866.9821152038594,False,0,False,0,False,0
USLGB,VNCMP,35.0,19,161337.9487676855,7406.254891320707,15.590849211383965,0.3500635059696067,630.3858812197565,34,257,161337.9487676855,0.1411609680210072,0.8194756523102893,0.9394021961182166,1.0,132212.52080880312,-118.217354,33.74561,107.012844,10.522075,7103.654345690547,False,0,False,0,True,1
CNWGQ,MYPKE,179.0,108,160783.30753645493,2476.502652541903,14.867554903859979,0.380636120131668,630.6740655414557,140,258,160783.30753645493,0.14155341153090029,0.8195581422833699,0.939429886074031,0.6983240223463687,92019.04248236924,121.617967,31.353633,101.34485,3.00525,2052.36340638256,False,0,False,0,False,0
CNNBO,TWKAO,545.0,178,160713.6599917161,580.7986196547093,12.324757123073855,0.3120615699682214,629.9925173368761,408,259,160713.6599917161,0.1406247136257699,0.8193629338947407,0.9393643591808356,0.673394495412844,88674.48341316178,121.683333,29.966667,120.260382,22.620829,447.63346184333585,False,0,False,0,False,0
INMUN,TGLOM,26.0,24,160634.87354752948,7680.650595486236,17.002337887255553,0.4324938940283011,627.4843490418338,18,260,160634.87354752948,0.1371896353642672,0.8186408949103318,0.9391219875709549,0.6923076923076923,91040.03767021674,69.7,22.766667,1.286945,6.137824,4067.6270879508024,False,0,False,0,True,1
KRBUS,MXESE,44.0,30,159811.05730613667,5679.335614497947,16.245697169911335,0.37887860550546004,630.5421984299106,37,261,159811.05730613667,0.14137388211586832,0.8195204059563831,0.9394172188711233,0.6590909090909091,86320.09668716985,129.052391,35.112607,-116.6246,31.850733,5344.005268117775,False,0,False,0,True,1
DEWVN,MXVER,42.0,11,158556.26830235784,5549.73747134843,16.03768123786511,0.34842238996227437,630.7000000000002,41,262,158556.26830235784,0.14158871095608083,0.8195655620738862,0.9394323767242746,0.23809523809523808,30939.823131323763,8.170278,53.541667,-96.1333,19.2,4969.530664557167,False,0,False,0,True,1
AUSYD,SGSGP,67.0,24,156871.66374977023,4356.414867300337,15.156744489220019,0.36148392297149184,630.6999999999998,66,264,156871.66374977023,0.1415887109560804,0.8195655620738861,0.9394323767242746,0.5074626865671642,65242.7589751428,151.2111,-33.86,103.802776,1.248823,3401.45085034759,False,0,False,0,False,0
AUSYD,MUPLO,36.0,22,156727.2649856551,5383.085553052357,15.349254920048057,0.3741321144785074,630.6999999999998,36,265,156727.2649856551,0.1415887109560804,0.8195655620738861,0.9394323767242746,0.5277777777777778,67792.14198292098,151.2111,-33.86,57.486134,-20.150235,4915.972307780445,False,0,False,0,True,1
HKHKG,VNHCM,561.0,101,155781.32706039253,951.0251375691496,14.768675876747848,0.4947312990896025,630.2100505984387,493,266,155781.32706039253,0.14092134918207966,0.8194252854394545,0.9393852891369698,0.7201426024955436,91927.03741641722,114.181938,22.298785,106.710033,10.776988,814.0581094539592,False,0,False,0,False,0
CNNBO,MYPKE,101.0,67,155649.9680617756,2351.7710115086466,15.989962311189919,0.49446351965307916,628.3929657691334,78,267,155649.9680617756,0.13843720491469336,0.8189031287759366,0.9392100133500947,0.7425742574257426,94650.18255420495,121.683333,29.966667,101.34485,3.00525,1989.49428552794,False,0,False,0,False,0
VNHCM,VNHPG,1290.0,77,155032.42296512375,806.9857402413962,12.287620452657299,0.3828823443512516,630.4031988021577,1156,268,155032.42296512375,0.14118456088305797,0.8194806114305356,0.9394038607789671,0.10077519379844961,12803.091797823421,106.710033,10.776988,106.828308,20.81389,602.6588368421476,False,0,False,0,False,0
MTMAL,MYPKE,16.0,14,154693.18842003492,11822.879433688677,17.370924333834243,0.5535415330702443,599.5958776308055,14,269,154693.18842003492,0.09705850190424259,0.8102054996614385,0.936290422557706,1.0,125333.27201807544,14.539518,35.819159,101.34485,3.00525,5142.605018487071,False,0,True,1,True,2
BRSTS,INKUP,36.0,21,154536.35199317962,8613.736362235359,15.83227878596908,0.3226275879041493,630.6999999999998,14,270,154536.35199317962,0.1415887109560804,0.8195655620738861,0.9394323767242746,0.4444444444444444,56290.07652539474,-46.306133,-23.95,80.345767,13.304483,7723.182973123787,False,0,True,1,True,1
CNDCB,TRBAM,21.0,17,154370.8434324259,14035.125747932774,14.652325237035711,0.2575165466527756,630.7000000000004,21,271,154370.8434324259,0.14158871095608105,0.8195655620738863,0.9394323767242746,0.6666666666666666,84344.68471034401,113.852567,22.533467,28.678178,40.961688,4319.721709955604,False,0,True,1,True,2
KRBUS,PAMIT,27.0,21,154332.42531756856,8353.566819346623,15.683659001502056,0.3625944167534162,630.7,5,272,154332.42531756856,0.1415887109560806,0.8195655620738862,0.9394323767242746,0.9629629629629629,121800.8912385962,129.052391,35.112607,-79.88466,9.361132,7672.717904470159,False,0,True,1,True,1
MXESE,MXMAN,189.0,67,154130.9567598924,1144.9812516400848,13.057076060606366,0.34672951034597604,630.3560861259692,167,273,154130.9567598924,0.14112037320472925,0.8194671194508648,0.9393993318367577,0.7777777777777778,98237.41756440487,-116.6246,31.850733,-104.293756,19.073908,1015.8011023105355,False,0,False,0,False,0
HKHKG,USOAK,38.0,13,154118.99354210644,6333.024438874852,16.295407430018805,0.3728292116243589,630.220613888784,38,274,154118.99354210644,0.1409357484210415,0.8194283120988447,0.9393863051157809,1.0,126289.46674058103,114.181938,22.298785,-122.320518,37.814824,5993.9530676373915,False,0,False,0,True,1
PABAL,PECAL,216.0,63,153789.4027623,1369.046588056156,15.96663596004541,0.4310864507622456,630.6396856560295,167,275,153789.4027623,0.1415066125488076,0.8195483053344187,0.9394265840402003,0.7222222222222222,91027.33207550329,-79.57037,8.954178,-77.15,-12.05,1269.3461580590013,False,0,False,0,False,0
KRBUS,USNFK,18.0,17,152148.54939066336,11321.92628681186,16.572574921817793,0.4246636732291629,630.352884217336,16,276,152148.54939066336,0.14111601048321132,0.8194662024251744,0.9393990240126684,0.9444444444444444,117753.89430846232,129.052391,35.112607,-76.316667,36.85,6260.496607952932,False,0,True,1,True,2
PKKAR,SGSGP,98.0,38,152077.39447060696,2945.36080717538,15.419425881867735,0.3559782870722878,630.6999999999999,92,277,152077.39447060696,0.1415887109560805,0.8195655620738862,0.9394323767242746,0.6224489795918368,77580.41950979737,66.9833,24.7833,103.802776,1.248823,2559.4254333486556,False,0,False,0,False,0
AEJAL,CNWGQ,63.0,38,151334.8568208833,5873.851162427015,14.968388259234958,0.40654098076136724,630.326041540639,35,278,151334.8568208833,0.14107943457847083,0.8194585143240303,0.9393964432968186,0.6507936507936508,80706.63673604945,55.0606,25.0136,121.617967,31.353633,3490.613931738573,False,0,False,0,True,1
MYTPP,ZADUR,50.0,21,150754.20922553173,4953.160416699645,16.54501724747226,0.4635136956848256,630.7,47,279,150754.20922553173,0.1415887109560806,0.8195655620738862,0.9394323767242746,0.9,111197.66239703444,103.549576,1.327854,31.041098,-29.877639,4537.945942006057,False,0,False,0,False,0
BRRDJ,BRSTS,598.0,179,150747.44087820756,342.67499074309205,8.286081532025305,0.24167000367515845,628.8844978352906,460,280,150747.44087820756,0.13911059683681926,0.8190446729221094,0.9392575264114638,0.5903010033444817,72883.80870903278,-43.1667,-22.916667,-46.306133,-23.95,183.73162145802533,False,0,False,0,False,0
DJDJI,SGSGP,83.0,35,149172.94268495508,3816.194115214955,15.63322983610452,0.32965797672447683,630.4290128728761,54,281,149172.94268495508,0.141219726654345,0.8194880031275664,0.9394063419988843,0.6867469879518072,83951.68559673175,43.133333,11.583333,103.802776,1.248823,3665.1277872674286,False,0,False,0,False,0
EGAKI,SGSGP,10.0,10,149055.8397334029,12605.13081698384,17.655666879417854,0.6872758362431141,626.2568216591882,10,282,149055.8397334029,0.1354984388583118,0.8182854125269226,0.9390026604440109,1.0,121970.21930579445,30.073013,31.322122,103.802776,1.248823,4532.241785210878,False,0,True,1,True,2
CNNSA,CNZOS,435.0,183,148339.0200697133,852.3295212371617,14.479270346301957,0.3324437225439458,630.3994771633454,378,283,148339.0200697133,0.14117949076325842,0.8194795457127055,0.939403503042402,0.5310344827586206,64552.97271669748,113.682083,22.64515,122.099218,30.006902,632.4329957705843,False,0,False,0,False,0
CIABI,MATAN,110.0,30,147320.06344091677,2823.263951923258,14.094194558404581,0.3260370316242304,630.7000000000002,96,284,147320.06344091677,0.14158871095608083,0.8195655620738862,0.9394323767242746,0.5,60369.225299357764,-4.0267,5.3364,-5.797516,35.789733,1831.0483980120327,False,0,False,0,False,0
CNYSN,HKHKG,252.0,143,147217.35586927767,916.1093514162901,11.368510626799559,0.2586892788415178,629.880210115421,230,285,147217.35586927767,0.14047148758524686,0.8193307264263042,0.9393535478865098,0.7341269841269841,88550.17888286895,122.066667,30.633333,114.181938,22.298785,655.2850518279446,False,0,False,0,False,0
CNYSN,PABAL,26.0,17,147048.62559761308,8938.41110231192,17.378672584639745,0.38628465647352334,630.7000000000002,23,286,147048.62559761308,0.14158871095608083,0.8195655620738862,0.9394323767242746,0.23076923076923078,27811.382190023127,122.066667,30.633333,-79.57037,8.954178,8123.293971463016,False,0,True,1,True,1
BRPAR,BRSTS,756.0,245,146655.9071170541,247.44236309703882,8.516918671510782,0.23388156920825307,628.0422315652207,364,287,146655.9071170541,0.1379560596574677,0.8188019940691168,0.9391760647929724,0.7354497354497355,88314.38485362334,-48.515217,-25.502281,-46.306133,-23.95,152.31031861937356,False,0,False,0,False,0
AEJAL,OMSAL,319.0,96,146532.51826471556,1009.7517767242342,14.36802590365895,0.3273586997735025,630.7,265,288,146532.51826471556,0.1415887109560806,0.8195655620738862,0.9394323767242746,0.27899686520376177,33505.5721214464,55.0606,25.0136,54.002781,16.946141,487.98197106877905,False,0,False,0,False,0
CIABI,LKCOL,41.0,22,146308.4251763522,7247.408936343623,15.80519039616793,0.4320631619362225,625.1133049116518,33,289,146308.4251763522,0.1339170103306042,0.8179530029102747,0.938891078305558,0.7317073170731707,87565.91394444184,-4.0267,5.3364,79.85,6.95,5001.340425104065,False,0,False,0,True,1
HKHKG,KRBUS,327.0,96,144222.46043443563,1207.5040670510268,13.885589075259592,0.46925221123442395,630.586070253617,306,290,144222.46043443563,0.1414336193911595,0.8195329624800775,0.9394214338026271,0.8012232415902141,94700.62931826203,114.181938,22.298785,129.052391,35.112607,1095.2025990545483,False,0,False,0,False,0
CNNBO,THLCB,165.0,63,144167.47905696378,2282.7125254294388,15.017819861625924,0.47179928259492926,628.432906526514,142,291,144167.47905696378,0.13849196250330664,0.8189146385904623,0.9392138769257966,0.6909090909090909,81569.32076946179,121.683333,29.966667,100.886078,13.056152,1537.5129413958564,False,0,False,0,False,0
JPTOK,SGSGP,82.0,27,143169.2437706426,2949.674142338027,15.760438082804674,0.32778823038223737,630.6999999999999,82,292,143169.2437706426,0.1415887109560805,0.8195655620738862,0.9394323767242746,0.5487804878048781,64392.02656604998,139.75,35.6667,103.802776,1.248823,2876.735464287222,False,0,False,0,False,0
CNYTN,KRBUS,186.0,92,142865.47777614754,1189.7008692259965,14.699902211426119,0.3338056406623487,630.5997302270129,182,293,142865.47777614754,0.14145221754995263,0.8195368717347333,0.9394227460480388,0.8279569892473119,96940.12428642479,114.263091,22.566543,129.052391,35.112607,1080.2842412614505,False,0,False,0,False,0
USBOS,VNCMP,18.0,10,142510.453111225,13003.583598074529,18.12076044387617,0.6412717507934379,630.7,18,294,142510.453111225,0.1415887109560806,0.8195655620738862,0.9394323767242746,0.9444444444444444,110307.95629408838,-71.083333,42.35,107.012844,10.522075,7631.088931416994,False,0,True,1,True,2
KEMOM,MYTPP,82.0,15,142261.7280354616,4130.441905858374,14.82547033793979,0.38028874551340774,630.7000000000003,74,295,142261.7280354616,0.14158871095608094,0.8195655620738862,0.9394323767242746,0.4268292682926829,49765.22510322548,39.647169,-4.053188,103.549576,1.327854,3847.661837321417,False,0,False,0,False,0
BRSAL,MATAN,60.0,19,142201.0509275706,3546.727142605355,17.413658138772906,0.4872659880379738,630.6999999999999,58,296,142201.0509275706,0.1415887109560805,0.8195655620738862,0.9394323767242746,0.9833333333333333,114600.69949376919,-38.516667,-12.966667,-5.797516,35.789733,3466.4364875724946,False,0,False,0,False,0
MATAN,PAMIT,56.0,13,142187.2234718592,4360.034583755845,17.653384808529132,0.41627272825725703,630.6559585280681,55,297,142187.2234718592,0.14152876433037886,0.8195529615456172,0.9394281470214637,0.03571428571428571,4161.784288939668,-5.797516,35.789733,-79.88466,9.361132,4302.829968017022,False,0,False,0,False,0
CNTJN,USSAV,19.0,10,142183.14233240695,10640.105804482328,15.960722186207267,0.3539769761188825,630.7,18,298,142183.14233240695,0.1415887109560806,0.8195655620738862,0.9394323767242746,1.0,116528.40696309046,117.8143,38.97075,-81.0833,32.0833,6412.81715233392,False,0,True,1,True,2
USCHA,USSAV,650.0,281,140959.07035689102,192.58097522901147,7.7904076200267784,0.2092617705967842,630.2643191498196,339,299,140959.07035689102,0.1409953196615843,0.8194408337227341,0.9393905083322359,0.6030769230769231,69659.97893621642,-79.938165,32.87698,-81.0833,32.0833,75.06406634039016,False,0,False,0,False,0
PABAL,TWKAO,25.0,17,140956.45821359556,9161.166450427323,15.780764790424184,0.3513477760014274,630.7000000000002,24,300,140956.45821359556,0.14158871095608083,0.8195655620738862,0.9394323767242746,0.8,92418.44712301577,-79.57037,8.954178,120.260382,22.620829,8581.490025852676,False,0,True,1,True,1
LKCOL,TGLOM,28.0,27,140262.0126248504,7027.162769080723,16.71240721690103,0.4245032459470033,630.5429552628002,19,301,140262.0126248504,0.14137491271414948,0.8195206225838017,0.9394172915878842,0.6785714285714286,78000.1652254398,79.85,6.95,1.286945,6.137824,4680.588107737374,False,0,False,0,True,1
CNQIN,TWKAO,228.0,87,140038.10825445896,981.5135388136649,14.387534813115229,0.4058630785198361,628.5534108307843,141,302,140038.10825445896,0.13865712814379627,0.8189493557125305,0.9392255306521851,0.5921052631578947,67905.07018234978,120.2667,36.0333,120.260382,22.620829,805.2910057078669,False,0,False,0,False,0
GBFEL,MATAN,151.0,65,139970.32705993459,1404.284728550341,14.277826300305783,0.3648215313186191,630.5737548202147,137,303,139970.32705993459,0.14141685114319325,0.8195294378649711,0.9394202506717214,0.4370860927152318,50138.059787493294,1.3,51.933333,-5.797516,35.789733,1015.6090751733336,False,0,False,0,False,0
CNNBO,VNHCM,339.0,87,138738.48993555736,1655.4210917571706,13.678516221103227,0.4244353972981228,629.3738730672608,220,304,138738.48993555736,0.13977998902070576,0.8191853763401483,0.9393047572600498,0.8702064896755162,98901.17969546729,121.683333,29.966667,106.710033,10.776988,1424.0095915319177,False,0,False,0,False,0
AUBRI,AUSYD,465.0,141,138490.29235071747,608.7469231823892,11.614667036243041,0.26409217436862437,630.7,408,305,138490.29235071747,0.1415887109560806,0.8195655620738862,0.9394323767242746,0.5161290322580645,58581.61253790585,153.169467,-27.350967,151.2111,-33.86,403.66779213007896,False,0,False,0,False,0
CNWGQ,THLCB,220.0,56,137632.81881332572,2319.4310029120807,14.55698802542276,0.4722949737626002,630.5259420105123,189,306,137632.81881332572,0.1413517447455419,0.8195157527743677,0.9394156569066858,0.8,90233.81049300864,121.617967,31.353633,100.886078,13.056152,1586.1519662821465,False,0,False,0,False,0
BEANT,FRLEH,714.0,275,136518.8065377821,306.52334741914456,10.638948035572207,0.23792213929059905,626.8340225567938,585,308,136518.8065377821,0.1362944886244638,0.8184527388353602,0.9390588279746113,0.4327731092436975,48355.55329696803,4.4,51.2167,0.094067,49.480233,195.1074663660324,False,0,False,0,False,0
MYPKE,PKKAR,107.0,44,136383.28669693682,2774.4752161338724,14.839266568866663,0.3327981444977793,630.7000000000002,64,309,136383.28669693682,0.14158871095608083,0.8195655620738862,0.9394323767242746,0.4953271028037383,55365.20921514698,101.34485,3.00525,66.9833,24.7833,2378.1563066958734,False,0,False,0,False,0
ESVAL,MXVER,55.0,13,136268.97571582213,5412.666554861753,15.350311157327466,0.3490396629883121,630.7,51,310,136268.97571582213,0.1415887109560806,0.8195655620738862,0.9394323767242746,0.2545454545454545,28427.9824629234,-0.316667,39.45,-96.1333,19.2,4937.603090763984,False,0,False,0,True,1
THLCB,USCHA,16.0,10,136118.6790290871,13286.575695046944,15.929884378873759,0.32271682659539636,630.7,16,311,136118.6790290871,0.1415887109560806,0.8195655620738862,0.9394323767242746,1.0,111558.18168722867,100.886078,13.056152,-79.938165,32.87698,8049.031251696988,False,0,True,1,True,2
CNMWN,MYPKE,167.0,73,136071.5509774456,1685.7217126643975,15.199470933680324,0.40831170106991693,629.7191668305343,135,312,136071.5509774456,0.14025167325787014,0.8192845223803946,0.9393380382682871,0.8023952095808383,89452.07363702724,113.862187,22.508158,101.34485,3.00525,1379.247967038048,False,0,False,0,False,0
BRSTS,USPEV,41.0,12,135846.67529620114,4772.571858673077,17.665113635773434,0.5153779576277878,630.7,29,313,135846.67529620114,0.1415887109560806,0.8195655620738862,0.9394323767242746,0.24390243902439024,27154.940681707267,-46.306133,-23.95,-80.1,26.083333,3587.8767989856697,False,0,False,0,False,0
CNSHE,IDJAK,192.0,42,135733.94363999143,1830.1153008479864,15.674175414981665,0.4241588301516833,630.6999999999999,169,314,135733.94363999143,0.1415887109560805,0.8195655620738862,0.9394323767242746,0.796875,88646.65869378988,113.8943,22.467416,106.788826,-6.09208,1764.835805050255,False,0,False,0,False,0
DOCUC,NLROT,46.0,9,135699.8865863928,4086.5243903468563,17.482704414945534,0.570533121250661,630.7,41,315,135699.8865863928,0.1415887109560806,0.8195655620738862,0.9394323767242746,1.0,111214.95382353962,-69.629288,18.426403,4.03038,52.002215,3937.5002962757626,False,0,False,0,False,0
PKQAS,USSAV,19.0,16,134882.63136373952,11839.04880956712,16.11731373769336,0.3456434780297287,630.6999999999999,19,316,134882.63136373952,0.1415887109560805,0.8195655620738862,0.9394323767242746,0.5789473684210527,63999.82923494252,67.343788,24.775279,-81.0833,32.0833,6943.526882346123,False,0,True,1,True,2
CNQIN,MXESE,47.0,31,134464.11130493978,6274.268885726567,16.448174925141732,0.4480708402632233,630.3604720597831,24,317,134464.11130493978,0.1411263491333672,0.819468375565898,0.9393997534852135,0.8085106382978723,89089.04895304046,120.2667,36.0333,-116.6246,31.850733,5626.6550650030185,False,0,False,0,True,1
ESALG,INMUN,21.0,17,133346.65149451158,9993.355844364725,14.010547148046122,0.25533620538872814,630.6999999999999,19,318,133346.65149451158,0.1415887109560805,0.8195655620738862,0.9394323767242746,0.42857142857142855,46836.995735472854,-5.433333,36.116667,69.7,22.766667,3915.5479197186614,False,0,True,1,True,1
BEANT,DEBHN,500.0,200,132722.86363863116,407.8482469995018,11.079079171417314,0.24579111119902086,630.6079290495238,408,320,132722.86363863116,0.1414633799228966,0.8195392180185179,0.9394235336406624,0.37,40245.4889954454,4.4,51.2167,8.548651,53.563407,207.2058336541578,False,0,False,0,False,0
HKHKG,NZTAU,54.0,28,132486.93840895506,5175.683423965705,16.951112444057802,0.39590835904630367,630.5248650112101,54,321,132486.93840895506,0.14135027808875633,0.8195154444892879,0.9394155534225905,0.5370370370370371,58308.84582144355,114.181938,22.298785,176.183333,-37.716667,5019.404698835442,False,0,False,0,True,1
CAVCR,JPYOK,39.0,15,132270.11852819152,4614.342262082291,16.364637848471357,0.38963082107171965,630.7000000000002,38,322,132270.11852819152,0.14158871095608083,0.8195655620738862,0.9394323767242746,0.3076923076923077,33355.08739604211,-123.116667,49.283333,139.679832,35.450183,4088.8187315197047,False,0,False,0,False,0
USNYK,USSAV,260.0,131,131951.45165770914,764.8224443804842,12.873812767675213,0.2952172291067129,630.354306586029,155,323,131951.45165770914,0.1411179485197802,0.8194666097922996,0.9393991607562904,0.573076923076923,61966.69808969306,-74.049568,40.663452,-81.0833,32.0833,616.7549653115407,False,0,False,0,False,0
BEANT,CRPMN,40.0,13,131856.730656949,5053.217758105248,17.537194793869382,0.4080698914798547,630.7000000000002,37,324,131856.730656949,0.14158871095608083,0.8195655620738862,0.9394323767242746,0.075,8104.892668056556,4.4,51.2167,-83.090115,10.006213,4842.285810793511,False,0,False,0,True,1
FRLEH,USHOU,44.0,9,131722.73513498096,5078.419446724313,15.999740909835639,0.3139250516099499,630.6999999999999,38,325,131722.73513498096,0.1415887109560805,0.8195655620738862,0.9394323767242746,0.20454545454545456,22081.789934756656,0.094067,49.480233,-94.97475,29.6069,4262.550364745247,False,0,False,0,True,1
SGSGP,TZDRS,111.0,26,131337.2479547708,4124.6842610445765,14.51517714234479,0.34498888053186405,630.7,39,326,131337.2479547708,0.1415887109560806,0.8195655620738862,0.9394323767242746,0.42342342342342343,45577.079421086375,103.802776,1.248823,39.293118,-6.823008,3895.02663820287,False,0,False,0,False,0
ESLPA,ZACPT,40.0,27,130302.6977205776,4497.700855037587,17.49651521107921,0.5175773300744724,630.7,40,327,130302.6977205776,0.1415887109560806,0.8195655620738862,0.9394323767242746,0.725,77423.91268040393,-15.4167,28.15,18.437805,-33.905756,4193.597414794561,False,0,False,0,False,0
AUBRI,CNYTN,53.0,20,129690.44010399086,4144.166461736737,16.11800787897175,0.40770368987545835,630.7,51,329,129690.44010399086,0.1415887109560806,0.8195655620738862,0.9394323767242746,0.3584905660377358,38103.897176401915,153.169467,-27.350967,114.263091,22.566543,3751.759568337962,False,0,False,0,False,0
CNWGQ,TWKAO,560.0,117,129612.30714697835,715.8900826505853,12.161248401529114,0.32459157382902953,630.5430416167937,441,330,129612.30714697835,0.1413750303043857,0.8195206473007741,0.939417299884794,0.5196428571428572,55196.44446198284,121.617967,31.353633,120.260382,22.620829,529.3114528295945,False,0,False,0,False,0
NZTAU,PAMIT,61.0,26,129302.8183199252,6595.582173635266,15.389146338284071,0.43735661300359313,630.7,36,332,129302.8183199252,0.1415887109560806,0.8195655620738862,0.9394323767242746,0.5245901639344263,55591.94070772831,176.183333,-37.716667,-79.88466,9.361132,6406.5675521874045,False,0,False,0,True,1
DEBHN,NLROT,609.0,226,128580.17619629308,308.5945823075544,10.726187398607708,0.2567390843597829,630.6500325157131,458,333,128580.17619629308,0.14152069755659513,0.8195512659437394,0.9394275778475469,0.5927750410509032,62465.47564840021,8.548651,53.563407,4.03038,52.002215,188.91593660555077,False,0,False,0,False,0
DEBHN,PLGDA,239.0,55,126830.67941498963,903.6161843083368,13.291622295738966,0.41155262915088886,630.6575419334486,184,334,126830.67941498963,0.1415309197124731,0.8195534145978564,0.9394282991005106,0.7615062761506276,79154.40160267107,8.548651,53.563407,18.666667,54.35,360.231775513825,False,0,False,0,False,0
DEBHN,USNFK,53.0,8,126807.0347596896,4011.64874707519,17.081230018751928,0.3964195809331494,630.7000000000002,42,335,126807.0347596896,0.14158871095608083,0.8195655620738862,0.9394323767242746,0.018867924528301886,1960.8807305235441,8.548651,53.563407,-76.316667,36.85,3502.182400564908,False,0,False,0,False,0
CNXIA,VNHCM,435.0,71,126757.69029680245,1175.1188175197647,13.680986509752115,0.40673942081914943,629.9474608012064,337,336,126757.69029680245,0.14056324743112103,0.8193500139594784,0.939360022260563,0.8919540229885058,92637.37733768427,118.042517,24.44535,106.710033,10.776988,1044.6623468655102,False,0,False,0,False,0
BRIJI,SGSGP,27.0,19,126750.56947562919,9143.871227051965,16.250254137519693,0.33366736133870745,630.7,18,337,126750.56947562919,0.1415887109560806,0.8195655620738862,0.9394323767242746,0.4444444444444444,46169.067429101866,-48.6646,-26.899129,103.802776,1.248823,8596.339094235156,False,0,True,1,True,1
GUAPR,USHNL,49.0,7,126287.18914230527,3362.476145142008,21.703174637956387,0.8476264566166735,630.7,49,338,126287.18914230527,0.1415887109560806,0.8195655620738862,0.9394323767242746,0.673469387755102,69704.50669430147,144.642048,13.452902,-157.868643,21.300094,3310.882128039537,False,0,False,0,False,0
EGALE,SGSGP,33.0,20,126113.01839755841,8585.106325710083,14.842103944938895,0.37503449685599166,630.7,27,339,126113.01839755841,0.1415887109560806,0.8195655620738862,0.9394323767242746,0.8787878787878788,90829.65810384999,29.86702,31.187057,103.802776,1.248823,4541.6717220378805,False,0,True,1,True,1
INCHN,MYPKE,257.0,63,126023.10797378725,1433.7369367639674,14.495812002874322,0.3298047201559851,630.6592622658479,203,340,126023.10797378725,0.1415332614717416,0.8195539068257928,0.9394284643299234,0.490272373540856,50636.66942323348,80.3,13.1,101.34485,3.00525,1388.4899789636302,False,0,False,0,False,0
OMSOH,SGSGP,47.0,24,125470.67390285905,3346.0340735530413,15.165510544552584,0.4404097571175212,630.6999999999998,45,341,125470.67390285905,0.1415887109560804,0.8195655620738861,0.9394323767242746,0.9148936170212766,94079.83117834885,56.625595,24.507768,103.802776,1.248823,3070.6146303047267,False,0,False,0,False,0
COCTA,ESALG,51.0,14,124733.88346489624,4173.397511642886,18.419554997827255,0.6669290202758063,630.6999999999998,51,342,124733.88346489624,0.1415887109560804,0.8195655620738861,0.9394323767242746,1.0,102227.59531156629,-75.540962,10.394286,-5.433333,36.116667,4074.9848032949667,False,0,False,0,False,0
CNYTN,TWKAO,405.0,151,124125.77349569144,360.03600935416387,12.798886878122392,0.2991698066746446,629.9845485473429,385,343,124125.77349569144,0.14061384323092785,0.8193606489835235,0.9393635921895482,0.7679012345679013,78098.45386592741,114.263091,22.566543,120.260382,22.620829,332.4384257830731,False,0,False,0,False,0
DEBHN,ESALG,90.0,34,123972.81697909905,1682.8749328843012,14.765447173779464,0.4635584751183915,630.7000000000002,88,344,123972.81697909905,0.14158871095608083,0.8195655620738862,0.9394323767242746,0.9111111111111111,92572.39796897094,8.548651,53.563407,-5.433333,36.116667,1199.9227179027803,False,0,False,0,False,0
ESVAL,USNYK,48.0,15,123451.04168904647,3808.1879691509216,15.804232834107134,0.3073000066663606,630.7,46,345,123451.04168904647,0.1415887109560806,0.8195655620738862,0.9394323767242746,0.4166666666666667,42156.759321037556,-0.316667,39.45,-74.049568,40.663452,3283.1369910704134,False,0,False,0,False,0
MATAN,USCHA,44.0,12,123254.77068067528,3833.913870572861,16.02909062381209,0.33563673029586355,630.7,43,346,123254.77068067528,0.1415887109560806,0.8195655620738862,0.9394323767242746,0.1590909090909091,16070.62631541748,-5.797516,35.789733,-79.938165,32.87698,3587.999924134567,False,0,False,0,False,0
CIABI,SGSGP,27.0,22,123217.7918905471,8427.075281196494,16.000371745350048,0.344247064834303,630.7,27,347,123217.7918905471,0.1415887109560806,0.8195655620738862,0.9394323767242746,0.5555555555555556,56102.810482377434,-4.0267,5.3364,103.802776,1.248823,6461.756780991887,False,0,True,1,True,1
CNSHE,KRBUS,167.0,77,122590.6222904295,1218.0716317614829,14.311922593477297,0.42039281505091386,630.6134771976481,165,348,122590.6222904295,0.14147093334271799,0.8195408057155547,0.9394240665934463,0.7485029940119761,75200.61180020196,113.8943,22.467416,129.052391,35.112607,1098.5374867374342,False,0,False,0,False,0
ECGYL,PECAL,357.0,88,122213.10398999706,735.690089243128,13.900874622002226,0.3809017132186493,629.928833592606,260,350,122213.10398999706,0.14053783359575556,0.8193446720783099,0.9393582291159177,0.5798319327731093,58061.27090128236,-79.930086,-2.257278,-77.15,-12.05,610.7829366347096,False,0,False,0,False,0
AEJAL,PKKAR,360.0,87,121723.82375482787,787.5457568652821,14.039967820094349,0.2939102163120589,630.58865910845,288,351,121723.82375482787,0.14143714419880038,0.8195337033797996,0.9394216825053457,0.46944444444444444,46830.26432238099,55.0606,25.0136,66.9833,24.7833,649.248699348887,False,0,False,0,False,0
AUADE,AUFRE,136.0,49,121429.033214246,1440.8647966782687,13.395725462196335,0.2895217888086737,630.7,108,352,121429.033214246,0.1415887109560806,0.8195655620738862,0.9394323767242746,0.47058823529411764,46832.49593332806,138.5,-34.783333,115.75,-32.05,1149.3479828248353,False,0,False,0,False,0
ESVAL,LKCOL,16.0,16,121275.55187620377,9968.180996800382,16.9084517001841,0.4317568299326858,630.7000000000002,13,353,121275.55187620377,0.14158871095608083,0.8195655620738862,0.9394323767242746,0.75,74544.94937943127,-0.316667,39.45,79.85,6.95,4683.57733655422,False,0,True,1,True,1
ESALG,MATAN,1292.0,258,121205.73958596117,170.38632797618175,4.5719913245507025,0.2053391866375321,630.3339652404969,1234,354,121205.73958596117,0.1410902317576448,0.8194607838456225,0.9393972051221685,0.35139318885448917,34901.54881341785,-5.433333,36.116667,-5.797516,35.789733,26.431111389105244,False,0,False,0,False,0
AUSYD,CNNBO,45.0,19,121181.6338819574,4531.064273369621,15.218385093600649,0.31667105154034875,630.7,45,355,121181.6338819574,0.1415887109560806,0.8195655620738862,0.9394323767242746,0.7333333333333333,72831.94884936542,151.2111,-33.86,121.683333,29.966667,4182.193704566256,False,0,False,0,False,0
MYTPP,THLCB,369.0,80,121175.43700074346,846.4495920141587,14.15315605860656,0.3648624477730372,630.6617770284912,333,356,121175.43700074346,0.14153668460623814,0.819554626354248,0.9394287058588073,0.3875338753387534,38485.94652901722,103.549576,1.327854,100.886078,13.056152,721.7612924086493,False,0,False,0,False,0
GBLGP,MATAN,93.0,66,121134.29046820097,1466.1660874847933,14.202285880929145,0.4212960140751368,630.5559651337943,88,357,121134.29046820097,0.14139262819419496,0.8195243463031019,0.9394185415534139,0.8494623655913979,84328.25286727479,0.486317,51.502973,-5.797516,35.789733,981.2275883295385,False,0,False,0,False,0
LKCOL,OMSAL,150.0,48,120992.40657101679,1664.9412662895588,15.312174741929953,0.32966650105326833,630.7,146,358,120992.40657101679,0.1415887109560806,0.8195655620738862,0.9394323767242746,0.46,45614.15646110187,79.85,6.95,54.002781,16.946141,1630.013369831685,False,0,False,0,False,0
CAPRR,JPYOK,44.0,18,120967.67543292769,3966.7729331379146,15.636014194723442,0.3455858417904247,630.7000000000002,40,359,120967.67543292769,0.14158871095608083,0.8195655620738862,0.9394323767242746,0.29545454545454547,29291.64163219238,-130.319567,54.320128,139.679832,35.450183,3716.0899761305664,False,0,False,0,False,0
KRBUS,USSAV,18.0,18,120936.01276033248,11773.300107054722,16.44297201790152,0.3406893902181886,630.6999999999999,6,360,120936.01276033248,0.1415887109560805,0.8195655620738862,0.9394323767242746,0.9444444444444444,93608.60286884675,129.052391,35.112607,-81.0833,32.0833,6429.836659537908,False,0,True,1,True,2
BSFRE,PTSNS,42.0,15,120789.3311643202,3779.3676268605136,14.628018220179259,0.3263065498661369,630.7,42,362,120789.3311643202,0.1415887109560806,0.8195655620738862,0.9394323767242746,0.09523809523809523,9428.07391316332,-78.6966,26.5285,-8.866667,37.95,3530.7146093689253,False,0,False,0,False,0
CNQIN,KRGWA,481.0,106,119672.31162429723,489.76813487763656,13.26511937488936,0.3523010558131456,629.2471049479697,290,363,119672.31162429723,0.13960668910067286,0.8191489494267761,0.9392925295966859,0.6444906444906445,63179.062341331024,120.2667,36.0333,127.728767,34.866497,371.53396452301286,False,0,False,0,False,0
CLVAL,CNNBO,25.0,14,119546.79641852167,10273.258364360048,16.48482897249426,0.3967177327050719,630.6999999999999,18,364,119546.79641852167,0.1415887109560805,0.8195655620738862,0.9394323767242746,0.84,82300.20741673766,-71.6167,-33.033333,121.683333,29.966667,10102.530340645559,False,0,True,1,True,2
USHOU,USNFK,98.0,22,119042.71568809377,1782.8617282483888,16.787728065441335,0.39540128890913046,630.7000000000003,77,365,119042.71568809377,0.14158871095608094,0.8195655620738862,0.9394323767242746,0.01020408163265306,995.5439815685141,-94.97475,29.6069,-76.316667,36.85,1030.6298838196176,False,0,False,0,False,0
CNNSA,CNXIA,674.0,277,118537.36379090342,387.9129118743614,12.312197647551212,0.3003826207579109,627.4773312921786,573,366,118537.36379090342,0.13717998563377198,0.8186388665776196,0.9391213067070744,0.7833827893175074,76018.91213410508,113.682083,22.64515,118.042517,24.44535,263.19834167884767,False,0,False,0,False,0
KEMOM,MYPKE,89.0,36,118033.26696305159,4003.2354269821813,13.577599539464018,0.33689182827757785,629.983686576707,81,367,118033.26696305159,0.1406126673820165,0.8193604018250341,0.9393635092242206,0.4606741573033708,44552.620078092885,39.647169,-4.053188,101.34485,3.00525,3725.9739472109904,False,0,False,0,False,0
CNDAL,KRBUS,586.0,120,118032.95402741326,605.4834225195602,11.861617728598898,0.29765617459869453,630.5712434149101,539,368,118032.95402741326,0.1414134316243093,0.8195287190965024,0.9394200093979472,0.38054607508532423,36810.752942719286,121.737442,38.978628,129.052391,35.112607,420.2059974603409,False,0,False,0,False,0
CNNBO,CNTJN,421.0,104,117447.85158636836,865.5550591053869,11.861070542695424,0.3138669272379602,630.3445087755617,232,369,117447.85158636836,0.1411045984176742,0.8194638036570583,0.9393982188022814,0.8741092636579573,84128.00203033717,121.683333,29.966667,117.8143,38.97075,573.366831202369,False,0,False,0,False,0
CNSHE,USOAK,26.0,12,117367.26244661347,6453.028937918624,16.932002522854063,0.522085964233146,628.7488229625525,25,370,117367.26244661347,0.13892482939527495,0.81900562538822,0.9392444190670475,1.0,96124.448180192,113.8943,22.467416,-122.320518,37.814824,5997.07440564146,False,0,False,0,True,1
MYPKE,USMIA,13.0,9,117333.79892380799,12224.295038860762,16.208837297086443,0.41140895090487095,630.7000000000002,10,371,117333.79892380799,0.14158871095608083,0.8195655620738862,0.9394323767242746,0.5384615384615384,51779.93738898348,101.34485,3.00525,-80.1833,25.7833,9076.52200930307,False,0,True,1,True,2
IDJAK,MYPKE,456.0,83,116879.58356288554,788.6576760651915,13.269313634435777,0.3197665002280658,630.2365952228768,376,373,116879.58356288554,0.14095753229223484,0.819432890976831,0.9393878421380927,0.40789473684210525,39066.10824616059,106.788826,-6.09208,101.34485,3.00525,636.2996744987427,False,0,False,0,False,0
CAPRR,CNTJN,35.0,7,116574.5037129876,5071.215317485208,12.638535868146324,0.21946940319893102,630.6999999999999,33,375,116574.5037129876,0.1415887109560805,0.8195655620738862,0.9394323767242746,0.37142857142857144,35486.452359064206,-130.319567,54.320128,117.8143,38.97075,4202.978481092939,False,0,False,0,True,1
HKHKG,VNHPG,1055.0,140,116196.41662146432,543.5203600463636,12.468054853168516,0.3851262124580194,630.6727085146024,959,376,116196.41662146432,0.14155156439996075,0.8195577540242251,0.9394297557445115,0.6597156398104266,62824.505464869675,114.181938,22.298785,106.828308,20.81389,420.14733839693736,False,0,False,0,False,0
IDJAK,MYTPP,464.0,95,115899.67846017815,641.4047098469136,13.315122173963351,0.3305110008392624,630.4942485885019,430,377,115899.67846017815,0.1413085825730508,0.8195066802674791,0.9394126114781872,0.6530172413793104,62023.943758421476,106.788826,-6.09208,103.549576,1.327854,485.9766636624037,False,0,False,0,False,0
MYTPP,TWKAO,88.0,38,115731.82235227365,1673.4591278240139,16.656329323101016,0.6774508674999808,626.4594884536345,87,378,115731.82235227365,0.13577811498010373,0.8183441992699221,0.9390223937795344,0.9772727272727273,92556.00036808115,103.549576,1.327854,120.260382,22.620829,1607.7291099517208,False,0,False,0,False,0
CNNSA,CNYSN,167.0,113,115528.95348471531,911.7735897772509,14.56609652297093,0.3643323462380442,629.5999189448215,146,379,115528.95348471531,0.14008883465652322,0.8192502943921544,0.9393265487326915,0.6467065868263473,61208.92184755938,113.682083,22.64515,122.066667,30.633333,657.1595560580137,False,0,False,0,False,0
MYPKE,VNHCM,533.0,106,115026.30155113143,865.4808056955043,13.455948154227503,0.3955177422425946,629.1338386306286,414,381,115026.30155113143,0.13945178790826118,0.8191163898484671,0.9392816001073062,0.7523452157598499,70885.91271020216,101.34485,3.00525,106.710033,10.776988,565.5447569974486,False,0,False,0,False,0
MUPLO,SGSGP,71.0,42,115005.41795138519,3426.191615314288,14.130835676529642,0.3501371254150348,630.7,66,382,115005.41795138519,0.1415887109560806,0.8195655620738862,0.9394323767242746,0.6056338028169014,57083.699157878524,57.486134,-20.150235,103.802776,1.248823,3011.22439500431,False,0,False,0,False,0
CNSHE,VNHCM,378.0,81,114778.75258440633,985.4331090185791,13.834016664359577,0.421384077198752,629.6812147419914,317,383,114778.75258440633,0.14019985458540984,0.8192736303136676,0.9393343820560818,0.7222222222222222,67914.31494806171,113.8943,22.467416,106.710033,10.776988,814.0796872624829,False,0,False,0,False,0
GBLGP,INMUN,12.0,11,114698.72150854627,11380.680672911149,16.948639488601106,0.4546300658308382,629.3351925163323,11,384,114698.72150854627,0.1397271176981737,0.8191742630108093,0.9393010267751574,0.8333333333333334,78298.53388337122,0.486317,51.502973,69.7,22.766667,3576.3108378850784,False,0,True,1,True,2
CNYTN,HKHKG,4615.0,438,114123.10816439976,96.13609549641218,7.5540289325163865,0.20812342946257548,630.2491952779719,3912,385,114123.10816439976,0.14097470642352017,0.8194365009069018,0.9393890539072377,0.8422535211267606,78764.71968346431,114.263091,22.566543,114.181938,22.298785,16.69525793559655,False,0,False,0,False,0
HKHKG,MATAN,10.0,10,113876.65557275053,12303.543632893825,17.843655064195932,0.5244630649587929,629.9074895889794,10,386,113876.65557275053,0.14050871128192388,0.8193385506905855,0.939356174309142,1.0,93303.5339344684,114.181938,22.298785,-5.797516,35.789733,5932.469947191802,False,0,True,1,True,2
CNYSN,CNZOS,225.0,146,113860.21173491565,238.83136150425713,7.764244199275304,0.20731152725631286,627.9052662702107,183,387,113860.21173491565,0.13776802157442702,0.8187624692559472,0.9391627972370579,0.7288888888888889,67950.27897801716,122.066667,30.633333,122.099218,30.006902,37.64902256599539,False,0,False,0,False,0
CAVCR,TWKAO,37.0,8,113835.19320255371,5610.372024382397,14.958867568170382,0.28928003299454513,630.7,32,388,113835.19320255371,0.1415887109560806,0.8195655620738862,0.9394323767242746,0.1891891891891892,17650.481856915743,-123.116667,49.283333,120.260382,22.620829,5328.98179947508,False,0,False,0,True,1
CNWGQ,CNZOS,765.0,339,113515.3601400865,299.7504215400843,9.52972269715442,0.21927971865354007,630.5209424779362,631,389,113515.3601400865,0.1413449363437358,0.8195143216769802,0.9394151765207438,0.6013071895424836,55938.08254634733,121.617967,31.353633,122.099218,30.006902,84.59043195193412,False,0,False,0,False,0
AEJAL,LKCOL,130.0,53,113176.65465675273,2012.1110060019598,14.56014149915348,0.3759273792208369,630.7,96,390,113176.65465675273,0.1415887109560806,0.8195655620738862,0.9394323767242746,0.5769230769230769,53512.89726196364,55.0606,25.0136,79.85,6.95,1788.8000778644412,False,0,False,0,False,0
KRBUS,MYTPP,91.0,32,113036.46943983663,2570.0887692763663,14.155504912080715,0.3569872614996417,630.7000000000003,86,391,113036.46943983663,0.14158871095608094,0.8195655620738862,0.9394323767242746,0.4945054945054945,45811.383434162984,129.052391,35.112607,103.549576,1.327854,2478.706888923307,False,0,False,0,False,0
KRINC,VNHCM,197.0,33,112967.48567092483,2082.434827440574,16.026860032895755,0.6541498942941016,630.6497120125903,163,392,112967.48567092483,0.14152026126796757,0.8195511742377073,0.9394275470639756,0.9695431472081218,89762.8598307968,126.607819,37.439929,106.710033,10.776988,1927.4562902605437,False,0,False,0,False,0
GRPIR,ITGOA,155.0,81,112824.45376089157,1053.291493909737,12.538228612972361,0.34033625333394635,630.6293707054474,140,393,112824.45376089157,0.14149257051829323,0.8195453537587398,0.939425593265236,0.7032258064516129,65023.60321833293,23.65,37.933333,8.923988,44.403373,768.948564260814,False,0,False,0,False,0
CNNBO,KRGWA,426.0,101,112498.89522066127,529.0397395314251,10.242309567444346,0.25776939951558686,630.1071389076834,180,394,112498.89522066127,0.140781040921804,0.8193957932340253,0.939375389292968,0.5070422535211268,46739.72357101787,121.683333,29.966667,127.728767,34.866497,424.59640626260654,False,0,False,0,False,0
KRBUS,KRGWA,2406.0,351,112302.7051865865,161.65549764163964,9.435960508537674,0.2544042921547785,630.5024408272818,2285,395,112302.7051865865,0.14131973971483847,0.8195090254516968,0.9394133987017119,0.5935162094763092,54623.12507472717,129.052391,35.112607,127.728767,34.866497,66.76232547576554,False,0,False,0,False,0
SGSGP,SGSGP,1722.0,471,112172.35397219204,1129.339859988648,6.226811849254275,0.262304070835119,630.6151017730546,1102,396,112172.35397219204,0.14147314506458053,0.8195412706101759,0.9394242226477041,0.2578397212543554,23703.172958627685,103.802776,1.248823,103.802776,1.248823,0.0,False,0,False,0,False,0
MXLCS,PECAL,62.0,28,112161.0487118248,2381.898033990106,16.342186003971126,0.47308592064666366,628.2270831665676,52,397,112161.0487118248,0.1382097102992078,0.8188553103658106,0.9391939618275392,0.9516129032258065,87399.62178836596,-102.166667,17.883333,-77.15,-12.05,2329.825115786975,False,0,False,0,False,0
SGSGP,VNHCM,690.0,113,112044.41713827763,675.2233642908778,11.869293650432475,0.3333137526599205,630.5730800809023,623,398,112044.41713827763,0.14141593242366357,0.819529244753995,0.9394201858488805,0.4623188405797101,42451.815683244524,103.802776,1.248823,106.710033,10.776988,597.7732369375967,False,0,False,0,False,0
MUPLO,MYTPP,54.0,21,111709.06962577022,3423.037805597687,14.819227722389996,0.39437983467630383,630.7,54,400,111709.06962577022,0.1415887109560806,0.8195655620738862,0.9394323767242746,0.8518518518518519,77989.512890433,57.486134,-20.150235,103.549576,1.327854,3000.0169323340087,False,0,False,0,False,0
SAJED,SGSGP,24.0,20,111582.65480576656,10600.148254548436,14.767441607289825,0.4204023113515759,630.0675384298485,24,401,111582.65480576656,0.14072703801057784,0.8193844420495082,0.9393715789656522,0.75,68571.81851281943,39.1667,21.466667,103.802776,1.248823,3963.4412154081733,False,0,True,1,True,2
NZAKL,SGSGP,46.0,10,111518.56197684912,5081.857774580047,15.50530442847549,0.32471273713212206,630.6999999999998,39,402,111518.56197684912,0.1415887109560804,0.8195655620738861,0.9394323767242746,0.43478260869565216,39737.72736009906,174.769478,-36.840752,103.802776,1.248823,4541.992306925291,False,0,False,0,True,1
CLSAN,CNTJN,24.0,13,111331.36469622866,10675.901671132038,16.81954897319863,0.3787593915300975,630.7,23,403,111331.36469622866,0.1415887109560806,0.8195655620738862,0.9394323767242746,0.5416666666666666,49423.48259534695,-71.616667,-33.5833,117.8143,38.97075,10248.320197028155,False,0,True,1,True,2
CNYTN,NLROT,7.0,7,111245.35947068814,13456.127502102243,17.12751948598776,0.6976336823143808,626.199896022163,4,404,111245.35947068814,0.13541985005242108,0.8182688934908857,0.938997115389735,0.8571428571428571,78024.5290286364,114.263091,22.566543,4.03038,52.002215,5038.971473784702,False,0,True,1,True,2
KRBUS,USTAC,52.0,19,111078.59047223051,4802.304951970155,15.3846228787789,0.4506297416983616,630.5076035227131,52,405,111078.59047223051,0.141326770723873,0.8195105033401862,0.9394138947943331,0.7692307692307693,70023.1319909354,129.052391,35.112607,-122.422033,47.272467,4547.994598163734,False,0,False,0,False,0
MUPLO,ZADUR,84.0,47,110963.47181636859,1965.174849390316,9.710549315889475,0.25516189592021454,630.7000000000003,50,406,110963.47181636859,0.14158871095608094,0.8195655620738862,0.9394323767242746,0.6071428571428571,55214.68866180297,57.486134,-20.150235,31.041098,-29.877639,1548.0422423369585,False,0,False,0,False,0
BEANT,MATAN,102.0,52,110884.66962984428,1474.0155381241052,14.147593666106454,0.3894929097956147,625.92646124704,97,407,110884.66962984428,0.1350421598707252,0.8181895046052614,0.9389704663964937,0.7745098039215687,70267.14862851049,4.4,51.2167,-5.797516,35.789733,1024.9234528211828,False,0,False,0,False,0
SGSGP,USCHA,12.0,10,110651.11518251461,12538.864485390524,16.55489109669915,0.4829338328449291,627.7729107639254,12,408,110651.11518251461,0.13758623426235428,0.8187242583285111,0.9391499707218728,0.9166666666666666,83043.35619344136,103.802776,1.248823,-79.938165,32.87698,8747.409352108876,False,0,True,1,True,2
PACOL,USSAV,93.0,44,110547.96027244741,1604.3632163851817,15.769533296030835,0.4073393776229106,628.9008934755548,17,409,110547.96027244741,0.13913304048908293,0.8190493904832982,0.939259109986485,0.978494623655914,88597.05153450658,-79.892063,9.359918,-81.0833,32.0833,1365.9304841157425,False,0,False,0,False,0
COCTA,DOCUC,264.0,80,110520.07239296488,679.3613375412234,11.258859794814185,0.3336693305091859,630.6999999999999,256,410,110520.07239296488,0.1415887109560805,0.8195655620738862,0.9394323767242746,0.6401515151515151,57983.92896761583,-75.540962,10.394286,-69.629288,18.426403,592.037201357692,False,0,False,0,False,0
CNYTN,USTAC,34.0,20,110255.86368783208,5978.4817336884735,13.474681366195817,0.26005290475765974,630.0575108457178,28,411,110255.86368783208,0.1407133623829261,0.8193815674901681,0.9393706140432726,0.5882352941176471,53142.13083148127,114.263091,22.566543,-122.422033,47.272467,5617.854807436853,False,0,False,0,True,1
SGSGP,USSAV,13.0,13,109504.75807718179,12576.120049487039,15.197170712294573,0.32752698264827784,630.2003933374834,13,412,109504.75807718179,0.14090818456523757,0.8194225182924345,0.9393843602703954,0.7692307692307693,69023.58817585239,103.802776,1.248823,-81.0833,32.0833,8786.816942942056,False,0,True,1,True,2
MXALT,USHOU,304.0,87,109347.58602690397,530.0110242875795,12.19516003677561,0.26155856767511754,630.7000000000002,210,413,109347.58602690397,0.14158871095608083,0.8195655620738862,0.9394323767242746,0.28618421052631576,25647.118009572067,-97.85,22.4833,-94.97475,29.6069,454.8987079901004,False,0,False,0,False,0
TWKAO,USSEA,35.0,6,108919.81204602306,5776.653141059701,15.138411549280375,0.2997153428837474,630.7,35,414,108919.81204602306,0.1415887109560806,0.8195655620738862,0.9394323767242746,0.17142857142857143,15302.901768082445,120.260382,22.620829,-122.333333,47.6,5412.136278864587,False,0,False,0,True,1
MTMAL,PACOL,24.0,13,108799.66367890307,5413.284331622422,17.8484727748094,0.5390607481637464,630.6999999999999,24,415,108799.66367890307,0.1415887109560805,0.8195655620738862,0.9394323767242746,1.0,89168.45751644998,14.539518,35.819159,-79.892063,9.359918,5288.864171474917,False,0,False,0,True,1
DEHAM,USNYK,49.0,11,108691.70930500267,3878.1258486558863,16.02797037819833,0.3370704825461912,630.7000000000002,47,416,108691.70930500267,0.14158871095608083,0.8195655620738862,0.9394323767242746,0.5306122448979592,47266.92913392806,9.903145,53.539287,-74.049568,40.663452,3310.6845605164845,False,0,False,0,False,0
BSFRE,ESALG,39.0,13,108562.01539101024,4162.337941093873,15.407481820207627,0.312796918089026,630.7,39,417,108562.01539101024,0.1415887109560806,0.8195655620738862,0.9394323767242746,0.10256410256410256,9125.506580903302,-78.6966,26.5285,-5.433333,36.116667,3714.9779421959656,False,0,False,0,False,0
CANWE,KRBUS,60.0,10,108113.51449954993,4787.351991356527,15.21296591949603,0.3632208714549118,630.2371729965398,59,418,108113.51449954993,0.14095831982450768,0.8194330565127983,0.9393878977046476,0.9,79732.60887303625,-122.912378,49.199261,129.052391,35.112607,4463.441551969801,False,0,False,0,False,0
ESALG,USMIA,41.0,11,108057.97973253387,3982.1710400832326,13.850293213657231,0.2575654452082315,630.6999999999999,40,419,108057.97973253387,0.1415887109560805,0.8195655620738862,0.9394323767242746,0.3902439024390244,34560.23371553668,-5.433333,36.116667,-80.1833,25.7833,3806.744124205702,False,0,False,0,False,0
CNWGQ,JPYOK,508.0,77,108001.49392767946,1047.879804515197,13.938807839370364,0.5089474538987974,630.488940809468,428,420,108001.49392767946,0.1413013536686133,0.8195051607822095,0.9394121014224991,0.8169291338582677,72304.58539971955,121.617967,31.353633,139.679832,35.450183,936.607478961685,False,0,False,0,False,0
GBFEL,TRALI,49.0,7,107873.99498543916,3043.7546118838704,16.339730395978208,0.33047230844478065,630.7,49,421,107873.99498543916,0.1415887109560806,0.8195655620738862,0.9394323767242746,0.6326530612244898,55932.73778235322,1.3,51.933333,26.957016,38.82268,1326.5124486708246,False,0,False,0,False,0
CAPRR,KRBUS,42.0,18,107719.17363679722,4306.141528998511,14.005395639978964,0.2623936849720739,630.7,40,422,107719.17363679722,0.1415887109560806,0.8195655620738862,0.9394323767242746,0.5238095238095238,46243.436950739946,-130.319567,54.320128,129.052391,35.112607,4065.615168294345,False,0,False,0,False,0
BRSTS,ESALG,55.0,11,106812.49625610608,4456.411289773632,15.228425000983114,0.3192429951321937,630.7,26,423,106812.49625610608,0.1415887109560806,0.8195655620738862,0.9394323767242746,0.16363636363636364,14324.701668651891,-46.306133,-23.95,-5.433333,36.116667,4286.8265749660395,False,0,False,0,False,0
INPPV,MYPKE,82.0,26,106795.4745370803,2456.7717319329236,15.376194538049578,0.32379090977001124,630.7,73,424,106795.4745370803,0.1415887109560806,0.8195655620738862,0.9394323767242746,0.5853658536585366,51234.66914103197,71.516667,20.933333,101.34485,3.00525,2048.4936311205133,False,0,False,0,False,0
CNXIA,TWKAO,832.0,190,106400.7235634205,213.43845256050784,10.00690099698046,0.24451489448915426,630.4657890774915,628,425,106400.7235634205,0.1412698208539026,0.8194985327173515,0.939409876536053,0.6081730769230769,53029.79548219415,118.042517,24.44535,120.260382,22.620829,164.02126005405202,False,0,False,0,False,0
GHTEM,MATAN,82.0,36,106334.81402282284,3080.829311649136,14.642418839849139,0.3183853289006521,630.7,48,426,106334.81402282284,0.1415887109560806,0.8195655620738862,0.9394323767242746,0.43902439024390244,38260.2519318894,0.016667,5.633333,-5.797516,35.789733,1838.842251206817,False,0,False,0,False,0
BEANT,ESVAL,107.0,28,105758.67679971392,1854.9334233680902,15.337974168816265,0.33665223994800486,630.7,83,427,105758.67679971392,0.1415887109560806,0.8195655620738862,0.9394323767242746,0.18691588785046728,16201.153158046358,4.4,51.2167,-0.316667,39.45,733.5961676174877,False,0,False,0,False,0
CNQIN,USSAV,14.0,10,105752.28645338719,12153.95004793495,16.058733632004564,0.3705692340814421,630.6999999999998,9,428,105752.28645338719,0.1415887109560804,0.8195655620738861,0.9394323767242746,0.8571428571428571,74289.37036094475,120.2667,36.0333,-81.0833,32.0833,6544.883624189066,False,0,True,1,True,2
NLROT,ZACPT,26.0,9,105729.81980348943,6277.450437320258,16.751247790409952,0.48935775622428945,630.6999999999999,22,429,105729.81980348943,0.1415887109560805,0.8195655620738862,0.9394323767242746,0.9615384615384616,83319.72999540146,4.03038,52.002215,18.437805,-33.905756,5213.3436616834215,False,0,False,0,True,1
INNSA,PKKAR,273.0,129,105706.09167002155,578.0665477397964,12.349367343770036,0.27087587859823403,630.6473382125259,224,430,105706.09167002155,0.14151702989103865,0.8195504950158851,0.9394273190650863,0.6446886446886447,55850.331270210554,72.9428,18.953883,66.9833,24.7833,482.29828525813457,False,0,False,0,False,0
BEANT,USCHA,41.0,15,105358.4147140967,4145.488705672072,16.303911471028805,0.37449847042244583,630.7,29,431,105358.4147140967,0.1415887109560806,0.8195655620738862,0.9394323767242746,0.6585365853658537,56863.40161239149,4.4,51.2167,-79.938165,32.87698,3700.7312442762736,False,0,False,0,False,0
CNWGQ,JPTOK,511.0,74,104573.40894405605,1058.1705090158084,14.592016174998603,0.5538859112477216,630.5834952421194,454,432,104573.40894405605,0.14143011340294664,0.8195322255361199,0.9394211864277661,0.8023483365949119,68762.278299739,121.617967,31.353633,139.75,35.6667,942.3281907068434,False,0,False,0,False,0
AUBRI,HKHKG,61.0,25,104449.40557498253,4134.528508157712,15.943905147397487,0.3609281150639848,630.7,59,434,104449.40557498253,0.1415887109560806,0.8195655620738862,0.9394323767242746,0.639344262295082,54729.873700744436,153.169467,-27.350967,114.181938,22.298785,3742.111879550998,False,0,False,0,False,0
BRSTS,LKCOL,19.0,16,104194.35996598823,8005.6366014503965,16.137167861692934,0.4846716546403103,598.7279255011028,18,435,104194.35996598823,0.09574954342261977,0.8099303621010235,0.9361980653098338,0.8947368421052632,75506.99930707016,-46.306133,-23.95,79.85,6.95,7550.503866861175,False,0,True,1,True,1
AEKHA,ESALG,13.0,10,103979.08411882565,10439.369573048401,17.371086498003383,0.44782151011958204,630.7000000000002,11,436,103979.08411882565,0.14158871095608083,0.8195655620738862,0.9394323767242746,0.9230769230769231,78662.47063363684,54.659214,24.802318,-5.433333,36.116667,3134.2017554361155,False,0,True,1,True,2
SGSGP,ZACPT,47.0,17,103827.28645901251,5698.826288303671,15.458544186560125,0.3441546766580099,630.6999999999999,44,437,103827.28645901251,0.1415887109560805,0.8195655620738862,0.9394323767242746,0.9574468085106383,81472.27824132796,103.802776,1.248823,18.437805,-33.905756,5214.707827906002,False,0,False,0,True,1
MYPKE,VNHPG,212.0,66,103346.84857802092,1569.581978548257,14.559804642499296,0.42143718978469297,630.6999999999999,185,438,103346.84857802092,0.1415887109560805,0.8195655620738862,0.9394323767242746,0.5801886792452831,49141.701506318364,101.34485,3.00525,106.828308,20.81389,1116.2862437126996,False,0,False,0,False,0
MYPKE,THLCB,305.0,91,103238.24090877885,1015.9151687134225,13.845641908527503,0.33802169118211406,630.2407956352159,219,439,103238.24090877885,0.1409632576159623,0.8194340944157674,0.9393882461044141,0.4131147540983607,34948.2417720276,101.34485,3.00525,100.886078,13.056152,604.0751698415218,False,0,False,0,False,0
GBFEL,LKCOL,10.0,10,103167.95852333186,10665.4347401975,16.483239166802964,0.5181366750402718,628.2734717921982,9,440,103167.95852333186,0.13827334065910024,0.8188686851994932,0.9391984514465785,0.8,67584.8084405733,1.3,51.933333,79.85,6.95,4651.991884876831,False,0,True,1,True,2
AEJAL,ZADUR,67.0,28,102775.48444447748,4227.2383660095475,14.682531328570287,0.3338622974489585,630.7,39,441,102775.48444447748,0.1415887109560806,0.8195655620738862,0.9394323767242746,0.2835820895522388,23886.47322159595,55.0606,25.0136,31.041098,-29.877639,3574.202783676078,False,0,False,0,False,0
BRITA,MATAN,46.0,9,102649.6330988725,4292.832708758956,15.556018646462055,0.34574318491456035,630.7000000000002,45,442,102649.6330988725,0.14158871095608083,0.8195655620738862,0.9394323767242746,1.0,84128.10424735563,-43.835878,-22.933812,-5.797516,35.789733,4134.957093268723,False,0,False,0,False,0
VNCMP,VNHPG,418.0,83,102460.3628167924,822.2368005168007,12.729654060432267,0.31047135852035923,630.584221938196,367,443,102460.3628167924,0.14143110283361493,0.8195324335102796,0.9394212562398302,0.3133971291866029,26315.828594652055,107.012844,10.522075,106.828308,20.81389,618.0170875278416,False,0,False,0,False,0
BSFRE,INMUN,17.0,11,102441.99152458862,11686.266359211391,15.273648002436161,0.3390621308836965,630.6999999999999,16,444,102441.99152458862,0.1415887109560805,0.8195655620738862,0.9394323767242746,0.058823529411764705,4938.701668459868,-78.6966,26.5285,69.7,22.766667,7324.4964257054835,False,0,True,1,True,2
CNNSA,IDJAK,156.0,38,102348.75164611207,1824.8699556710978,14.204738287738584,0.32568556520951963,630.7,137,445,102348.75164611207,0.1415887109560806,0.8195655620738862,0.9394323767242746,0.5641025641025641,47317.7760961267,113.682083,22.64515,106.788826,-6.09208,1772.2785142452985,False,0,False,0,False,0
ZACPT,ZADUR,160.0,68,102148.24027183402,1172.1858175247366,9.610622844249598,0.26779180353421705,630.6606670293438,119,446,102148.24027183402,0.1415351736612911,0.8195543087599833,0.9394285992498362,0.725,60694.12207409791,18.437805,-33.905756,31.041098,-29.877639,685.8860449932165,False,0,False,0,False,0
CNNBO,CNZOS,2654.0,200,102104.02628985349,135.22944437468732,7.028162663271214,0.20697416784798642,630.5802379779032,1973,447,102104.02628985349,0.14142567845747844,0.8195312933292594,0.9394208735077128,0.960060286360211,80335.3915392443,121.683333,29.966667,122.099218,30.006902,21.761954407450578,False,0,False,0,False,0
CNXIA,VNCMP,115.0,48,102087.53138559396,1209.3003384243266,14.287753962877712,0.31776425661801216,630.0682673132076,112,448,102087.53138559396,0.14072803204534423,0.81938465099143,0.9393716491025714,0.6347826086956522,53098.90267888864,118.042517,24.44535,107.012844,10.522075,1046.4814681168643,False,0,False,0,False,0
USHOU,USMOB,257.0,99,101773.39906722648,566.8909558795974,12.622569879021222,0.24822943765105426,630.6999999999999,187,449,101773.39906722648,0.1415887109560805,0.8195655620738862,0.9394323767242746,0.45525291828793774,37972.63362743993,-94.97475,29.6069,-88.1167,30.6833,361.82680327081573,False,0,False,0,False,0
MTMAL,PACRI,23.0,15,101514.8073258337,5455.862770041537,17.989352709329623,0.5541966249487437,630.7,23,450,101514.8073258337,0.1415887109560806,0.8195655620738862,0.9394323767242746,0.9565217391304348,79580.7340324357,14.539518,35.819159,-79.916667,9.35,5290.393309734953,False,0,False,0,True,1
BRSTS,BRSUA,180.0,41,101461.59082839054,1291.055807781438,15.016665184276544,0.3976271727390331,630.6527761216075,91,451,101461.59082839054,0.14152443230408795,0.8195520509719343,0.9394278413631625,0.8388888888888889,69756.17379778158,-46.306133,-23.95,-34.9681,-8.3911,1138.7357100718016,False,0,False,0,False,0
CNQIN,SIKOP,10.0,6,100997.27216663423,15159.11834479433,18.60599018744256,0.4444708083760522,630.6999999999999,7,452,100997.27216663423,0.1415887109560805,0.8195655620738862,0.9394323767242746,0.1,8277.388613117684,120.2667,36.0333,13.726419,45.550429,4503.39968686827,False,0,True,1,True,3
AEKHA,MYPKE,37.0,11,100912.97387733392,3364.6074935185625,16.31118973633024,0.39717620394851183,630.7,36,453,100912.97387733392,0.1415887109560806,0.8195655620738862,0.9394323767242746,0.972972972972973,80469.53334128877,54.659214,24.802318,101.34485,3.00525,2997.2011019840274,False,0,False,0,False,0
GBLGP,NLROT,645.0,222,100694.73291231606,212.53424802375451,8.481324835983521,0.22574041348768714,630.5265947877228,466,454,100694.73291231606,0.14135263369458473,0.8195159396277129,0.9394157196289862,0.6356589147286822,52455.17030986248,0.486317,51.502973,4.03038,52.002215,135.08003189771753,False,0,False,0,False,0
TWKAO,USTAC,25.0,14,100688.26497730434,5703.577483300762,17.02262133541629,0.559889178970891,627.0552722161115,25,455,100688.26497730434,0.1365992377568126,0.8185167958195886,0.939080330406927,0.96,79118.43458482256,120.260382,22.620829,-122.422033,47.272467,5420.444299820855,False,0,False,0,True,1
AEJAL,CNQIN,53.0,33,100528.96064411945,6125.315341774319,13.99532251591615,0.4829838646919316,630.6173515536756,18,456,100528.96064411945,0.14147620793158877,0.8195419144119225,0.9394244387569018,0.6415094339622641,52852.48477819177,55.0606,25.0136,120.2667,36.0333,3375.2938929671245,False,0,False,0,True,1
BJCOT,SGSGP,31.0,11,100505.92203745035,8396.716071520033,14.687435405806813,0.5076462913267171,630.7000000000002,24,457,100505.92203745035,0.14158871095608083,0.8195655620738862,0.9394323767242746,1.0,82371.19248637719,2.428967,6.3469,103.802776,1.248823,6073.6759728526085,False,0,True,1,True,1
PKQAS,USCHA,14.0,14,100432.43698562245,11603.39730322688,15.456485146431978,0.31252584968182057,630.7,14,458,100432.43698562245,0.1415887109560806,0.8195655620738862,0.9394323767242746,0.5714285714285714,47034.838096326755,67.343788,24.775279,-79.938165,32.87698,6872.286930020811,False,0,True,1,True,2
ECGYL,PABAL,289.0,41,100407.44940171024,806.3966982430844,13.992718986893662,0.3277062504210856,630.6915443911727,217,459,100407.44940171024,0.14157720233488902,0.819563143010178,0.9394315647011318,0.17993079584775087,14806.549239763513,-79.930086,-2.257278,-79.57037,8.954178,673.4850746493911,False,0,False,0,False,0
CGPNO,INNSA,44.0,17,100379.46620503551,6524.019126113382,15.21076865689234,0.3922973708102455,630.6999999999999,23,460,100379.46620503551,0.1415887109560805,0.8195655620738862,0.9394323767242746,0.9772727272727273,80397.8365128019,11.839142,-4.778824,72.9428,18.953883,3880.7357771909374,False,0,False,0,True,1
KRBUS,USCHA,16.0,15,100172.60675560929,10212.164353090748,15.652534473289302,0.36723235894286943,630.2442137006686,12,461,100172.60675560929,0.14096791651444618,0.8194350736966087,0.9393885748261024,0.75,61563.71054937308,129.052391,35.112607,-79.938165,32.87698,6411.103287902293,False,0,True,1,True,2
COCTA,PAMIT,676.0,119,100130.5593952391,348.9665087467822,9.714345815789558,0.26136893222481455,630.6999999999999,557,462,100130.5593952391,0.1415887109560805,0.8195655620738862,0.9394323767242746,0.5192307692307693,42609.92444560305,-75.540962,10.394286,-79.88466,9.361132,264.30818309065234,False,0,False,0,False,0
CNXIA,SGSGP,133.0,72,100052.43331551555,1695.0435448236199,14.764841096088764,0.3584139428837031,630.7000000000002,124,463,100052.43331551555,0.14158871095608083,0.8195655620738862,0.9394323767242746,0.42105263157894735,34526.117367196006,118.042517,24.44535,103.802776,1.248823,1619.6627058487375,False,0,False,0,False,0
LKCOL,PTSNS,14.0,12,100026.74258197751,9566.221673463386,16.026175820063454,0.3429131270752474,630.1422560245985,13,464,100026.74258197751,0.14082892422490445,0.8194058581026858,0.9393787678341178,0.7857142857142857,64399.10623032995,79.85,6.95,-8.866667,37.95,5086.898426970213,False,0,True,1,True,1
CNYSN,MYPKE,48.0,39,99980.0484435921,2419.616783651711,14.875209856329983,0.4155035216793148,602.8530689391963,39,465,99980.0484435921,0.1019370591367007,0.8112309518466134,0.9366346428870003,0.9166666666666666,74348.00070918526,122.066667,30.633333,101.34485,3.00525,2033.0397542055885,False,0,False,0,False,0
AEJAL,KEMOM,107.0,39,99670.57379081254,2972.744846967268,12.35255026402766,0.3752414149684765,630.6581670140462,105,466,99670.57379081254,0.14153177058921396,0.819553593448564,0.9394283591365127,0.4205607476635514,34353.66318701244,55.0606,25.0136,39.647169,-4.053188,1963.1239045253856,False,0,False,0,False,0
NGONN,SGSGP,38.0,16,99553.1240073173,8194.358494524156,14.368295523623983,0.34018654525932,630.7,36,467,99553.1240073173,0.1415887109560806,0.8195655620738862,0.9394323767242746,0.868421052631579,70854.74466046983,7.166667,4.683333,103.802776,1.248823,5794.483637617639,False,0,True,1,True,1
TWKAO,USMOB,15.0,9,99381.05342927699,11253.655382426168,14.883192947922407,0.2830688845689117,630.6999999999998,15,468,99381.05342927699,0.1415887109560804,0.8195655620738861,0.9394323767242746,0.2,16289.857782652061,120.260382,22.620829,-88.1167,30.6833,7213.514617842343,False,0,True,1,True,2
CNWGQ,VNHPG,303.0,61,99014.47385617088,1396.3582633452409,13.40111651777566,0.3596357332166303,630.7000000000002,256,469,99014.47385617088,0.14158871095608083,0.8195655620738862,0.9394323767242746,0.7887788778877888,64008.50114763198,121.617967,31.353633,106.828308,20.81389,1016.238519474438,False,0,False,0,False,0
IDSUR,SGSGP,423.0,63,98799.79763652771,809.0084231543307,12.574823913624666,0.34030030555314233,630.7,389,470,98799.79763652771,0.1415887109560806,0.8195655620738862,0.9394323767242746,0.3191489361702128,25842.418622159697,112.731533,-7.1937,103.802776,1.248823,736.9069654691688,False,0,False,0,False,0
SADMA,SGSGP,40.0,31,98485.83411952882,3818.160843298354,16.80668760926081,0.4025758713204089,630.7,31,471,98485.83411952882,0.1415887109560806,0.8195655620738862,0.9394323767242746,0.675,54483.02864762884,50.206833,26.510212,103.802776,1.248823,3438.534310103713,False,0,False,0,False,0
FRLEH,MATAN,93.0,70,98200.14838342457,1293.6760947905818,14.2058118223042,0.4066584369779485,628.9341371257339,88,472,98200.14838342457,0.1391785434414008,0.8190589550122487,0.939262320575289,0.7204301075268817,57945.42614448773,0.094067,49.480233,-5.797516,35.789733,861.5144358656615,False,0,False,0,False,0
CNSHE,HKHKG,6099.0,648,98195.4892842774,52.125987771261194,6.595076780962734,0.2083214702425086,630.2417153144916,5512,473,98195.4892842774,0.1409645111640372,0.8194343579062937,0.9393883345520248,0.7616002623380882,61281.98058163495,113.8943,22.467416,114.181938,22.298785,18.907951032760256,False,0,False,0,False,0
EGSOK,SAJED,486.0,125,97923.47152247188,672.9891855590706,12.059086103487193,0.305533628833594,630.6562097842458,415,474,97923.47152247188,0.1415291063490539,0.8195530334365023,0.9394281711535535,0.4218106995884774,33851.77575479286,32.33,29.58,39.1667,21.466667,611.6274059692427,False,0,False,0,False,0
USLGB,USOAK,268.0,107,97901.33566098411,525.2630867756802,9.726369579835518,0.26718001923069346,630.429645636387,236,475,97901.33566098411,0.141220588613843,0.819488184307823,0.9394064028168615,0.6343283582089553,50891.5221132918,-118.217354,33.74561,-122.320518,37.814824,315.572932061284,False,0,False,0,False,0
CNYSN,PACOL,15.0,12,97840.87900390956,8779.34309066106,16.995020036825213,0.40881980799458617,630.6999999999999,0,476,97840.87900390956,0.1415887109560805,0.8195655620738862,0.9394323767242746,1.0,80187.01499464223,122.066667,30.633333,-79.892063,9.359918,8092.94338506548,False,0,True,1,True,1
INMUN,PKKAR,483.0,186,97728.95439211772,282.0032788890929,9.929602090708235,0.2388390341505767,630.6670197689132,344,477,97728.95439211772,0.14154382101924734,0.819556126398209,0.9394292093885025,0.494824016563147,39632.61455145703,69.7,22.766667,66.9833,24.7833,192.19090648943327,False,0,False,0,False,0
COBUE,MXLCS,67.0,44,97434.34179136393,1816.9298313969646,14.803734358427231,0.430497420534399,623.0573934679096,65,479,97434.34179136393,0.13105918383121695,0.8173522998152798,0.938689436317607,0.9253731343283582,73695.03533340117,-77.083333,3.883333,-102.166667,17.883333,1697.161666147474,False,0,False,0,False,0
ESVAL,INCOC,15.0,10,97337.83862432464,9981.864734621175,17.092768036274105,0.3758423071077156,630.6999999999999,13,480,97337.83862432464,0.1415887109560805,0.8195655620738862,0.9394323767242746,0.4,31909.89616928074,-0.316667,39.45,76.25,9.966667,4403.504791413773,False,0,True,1,True,1
JPKOB,JPNAG,952.0,214,96930.98674908219,255.53282186956775,13.18422834701211,0.32130772677980857,630.6374392119019,909,481,96930.98674908219,0.14150355444075857,0.8195476625329854,0.9394263682667842,0.6554621848739496,52069.629933980126,135.237233,34.685033,136.866667,35.066667,83.46616292367584,False,0,False,0,False,0
CNWGQ,IDJAK,127.0,41,96903.49190935011,2620.7675424949516,15.324317598348069,0.5394226126047955,630.2422602947366,124,482,96903.49190935011,0.140965253985331,0.8194345140442014,0.9393883869638708,0.8740157480314961,69402.15200010725,121.617967,31.353633,106.788826,-6.09208,2403.74228539857,False,0,False,0,False,0
ESALG,PKKAR,17.0,13,96846.46851008953,10302.814122853251,15.177288211348227,0.25248021974164847,630.7,14,483,96846.46851008953,0.1415887109560806,0.8195655620738862,0.9394323767242746,0.23529411764705882,18675.77185866881,-5.433333,36.116667,66.9833,24.7833,3725.736505340091,False,0,True,1,True,2
BRMAN,BRPEC,186.0,22,96544.33276548998,1590.318660187697,14.256955048228738,0.399792150933737,630.7000000000002,159,484,96544.33276548998,0.14158871095608083,0.8195655620738862,0.9394323767242746,0.8709677419354839,68914.80901277166,-60.033932,-3.131603,-38.795986,-3.528841,1273.178656286025,False,0,False,0,False,0
CNWGQ,JPNAG,518.0,70,96465.0153819189,941.4337876861499,13.734524556338954,0.4991320624611422,630.7,453,485,96465.0153819189,0.1415887109560806,0.8195655620738862,0.9394323767242746,0.5714285714285714,45176.80260111339,121.617967,31.353633,136.866667,35.066667,796.8336364216447,False,0,False,0,False,0
CNNSA,CNSHE,3286.0,610,95597.11362213432,95.56021202043682,8.472669762745355,0.2186960014251943,628.1068898782374,2819,487,95597.11362213432,0.1380447998190979,0.8188206468773797,0.9391823261047092,0.8027997565429094,62840.668568649024,113.682083,22.64515,113.8943,22.467416,15.88506367211715,False,0,False,0,False,0
FRLEH,PTSNS,129.0,76,95464.69620661826,1056.9006644457027,13.718728357807297,0.3479030253353762,629.4867872514515,123,488,95464.69620661826,0.13993429097387045,0.8192178099608911,0.9393156444684186,0.5736434108527132,44862.57420362483,0.094067,49.480233,-8.866667,37.95,792.7198189258329,False,0,False,0,False,0
TWKAO,TWTCH,2168.0,174,95264.18677220566,169.85015847381933,11.578520750500571,0.3409573571265351,630.363021583208,2010,489,95264.18677220566,0.14112982287534914,0.8194691057318336,0.939399998584851,0.4981549815498155,38888.995654007806,120.260382,22.620829,120.5,24.283333,100.6862020832233,False,0,False,0,False,0
KRBUS,PHMAN,244.0,37,95205.51981907325,1448.4025271204223,13.335724991667043,0.38203351229002913,630.7000000000002,147,490,95205.51981907325,0.14158871095608083,0.8195655620738862,0.9394323767242746,0.7213114754098361,56281.88977007266,129.052391,35.112607,120.94162,14.596732,1307.298631729463,False,0,False,0,False,0
USCHA,USNYK,201.0,91,95103.32781293325,690.2532938374447,12.572442293256248,0.27345594195446776,629.9258542029319,171,491,95103.32781293325,0.14053376855748667,0.8193438176243849,0.9393579422957073,0.5074626865671642,39542.67171771776,-79.938165,32.87698,-74.049568,40.663452,546.2713820446918,False,0,False,0,False,0
GBSOU,MATAN,86.0,37,94926.96397250294,1249.4745668530177,14.156251708603088,0.39764332619095183,629.4002712923956,82,492,94926.96397250294,0.13981606825764137,0.8191929600438116,0.9393073029321055,0.9069767441860465,70529.68659487607,-1.4,50.9,-5.797516,35.789733,926.894279992826,False,0,False,0,False,0
USNYK,ZACPT,33.0,15,94916.92130410988,6942.709960547765,15.939063274274408,0.4447164607381583,630.3560999756467,30,493,94916.92130410988,0.14112039207534188,0.819467123417388,0.9393993331682269,0.45454545454545453,35355.13475668796,-74.049568,40.663452,18.437805,-33.905756,6784.8734953412295,False,0,False,0,True,1
CNTJN,CNYSN,122.0,68,94822.8617282866,788.9053854910113,14.659657700891533,0.4232861507476069,630.4524477333869,113,494,94822.8617282866,0.14125164880166574,0.8194947130284994,0.939408594355788,0.8770491803278688,68152.71494328092,117.8143,38.97075,122.066667,30.633333,542.5285884895311,False,0,False,0,False,0
AUSYD,CNSHE,48.0,17,94753.16837823817,4531.465861816271,15.768880540799838,0.324115761474603,630.7000000000002,47,495,94753.16837823817,0.14158871095608083,0.8195655620738862,0.9394323767242746,0.2708333333333333,21031.950793802094,151.2111,-33.86,113.8943,22.467416,3997.89181252831,False,0,False,0,False,0
MTMAL,SGSGP,13.0,13,94725.86923050045,10960.766305420098,16.141632862959277,0.44931842065769484,604.7869068644444,13,496,94725.86923050045,0.10480866259667854,0.8118345508007057,0.9368372569471612,0.8461538461538461,65070.69757349592,14.539518,35.819159,103.802776,1.248823,5323.898691488032,False,0,True,1,True,2
MATAN,MYTPP,8.0,7,94708.59182210334,10950.576891580418,17.942037477579078,0.6401661843095459,630.0486244975581,8,497,94708.59182210334,0.14070124281003282,0.819379020006985,0.9393697589127138,0.75,58201.674865077446,-5.797516,35.789733,103.549576,1.327854,6291.037953190811,False,0,True,1,True,2
SGSGP,USMIA,10.0,9,94482.16288870413,12408.010088073432,17.147879740590472,0.5588981634794808,630.6999999999999,10,498,94482.16288870413,0.1415887109560805,0.8195655620738862,0.9394323767242746,1.0,77434.32693383728,103.802776,1.248823,-80.1833,25.7833,9167.855384766457,False,0,True,1,True,2
ESBAR,ITGIT,114.0,63,93962.28838624943,708.9643238288982,14.527734646386387,0.4733541126436244,629.6589164889981,114,499,93962.28838624943,0.14016940628925445,0.8192672302100428,0.9393322336908931,0.6228070175438597,47943.82356384552,2.166667,41.35,15.909341,38.462848,655.4450560374911,False,0,False,0,False,0
ESVAL,PTSNS,197.0,107,93838.69563225839,714.5931445507525,13.307817515079844,0.32716859333210907,630.6144680259426,190,500,93838.69563225839,0.14147228227290287,0.8195410892549988,0.9394241617710102,0.5228426395939086,40209.039003914324,-0.316667,39.45,-8.866667,37.95,410.45409724548256,False,0,False,0,False,0
MXALT,MXVER,561.0,148,93702.84839001039,286.10309236136874,10.07854105521,0.2554631426016122,630.7,508,501,93702.84839001039,0.1415887109560806,0.8195655620738862,0.9394323767242746,0.2103386809269162,16153.091012165052,-97.85,22.4833,-96.1333,19.2,219.39865672560487,False,0,False,0,False,0
FRLEH,GHTEM,41.0,14,93678.15275970772,3890.9780898917184,15.327902192502213,0.3212511071388414,630.7,16,502,93678.15275970772,0.1415887109560806,0.8195655620738862,0.9394323767242746,0.2682926829268293,20598.274807953305,0.094067,49.480233,0.016667,5.633333,2632.591007402571,False,0,False,0,False,0
KRBUS,VNHCM,173.0,47,93447.38622235823,2042.822932792853,14.958844723381262,0.5842351002595796,630.5734225223754,136,503,93447.38622235823,0.14141639868941858,0.8195293427610931,0.9394202187475725,0.8439306358381503,64630.63440449991,129.052391,35.112607,106.710033,10.776988,1903.2209466594747,False,0,False,0,False,0
CNXIA,KRBUS,188.0,90,93356.72967606774,954.2766651507519,13.701223081778252,0.3681829143600144,630.2262782843064,176,504,93356.72967606774,0.14094346958384896,0.8194299350547507,0.939386849904143,0.6968085106382979,53305.36255603893,118.042517,24.44535,129.052391,35.112607,858.6286070696023,False,0,False,0,False,0
THLCB,VNHPG,278.0,60,93331.12255059721,1356.9904316634445,14.237214917963149,0.44695434552143976,630.6777835758447,259,505,93331.12255059721,0.14155847233059904,0.8195592060421539,0.9394302431529902,0.7841726618705036,59981.6654383335,100.886078,13.056152,106.828308,20.81389,577.235224952137,False,0,False,0,False,0
ARBNA,BRSTS,151.0,73,93102.80668301282,1039.6540981337218,14.687475849652564,0.3563605788928874,630.4451153911677,67,506,93102.80668301282,0.14124166119665882,0.8194926136759877,0.9394078896522209,0.4900662251655629,37390.61335631256,-58.362293,-34.592025,-46.306133,-23.95,896.873736889093,False,0,False,0,False,0
USNYK,VNCMP,10.0,10,93034.87897134671,13048.096439356235,17.372233463873044,0.48181357632719635,629.0076996847596,7,507,93034.87897134671,0.13927921665929688,0.8190801160986849,0.9392694238573793,0.6,45721.81168144666,-74.049568,40.663452,107.012844,10.522075,7733.514306024893,False,0,True,1,True,2
CNNBO,JMKIN,10.0,9,92889.3504615764,10379.896070335344,16.66214821248001,0.6393553972188665,630.7,7,508,92889.3504615764,0.1415887109560806,0.8195655620738862,0.9394323767242746,1.0,76128.91272172006,121.683333,29.966667,-76.7936,17.997,7735.531262429548,False,0,True,1,True,2
CNTJN,HKHKG,136.0,50,92655.14610542508,1490.1743688122453,14.425917118803849,0.3325936562184661,625.4073271109861,116,509,92655.14610542508,0.13432418116853628,0.8180385885056879,0.9389198073894313,0.6691176470588235,50716.096539310216,117.8143,38.97075,114.181938,22.298785,1018.1765624804931,False,0,False,0,False,0
BRRDJ,PTSNS,30.0,14,92619.6987795503,4387.573637812948,15.328869126474817,0.4412650320170304,630.7000000000003,27,510,92619.6987795503,0.14158871095608094,0.8195655620738862,0.9394323767242746,0.9666666666666667,73377.6516397303,-43.1667,-22.916667,-8.866667,37.95,4134.795825694223,False,0,False,0,False,0
BEANT,SGSGP,9.0,9,92524.55050217596,12034.464745671741,16.38200287848526,0.4932314872556687,628.3983479347901,9,511,92524.55050217596,0.13844458410927918,0.8189046798515626,0.9392105340099269,1.0,75768.78740739413,4.4,51.2167,103.802776,1.248823,5697.50527924939,False,0,True,1,True,2
USLGB,VNHPG,20.0,9,92183.25219834255,6974.943428415492,15.373778605205931,0.3116236510543008,630.7000000000002,18,512,92183.25219834255,0.14158871095608083,0.8195655620738862,0.9394323767242746,0.95,71772.70795664674,-118.217354,33.74561,106.828308,20.81389,6640.206352636616,False,0,False,0,True,1
ESVAL,USHOU,42.0,11,91751.67697036712,5380.434086793947,13.831922927215215,0.262733657154173,630.6999999999999,33,513,91751.67697036712,0.1415887109560805,0.8195655620738862,0.9394323767242746,0.30952380952380953,23275.111695160176,-0.316667,39.45,-94.97475,29.6069,4500.969827953939,False,0,False,0,True,1
MYTPP,VNHPG,197.0,56,90865.51228460691,1401.5615033704953,13.29248226994784,0.3254403131915473,630.7000000000002,181,514,90865.51228460691,0.14158871095608083,0.8195655620738862,0.9394323767242746,0.4467005076142132,33265.89608671352,103.549576,1.327854,106.828308,20.81389,1185.6244699859421,False,0,False,0,False,0
TWKAO,VNHCM,281.0,37,90852.66342165864,1153.9297859795158,14.2274409174616,0.4362221163839362,628.4333319290258,229,515,90852.66342165864,0.1384925456800169,0.8189147611717509,0.93921391807347,0.5587188612099644,41569.01133572638,120.260382,22.620829,106.710033,10.776988,1053.5341242787115,False,0,False,0,False,0
BRPEC,USNYK,42.0,11,90626.24103192128,3337.23013939789,16.315186510824038,0.4288060079664967,630.6999999999999,39,516,90626.24103192128,0.1415887109560805,0.8195655620738862,0.9394323767242746,0.19047619047619047,14147.456413327627,-38.795986,-3.528841,-74.049568,40.663452,3282.9629549523875,False,0,False,0,False,0
PAMIT,USNYK,80.0,32,90416.6734080742,2045.1766433492032,14.409408012108178,0.316638562792824,630.7,72,517,90416.6734080742,0.1415887109560806,0.8195655620738862,0.9394323767242746,0.3625,26862.11701392051,-79.88466,9.361132,-74.049568,40.663452,1904.9271695708044,False,0,False,0,False,0
INKUP,MYPKE,187.0,43,89752.06361791865,1433.994534936262,13.316012756329693,0.2761265268577766,630.6999999999999,125,518,89752.06361791865,0.1415887109560805,0.8195655620738862,0.9394323767242746,0.33689839572192515,24781.471280093978,80.345767,13.304483,101.34485,3.00525,1391.1069836500135,False,0,False,0,False,0
PACOL,USNYK,68.0,42,89393.24036161262,2008.2950107519077,15.442542902242339,0.40314545314123357,629.114997051831,44,519,89393.24036161262,0.13942601505747354,0.8191109725037689,0.9392797816313179,0.9558823529411765,69992.55828104616,-79.892063,9.359918,-74.049568,40.663452,1905.0636219683117,False,0,False,0,False,0
USCHA,VNCMP,11.0,8,89202.32992843428,13231.751329941126,16.823865716203727,0.36167352407155196,630.7,11,521,89202.32992843428,0.1415887109560806,0.8195655620738862,0.9394323767242746,1.0,73107.15766609748,-79.938165,32.87698,107.012844,10.522075,8171.337410892346,False,0,True,1,True,2
CNSHE,CNWGQ,267.0,94,89098.74207735973,934.0269484691648,13.374620968011788,0.3263411491976139,630.3822924879034,235,522,89098.74207735973,0.14115607869745317,0.8194746245950687,0.9394018511382392,0.5543071161048689,40472.26747538992,113.8943,22.467416,121.617967,31.353633,674.5306661041974,False,0,False,0,False,0
COCTA,JMKIN,360.0,100,88852.99916155946,535.370826812154,11.630610612600295,0.31018989620666415,630.6795142261724,302,523,88852.99916155946,0.141560827983633,0.8195597011905014,0.9394304093627166,0.6388888888888888,46524.10447729815,-75.540962,10.394286,-76.7936,17.997,462.2468749239605,False,0,False,0,False,0
CAVCR,CNYTN,27.0,19,88701.12480812221,5884.536277142712,13.89671753464165,0.30333668784951595,630.2645392141521,26,524,88701.12480812221,0.1409956195932477,0.8194408967671067,0.9393905294947581,0.7037037037037037,51148.93540308726,-123.116667,49.283333,114.263091,22.566543,5520.126211345009,False,0,False,0,True,1
BRRDJ,BRSAL,149.0,72,88648.19217388878,850.8548599807325,13.215571995142614,0.3342392023030257,630.7,135,525,88648.19217388878,0.1415887109560806,0.8195655620738862,0.9394323767242746,0.6510067114093959,47297.59414929679,-43.1667,-22.916667,-38.516667,-12.966667,653.6078745316843,False,0,False,0,False,0
CNDAL,CNQIN,661.0,163,88643.13382201557,329.5919829928915,10.941126140774005,0.2651357488080367,630.4480344139299,368,526,88643.13382201557,0.14124563731364437,0.8194934494390335,0.9394081701983399,0.6354009077155824,46157.089791306425,121.737442,38.978628,120.2667,36.0333,190.1998654640337,False,0,False,0,False,0
AEJAL,SADMA,356.0,150,88375.97193826825,355.7138652747259,10.490893903309544,0.23542641442949347,630.6329944240352,149,527,88375.97193826825,0.14149750364002578,0.8195463906801532,0.9394259413355172,0.6207865168539326,44962.45547835302,55.0606,25.0136,50.206833,26.510212,277.3873492856097,False,0,False,0,False,0
KRBUS,VNCMP,78.0,50,88345.725343056,2102.7933502960263,13.019262882706736,0.2848401407866577,630.3762817509335,78,528,88345.725343056,0.14114788948561474,0.8194729032572274,0.939401273325361,0.44871794871794873,32485.80104235115,129.052391,35.112607,107.012844,10.522075,1905.1020267283868,False,0,False,0,False,0
NZAKL,TWKAO,44.0,11,88227.73581525129,4895.809023960702,15.398491911542324,0.30246098112087816,630.6999999999998,34,529,88227.73581525129,0.1415887109560804,0.8195655620738861,0.9394323767242746,0.5681818181818182,41084.32607609816,174.769478,-36.840752,120.260382,22.620829,4717.0305592198065,False,0,False,0,False,0
MYPKE,NGLAG,32.0,11,87997.8592481501,8152.504601124832,13.977732761137116,0.24607307049790592,630.7,25,530,87997.8592481501,0.1415887109560806,0.8195655620738862,0.9394323767242746,0.4375,31552.506552003873,101.34485,3.00525,3.3833,6.45,5857.508006471691,False,0,True,1,True,1
DEBHN,USCHA,33.0,11,87995.64104411876,4193.76504619137,16.34198498396341,0.36141180844534115,630.6999999999999,32,531,87995.64104411876,0.1415887109560805,0.8195655620738862,0.9394323767242746,0.5151515151515151,37151.798460920516,8.548651,53.563407,-79.938165,32.87698,3798.3529958838953,False,0,False,0,False,0
INNSA,TGLOM,14.0,13,87794.97381264996,7472.376577106169,17.158402576138688,0.48190043351308065,626.3546168342766,10,532,87794.97381264996,0.13563341683925711,0.818313784330084,0.93901218419516,0.8571428571428571,61580.43194210589,72.9428,18.953883,1.286945,6.137824,4244.250195856322,False,0,False,0,True,1
GBLGP,ITSPE,49.0,17,87582.6806439928,2346.0910472561095,15.574955275397308,0.3205372249056831,630.7,45,533,87582.6806439928,0.1415887109560806,0.8195655620738862,0.9394323767242746,0.22448979591836735,16113.821179372408,0.486317,51.502973,9.816667,44.083333,582.2331913953702,False,0,False,0,False,0
LKCOL,PKKAR,119.0,41,87004.44474566217,1385.956542976448,13.551181755601693,0.2508150763020934,630.7000000000002,105,535,87004.44474566217,0.14158871095608083,0.8195655620738862,0.9394323767242746,0.31932773109243695,22769.934227852013,79.85,6.95,66.9833,24.7833,1301.1105520042981,False,0,False,0,False,0
KRGWA,VNHCM,158.0,21,86996.14343211631,1999.0496332945088,15.10857086412853,0.6005805437204567,630.5795092243513,141,536,86996.14343211631,0.1414246862129206,0.819531084763632,0.9394208034971067,0.6645569620253164,47380.282270274394,127.728767,34.866497,106.710033,10.776988,1847.099374752686,False,0,False,0,False,0
CNMWN,MYTPP,113.0,43,86978.2775045162,1512.45468978873,15.271934493270372,0.4408639181502816,630.6764143700611,108,537,86978.2775045162,0.14155660864412245,0.8195588143031052,0.9394301116553481,0.7433628318584071,52989.73782712505,113.862187,22.508158,103.549576,1.327854,1406.9060700565587,False,0,False,0,False,0
JPKOB,USOAK,29.0,7,86908.99306031973,5056.561728789214,16.119983363898967,0.38676139649188224,630.7000000000003,29,538,86908.99306031973,0.14158871095608094,0.8195655620738862,0.9394323767242746,1.0,71227.61774675641,135.237233,34.685033,-122.320518,37.814824,4679.544437193262,False,0,False,0,True,1
CNSHE,KRINC,255.0,41,86822.44298679676,1253.3869912969976,15.253423403970126,0.5469542918434297,630.6999999999999,230,539,86822.44298679676,0.1415887109560805,0.8195655620738862,0.9394323767242746,0.7568627450980392,53855.843401610546,113.8943,22.467416,126.607819,37.439929,1113.5938131476241,False,0,False,0,False,0
FRLEH,USNOL,30.0,10,86816.4867853938,4880.703790823086,15.390505389299118,0.31065354349820823,630.7000000000002,20,540,86816.4867853938,0.14158871095608083,0.8195655620738862,0.9394323767242746,0.5333333333333333,37947.6281544274,0.094067,49.480233,-90.061119,29.923919,4071.2987656088812,False,0,False,0,False,0
LKCOL,ZADUR,54.0,29,86761.44087166691,3825.934862700384,13.000032341919546,0.29087625376242254,630.7,26,541,86761.44087166691,0.1415887109560806,0.8195655620738862,0.9394323767242746,0.37037037037037035,26335.810760862194,79.85,6.95,31.041098,-29.877639,3576.276741896205,False,0,False,0,False,0
INCOC,NLROT,15.0,6,86497.21563535236,10726.493735355834,14.774583752232768,0.2780727926673172,630.7000000000002,12,542,86497.21563535236,0.14158871095608083,0.8195655620738862,0.9394323767242746,0.13333333333333333,9452.01855333516,76.25,9.966667,4.03038,52.002215,4277.492430615662,False,0,True,1,True,2
LKCOL,USNFK,12.0,11,85983.79147106955,11236.525150398462,16.18875652399119,0.3686686682282486,630.7000000000003,11,544,85983.79147106955,0.14158871095608094,0.8195655620738862,0.9394323767242746,0.6666666666666666,46979.56959082062,79.85,6.95,-76.316667,36.85,7856.033722941417,False,0,True,1,True,2
PABAL,PTSNS,28.0,15,85631.96723091172,4398.339519746532,15.06920633949434,0.38490103913929286,630.6999999999999,8,545,85631.96723091172,0.1415887109560805,0.8195655620738862,0.9394323767242746,1.0,70181.01135509477,-79.57037,8.954178,-8.866667,37.95,4162.109121814102,False,0,False,0,False,0
AEKHA,GRPIR,5.0,5,85631.39018447275,11546.94411484684,16.98814989632805,0.7261235743522871,630.7,5,546,85631.39018447275,0.1415887109560806,0.8195655620738862,0.9394323767242746,1.0,70180.53842770567,54.659214,24.802318,23.65,37.933333,1762.9781098573185,False,0,True,1,True,2
CAPRR,CNYSN,36.0,18,85495.05569497358,4705.025999134197,15.528420236854569,0.3194375143984973,630.7,36,547,85495.05569497358,0.1415887109560806,0.8195655620738862,0.9394323767242746,0.6388888888888888,44766.17993414867,-130.319567,54.320128,122.066667,30.633333,4491.5836690488095,False,0,False,0,False,0
AEJAL,CNNSA,49.0,36,85437.8445134546,5127.222436224184,14.997901823182165,0.39586237179326694,629.7131002226091,23,548,85437.8445134546,0.14024339050813728,0.8192827813812819,0.9393374538555797,0.4489795918367347,31427.563419193895,55.0606,25.0136,113.682083,22.64515,3197.360149462864,False,0,False,0,True,1
EGDAM,ESVAL,104.0,26,85413.78029854786,1661.4038186222183,14.934908193636868,0.3365175378380723,630.6738228352255,88,549,85413.78029854786,0.14155308116942378,0.8195580728427787,0.9394298627644477,0.20192307692307693,14134.929006630597,31.757526,31.481673,-0.316667,39.45,1629.9915525776823,False,0,False,0,False,0
CNSHE,CNXIA,508.0,189,85409.9065854111,355.6607354028418,12.114202638423668,0.30657698406100836,628.5197587884575,379,550,85409.9065854111,0.13861101034658108,0.818939661945772,0.9392222766812697,0.844488188976378,59068.199313191,113.8943,22.467416,118.042517,24.44535,257.476347312697,False,0,False,0,False,0
CLVAL,PECAL,134.0,65,85203.76762199587,1311.6141085598576,16.07138873384444,0.42040524055690526,630.6250344617285,124,551,85203.76762199587,0.14148666733138304,0.8195441129337114,0.9394251767492775,0.7313432835820896,51068.41882932173,-71.6167,-33.033333,-77.15,-12.05,1296.0535188256583,False,0,False,0,False,0
BEANT,GBLGP,374.0,203,85193.1146335176,281.4200191063799,8.70458416381439,0.22712328774412754,630.4540553125414,278,552,85193.1146335176,0.1412538385027815,0.8194951732944524,0.93940874885631,0.5213903743315508,36401.049510206656,4.4,51.2167,0.486317,51.502973,147.71263993969123,False,0,False,0,False,0
CNSHE,VNCMP,135.0,46,84790.3213798888,993.0575602385785,14.772674994742045,0.4274212000879118,629.0230986204031,125,553,84790.3213798888,0.1393002877200874,0.8190845451469264,0.9392709105853478,0.9185185185185185,63791.516931245795,113.8943,22.467416,107.012844,10.522075,818.8964381481336,False,0,False,0,False,0
JPTOK,NZTAU,39.0,7,84734.72666809952,4871.504244003386,16.699389517758913,0.36086834509641064,630.7,38,554,84734.72666809952,0.1415887109560806,0.8195655620738862,0.9394323767242746,0.8205128205128205,56981.05754988152,139.75,35.6667,176.183333,-37.716667,4849.610980923717,False,0,False,0,False,0
CNZOS,CNZOS,242.0,180,84668.24858343136,414.3507703714648,5.062822548687934,0.23065497713627736,630.6180788279755,45,555,84668.24858343136,0.14147719804321224,0.819542122529216,0.9394245086170128,0.6859504132231405,47597.547775672894,122.099218,30.006902,122.099218,30.006902,0.0,False,0,False,0,False,0
EGPSA,OMSAL,14.0,14,84385.84129899586,11707.460991756881,16.758942535595086,0.43326241940408955,630.6999999999999,13,556,84385.84129899586,0.1415887109560805,0.8195655620738862,0.9394323767242746,0.5,34579.86472764465,32.319633,31.269083,54.002781,16.946141,1461.828352836251,False,0,True,1,True,2
INNSA,USNFK,12.0,10,84295.55944954557,11479.54990134244,16.651562196198846,0.3523715784818405,630.7000000000003,11,557,84295.55944954557,0.14158871095608094,0.8195655620738862,0.9394323767242746,0.5,34542.86878029975,72.9428,18.953883,-76.316667,36.85,7031.287194405678,False,0,True,1,True,2
DEHAM,GBLGP,280.0,113,84285.18042191488,458.8333569948324,11.990927026008544,0.258495208935707,630.6999999999999,229,558,84285.18042191488,0.1415887109560805,0.8195655620738862,0.9394323767242746,0.5071428571428571,35032.02442825697,9.903145,53.539287,0.486317,51.502973,364.7677677950106,False,0,False,0,False,0
MYPAG,TWKAO,131.0,27,84130.25966340634,1641.125846392784,15.888050963639275,0.44439923177985885,630.3316858238315,123,559,84130.25966340634,0.14108712575284799,0.8194601309764944,0.9393969859692626,0.8625954198473282,59468.53035972017,103.900833,1.426733,120.260382,22.620829,1590.5633318883233,False,0,False,0,False,0
CNXIA,MYTPP,76.0,60,84071.92999150336,1711.0135048946902,15.09466925098386,0.42796210202683066,630.4627777523738,72,560,84071.92999150336,0.1412657192386303,0.8194976705750945,0.9394095871350493,0.8289473684210527,57111.780259128085,118.042517,24.44535,103.549576,1.327854,1623.107017285096,False,0,False,0,False,0
CNMWN,THLCB,210.0,52,84010.68250920979,1500.9385626343214,15.196539813478333,0.5273553274061222,629.7397592349099,203,561,84010.68250920979,0.14027978691108312,0.8192904317519047,0.9393400219061754,0.8380952380952381,57685.381469879576,113.862187,22.508158,100.886078,13.056152,933.0453853681189,False,0,False,0,False,0
CNXIA,HKHKG,842.0,169,83963.0580120926,333.9220886581677,12.44973429184699,0.2951325757751721,630.6428454165577,673,562,83963.0580120926,0.14151091392721704,0.819549209466046,0.9394268875360541,0.6591448931116389,45356.98466636585,118.042517,24.44535,114.181938,22.298785,248.73929853998817,False,0,False,0,False,0
PHMAN,SGSGP,179.0,53,83831.3670223065,1381.1826685074793,13.249503222769594,0.3443119017015838,630.3818980738888,80,563,83831.3670223065,0.1411555413405272,0.8194745116449058,0.9394018132235097,0.5418994413407822,37227.228209271285,120.94162,14.596732,103.802776,1.248823,1294.567298110625,False,0,False,0,False,0
CNNSA,VNHCM,374.0,83,83355.57352446982,958.9341374795167,13.229736771319716,0.3885623139610891,630.541510640805,323,564,83355.57352446982,0.1413729455340894,0.8195202090908374,0.9394171527879612,0.6737967914438503,46028.121430487605,113.682083,22.64515,106.710033,10.776988,817.1596374496999,False,0,False,0,False,0
PABAL,USLSA,49.0,23,83278.22217676451,2991.397792639267,14.703879954785947,0.2962129681832753,630.7000000000003,36,565,83278.22217676451,0.14158871095608094,0.8195655620738862,0.9394323767242746,0.6530612244897959,44572.71050893974,-79.57037,8.954178,-118.244,33.738045,2599.784926706222,False,0,False,0,False,0
ESLPA,ESVAL,157.0,56,83229.79357663332,1119.2719020423408,14.568362839579352,0.36604970792228775,630.7000000000002,154,566,83229.79357663332,0.14158871095608083,0.8195655620738862,0.9394323767242746,0.35668789808917195,24330.49212114594,-15.4167,28.15,-0.316667,39.45,1011.2075364444019,False,0,False,0,False,0
HKHKG,MYTPP,96.0,60,82914.6463411007,1514.4797437769375,16.31200657364001,0.4070832627246066,630.6756867111692,93,568,82914.6463411007,0.14155561819216733,0.8195586061142752,0.9394300417712242,0.65625,44594.42661303694,114.181938,22.298785,103.549576,1.327854,1403.8465623927682,False,0,False,0,False,0
DEHAM,GBFEL,224.0,106,82592.2868732744,424.2940642613006,11.867572961516089,0.29644313824866747,629.104652954446,189,569,82592.2868732744,0.13941186500936087,0.8191079982232458,0.9392787832348681,0.53125,35940.12647126917,9.903145,53.539287,1.3,51.933333,327.04253355393615,False,0,False,0,False,0
CNSHE,TWKAO,450.0,145,81655.21880959875,394.1638157502631,12.736350611398072,0.2904344390037282,630.1194504628324,420,570,81655.21880959875,0.1407978287254371,0.8193993219596505,0.9393765738036788,0.6755555555555556,45200.2271151641,113.8943,22.467416,120.260382,22.620829,353.1080741488201,False,0,False,0,False,0
KRBUS,TWKAO,173.0,73,81435.3116392881,1027.1425041772682,11.439257448336525,0.3124754588485146,630.5689529750083,171,572,81435.3116392881,0.14141031294723827,0.8195280635637158,0.9394197893509134,0.7514450867052023,50150.335392768524,129.052391,35.112607,120.260382,22.620829,880.0596667710865,False,0,False,0,False,0
FRLEH,ILASD,33.0,9,81414.28089420836,3342.224405640739,17.716824368145733,0.4002809846194232,630.7000000000002,31,573,81414.28089420836,0.14158871095608083,0.8195655620738862,0.9394323767242746,0.24242424242424243,16175.597789552276,0.094067,49.480233,34.65,31.816667,1872.6800407068183,False,0,False,0,False,0
MXVER,USMIA,85.0,25,81188.92078852822,1172.0295905930611,12.46854612749473,0.3068029222688508,630.7000000000002,82,575,81188.92078852822,0.14158871095608083,0.8195655620738862,0.9394323767242746,0.3058823529411765,20353.302717715076,-96.1333,19.2,-80.1833,25.7833,968.0172896320221,False,0,False,0,False,0
AUBRI,JPYOK,38.0,9,81127.79472365254,3929.2671278491275,16.347547710714597,0.45484263188242297,630.6999999999999,38,576,81127.79472365254,0.1415887109560805,0.8195655620738862,0.9394323767242746,0.4473684210526316,29745.32351585757,153.169467,-27.350967,139.679832,35.450183,3847.381130050292,False,0,False,0,False,0
CNXIA,THLCB,171.0,47,81120.30629431603,1726.4497168406147,14.916552206831664,0.4255877224648907,630.3222638381716,155,577,81120.30629431603,0.141074286820688,0.8194574322870231,0.9393960800822871,0.5614035087719298,37319.094962681855,118.042517,24.44535,100.886078,13.056152,1189.1401466687387,False,0,False,0,False,0
AUSYD,NZTAU,149.0,41,80843.73192755615,1433.9392742737193,13.475619775909939,0.31301288047611503,630.6472387870069,145,579,80843.73192755615,0.14151689454577798,0.8195504665668814,0.9394273095154206,0.40939597315436244,27124.742358620322,151.2111,-33.86,176.183333,-37.716667,1234.2368057095389,False,0,False,0,False,0
CNQIN,CNZOS,243.0,149,80792.85085939457,578.5325947580468,10.749993556287327,0.24317768991327118,629.9431850574277,98,580,80792.85085939457,0.14055741399814625,0.8193487877964334,0.9393596106662896,0.6008230452674898,39772.99820774649,120.2667,36.0333,122.099218,30.006902,373.3792427495828,False,0,False,0,False,0
AEJAL,AEKHA,836.0,306,80491.70573942596,92.03744879936372,6.0740125243020895,0.20593694374521773,630.4092795989756,469,581,80491.70573942596,0.1411928448381936,0.8194823526830188,0.9394044452767252,0.5514354066985646,36373.52444038908,55.0606,25.0136,54.659214,24.802318,25.27219044214547,False,0,False,0,False,0
DOCUC,PTSNS,30.0,21,80414.47285485697,3500.551467964365,16.796579996811833,0.5097648403020661,630.7,30,582,80414.47285485697,0.1415887109560806,0.8195655620738862,0.9394323767242746,1.0,65904.93264416611,-69.629288,18.426403,-8.866667,37.95,3359.7964613452154,False,0,False,0,False,0
FRLEH,LKCOL,13.0,9,80036.60058198021,10493.074270976644,15.911052830001983,0.34616523949205846,630.7,13,583,80036.60058198021,0.1415887109560806,0.8195655620738862,0.9394323767242746,0.46153846153846156,30274.726865747878,0.094067,49.480233,79.85,6.95,4687.483830215245,False,0,True,1,True,2
USCHA,USNFK,241.0,131,79690.77789014266,492.3695497121487,11.700398330372948,0.2591467373142009,630.6560779760431,177,584,79690.77789014266,0.1415289269271638,0.8195529957227765,0.9394281584939373,0.48132780082987553,31435.911315999998,-79.938165,32.87698,-76.316667,36.85,297.8214802153276,False,0,False,0,False,0
TWKAO,VNHPG,405.0,38,79290.90983036329,827.3642133207975,13.279788413279372,0.4116701249582645,630.625733689136,324,585,79290.90983036329,0.14148761923679987,0.8195443130202213,0.9394252439136419,0.7283950617283951,47332.86962116951,120.260382,22.620829,106.828308,20.81389,756.7602324315936,False,0,False,0,False,0
ITGIT,LKCOL,10.0,10,79188.4237100453,10616.352358120495,16.428560498997307,0.4445468946064555,613.3108844330029,10,586,79188.4237100453,0.11725029876077209,0.8144497303268856,0.937715111586002,0.9,58045.491302091796,15.909341,38.462848,79.85,6.95,3925.0004550361245,False,0,True,1,True,2
ECPSJ,MXLCS,59.0,33,79047.10992369831,1922.6674024998683,13.465048210893451,0.3433837278506221,630.2585079373725,48,587,79047.10992369831,0.140987399326313,0.8194391689016152,0.9393899494907003,0.9152542372881356,59284.95076673387,-80.240917,-2.705467,-102.166667,17.883333,1791.9526654128836,False,0,False,0,False,0
CAHFX,USNYK,212.0,81,78916.92899574396,663.2559231271304,10.740928231396875,0.2543212308549461,627.0580116684681,187,588,78916.92899574396,0.13660300972879746,0.8185175886722149,0.9390805965490212,0.7783018867924528,50274.328209703315,-63.57595,44.655955,-74.049568,40.663452,520.3224500131872,False,0,False,0,False,0
COCTA,USPEV,145.0,34,78894.35183084615,1206.1398705220656,12.706533113596914,0.3435256134324977,630.7,142,589,78894.35183084615,0.1415887109560806,0.8195655620738862,0.9394323767242746,0.6551724137931034,42362.8545603912,-75.540962,10.394286,-80.1,26.083333,976.9052433050149,False,0,False,0,False,0
BEANT,PTSNS,94.0,43,78893.14446975655,1249.0346352130562,14.939999746873093,0.37094552594817776,630.6131756534613,92,590,78893.14446975655,0.14147052281458572,0.8195407194242701,0.9394240376274791,0.5106382978723404,33015.90351134663,4.4,51.2167,-8.866667,37.95,974.6627028062877,False,0,False,0,False,0
CNNSA,CNWGQ,281.0,146,78561.78697323421,968.3084438466516,13.753244541132224,0.37432463110242287,630.5230428606162,225,593,78561.78697323421,0.1413477966741301,0.8195149229063835,0.9394153783394011,0.7046263345195729,45365.64500128838,113.682083,22.64515,121.617967,31.353633,673.0110683632488,False,0,False,0,False,0
CLSAN,MXMAN,29.0,17,78415.12285228648,3690.990872118821,16.12723479816864,0.36581223856820677,630.4600511045875,28,594,78415.12285228648,0.14126200533808808,0.8194968899288408,0.939409325090349,0.5517241379310345,35454.31685563407,-71.616667,-33.5833,-104.293756,19.073908,3673.6396177785273,False,0,False,0,False,0
KRBUS,KRINC,777.0,104,78186.9996874674,452.56169946074607,13.345825078700654,0.44401764015697154,630.6294481434719,688,595,78186.9996874674,0.14149267593855164,0.8195453759176342,0.9394256007034589,0.5791505791505791,37110.691535176105,129.052391,35.112607,126.607819,37.439929,183.085761455853,False,0,False,0,False,0
MYPKE,TRBAM,24.0,13,78173.37036260038,12077.346278966772,13.990815238506089,0.30330740063125305,630.6999999999999,15,596,78173.37036260038,0.1415887109560805,0.8195655620738862,0.9394323767242746,0.5833333333333334,37373.117961920216,101.34485,3.00525,28.678178,40.961688,4502.243869659696,False,0,True,1,True,2
CNNBO,MYTPP,56.0,37,77397.33978465472,2204.3535023891413,14.93950115158408,0.42351543693736454,630.7000000000002,49,597,77397.33978465472,0.14158871095608083,0.8195655620738862,0.9394323767242746,0.7678571428571429,48706.86346779047,121.683333,29.966667,103.549576,1.327854,2006.635502964862,False,0,False,0,False,0
ESVAL,ITGIT,124.0,70,77241.12242385604,791.9826150210824,13.969582585497115,0.3078422558442163,630.3779655698659,123,598,77241.12242385604,0.1411501835877611,0.8194733854678374,0.9394014351921914,0.3790322580645161,23991.621550246862,-0.316667,39.45,15.909341,38.462848,758.8599516997801,False,0,False,0,False,0
GBSOU,USNFK,40.0,12,77237.43814907524,3581.2491438654583,14.289456881574989,0.28690625894580396,630.7,31,599,77237.43814907524,0.1415887109560806,0.8195655620738862,0.9394323767242746,0.55,34815.629425386636,-1.4,50.9,-76.316667,36.85,3203.9535939376215,False,0,False,0,False,0
AUBRI,CNXIA,39.0,8,77065.01142474756,3998.29656796565,15.665979449866695,0.304879860337824,630.7000000000002,36,600,77065.01142474756,0.14158871095608083,0.8195655620738862,0.9394323767242746,0.1282051282051282,8097.414026224832,153.169467,-27.350967,118.042517,24.44535,3715.776977289618,False,0,False,0,False,0
CNNSA,HKHKG,5217.0,543,77030.93967488338,90.74006270379002,7.7501041110937265,0.22044564900367636,630.5490498246955,4955,601,77030.93967488338,0.14138321174138746,0.8195223670043773,0.9394178771490967,0.8033352501437608,50713.41201084518,113.682083,22.64515,114.181938,22.298785,34.66360642657915,False,0,False,0,False,0
DEBHN,DEHAM,1120.0,190,76982.39607337341,147.5389471613136,10.76558132872681,0.24465657756404197,630.668924625664,1008,602,76982.39607337341,0.14154641387896183,0.8195566714064016,0.9394293923350135,0.49107142857142855,30982.401746009586,8.548651,53.563407,9.903145,53.539287,48.335995788315486,False,0,False,0,False,0
USHOU,USNOL,262.0,76,76971.11384405395,485.9253667757611,12.154270367506633,0.25774438662738186,630.7,217,603,76971.11384405395,0.1415887109560806,0.8195655620738862,0.9394323767242746,0.42366412213740456,26725.950511821076,-94.97475,29.6069,-90.061119,29.923919,256.78016514550023,False,0,False,0,False,0
CNYTN,USOAK,12.0,12,76875.33130380843,6407.373011229532,16.915557438481994,0.5981234992240874,628.5408393688112,10,604,76875.33130380843,0.13863990040220653,0.8189457345137996,0.9392243151004143,0.8333333333333334,52463.937217157574,114.263091,22.566543,-122.320518,37.814824,5978.987835281389,False,0,False,0,True,1
BRSAL,COCTA,36.0,11,76763.35099245458,3441.3744438414074,13.985311520905828,0.3328532198950767,630.7,36,605,76763.35099245458,0.1415887109560806,0.8195655620738862,0.9394323767242746,0.6666666666666666,41941.732601870695,-38.516667,-12.966667,-75.540962,10.394286,2614.7750730641496,False,0,False,0,False,0
PACRI,PTSNS,27.0,18,76451.74795000571,4307.413589716787,15.970327131842161,0.43657100871944093,630.6999999999999,26,606,76451.74795000571,0.1415887109560805,0.8195655620738862,0.9394323767242746,1.0,62657.219780177504,-79.916667,9.35,-8.866667,37.95,4164.076454500855,False,0,False,0,False,0
AEKHA,INMUN,186.0,74,76429.23761694212,1021.9534129337214,12.560974501361548,0.2786663395559243,630.6161382982809,136,607,76429.23761694212,0.14147455619995852,0.8195415672248897,0.9394243222143303,0.3333333333333333,20878.97905946408,54.659214,24.802318,69.7,22.766667,834.8956517095829,False,0,False,0,False,0
CAVCR,KRGWA,22.0,12,76378.33276382525,4892.371542321947,15.54317734135513,0.3956315806495468,630.7000000000002,22,608,76378.33276382525,0.14158871095608083,0.8195655620738862,0.9394323767242746,0.8636363636363636,54061.08969159838,-123.116667,49.283333,127.728767,34.866497,4507.102662639002,False,0,False,0,False,0
CNYSN,JPYOK,138.0,54,76293.07945232285,1070.2091297206414,10.962241679286981,0.24921390425836434,630.2979022930253,120,609,76293.07945232285,0.14104108861796072,0.8194504541646175,0.9393937376897047,0.5942028985507246,37148.613664923934,122.066667,30.633333,139.679832,35.450183,930.9016344054592,False,0,False,0,False,0
CNNBO,IDJAK,97.0,29,76154.30509808067,2494.257977418813,15.484791660974908,0.5231841148620772,630.651160661574,78,610,76154.30509808067,0.14152223325482594,0.8195515887410403,0.9394276862030557,0.6701030927835051,41822.730027001286,121.683333,29.966667,106.788826,-6.09208,2328.8411468567456,False,0,False,0,False,0
USLSA,VNHPG,15.0,9,75926.96897103105,7209.971412763058,16.16611683638612,0.4375373658295819,630.7000000000002,14,613,75926.96897103105,0.14158871095608083,0.8195655620738862,0.9394323767242746,0.9333333333333333,58078.653734555606,-118.244,33.738045,106.828308,20.81389,6639.58739232295,False,0,False,0,True,1
BEANT,PAMIT,34.0,12,75571.39014240107,4880.267211281414,16.668850622679447,0.4285693153347934,630.7,31,614,75571.39014240107,0.1415887109560806,0.8195655620738862,0.9394323767242746,0.47058823529411764,29146.215924123237,4.4,51.2167,-79.88466,9.361132,4751.839966328871,False,0,False,0,False,0
COBUE,PABAL,314.0,114,75549.51251188325,379.5343065905981,11.902308360416079,0.25812176300098505,629.6654443461895,262,615,75549.51251188325,0.1401783203107796,0.8192691038998277,0.9393328626447576,0.5286624203821656,32721.76214969039,-77.083333,3.883333,-79.57037,8.954178,338.6695365478126,False,0,False,0,False,0
PABAL,USOAK,43.0,15,75451.62980451145,3344.23015950194,14.960520501531303,0.2805313424483081,630.7000000000002,17,616,75451.62980451145,0.14158871095608083,0.8195655620738862,0.9394323767242746,0.37209302325581395,23009.32368004659,-79.57037,8.954178,-122.320518,37.814824,2885.005977297781,False,0,False,0,False,0
CNTJN,MYTPP,28.0,18,74992.86708780138,2905.4380846164077,17.293372627757314,0.49615071603662986,629.8616795288466,26,617,74992.86708780138,0.14044620018004317,0.8193254111202233,0.9393517636625003,1.0,61443.56165779713,117.8143,38.97075,103.549576,1.327854,2391.8431272731536,False,0,False,0,False,0
KRBUS,VNHPG,179.0,47,74903.24986228684,1711.716756628706,13.517931710545374,0.43586358141681153,630.0982942676991,164,618,74903.24986228684,0.14076898013314632,0.8193932581070411,0.9393745383100964,0.5307262569832403,32573.43969278869,129.052391,35.112607,106.828308,20.81389,1452.1612890339195,False,0,False,0,False,0
ESVAL,GRPIR,110.0,49,74434.23289149934,1286.9936246442867,14.284719221075104,0.3220557939843903,630.600275193316,87,619,74434.23289149934,0.14145295950905012,0.819537027691411,0.9394227983990501,0.7363636363636363,44919.36735066873,-0.316667,39.45,23.65,37.933333,1123.5152167792182,False,0,False,0,False,0
CNYTN,VNHPG,248.0,98,74017.00729014583,626.6401569890363,12.831346651045923,0.2937783552390308,630.6816700583644,226,620,74017.00729014583,0.1415637623495576,0.8195603179818612,0.939430616405159,0.5685483870967742,34488.94228362762,114.263091,22.566543,106.828308,20.81389,427.8602022919872,False,0,False,0,False,0
FRLEH,USBOS,35.0,18,73927.60671175102,3201.116790436672,16.136895241427865,0.3800913576406782,630.6999999999999,33,621,73927.60671175102,0.1415887109560805,0.8195655620738862,0.9394323767242746,0.14285714285714285,8655.502935356204,0.094067,49.480233,-71.083333,42.35,2891.6900847552083,False,0,False,0,False,0
MYPEN,MYPKE,915.0,127,73847.52873644364,224.41858373766289,12.073529525531997,0.2978693946182377,630.3526032746366,706,622,73847.52873644364,0.14111562768605102,0.8194661219628234,0.939398997003338,0.5519125683060109,33399.29151371231,100.35,5.416667,101.34485,3.00525,156.5568598311073,False,0,False,0,False,0
GTPQL,MXLCS,226.0,63,73606.14306202422,789.6753897195015,13.274486259285089,0.36921600958671164,629.6961248208937,123,623,73606.14306202422,0.14022021311629962,0.8192779095911247,0.9393358185094988,0.6814159292035398,41092.0292089458,-90.783333,13.916667,-102.166667,17.883333,698.8977298736104,False,0,False,0,False,0
BRRDJ,LKCOL,12.0,12,73432.0945835954,7905.811417401737,15.29506484726772,0.43432869974086863,627.8199185853935,7,624,73432.0945835954,0.1376508072252871,0.8187378312933833,0.9391545268489212,0.6666666666666666,40081.089244468996,-43.1667,-22.916667,79.85,6.95,7387.716847899808,False,0,False,0,True,1
TWKAO,TWKEE,731.0,108,73223.0900317245,284.6402710176923,12.367527140737305,0.32278429880946913,630.3471867100737,701,625,73223.0900317245,0.14110824730464733,0.8194645706377334,0.9393984762597664,0.521203830369357,31274.172887561414,120.260382,22.620829,121.7559,25.15113,172.6807055373103,False,0,False,0,False,0
THBKK,THLCB,5055.0,231,73039.83256125195,55.41102933797495,8.062125697700905,0.22725451776343883,630.0522736194984,4079,626,73039.83256125195,0.14070621967636499,0.819380066123329,0.9393701100695182,0.8502472799208705,50885.0744647156,100.574341,13.69736,100.886078,13.056152,42.58748347103936,False,0,False,0,False,0
INNSA,USCHA,10.0,9,72702.60416066789,11530.709258800664,16.934402403127958,0.375902642148243,630.6999999999999,7,627,72702.60416066789,0.1415887109560805,0.8195655620738862,0.9394323767242746,0.5,29792.27532158652,72.9428,18.953883,-79.938165,32.87698,7327.943918417471,False,0,True,1,True,2
COCTA,DEHAM,35.0,12,72598.05502877667,5037.65641985001,16.081313705453283,0.3810249562036643,630.7000000000004,35,628,72598.05502877667,0.14158871095608105,0.8195655620738863,0.9394323767242746,0.4,23799.546310052112,-75.540962,10.394286,9.903145,53.539287,4740.650118143137,False,0,False,0,True,1
BEZEE,MYPKE,6.0,6,72524.40792612397,11695.07094645997,16.198407148949464,0.5819099287514825,607.327626311076,6,629,72524.40792612397,0.1085536429678362,0.812621729903472,0.9371014945721672,0.8333333333333334,49112.42485762662,3.2,51.333333,101.34485,3.00525,5566.971249338439,False,0,True,1,True,2
CAHFX,ESVAL,53.0,16,72471.31132357586,3269.3566330296085,15.265262107218037,0.30296265582971943,630.7000000000002,51,630,72471.31132357586,0.14158871095608083,0.8195655620738862,0.9394323767242746,0.6226415094339622,36981.786848519914,-63.57595,44.655955,-0.316667,39.45,2766.2291751732882,False,0,False,0,False,0
MYPKE,NZTAU,30.0,8,72378.4643352614,5343.680778194887,15.717820092265843,0.3288902581704098,630.7,24,631,72378.4643352614,0.1415887109560806,0.8195655620738862,0.9394323767242746,0.5,29659.448402486614,101.34485,3.00525,176.183333,-37.716667,4800.144327563495,False,0,False,0,True,1
PHMAN,TWKAO,329.0,72,72331.45635317039,577.2347282729536,12.621410673734617,0.3407675213807059,630.3577457574459,181,632,72331.45635317039,0.1411226344978963,0.8194675947651655,0.9393994913886583,0.7021276595744681,41617.41256592776,120.94162,14.596732,120.260382,22.620829,483.3240197341763,False,0,False,0,False,0
HKHKG,VNCMP,110.0,54,72324.87198274684,992.6990632965218,13.69605566589095,0.27412881635912095,630.57401978422,105,633,72324.87198274684,0.1414172119154783,0.8195295136977861,0.9394202761270248,0.6,35563.42029856509,114.181938,22.298785,107.012844,10.522075,818.3352294082821,False,0,False,0,False,0
PTSNS,USNYK,36.0,27,72224.04233281175,3238.4308716985934,14.71155878126569,0.29292273140743325,630.7000000000002,36,634,72224.04233281175,0.14158871095608083,0.8195655620738862,0.9394323767242746,0.1388888888888889,8221.158034685974,-8.866667,37.95,-74.049568,40.663452,2961.41948136542,False,0,False,0,False,0
INMUN,SGSGP,46.0,37,71946.85415402724,2900.2083298328116,14.051454842557481,0.4399144196555188,628.0100643822174,44,635,71946.85415402724,0.1379119050702109,0.8187927129608238,0.9391729493418582,0.6739130434782609,39699.92080336854,69.7,22.766667,103.802776,1.248823,2370.7985536586352,False,0,False,0,False,0
DEWVN,MATAN,34.0,19,71770.84475512306,1711.048208493289,15.543032516450351,0.6183665093240055,630.7000000000002,33,636,71770.84475512306,0.14158871095608083,0.8195655620738862,0.9394323767242746,0.9705882352941176,57090.885877478,8.170278,53.541667,-5.797516,35.789733,1216.401848270777,False,0,False,0,False,0
BRSUA,COCTA,36.0,15,71623.28156857345,3074.494963671781,16.54328072074938,0.3849907222836724,630.7000000000002,32,637,71623.28156857345,0.14158871095608083,0.8195655620738862,0.9394323767242746,0.5555555555555556,32611.09723129118,-34.9681,-8.3911,-75.540962,10.394286,2674.0705285396593,False,0,False,0,False,0
CNXIA,VNHPG,248.0,83,71573.66476426572,869.3641601490193,12.949137245382051,0.3097623122377779,630.6999999999999,197,638,71573.66476426572,0.1415887109560805,0.8195655620738862,0.9394323767242746,0.7459677419354839,43757.95361515914,118.042517,24.44535,106.828308,20.81389,658.3185099807771,False,0,False,0,False,0
CRPMN,USPHI,105.0,11,71527.20635434671,2057.452021306539,16.41262134547876,0.4668249504635223,630.7,62,639,71527.20635434671,0.1415887109560806,0.8195655620738862,0.9394323767242746,0.9142857142857143,53596.55778685714,-83.090115,10.006213,-75.1333,39.95,1847.313391988218,False,0,False,0,False,0
CNDCB,CNNBO,164.0,73,71191.27832901446,803.3702724822042,15.352715966723299,0.3238112289538398,630.6646639796162,159,642,71191.27832901446,0.14154061433589582,0.8195554523668729,0.939428983131938,0.6097560975609756,35576.34165579963,113.852567,22.533467,121.683333,29.966667,613.5974123242906,False,0,False,0,False,0
CNQIN,MXLCS,16.0,15,71164.43923002688,7342.216339331415,17.057554016358438,0.5132917304448679,630.7000000000002,11,643,71164.43923002688,0.14158871095608083,0.8195655620738862,0.9394323767242746,0.75,43742.942727922426,120.2667,36.0333,-102.166667,17.883333,6772.035189158694,False,0,False,0,True,1
AEJAL,ESBAR,9.0,6,71152.67670381091,10795.21535387884,17.321658141568975,0.3727527070319898,630.7,8,644,71152.67670381091,0.1415887109560806,0.8195655620738862,0.9394323767242746,0.4444444444444444,25917.459322586797,55.0606,25.0136,2.166667,41.35,2785.233919720894,False,0,True,1,True,2
AEJAL,ZAPLZ,41.0,25,71090.41931244082,4635.604428109194,15.255785091551264,0.41570465249859284,630.7000000000002,31,645,71090.41931244082,0.14158871095608083,0.8195655620738862,0.9394323767242746,0.7317073170731707,42631.65326478206,55.0606,25.0136,25.6372,-33.9618,3918.4067572357985,False,0,False,0,False,0
JPTOK,KRBUS,354.0,73,70930.45363342765,782.6639151408558,12.94174448356851,0.35781463983884554,630.7,327,646,70930.45363342765,0.1415887109560806,0.8195655620738862,0.9394323767242746,0.4830508474576271,28080.787751808843,139.75,35.6667,129.052391,35.112607,524.4106308054683,False,0,False,0,False,0
EGPSA,ESALG,72.0,40,70823.27803139813,2001.8065698040482,16.04457670038601,0.41113698136688903,630.7,70,647,70823.27803139813,0.1415887109560806,0.8195655620738862,0.9394323767242746,0.5972222222222222,34665.35757933154,32.319633,31.269083,-5.433333,36.116667,1896.2882812937746,False,0,False,0,False,0
JPNAG,JPTOK,923.0,205,70582.80124177154,229.1199780100457,12.101592793956856,0.29236318694369184,630.6308445690031,800,649,70582.80124177154,0.14149457695807255,0.8195457755039317,0.939425734835239,0.6023835319609967,34845.37934885775,136.866667,35.066667,139.75,35.6667,145.68846140761315,False,0,False,0,False,0
HKHKG,JPTOK,141.0,27,70514.3997960851,1636.3231975010724,16.17106124337905,0.5743242688044649,630.6999999999999,138,650,70514.3997960851,0.1415887109560805,0.8195655620738862,0.9394323767242746,0.9432624113475178,54512.241861865965,114.181938,22.298785,139.75,35.6667,1557.099562699426,False,0,False,0,False,0
ITGIT,PTSNS,89.0,45,70500.94955802719,1331.9230920986151,15.260400850085945,0.3464792525378774,629.7397380965532,89,651,70500.94955802719,0.1402797580530145,0.8192904256860603,0.9393400198700133,0.14606741573033707,8436.96391764807,15.909341,38.462848,-8.866667,37.95,1165.7827011803101,False,0,False,0,False,0
AEKHA,INNSA,131.0,69,70243.79616830472,1248.18666197301,14.11157567341554,0.34523012557901117,629.7502091449239,97,652,70243.79616830472,0.14029405288310426,0.8192934303991453,0.9393410284819627,0.3969465648854962,22844.38624277414,54.659214,24.802318,72.9428,18.953883,1076.3195550939292,False,0,False,0,False,0
AEKHA,ESVAL,8.0,8,70030.5678448633,11250.722165732503,16.5143955074969,0.366738472407793,630.7,7,653,70030.5678448633,0.1415887109560806,0.8195655620738862,0.9394323767242746,0.875,50220.31148586271,54.659214,24.802318,-0.316667,39.45,2883.298883207565,False,0,True,1,True,2
JPNAG,JPYOK,1489.0,256,69890.5861786882,211.2256200481827,11.80589340611961,0.3328822104896677,630.5840636247196,1285,654,69890.5861786882,0.14143088728261277,0.8195323882023667,0.9394212410310229,0.5983881799865681,34274.238221934414,136.866667,35.066667,139.679832,35.450183,139.8232666334002,False,0,False,0,False,0
ESVAL,USSAV,40.0,12,69804.19587224281,4220.515392131223,15.622018860935446,0.3077693903906388,630.7000000000002,33,655,69804.19587224281,0.14158871095608083,0.8195655620738862,0.9394323767242746,0.675,38616.15264197647,-0.316667,39.45,-81.0833,32.0833,3826.8666125682544,False,0,False,0,False,0
BRSUA,ESVAL,27.0,10,69728.00889782194,3597.473796819701,15.68046234050462,0.4340010502497383,630.7000000000003,22,656,69728.00889782194,0.14158871095608094,0.8195655620738862,0.9394323767242746,1.0,57146.67480463638,-34.9681,-8.3911,-0.316667,39.45,3458.884181629379,False,0,False,0,False,0
BRSAL,BRSTS,134.0,42,69687.4385491226,988.089048023592,15.2362334724778,0.4103841816636303,630.7000000000002,87,657,69687.4385491226,0.14158871095608083,0.8195655620738862,0.9394323767242746,0.8805970149253731,50293.91134173228,-38.516667,-12.966667,-46.306133,-23.95,794.2494652295359,False,0,False,0,False,0
KEMOM,OMSAL,112.0,15,69592.98428884211,1842.1208870727512,14.728986638899896,0.42053222566190107,630.7000000000002,111,658,69592.98428884211,0.14158871095608083,0.8195655620738862,0.9394323767242746,0.875,49906.51162444851,39.647169,-4.053188,54.002781,16.946141,1521.37159352691,False,0,False,0,False,0
CNBYQ,CNFUN,176.0,40,69270.33336092644,1077.6919112089838,11.352782654983134,0.35330666435919944,630.6529638749373,136,659,69270.33336092644,0.14152468788307604,0.8195521046935612,0.939427859396257,0.9829545454545454,55802.966007315525,122.0684,40.268517,119.308128,25.393912,903.7333564270797,False,0,False,0,False,0
CNNBO,USTAC,22.0,12,69252.46744427906,5216.51540210769,15.364775564469292,0.3212247115821481,630.1672789978592,17,660,69252.46744427906,0.14086304058665788,0.8194130292182521,0.9393811750099932,0.13636363636363635,7738.141926730238,121.683333,29.966667,-122.422033,47.272467,5023.710008820549,False,0,False,0,True,1
NZAKL,USLSA,30.0,11,69219.91845766916,5741.697698804037,14.810714139343244,0.31869385749868423,630.7000000000003,24,661,69219.91845766916,0.14158871095608094,0.8195655620738862,0.9394323767242746,0.6333333333333333,35929.165539063186,174.769478,-36.840752,-118.244,33.738045,5654.395343096169,False,0,False,0,True,1
BEANT,GBSOU,356.0,94,69059.89213565098,310.8271644627778,9.84290949728207,0.24705050461868994,620.240549041897,300,662,69059.89213565098,0.1271128583316331,0.8165227988144438,0.9384109922206656,0.3792134831460674,21383.460156397246,4.4,51.2167,-1.4,50.9,219.6419675276978,False,0,False,0,False,0
CNXIA,JPYOK,85.0,41,68818.91985987891,1388.8322322102822,15.065427965928212,0.320525505737716,630.3195417764257,81,664,68818.91985987891,0.1410705775134693,0.8194566526062668,0.9393958183616818,0.4,22557.648681742125,118.042517,24.44535,139.679832,35.450183,1300.7998990597898,False,0,False,0,False,0
CNSHE,CNYSN,99.0,73,68668.02507403617,881.9494632138557,13.461595559040486,0.3445137820190303,630.0974170201666,91,665,68668.02507403617,0.14076778387639044,0.8193930066589088,0.9393744539048359,0.8585858585858586,48309.277371446726,113.8943,22.467416,122.066667,30.633333,657.5715709936754,False,0,False,0,False,0
CNNSA,CNYTN,1744.0,265,68379.22925405156,138.26242654624653,8.953319642693211,0.237661615153564,630.3168847203921,1435,666,68379.22925405156,0.14106695675752923,0.8194558915386162,0.939395562889061,0.8686926605504587,48676.11802793572,113.682083,22.64515,114.263091,22.566543,32.547862369121894,False,0,False,0,False,0
BRSTS,CNYTN,11.0,10,68152.84946034416,10525.695876588154,16.29672548072994,0.40868084428316487,630.0846487339732,7,667,68152.84946034416,0.14075037205265506,0.8193893467668861,0.9393732253646314,1.0,55843.718799613336,-46.306133,-23.95,114.263091,22.566543,9733.090352876034,False,0,True,1,True,2
JPTOK,TWTAP,166.0,35,67982.87494347792,1187.3371864713918,15.863917738773113,0.4982234338223465,630.4769025761688,160,668,67982.87494347792,0.14128495780288686,0.8195017144402817,0.93941094456607,0.9096385542168675,50677.85824025707,139.75,35.6667,121.37318,25.14978,1138.8705579122525,False,0,False,0,False,0
ESALG,USSAV,38.0,11,67969.20010659118,3900.653137694758,13.907821080635475,0.28744837363873915,630.7000000000002,35,669,67969.20010659118,0.14158871095608083,0.8195655620738862,0.9394323767242746,0.47368421052631576,26386.68111587566,-5.433333,36.116667,-81.0833,32.0833,3670.7052192550564,False,0,False,0,False,0
CNYTN,LKCOL,28.0,22,67916.40027215704,3160.8193539061567,12.896788106602008,0.34477680163102853,630.5749698153071,27,670,67916.40027215704,0.14141850546561674,0.8195297855965777,0.9394203673970938,0.7857142857142857,43732.4744634896,114.263091,22.566543,79.85,6.95,2198.406780262182,False,0,False,0,False,0
BEANT,DOCUC,43.0,18,67906.32966751757,4233.963301858872,15.705525622269061,0.4670109657444463,630.7,41,671,67906.32966751757,0.1415887109560806,0.8195655620738862,0.9394323767242746,0.8372093023255814,46593.78634241887,4.4,51.2167,-69.629288,18.426403,3950.7315097498968,False,0,False,0,False,0
AEJAL,PKQAS,202.0,69,67855.67254595825,841.6639827616057,14.848200272415163,0.350914996260149,630.5666144799061,167,672,67855.67254595825,0.14140712881453632,0.8195273942724312,0.9394195646854734,0.30198019801980197,16792.99273762249,55.0606,25.0136,67.343788,24.775279,668.8888826887302,False,0,False,0,False,0
GTPQL,MXMAN,152.0,57,67784.61727467904,894.6083580900196,14.240164409380155,0.39351458086250407,630.4412830703764,91,673,67784.61727467904,0.14123644098420607,0.8194915164093141,0.9394075213254464,0.8223684210526315,45681.67664445042,-90.783333,13.916667,-104.293756,19.073908,836.7121719067827,False,0,False,0,False,0
CLSAN,NZTAU,17.0,10,67536.04643809084,5662.154724835486,17.748287575448405,0.4352528592590392,630.7,17,675,67536.04643809084,0.1415887109560806,0.8195655620738862,0.9394323767242746,0.47058823529411764,26047.161345544468,-71.616667,-33.5833,176.183333,-37.716667,5095.711728480132,False,0,False,0,True,1
AEJAL,CNMWN,44.0,21,67433.58090541448,5062.928322982809,14.90884036693517,0.5462190820800226,628.8452877148637,23,676,67433.58090541448,0.1390569181692174,0.8190333898922366,0.9392537389620689,0.8863636363636364,48954.177729541516,55.0606,25.0136,113.862187,22.508158,3209.147987748983,False,0,False,0,True,1
CNNBO,CNQIZ,198.0,36,67379.30970044502,1155.8918789677562,11.524405362262375,0.32648638200005115,630.4884646972588,76,677,67379.30970044502,0.14130070522390348,0.8195050244818622,0.9394120556696585,0.6515151515151515,35975.15700548893,121.683333,29.966667,108.6,21.683333,863.3663965097135,False,0,False,0,False,0
HKHKG,KRINC,186.0,28,67287.64447509492,1234.5067916181913,14.89221343576663,0.48939203639896767,630.6999999999999,178,678,67287.64447509492,0.1415887109560805,0.8195655620738862,0.9394323767242746,0.7688172043010753,42397.68264287546,114.181938,22.298785,126.607819,37.439929,1113.4184906417715,False,0,False,0,False,0
BEANT,CAHFX,43.0,11,67074.47150307767,2968.355315785979,14.67253443903437,0.27599330122183324,630.7,42,679,67074.47150307767,0.1415887109560806,0.8195655620738862,0.9394323767242746,0.32558139534883723,17897.83667756284,4.4,51.2167,-63.57595,44.655955,2663.34953554528,False,0,False,0,False,0
CNWGQ,KRGWA,493.0,116,67038.76855831686,463.3097108532455,11.213138366980834,0.2903643942380867,630.6585013827921,406,680,67038.76855831686,0.14153222574036894,0.81955368911942,0.9394283912509828,0.6977687626774848,38336.720709089444,121.617967,31.353633,127.728767,34.866497,372.6071444432694,False,0,False,0,False,0
MYPKE,TZDRS,63.0,29,66563.76853491574,3934.472337715944,14.173807563859588,0.35402660583935225,630.5029086810972,32,682,66563.76853491574,0.14132037688372456,0.8195091593819133,0.9394134436589551,0.5238095238095238,28573.609427178646,101.34485,3.00525,39.293118,-6.823008,3765.1682874272783,False,0,False,0,False,0
PAMIT,TWKAO,11.0,10,66519.33865960756,9943.411132992911,16.076051937493588,0.36685493328790947,630.6999999999999,11,683,66519.33865960756,0.1415887109560805,0.8195655620738862,0.9394323767242746,0.8181818181818182,44604.78478146365,-79.88466,9.361132,120.260382,22.620829,8550.93083637512,False,0,True,1,True,1
BRIJI,BRSTS,284.0,130,66405.7710727765,341.2664236660168,8.721404795562544,0.24211513586510713,626.9932597758091,116,684,66405.7710727765,0.13651384355617202,0.8184988463182349,0.9390743051788802,0.7852112676056338,42678.62494247431,-48.6646,-26.899129,-46.306133,-23.95,218.40774294684752,False,0,False,0,False,0
AEKFA,CNNSA,30.0,13,66357.66010925587,4820.408894042412,15.018273696010812,0.3532207099541669,630.4839595228148,24,686,66357.66010925587,0.14129456931820827,0.8195037347403253,0.9394116227335714,0.8,43504.28023053144,56.364756,25.359318,113.682083,22.64515,3123.9537019877425,False,0,False,0,False,0
CNNSA,SAJED,47.0,30,66318.45568765495,5919.006258983725,13.672441332570246,0.4626311138616953,630.5734220028709,42,687,66318.45568765495,0.1414163979820654,0.8195293426124105,0.9394202186976632,0.7021276595744681,38160.582403437154,113.682083,22.64515,39.1667,21.466667,4099.056162170215,False,0,False,0,True,1
ECPSJ,PECAL,134.0,29,66314.12615146741,701.416943351918,14.474046448968835,0.39859805807613263,628.6235825375396,115,688,66314.12615146741,0.13875327773331014,0.8189695659513312,0.9392323147569495,0.9925373134328358,53903.958191972444,-80.240917,-2.705467,-77.15,-12.05,590.3983554290944,False,0,False,0,False,0
INNSA,PKQAS,180.0,76,66296.8041093911,574.0554190811217,12.058055952094547,0.2514827210608648,630.6999999999999,157,689,66296.8041093911,0.1415887109560805,0.8195655620738862,0.9394323767242746,0.6333333333333333,34411.89909828978,72.9428,18.953883,67.343788,24.775279,468.36285087663236,False,0,False,0,False,0
ECPSJ,PABAL,175.0,36,66176.64986843195,782.768250321815,14.86387323153462,0.366229288591067,629.150385756892,109,690,66176.64986843195,0.13947442097063156,0.8191211472228628,0.9392831970466903,0.49142857142857144,26638.71787957274,-80.240917,-2.705467,-79.57037,8.954178,701.1997299003849,False,0,False,0,False,0
KRPYT,PHDAV,95.0,28,66027.14081673637,2004.5519088993995,15.70291695398691,0.43119876670722224,630.6999999999999,92,691,66027.14081673637,0.1415887109560805,0.8195655620738862,0.9394323767242746,0.7263157894736842,39303.54087912013,126.799736,36.993778,125.627031,7.073807,1797.5535037416848,False,0,False,0,False,0
USNFK,VNCMP,6.0,6,65822.05053909635,13089.350022247221,17.123674366511988,0.620007110253214,627.9570450259345,6,692,65822.05053909635,0.13783911767780188,0.8187774133574692,0.9391678136226302,1.0,53893.608282285924,-76.316667,36.85,107.012844,10.522075,7956.837780269896,False,0,True,1,True,2
CNDCB,MYPKE,74.0,26,65788.22617121245,1687.1627166386036,14.131989969367671,0.28014421215659047,630.6641885996404,41,693,65788.22617121245,0.14153996724920637,0.8195553163519758,0.9394289374749163,0.581081081081081,31330.20124344978,113.852567,22.533467,101.34485,3.00525,1380.2171788369726,False,0,False,0,False,0
GBSOU,USCHA,26.0,9,65748.65224664779,3741.1517289265034,13.9843136152478,0.2793289314396442,630.6999999999998,14,694,65748.65224664779,0.1415887109560804,0.8195655620738861,0.9394323767242746,0.7307692307692307,39377.74198262934,-1.4,50.9,-79.938165,32.87698,3496.1212111934187,False,0,False,0,False,0
ESVAL,MYPKE,7.0,7,65725.08474122628,11067.646339278112,16.751485128487236,0.4433371805633201,619.1527753612103,6,695,65725.08474122628,0.1255793052301991,0.8162004524107807,0.9383027880675907,1.0,53644.84390052579,-0.316667,39.45,101.34485,3.00525,5826.2941629292245,False,0,True,1,True,2
CNDAL,CNYSN,91.0,53,65722.59940594563,649.0762714974627,14.13318985270061,0.49089194812020037,630.6334779772258,83,696,65722.59940594563,0.14149816191719577,0.8195465290472421,0.9394259877821146,0.8461538461538461,45576.15465031968,121.737442,38.978628,122.066667,30.633333,501.3170171739997,False,0,False,0,False,0
ECGYL,USSDI,49.0,3,65653.5219516959,3128.9034452367273,16.613531010668517,0.6371878102531111,630.7000000000002,48,697,65653.5219516959,0.14158871095608083,0.8195655620738862,0.9394323767242746,1.0,53807.36562047188,-79.930086,-2.257278,-117.166667,32.7,2977.801433972702,False,0,False,0,False,0
PHDAV,PHMAN,288.0,62,65571.46575146099,878.0426343345786,12.40907353762656,0.38192234468134423,630.7000000000002,237,698,65571.46575146099,0.14158871095608083,0.8195655620738862,0.9394323767242746,0.3541666666666667,19032.957461214166,125.627031,7.073807,120.94162,14.596732,529.3699031362524,False,0,False,0,False,0
KRBUS,MYPKE,49.0,24,65121.81103742249,2756.179264775014,14.59692086184098,0.37485236624342655,630.6999999999999,43,700,65121.81103742249,0.1415887109560805,0.8195655620738862,0.9394323767242746,0.5306122448979592,28319.62112897998,129.052391,35.112607,101.34485,3.00525,2468.612237049839,False,0,False,0,False,0
BRRDJ,ESALG,35.0,10,64758.79180387597,4294.60847833837,15.347786784009246,0.3101007581033758,630.6999999999999,34,701,64758.79180387597,0.1415887109560805,0.8195655620738862,0.9394323767242746,0.08571428571428572,4549.206480340233,-43.1667,-22.916667,-5.433333,36.116667,4140.712448774055,False,0,False,0,False,0
ESBAR,FRFOS,304.0,124,64687.06166880308,237.95571067015695,7.702996012872029,0.23929149868047264,626.8385455849623,277,702,64687.06166880308,0.13630072079442968,0.8184540488112414,0.9390592677028947,0.4868421052631579,25775.070244154875,2.166667,41.35,4.871235,43.408352,172.2066821215289,False,0,False,0,False,0
AEJAL,CNSHE,28.0,20,64386.84458950944,5040.588217129012,14.79991426145174,0.38435397362696266,630.7,17,703,64386.84458950944,0.1415887109560806,0.8195655620738862,0.9394323767242746,0.6785714285714286,35807.698894540714,55.0606,25.0136,113.8943,22.467416,3211.509810736979,False,0,False,0,True,1
ESALG,GHTEM,58.0,20,64351.51943261499,3004.9398945149555,14.116524000297073,0.3217543846555385,630.7,28,704,64351.51943261499,0.1415887109560806,0.8195655620738862,0.9394323767242746,0.7931034482758621,41828.50522290667,-5.433333,36.116667,0.016667,5.633333,1854.7296107700367,False,0,False,0,False,0
MYTPP,REREU,39.0,10,64333.22712533545,3520.3101244480695,14.336870305466693,0.3659647829746501,630.7000000000002,38,705,64333.22712533545,0.14158871095608083,0.8195655620738862,0.9394323767242746,0.9230769230769231,48669.5053375408,103.549576,1.327854,55.3,-20.916666,3131.244373056214,False,0,False,0,False,0
MYPKE,OMSOH,36.0,27,64026.178753184715,3158.0314113222967,15.317939441293348,0.4069619015197731,630.7000000000002,25,706,64026.178753184715,0.14158871095608083,0.8195655620738862,0.9394323767242746,0.75,39355.238382972704,101.34485,3.00525,56.625595,24.507768,2889.928616137063,False,0,False,0,False,0
TWKAO,USLSA,10.0,8,63371.15112999374,6198.595183523273,18.32394691045878,0.7667846786606151,625.7491410785632,9,707,63371.15112999374,0.1347970545084186,0.8181379844903178,0.9389531722981559,0.9,46661.71127429197,120.260382,22.620829,-118.244,33.738045,6052.155670588136,False,0,False,0,True,1
GRPIR,MTMAL,173.0,86,63297.57402144336,610.1940419068342,10.780401680175347,0.26923010373071177,630.6999999999999,153,708,63297.57402144336,0.1415887109560805,0.8195655620738862,0.9394323767242746,0.3179190751445087,16492.53266297035,23.65,37.933333,14.539518,35.819159,455.3779520288209,False,0,False,0,False,0
AEJAL,INCOC,121.0,15,63146.76676918254,1687.826319640183,14.994664678435894,0.3965734314022136,630.7,82,709,63146.76676918254,0.1415887109560806,0.8195655620738862,0.9394323767242746,0.5454545454545454,28228.862945636556,55.0606,25.0136,76.25,9.966667,1508.626505237855,False,0,False,0,False,0
LKCOL,MUPLO,49.0,33,63024.79236343084,2426.4689538365624,11.632428709988549,0.2758395299996922,630.5326649726328,46,710,63024.79236343084,0.14136089995670797,0.8195176771611994,0.939416302878364,0.1836734693877551,9486.722101453299,79.85,6.95,57.486134,-20.150235,2095.6061952314403,False,0,False,0,False,0
AEJAL,IQUMQ,321.0,60,62968.32949962391,511.62168094329996,12.626373710308831,0.2708301222820783,630.6648164727247,194,711,62968.32949962391,0.14154082190913742,0.819555495997894,0.9394289977778519,0.4143302180685358,21381.94202032608,55.0606,25.0136,47.95,30.033333,483.7047026704872,False,0,False,0,False,0
ESVAL,MATAN,291.0,97,62878.69604795827,487.6343324629931,10.053293818592316,0.25997049365103686,630.6461459003492,255,713,62878.69604795827,0.1415154068260196,0.8195501538544533,0.9394272045451679,0.31958762886597936,16469.067996169277,-0.316667,39.45,-5.797516,35.789733,340.8104154875701,False,0,False,0,False,0
MYPKE,MYTPP,752.0,168,62743.42168760555,202.4343295262745,10.43129176724207,0.25378348154730007,630.5953943955818,522,714,62743.42168760555,0.14144631436941368,0.8195356309110441,0.9394223295325297,0.6781914893617021,34872.92491478384,101.34485,3.00525,103.549576,1.327854,166.25005248822964,False,0,False,0,False,0
MATAN,MTMAL,116.0,54,62656.04166891137,1073.2076015791322,12.945818956927559,0.32618321153449525,624.8129394263507,115,716,62656.04166891137,0.13350065941805445,0.8178654877018371,0.9388617014956957,0.3275862068965517,16786.897714882856,-5.797516,35.789733,14.539518,35.819159,988.4983940492816,False,0,False,0,False,0
SGSGP,SIKOP,8.0,8,62477.080459721124,12612.62669326821,16.088222288161656,0.6249850774930286,630.7,6,717,62477.080459721124,0.1415887109560806,0.8195655620738862,0.9394323767242746,0.625,32002.539727316722,103.802776,1.248823,13.726419,45.550429,5353.3279043581,False,0,True,1,True,2
CNQIN,SAJED,23.0,15,62475.69412047309,6992.162326800309,13.981511786095185,0.2979363971581786,630.7,8,718,62475.69412047309,0.1415887109560806,0.8195655620738862,0.9394323767242746,0.2608695652173913,13357.2854002961,120.2667,36.0333,39.1667,21.466667,4240.503629094053,False,0,False,0,True,1
CNQIN,KRINC,633.0,106,62266.37972760211,351.6997829118636,12.36302363920476,0.3188934967030337,630.6208931261114,336,719,62266.37972760211,0.14148102940869267,0.8195429278661049,0.9394247789497822,0.5971563981042654,30472.87376704879,120.2667,36.0333,126.607819,37.439929,316.5089350126523,False,0,False,0,False,0
MYPKE,TWKAO,67.0,52,62223.13777550947,1848.8044786785372,14.86113404948409,0.4044167879070404,629.1036394396391,50,720,62223.13777550947,0.13941047856241828,0.8191077067979372,0.9392786854102039,0.6268656716417911,31949.745837446655,101.34485,3.00525,120.260382,22.620829,1612.1271225773748,False,0,False,0,False,0
GTSTC,USPEV,232.0,20,62085.23026059808,932.4014758025127,15.59329124055193,0.4880465116908989,630.7,213,721,62085.23026059808,0.1415887109560806,0.8195655620738862,0.9394323767242746,0.05603448275862069,2851.19791489301,-88.616667,15.7,-80.1,26.083333,784.8076154767981,False,0,False,0,False,0
ESVAL,FRLEH,50.0,34,62055.456628755055,1691.680904888739,14.81894750487762,0.32185154332769705,630.6999999999999,42,722,62055.456628755055,0.1415887109560805,0.8195655620738862,0.9394323767242746,0.5,25429.257595848652,-0.316667,39.45,0.094067,49.480233,602.4743705429687,False,0,False,0,False,0
CNXIA,KRINC,240.0,55,61863.10656634427,974.3259927382741,14.247207570057208,0.41834648763141047,630.7,197,724,61863.10656634427,0.1415887109560806,0.8195655620738862,0.9394323767242746,0.7916666666666666,40138.19009954044,118.042517,24.44535,126.607819,37.439929,895.2242949777894,False,0,False,0,False,0
CNWGQ,JPOSK,396.0,73,61862.075710109675,803.2880576976173,14.33957928206083,0.5315598773205679,630.7,390,725,61862.075710109675,0.1415887109560806,0.8195655620738862,0.9394323767242746,0.5252525252525253,26630.317133550445,121.617967,31.353633,135.433333,34.65,722.5610477690506,False,0,False,0,False,0
BSFRE,ZADUR,20.0,10,61673.401050223285,7830.438906828174,15.226617742376543,0.43085671426280925,630.7000000000002,13,726,61673.401050223285,0.14158871095608083,0.8195655620738862,0.9394323767242746,0.5,25272.697798367226,-78.6966,26.5285,31.041098,-29.877639,7143.569422773888,False,0,False,0,True,1
BRSTS,HKHKG,9.0,9,61551.346782059016,10525.442261409626,16.899121228630758,0.4696582264510185,629.257515905657,7,727,61551.346782059016,0.13962092416045013,0.8191519415763931,0.9392935339913727,1.0,50419.90522316552,-46.306133,-23.95,114.181938,22.298785,9726.216211927693,False,0,True,1,True,2
CNNBO,MXLCS,15.0,14,61334.610610243006,7202.486860940132,16.931183155423792,0.47878702987194777,630.7,11,728,61334.610610243006,0.1415887109560806,0.8195655620738862,0.9394323767242746,0.8,40214.187695493405,121.683333,29.966667,-102.166667,17.883333,6975.446068602333,False,0,False,0,True,1
CNWGQ,MYTPP,74.0,37,61261.921390153366,2318.9715806693916,14.373856393443313,0.42186574709766356,630.7,65,729,61261.921390153366,0.1415887109560806,0.8195655620738862,0.9394323767242746,0.8378378378378378,42066.29708576393,121.617967,31.353633,103.549576,1.327854,2073.984656887041,False,0,False,0,False,0
BRRGR,CLSAN,44.0,9,61235.582325099436,3041.096624311718,15.564562202945257,0.3996321885124859,630.7,34,730,61235.582325099436,0.1415887109560806,0.8195655620738862,0.9394323767242746,0.36363636363636365,18249.663435342492,-52.083333,-32.05,-71.616667,-33.5833,988.4409500750281,False,0,False,0,False,0
HKHKG,HKHKG,12914.0,382,61167.22265327799,63.14751199660912,3.2643063042486027,0.20782075003893796,630.696478320454,9298,732,61167.22265327799,0.14158391776382007,0.8195645545650586,0.9394320385271111,0.6550255536626917,32836.75038758956,114.181938,22.298785,114.181938,22.298785,0.0,False,0,False,0,False,0
BRPAR,BRRGR,160.0,89,60997.027816520786,551.2832927293654,12.324353680648972,0.31565365549021157,630.1324630591482,85,733,60997.027816520786,0.14081557174244375,0.819403051467104,0.9393778257121561,0.79375,39672.53838660426,-48.515217,-25.502281,-52.083333,-32.05,435.58403456118594,False,0,False,0,False,0
LBBRT,SGSGP,13.0,11,60962.01140728581,9420.872788784958,15.73310804742316,0.3694796341122038,630.2958287970588,13,734,60962.01140728581,0.14103826288477828,0.8194498602074026,0.939393538312151,0.8461538461538461,42269.879152483605,35.516567,33.904758,103.802776,1.248823,4286.20730531037,False,0,True,1,True,1
CIABI,TGLOM,206.0,114,60919.638535704085,424.97207780493915,11.556275974617302,0.2846484751795813,629.8550666058878,137,735,60919.638535704085,0.1404371756228736,0.8193235141963114,0.9393511269094824,0.4320388349514563,21564.307850724013,-4.0267,5.3364,1.286945,6.137824,321.0581166879594,False,0,False,0,False,0
BDCTG,MYTPP,149.0,23,60776.23125905439,1522.6479592538258,14.252757905323413,0.4162358691287085,630.7,91,736,60776.23125905439,0.1415887109560806,0.8195655620738862,0.9394323767242746,1.0,49810.1061325594,91.883333,22.35,103.549576,1.327854,1434.2282037302625,False,0,False,0,False,0
INMUN,USNFK,7.0,7,60551.97722642265,11606.442188219613,16.870607830768847,0.34162729056061386,630.7000000000002,5,737,60551.97722642265,0.14158871095608083,0.8195655620738862,0.9394323767242746,0.42857142857142855,21268.420821539243,69.7,22.766667,-76.316667,36.85,6743.658737072747,False,0,True,1,True,2
GHTEM,ZADUR,40.0,12,60537.19158902987,3527.1120577205124,13.655047114358345,0.3050573822733115,630.7,7,738,60537.19158902987,0.1415887109560806,0.8195655620738862,0.9394323767242746,0.4,19845.67898041512,0.016667,5.633333,31.041098,-29.877639,2781.3886620400203,False,0,False,0,False,0
BRIOA,BRSTS,349.0,113,60524.59919355142,256.7484660213984,9.058025759083213,0.2304143013529514,630.3904102362279,191,739,60524.59919355142,0.14116713831811045,0.8194769492807554,0.9394026314808862,0.6561604584527221,32544.583621541504,-48.601391,-26.181417,-46.306133,-23.95,183.10721165153583,False,0,False,0,False,0
USSEA,VNHCM,25.0,6,60467.35914518262,6750.1051095659595,15.996483218824674,0.6813605530346274,624.8738406848653,25,741,60467.35914518262,0.1335851099053491,0.8178832388386197,0.9388676601373925,1.0,49455.23954167999,-122.333333,47.6,106.710033,10.776988,6437.819993750476,False,0,False,0,True,1
ESLPA,LKCOL,10.0,10,60192.193089307344,8933.525151412086,16.10388655435065,0.35858905796306845,630.7,10,743,60192.193089307344,0.1415887109560806,0.8195655620738862,0.9394323767242746,0.5,24665.72428084903,-15.4167,28.15,79.85,6.95,5483.639027962772,False,0,True,1,True,1
TWKAO,USSAV,6.0,6,60160.713341940515,13674.324946180344,16.823739379344087,0.35698917715482226,630.7,6,744,60160.713341940515,0.1415887109560806,0.8195655620738862,0.9394323767242746,1.0,49305.64884485342,120.260382,22.620829,-81.0833,32.0833,7301.615039028273,False,0,True,1,True,2
FRLEH,NLROT,237.0,135,60140.613152006496,326.1463569435522,9.500658695018359,0.22874778581401714,629.3822780475593,140,745,60140.613152006496,0.13979147668487568,0.8191877909987788,0.939305567804511,0.5569620253164557,27439.54513470113,0.094067,49.480233,4.03038,52.002215,212.7710146337649,False,0,False,0,False,0
MXMAN,USLSA,97.0,29,60108.72492349082,1254.3343140270729,13.541081366572365,0.3515543720710307,630.6999999999999,92,746,60108.72492349082,0.1415887109560805,0.8195655620738862,0.9394323767242746,0.9587628865979382,47231.57532220907,-104.293756,19.073908,-118.244,33.738045,1154.1423709622322,False,0,False,0,False,0
CNLYG,MYTPP,43.0,9,59940.17233397678,2562.22861293423,14.092130706169984,0.2539480354648208,630.6999999999999,41,747,59940.17233397678,0.1415887109560805,0.8195655620738862,0.9394323767242746,0.023255813953488372,1142.4395588302623,119.483333,34.733333,103.549576,1.327854,2195.1028552545736,False,0,False,0,False,0
GBLGP,MYTPP,6.0,6,59573.753282424615,12024.982881922055,15.851806747161474,0.3973105138113539,630.6999999999999,4,748,59573.753282424615,0.1415887109560805,0.8195655620738862,0.9394323767242746,0.8333333333333334,40687.163828134464,0.486317,51.502973,103.549576,1.327854,5826.185318173343,False,0,True,1,True,2
ESALG,GRPIR,64.0,24,59529.1660676487,1547.260547800257,15.721687583295196,0.3690324266026147,630.7,59,749,59529.1660676487,0.1415887109560806,0.8195655620738862,0.9394323767242746,0.15625,7623.133507503472,-5.433333,36.116667,23.65,37.933333,1392.708170898516,False,0,False,0,False,0
AUMEL,CNNBO,19.0,10,59524.952913171146,5105.496517107727,16.05100496976583,0.341916393277651,630.7000000000002,17,750,59524.952913171146,0.14158871095608083,0.8195655620738862,0.9394323767242746,0.9473684210526315,46216.99088687816,144.912243,-37.858862,121.683333,29.966667,4275.909820453133,False,0,False,0,True,1
CNBYQ,CNNBO,323.0,51,59480.712575166996,778.164568351088,10.044301444048418,0.2933411392749658,630.0677879463182,85,751,59480.712575166996,0.14072737829579807,0.8193845135760285,0.9393716029754331,0.9907120743034056,48284.90376773624,122.0684,40.268517,121.683333,29.966667,618.814916305525,False,0,False,0,False,0
COBUE,MXMAN,45.0,34,59271.32831437447,1984.2125398524531,15.857859061611782,0.48357419632111137,630.1383713165318,43,752,59271.32831437447,0.1408236275647411,0.8194047447670254,0.93937839411336,1.0,48567.20764944258,-77.083333,3.883333,-104.293756,19.073908,1837.4626166445453,False,0,False,0,False,0
EGPSA,GBLGP,28.0,7,59265.54606973476,3387.485690122664,15.152095565236246,0.45121817386634333,630.7,24,753,59265.54606973476,0.1415887109560806,0.8195655620738862,0.9394323767242746,0.4642857142857143,22551.28598183406,32.319633,31.269083,0.486317,51.502973,1853.939634865685,False,0,False,0,False,0
ESBAR,ITGOA,264.0,98,59195.370357218875,416.2417000290554,10.511768847352874,0.2614908262972577,630.3079483963417,234,754,59195.370357218875,0.1410547790529143,0.8194533318363901,0.9393947036568551,0.4053030303030303,19660.375951253005,2.166667,41.35,8.923988,44.403373,349.1155665222279,False,0,False,0,False,0
THLCB,USSAV,7.0,7,59138.74769926933,13315.44699460743,16.106533296151664,0.31251967515515106,630.7,6,755,59138.74769926933,0.1415887109560806,0.8195655620738862,0.9394323767242746,0.8571428571428571,41544.069427283495,100.886078,13.056152,-81.0833,32.0833,8094.724227325242,False,0,True,1,True,2
AEKHA,SADMA,212.0,75,59017.69457171534,358.0308872620506,9.559297575606843,0.23817493992191952,630.22667742995,157,756,59017.69457171534,0.14094401365582165,0.8194300494163881,0.9393868882926716,0.6037735849056604,29199.01728564045,54.659214,24.802318,50.206833,26.510212,261.85372029817717,False,0,False,0,False,0
JPKOB,KRBUS,476.0,84,58756.70712465128,511.1030673586396,11.92301360184041,0.3320375598480436,630.6748932785177,452,758,58756.70712465128,0.14155453820974018,0.8195583791065173,0.939429965570026,0.43067226890756305,20738.83001850145,135.237233,34.685033,129.052391,35.112607,305.5902357378643,False,0,False,0,False,0
MYPKE,VNCMP,138.0,74,58556.186808418024,843.6575168889991,13.740415331594662,0.3314718894955702,629.6445951321159,122,759,58556.186808418024,0.14014984931872543,0.819263119417198,0.9393308537938221,0.7463768115942029,35805.87825638837,101.34485,3.00525,107.012844,10.522075,563.6627741746025,False,0,False,0,False,0
COCTA,USNFK,51.0,29,58537.62428008036,1787.9454419011395,12.892469489529386,0.32275101241189,630.5896717059279,49,760,58537.62428008036,0.14143852287438208,0.8195339931716008,0.9394217797816797,0.9019607843137255,43270.28150869653,-75.540962,10.394286,-76.316667,36.85,1588.9701492420277,False,0,False,0,False,0
ESBAR,GRPIR,146.0,37,58388.263378890086,1239.112597547796,12.61492844710084,0.3463625190141055,630.6999999999999,110,761,58388.263378890086,0.1415887109560805,0.8195655620738862,0.9394323767242746,0.4315068493150685,20648.901529878112,2.166667,41.35,23.65,37.933333,1011.4462561394116,False,0,False,0,False,0
AEJAL,CNDCB,28.0,15,58369.860600555796,5045.2772941591065,14.950157579277848,0.3098472979490106,630.5534820128236,14,762,58369.860600555796,0.1413892469965149,0.8195236355895889,0.9394183029834999,0.7857142857142857,37585.02028931963,55.0606,25.0136,113.852567,22.533467,3208.234419631006,False,0,False,0,True,1
DEHAM,LKCOL,5.0,5,58176.04082156385,10849.388921329028,17.82584849381803,0.6929276552654363,626.9307504438151,3,763,58176.04082156385,0.1364277480140612,0.8184807493978578,0.9390682304657132,0.8,38092.775590907164,9.903145,53.539287,79.85,6.95,4356.950340219927,False,0,True,1,True,2
BDCTG,CNWGQ,67.0,23,58111.088985424365,3795.366761587275,13.6101885361762,0.45157924683779616,630.7000000000004,12,764,58111.088985424365,0.14158871095608105,0.8195655620738863,0.9394323767242746,0.8805970149253731,41939.17897189301,91.883333,22.35,121.617967,31.353633,1675.7269747895396,False,0,False,0,False,0
BRRDJ,FRLEH,14.0,12,58049.02544785778,5200.03299983824,16.024935802848628,0.5010152429374227,630.7000000000002,14,765,58049.02544785778,0.14158871095608083,0.8195655620738862,0.9394323767242746,0.9285714285714286,44176.76915694239,-43.1667,-22.916667,0.094067,49.480233,4921.162818046187,False,0,False,0,True,1
CNGLA,CNGLA,48.0,16,57806.97057806268,2164.4601409286815,10.13478337335751,0.3048491897778075,628.7197694455803,25,766,57806.97057806268,0.13888503859609969,0.8189972615298045,0.9392416115152771,0.625,29589.844125479573,113.212217,21.928867,113.212217,21.928867,0.0,False,0,False,0,False,0
VNDAN,VNHCM,468.0,65,57682.78464836405,535.1541439930799,12.864022861783319,0.3711081953580471,629.6018807860232,345,767,57682.78464836405,0.14009151414209253,0.8192508576087368,0.9393267377913335,0.45726495726495725,21608.81955038572,108.230438,16.111792,106.710033,10.776988,332.3712543479376,False,0,False,0,False,0
AUADE,IDJAK,44.0,8,57586.58234935445,3109.281627008416,15.933478868651475,0.31943803309048124,630.6999999999999,43,768,57586.58234935445,0.1415887109560805,0.8195655620738862,0.9394323767242746,0.5681818181818182,26815.897574467508,138.5,-34.783333,106.788826,-6.09208,2458.5790498657266,False,0,False,0,False,0
GBLGP,MUPLO,9.0,9,57295.19167414013,8531.528172249875,16.59763831566564,0.36263272355207266,630.7,9,769,57295.19167414013,0.1415887109560806,0.8195655620738862,0.9394323767242746,0.2222222222222222,10434.925770788377,0.486317,51.502973,57.486134,-20.150235,5236.153601142985,False,0,True,1,True,1
ESVAL,ITGOA,140.0,78,57239.650828532285,561.0988676667156,10.463140125771355,0.2501310229937031,629.6088799697982,132,770,57239.650828532285,0.14010107350142442,0.819252866945811,0.9393274122788223,0.6071428571428571,28471.204169724573,-0.316667,39.45,8.923988,44.403373,508.2407279713081,False,0,False,0,False,0
FRFOS,ITSPE,212.0,124,56987.450811726936,296.6736405891153,10.025337094569812,0.2666826527269044,630.0897453631667,204,773,56987.450811726936,0.14075732229549032,0.8193908076786605,0.9393737157585662,0.7641509433962265,35682.02321888376,4.871235,43.408352,9.816667,44.083333,218.2624289507669,False,0,False,0,False,0
CNYTN,USSAV,7.0,7,56877.90706281085,13118.557218890188,15.015789033674784,0.30406842249040994,630.7,6,774,56877.90706281085,0.1415887109560806,0.8195655620738862,0.9394323767242746,1.0,46615.17387151884,114.263091,22.566543,-81.0833,32.0833,7409.78928661257,False,0,True,1,True,2
PTSNS,SGSGP,5.0,5,56699.33422688193,10942.048471571416,17.2548019580602,0.6289833153215615,628.6835546366831,5,775,56699.33422688193,0.1388354347635582,0.8189868350131011,0.9392381115773327,1.0,46436.00828582403,-8.866667,37.95,103.802776,1.248823,6417.390450474318,False,0,True,1,True,2
CNSHE,CNZOS,99.0,47,56675.345539165,835.5040964818396,14.357738968485444,0.29359398538182335,626.3370241515252,93,776,56675.345539165,0.13560913833344934,0.8183086810904073,0.9390104711568854,0.7171717171717171,33260.93773084143,113.8943,22.467416,122.099218,30.006902,632.1490242397931,False,0,False,0,False,0
CNQIN,USNFK,6.0,6,56574.91582549607,11862.013455687398,15.36538155929112,0.4791148434343535,630.6999999999999,3,777,56574.91582549607,0.1415887109560805,0.8195655620738862,0.9394323767242746,1.0,46366.85268780548,120.2667,36.0333,-76.316667,36.85,6334.855302265171,False,0,True,1,True,2
MYPKE,TGLOM,21.0,10,56571.32598981547,8091.419577701585,13.995802160685614,0.24512683709097793,630.7,12,778,56571.32598981547,0.1415887109560806,0.8195655620738862,0.9394323767242746,0.5238095238095238,24285.85792396142,101.34485,3.00525,1.286945,6.137824,5983.620724673869,False,0,True,1,True,1
TRMER,USSAV,41.0,12,56476.35079591228,5843.678346940484,13.768800370680609,0.35861080123030525,630.7,25,779,56476.35079591228,0.1415887109560806,0.8195655620738862,0.9394323767242746,0.6341463414634146,29352.143336153153,34.633333,36.783333,-81.0833,32.0833,5322.465645740416,False,0,False,0,True,1
QAHMD,SADMA,247.0,99,56467.43778742582,279.2974502370581,8.272227020876716,0.2211515788301239,629.405565811129,147,780,56467.43778742582,0.13982330406899768,0.8191944809808864,0.9393078134751306,0.6234817813765182,28840.903895348103,51.638489,25.021684,50.206833,26.510212,118.23365316646628,False,0,False,0,False,0
BRRDJ,ESLPA,22.0,9,56370.010376661165,3566.2173555271993,15.489291845413822,0.41547113880472325,630.7,22,781,56370.010376661165,0.1415887109560806,0.8195655620738862,0.9394323767242746,1.0,46198.91923845911,-43.1667,-22.916667,-15.4167,28.15,3461.6514774052307,False,0,False,0,False,0
AEKHA,PACRI,8.0,7,56228.93603628793,11882.340884032761,16.861093069254355,0.4458261126253612,630.6999999999999,4,782,56228.93603628793,0.1415887109560805,0.8195655620738862,0.9394323767242746,0.25,11520.824891849228,54.659214,24.802318,-79.916667,9.35,7450.435204041074,False,0,True,1,True,2
CNSHE,IDSUR,91.0,28,56108.34533468163,2004.047360215902,15.797678113089198,0.5439849108583267,630.3307002367869,72,783,56108.34533468163,0.14108578275400463,0.8194598486837934,0.9393968912102013,0.7802197802197802,35873.363391514205,113.8943,22.467416,112.731533,-7.1937,1782.1790035620993,False,0,False,0,False,0
GRPIR,TRBAM,325.0,107,56040.12235414004,399.6055384053881,10.467896262638233,0.25435121981269804,630.6651991821103,273,784,56040.12235414004,0.14154134285176279,0.81955560549784,0.9394290345344243,0.3384615384615385,15544.860322748402,23.65,37.933333,28.678178,40.961688,295.55813655645994,False,0,False,0,False,0
NGLAG,ZADUR,37.0,12,56022.424389315944,3639.044471935002,12.683735034361952,0.2901291278450556,630.7,20,785,56022.424389315944,0.1415887109560806,0.8195655620738862,0.9394323767242746,0.43243243243243246,19854.72420902552,3.3833,6.45,31.041098,-29.877639,2701.4049995353125,False,0,False,0,False,0
CNNBO,USOAK,11.0,11,55963.175425356414,5799.111437547535,16.601359333206325,0.552732427035593,628.3923720007173,6,787,55963.175425356414,0.13843639082337234,0.8189029576573694,0.9392099559095914,0.8181818181818182,37495.971716500295,121.683333,29.966667,-122.320518,37.814824,5382.062599072492,False,0,False,0,True,1
CNMWN,KRBUS,92.0,41,55944.470165645485,1219.7095004247049,15.202510183245106,0.40965393583100784,628.4816514039743,91,788,55944.470165645485,0.1385587808481622,0.8189286835251586,0.9392185914820831,0.7065217391304348,32368.962333828225,113.862187,22.508158,129.052391,35.112607,1097.9643461307066,False,0,False,0,False,0
CNRIZ,CNXIA,274.0,27,55859.59888824845,881.3290422159969,12.229481958418274,0.4476937735491069,630.7,190,789,55859.59888824845,0.1415887109560806,0.8195655620738862,0.9394323767242746,0.8102189781021898,37092.31383334071,119.533333,35.35,118.042517,24.44535,659.2749908439893,False,0,False,0,False,0
CNMWN,TWKAO,224.0,73,55754.7545278555,392.27191620963174,12.60288324044066,0.3382045606590202,630.5195659049155,219,790,55754.7545278555,0.14134306169708144,0.8195139276341483,0.9394150442497756,0.8526785714285714,38960.41693157825,113.862187,22.508158,120.260382,22.620829,354.780399052981,False,0,False,0,False,0
BSFRE,LKCOL,6.0,5,55658.535322924814,11279.187413306,15.650213248466049,0.3349770912213312,630.6999999999999,6,791,55658.535322924814,0.1415887109560805,0.8195655620738862,0.9394323767242746,0.16666666666666666,7602.6364643570205,-78.6966,26.5285,79.85,6.95,8440.740277578627,False,0,True,1,True,2
BSFRE,USMIA,115.0,40,55646.98998500684,270.66144894005225,3.3362231205127113,0.20344510646328645,630.7,113,792,55646.98998500684,0.1415887109560806,0.8195655620738862,0.9394323767242746,0.1391304347826087,6345.232226056633,-78.6966,26.5285,-80.1833,25.7833,91.76651162935869,False,0,False,0,False,0
IDSUR,TWKAO,69.0,12,55638.471783531095,2017.0847954853164,16.07270824107197,0.4500065366162276,630.6999999999999,56,793,55638.471783531095,0.1415887109560805,0.8195655620738862,0.9394323767242746,0.9565217391304348,43616.79386106251,112.731533,-7.1937,120.260382,22.620829,1843.9697611077236,False,0,False,0,False,0
AEJAL,DJDJI,138.0,51,55540.390760154514,1750.846358014918,12.968122469381953,0.32560715708768806,630.4578526372917,56,795,55540.390760154514,0.1412590108359354,0.8194962604970991,0.9394091138048258,0.26811594202898553,12203.335317219477,55.0606,25.0136,43.133333,11.583333,1053.3306423586382,False,0,False,0,False,0
DEHAM,MTMAL,41.0,8,55516.51210865706,2756.6128839246217,13.590974762518796,0.3067189245187016,630.7000000000002,41,796,55516.51210865706,0.14158871095608083,0.8195655620738862,0.9394323767242746,0.36585365853658536,16646.129799041424,9.903145,53.539287,14.539518,35.819159,1081.604188353631,False,0,False,0,False,0
BRPEC,BRSUA,283.0,36,55480.497313759195,470.1252426954622,15.022284684128438,0.4277707418544344,630.5735659315256,199,797,55480.497313759195,0.14141659395409711,0.8195293838049063,0.9394202325250213,0.9045936395759717,41129.97113372479,-38.795986,-3.528841,-34.9681,-8.3911,370.7334536758534,False,0,False,0,False,0
COCTA,MXVER,44.0,23,55220.36557687098,1614.4110394197887,14.269269846815579,0.37592498189312723,630.7000000000002,43,799,55220.36557687098,0.14158871095608083,0.8195655620738862,0.9394323767242746,0.38636363636363635,17485.54702688349,-75.540962,10.394286,-96.1333,19.2,1305.3755463209409,False,0,False,0,False,0
USLSA,VNCMP,12.0,12,55137.73954910464,7398.424954198047,16.539700455259734,0.4253565391575664,629.9096306188328,12,801,55137.73954910464,0.14051163264781275,0.8193391647493925,0.9393563804343303,0.8333333333333334,37647.09122361079,-118.244,33.738045,107.012844,10.522075,7102.876097945025,False,0,False,0,True,1
USBAL,VNCMP,6.0,6,55117.1145532489,13240.307737070125,16.97465122053886,0.41765308619124275,630.7,6,802,55117.1145532489,0.1415887109560806,0.8195655620738862,0.9394323767242746,1.0,45172.08896872421,-76.583333,39.283333,107.012844,10.522075,7810.200346284313,False,0,True,1,True,2
ESALG,ESVAL,266.0,102,55095.61882113315,444.9474105017262,10.645839101547004,0.24217934533577853,630.7,234,803,55095.61882113315,0.1415887109560806,0.8195655620738862,0.9394323767242746,0.20300751879699247,9166.697284117785,-5.433333,36.116667,-0.316667,39.45,314.55123513581873,False,0,False,0,False,0
PACRI,USSAV,41.0,22,54966.42416475948,1627.5728812438165,15.871252128554893,0.36616916112718273,630.7,18,804,54966.42416475948,0.1415887109560806,0.8195655620738862,0.9394323767242746,0.24390243902439024,10987.46056482506,-79.916667,9.35,-81.0833,32.0833,1366.4596659099961,False,0,False,0,False,0
AEKHA,ITGIT,4.0,4,54917.40699592785,11309.797072952593,15.696549212681447,0.5774980481554449,630.6999999999999,3,805,54917.40699592785,0.1415887109560805,0.8195655620738862,0.9394323767242746,0.75,33756.31164919348,54.659214,24.802318,15.909341,38.462848,2124.6603342160083,False,0,True,1,True,2
EGDAM,MYPKE,21.0,10,54865.75046930766,4993.331173505186,14.763708556138171,0.3050781357142907,630.7,10,806,54865.75046930766,0.1415887109560806,0.8195655620738862,0.9394323767242746,0.42857142857142855,19271.176980850167,31.757526,31.481673,101.34485,3.00525,4267.0800141664995,False,0,False,0,False,0
PTSNS,USBOS,31.0,23,54816.30623994514,3047.1045895552247,15.036903464217211,0.32898967139840485,630.7000000000002,31,807,54816.30623994514,0.14158871095608083,0.8195655620738862,0.9394323767242746,0.1935483870967742,8695.269064713853,-8.866667,37.95,-71.083333,42.35,2803.3694693481966,False,0,False,0,False,0
CNNSA,VNCMP,114.0,38,54792.25201590557,937.1476813245911,15.416842090069395,0.3420334397318179,630.4443427422922,112,808,54792.25201590557,0.14124060873473654,0.8194923924529239,0.9394078153928093,0.7719298245614035,34661.0646046581,113.682083,22.64515,107.012844,10.522075,822.416996246385,False,0,False,0,False,0
CNNSA,PHMAN,297.0,96,54705.64361813567,724.7709090342286,11.927867772940889,0.3502882390790812,630.6111395874228,144,809,54705.64361813567,0.14146775086432695,0.8195401367719992,0.9394238420447308,0.67003367003367,30039.934881981222,113.682083,22.64515,120.94162,14.596732,635.3910176260226,False,0,False,0,False,0
ARBNA,UYMON,451.0,158,54619.590683696675,158.09684803000724,10.078523198409455,0.21201927995875833,629.745570085048,223,811,54619.590683696675,0.14028771980582067,0.8192920992129709,0.9393405816338795,0.729490022172949,32644.240148541678,-58.362293,-34.592025,-56.216667,-34.916667,107.62006345736674,False,0,False,0,False,0
QAHMD,SGSGP,25.0,15,54608.62766072189,3760.934335251114,14.724984701944946,0.27210611944795515,630.4243566650833,23,812,54608.62766072189,0.1412133838483307,0.8194866698964537,0.9394058944643632,0.32,14320.333577376114,51.638489,25.021684,103.802776,1.248823,3338.459396842805,False,0,False,0,False,0
KEMOM,LKCOL,52.0,38,54588.45888311476,2824.0576213466247,12.319667704035675,0.27484650770276725,630.6999999999998,47,813,54588.45888311476,0.1415887109560804,0.8195655620738861,0.9394323767242746,0.2692307692307692,12045.067188885008,39.647169,-4.053188,79.85,6.95,2498.1755773626955,False,0,False,0,False,0
CNWGQ,TWKEE,461.0,33,54462.60286170143,530.957999786734,11.940973830186028,0.3474542387005415,630.7000000000002,399,814,54462.60286170143,0.14158871095608083,0.8195655620738862,0.9394323767242746,0.34273318872017355,15298.126786907667,121.617967,31.353633,121.7559,25.15113,372.47245164384344,False,0,False,0,False,0
BRPAR,COCTA,25.0,15,54427.28610596678,4455.082313797909,15.248845931796174,0.34746044816416116,630.6999999999999,22,815,54427.28610596678,0.1415887109560805,0.8195655620738862,0.9394323767242746,0.4,17842.691731837152,-48.515217,-25.502281,-75.540962,10.394286,2672.3625306687313,False,0,False,0,False,0
INMUN,PACRI,9.0,7,54286.85189530962,11441.265091687541,16.219750601393873,0.3562208279641323,630.7,8,816,54286.85189530962,0.1415887109560806,0.8195655620738862,0.9394323767242746,0.2222222222222222,9887.029841511387,69.7,22.766667,-79.916667,9.35,8178.757028058372,False,0,True,1,True,2
BRPEC,BRSAL,119.0,38,54238.70377329662,859.0652189598944,15.366462520097832,0.4027115306704904,630.7,104,817,54238.70377329662,0.1415887109560806,0.8195655620738862,0.9394323767242746,0.6890756302521008,30630.909638805966,-38.795986,-3.528841,-38.516667,-12.966667,566.8938443403949,False,0,False,0,False,0
CNWGQ,JPKOB,324.0,67,53810.08615559449,816.6399673853875,12.867969344443635,0.4486584533745798,630.6767359489191,258,819,53810.08615559449,0.14155704636003896,0.8195589063091474,0.939430142539626,0.4660493827160494,20553.0272810805,121.617967,31.353633,135.237233,34.685033,713.5438839788595,False,0,False,0,False,0
CIABI,GBLGP,26.0,13,53709.04642186872,3818.9668407148083,14.527473327167705,0.2836184178167832,630.7,22,820,53709.04642186872,0.1415887109560806,0.8195655620738862,0.9394323767242746,0.3076923076923077,13544.026098212702,-4.0267,5.3364,0.486317,51.502973,2781.0146498842146,False,0,False,0,False,0
DOCUC,JMKIN,231.0,60,53509.44384977219,558.6688874032124,9.573420659388661,0.2725393019919553,630.7000000000002,218,821,53509.44384977219,0.14158871095608083,0.8195655620738862,0.9394323767242746,0.5324675324675324,23351.096031493293,-69.629288,18.426403,-76.7936,17.997,409.38700726360116,False,0,False,0,False,0
MATAN,NGLAG,43.0,15,53311.17031668751,3234.8920275808296,14.190119058502,0.3422318639930365,630.7,42,822,53311.17031668751,0.1415887109560806,0.8195655620738862,0.9394323767242746,0.6511627906976745,28450.60417282686,-5.797516,35.789733,3.3833,6.45,1832.758353460379,False,0,False,0,False,0
CIABI,MYPKE,22.0,8,53201.51276747982,8166.281189279646,14.093115513842898,0.2544465865755736,630.6999999999999,19,823,53201.51276747982,0.1415887109560805,0.8195655620738862,0.9394323767242746,0.45454545454545453,19819.14896111847,-4.0267,5.3364,101.34485,3.00525,6303.787311893962,False,0,True,1,True,1
ARBNA,BRIOA,106.0,45,53087.85206521511,904.2831618580035,13.186321502922913,0.287529159085404,630.5315724433837,44,825,53087.85206521511,0.14135941218294334,0.8195173644374196,0.9394161979043008,0.6792452830188679,29551.52826212516,-58.362293,-34.592025,-48.601391,-26.181417,713.7815292241158,False,0,False,0,False,0
CNTJN,MXLCS,10.0,9,53014.59275978918,7685.960117070625,17.324627089538005,0.5232081578588361,630.7,10,826,53014.59275978918,0.1415887109560806,0.8195655620738862,0.9394323767242746,0.7,30414.254159306354,117.8143,38.97075,-102.166667,17.883333,6721.638543386781,False,0,False,0,True,1
GBLGP,INNSA,6.0,6,52999.134875190866,11021.52066992871,17.250603931386173,0.3499839974752526,630.7,6,827,52999.134875190866,0.1415887109560806,0.8195655620738862,0.9394323767242746,0.8333333333333334,36196.88813617959,0.486317,51.502973,72.9428,18.953883,3868.2061456891515,False,0,True,1,True,2
CAHFX,GBSOU,36.0,11,52956.57555272058,2704.77980760877,13.685428421841559,0.25873799836381767,630.7,35,828,52956.57555272058,0.1415887109560806,0.8195655620738862,0.9394323767242746,0.3888888888888889,16878.316625478645,-63.57595,44.655955,-1.4,50.9,2460.964695869584,False,0,False,0,False,0
BRPAR,UYMON,100.0,61,52917.75400962103,863.9412493864228,12.884321427580446,0.32083377619136605,628.5576587918276,61,829,52917.75400962103,0.13866294932967071,0.8189505793012866,0.93922594138233,0.71,30769.287964066505,-48.515217,-25.502281,-56.216667,-34.916667,691.6610805195432,False,0,False,0,False,0
CNQIN,JPYOK,208.0,53,52875.90100594935,1146.6473872261324,14.357684718262124,0.5027182791417758,630.6501134904645,170,830,52875.90100594935,0.14152080778435316,0.81955128911315,0.9394275856249765,0.8269230769230769,35834.30868836806,120.2667,36.0333,139.679832,35.450183,945.130338375927,False,0,False,0,False,0
CNYSN,TWKAO,101.0,51,52875.83347023161,694.2524938071773,10.883562613374423,0.2425709451671884,629.9268682832538,88,831,52875.83347023161,0.14053515215903878,0.8193441084516044,0.9393580399196071,0.7227722772277227,31313.02665575324,122.066667,30.633333,120.260382,22.620829,490.71837048849153,False,0,False,0,False,0
AUSYD,NZAKL,105.0,40,52849.2402324898,1419.2638063248266,12.000302337441134,0.3037956955931842,630.4849513910075,82,832,52849.2402324898,0.14129592021897397,0.8195040186939772,0.9394117180501751,0.5428571428571428,23511.232295815065,151.2111,-33.86,174.769478,-36.840752,1164.4294492926301,False,0,False,0,False,0
GBFEL,NLROT,299.0,158,52616.91774777363,201.77880780354099,7.163053672941917,0.21995325337803068,629.3545094686142,210,833,52616.91774777363,0.1397535222920342,0.819179813145241,0.9393028898255554,0.6588628762541806,28398.779997435602,1.3,51.933333,4.03038,52.002215,101.07872042315813,False,0,False,0,False,0
JMKIN,USNFK,68.0,26,52559.011813364246,1348.526536224374,13.510313394035446,0.39967938127779107,630.4713492183229,44,834,52559.011813364246,0.14127739401442463,0.8195001245638004,0.9394104108816975,0.8970588235294118,38638.2223589432,-76.7936,17.997,-76.316667,36.85,1132.2234633663163,False,0,False,0,False,0
JPKOB,TWKEE,169.0,34,52523.58584195955,952.8212305650826,14.923659343165443,0.4833443629484925,630.7000000000002,169,835,52523.58584195955,0.14158871095608083,0.8195655620738862,0.9394323767242746,0.6035502958579881,25980.741180920486,135.237233,34.685033,121.7559,25.15113,903.8895248441098,False,0,False,0,False,0
ESALG,FRLEH,51.0,27,52502.99250544549,1322.2976362290772,12.76486702469238,0.3149978795848806,618.6984763428225,48,836,52502.99250544549,0.12493723404612234,0.8160654917518447,0.9382574849290023,0.8627450980392157,36965.0732840312,-5.433333,36.116667,0.094067,49.480233,837.9045129961557,False,0,False,0,False,0
JMKIN,MXVER,99.0,29,52413.2312557464,1284.857292354407,13.726505656819311,0.39220902849145867,630.7,84,837,52413.2312557464,0.1415887109560806,0.8195655620738862,0.9394323767242746,0.5050505050505051,21694.989562739585,-76.7936,17.997,-96.1333,19.2,1102.3296074860846,False,0,False,0,False,0
AUADE,AUMEL,169.0,64,52298.51225161701,545.1923102959577,12.762599803422972,0.2692640063159859,630.7,150,839,52298.51225161701,0.1415887109560806,0.8195655620738862,0.9394323767242746,0.46745562130177515,20036.110695507912,138.5,-34.783333,144.912243,-37.858862,360.8630696201377,False,0,False,0,False,0
CIABI,ESLPA,38.0,25,52267.14138247097,2047.902851470412,16.111121254620045,0.39749328652670746,630.7000000000002,38,840,52267.14138247097,0.14158871095608083,0.8195655620738862,0.9394323767242746,0.2631578947368421,11272.723448715815,-4.0267,5.3364,-15.4167,28.15,1515.8082900694567,False,0,False,0,False,0
DOCUC,FRLEH,21.0,10,52230.758881484646,3954.214472557375,15.92971306163474,0.44017129566513774,630.7,21,841,52230.758881484646,0.1415887109560806,0.8195655620738862,0.9394323767242746,0.9523809523809523,40768.12500976151,-69.629288,18.426403,0.094067,49.480233,3782.904184855397,False,0,False,0,False,0
INNSA,USNYK,6.0,6,52189.20316775037,11492.069080665038,17.4942508642076,0.41265603876602497,630.7000000000002,4,842,52189.20316775037,0.14158871095608083,0.8195655620738862,0.9394323767242746,0.5,21386.236814182786,72.9428,18.953883,-74.049568,40.663452,6781.763530912621,False,0,True,1,True,2
GTPQL,PECAL,45.0,22,52136.20296592168,1850.586329883177,15.442187222916786,0.3612186876352288,627.6888026107416,25,843,52136.20296592168,0.1374706737667475,0.8186999679989949,0.9391418170260246,0.8222222222222222,35095.65744204888,-90.783333,13.916667,-77.15,-12.05,1757.5443973576055,False,0,False,0,False,0
BSFRE,PABAL,57.0,31,52090.1268079224,1353.150210742605,12.346706658484887,0.2675477810664776,630.7,20,844,52090.1268079224,0.1415887109560806,0.8195655620738862,0.9394323767242746,0.14035087719298245,5991.757762222446,-78.6966,26.5285,-79.57037,8.954178,1056.3406376051973,False,0,False,0,False,0
CNQIZ,THLCB,151.0,29,52012.399303580074,1392.9140152867114,14.667322409615691,0.4622691179899492,629.7339395974732,124,845,52012.399303580074,0.14027184187330988,0.8192887617384238,0.9393394613216853,0.40397350993377484,17214.593559264566,108.6,21.683333,100.886078,13.056152,680.5782162543501,False,0,False,0,False,0
CNSHE,JPTOK,119.0,31,51900.95389221293,1661.3173030946236,15.305425660687035,0.5839220745562981,629.4853379685503,117,847,51900.95389221293,0.1399323108188918,0.8192173937406536,0.9393155047530137,0.9831932773109243,41803.57318560675,113.8943,22.467416,139.75,35.6667,1563.9268842371898,False,0,False,0,False,0
CNQIZ,CNTJN,109.0,25,51737.08557875842,1835.9480190169202,11.374130842380533,0.3128175400577367,630.7,59,849,51737.08557875842,0.1415887109560806,0.8195655620738862,0.9394323767242746,0.8256880733944955,35010.770880897166,108.6,21.683333,117.8143,38.97075,1140.9250600646076,False,0,False,0,False,0
COBUE,GTPQL,84.0,41,51646.35814047497,1039.6424523851847,15.845207040433875,0.4076340488248105,630.3585029018541,75,850,51646.35814047497,0.14112366612385463,0.8194678116085974,0.9393995641779299,0.8928571428571429,37787.97150261509,-77.083333,3.883333,-90.783333,13.916667,1010.6450633437411,False,0,False,0,False,0
CLSAN,CNYSN,8.0,8,51570.44981142832,10224.690090395872,17.461694484762205,0.4240889180255544,629.6481680541742,8,851,51570.44981142832,0.14015472851591215,0.8192641450038988,0.9393311980593052,0.875,36968.59291319801,-71.616667,-33.5833,122.066667,30.633333,10089.821331622263,False,0,True,1,True,2
ARBNA,BRPAR,80.0,38,51456.61165692324,912.7393224264308,14.960119654146787,0.3986639440701893,629.4912600855137,20,852,51456.61165692324,0.13994040214878734,0.8192190945041227,0.9393160756595561,0.8625,36358.03097175764,-58.362293,-34.592025,-48.515217,-25.502281,747.3220893481191,False,0,False,0,False,0
CRPMN,GBSOU,32.0,7,51352.68457165346,4772.558349829796,15.99384851900434,0.4341441923217301,630.7000000000002,30,853,51352.68457165346,0.14158871095608083,0.8195655620738862,0.9394323767242746,0.15625,6576.076842964086,-83.090115,10.006213,-1.4,50.9,4624.336965794253,False,0,False,0,False,0
CNWGQ,CNYSN,3852.0,164,51339.32793469997,142.92755361982765,7.194001923345725,0.2224745795877544,630.6811442053969,2033,854,51339.32793469997,0.14156304659763275,0.8195601675338209,0.9394305659032685,0.43120456905503635,18143.22037527928,121.617967,31.353633,122.066667,30.633333,49.026764089872806,False,0,False,0,False,0
COCTA,USSAV,73.0,20,51196.384043640755,1531.4116209585763,14.38408484782225,0.2873845879404933,630.6999999999999,52,856,51196.384043640755,0.1415887109560805,0.8195655620738862,0.9394323767242746,0.9863013698630136,41384.015274947145,-75.540962,10.394286,-81.0833,32.0833,1338.0153533095151,False,0,False,0,False,0
AEJAL,QAHMD,368.0,98,51030.31923636905,230.82954525359014,10.800549453365663,0.24611752263012152,630.6700341871697,286,857,51030.31923636905,0.1415479241886356,0.8195569888671347,0.9394294988991612,0.5706521739130435,23865.96060489217,55.0606,25.0136,51.638489,25.021684,186.18357506480382,False,0,False,0,False,0
CNQIN,THLCB,69.0,24,50913.847658915154,2592.8853114026824,15.124030523693218,0.48410499426083997,630.3616148007628,65,858,50913.847658915154,0.1411279061287397,0.8194687028397684,0.939399863343402,0.9420289855072463,39303.62036733522,120.2667,36.0333,100.886078,13.056152,1731.2000409450961,False,0,False,0,False,0
MYTPP,VNHCM,259.0,44,50776.25377764235,696.6207656105905,12.441983713202754,0.34562554742429313,630.5727777478762,244,859,50776.25377764235,0.14141552076885,0.8195291582258868,0.9394201568034172,0.583011583011583,24260.63976044224,103.549576,1.327854,106.710033,10.776988,597.8184807902325,False,0,False,0,False,0
CNTJN,MYPKE,28.0,16,50679.75954251178,3074.7681420721433,15.21613624665605,0.3031940030156083,630.6999999999999,24,860,50679.75954251178,0.1415887109560805,0.8195655620738862,0.9394323767242746,0.5357142857142857,22251.09943672932,117.8143,38.97075,101.34485,3.00525,2339.554632120921,False,0,False,0,False,0
FRLEH,INMUN,6.0,6,50571.51899820093,11091.997551819935,16.844066079774713,0.4299718162883726,630.7000000000002,4,862,50571.51899820093,0.14158871095608083,0.8195655620738862,0.9394323767242746,0.5,20723.33769634538,0.094067,49.480233,69.7,22.766667,3590.7274198981677,False,0,True,1,True,2
CNLYG,CNQIN,991.0,129,50542.12983667104,161.74063848742153,10.325413585357037,0.2513800283981164,630.5434102026841,579,863,50542.12983667104,0.14137553221598098,0.8195207528004778,0.9394173352985786,0.7194752774974773,29800.899313941718,119.483333,34.733333,120.2667,36.0333,86.96079965186888,False,0,False,0,False,0
JPKOB,JPTOK,346.0,85,50537.29969281718,381.22899035571925,13.240991595329104,0.332161526824563,630.3164536950478,301,864,50537.29969281718,0.1410663693987375,0.8194557680782717,0.9393955214463091,0.708092485549133,29324.291980962225,135.237233,34.685033,139.75,35.6667,229.15380291370838,False,0,False,0,False,0
DEHAM,PLGDA,71.0,37,50334.454698385925,971.3972169556733,14.358527519558237,0.4484944292718727,627.8695371630516,69,865,50334.454698385925,0.1377189560011992,0.8187521558790847,0.9391593352775135,0.8732394366197183,35987.45752896759,9.903145,53.539287,18.666667,54.35,313.2736938197073,False,0,False,0,False,0
CNNSA,IDSUR,77.0,17,50195.66816098883,1973.7586568604133,15.90273598934278,0.4466273392388233,630.6398057223143,69,866,50195.66816098883,0.14150677599569217,0.8195483396902655,0.9394265955726551,0.38961038961038963,16027.705130252696,113.682083,22.64515,112.731533,-7.1937,1792.409293417635,False,0,False,0,False,0
CAHFX,PTSNS,42.0,21,50191.800023720556,2671.935371622308,13.997336942746859,0.2998257500586481,630.7,41,867,50191.800023720556,0.1415887109560806,0.8195655620738862,0.9394323767242746,0.11904761904761904,4897.079856897693,-63.57595,44.655955,-8.866667,37.95,2453.339829550343,False,0,False,0,False,0
AUFRE,MYTPP,54.0,10,50027.983303863184,2422.1852781677867,14.000524213753792,0.3632739899575705,630.6999999999999,50,868,50027.983303863184,0.1415887109560805,0.8195655620738862,0.9394323767242746,0.5740740740740741,23537.73296169375,115.75,-32.05,103.549576,1.327854,2120.708795508852,False,0,False,0,False,0
BRRGR,UYMON,190.0,79,49926.17228555545,391.20205229306794,10.974121295154726,0.28052377608414986,630.2464618233423,140,869,49926.17228555545,0.14097098072760927,0.8194357177813113,0.9393887910302819,0.7947368421052632,32513.708485557992,-52.083333,-32.05,-56.216667,-34.916667,269.14597688403063,False,0,False,0,False,0
AEJAL,MYTPP,24.0,14,49823.025267197954,3547.833825517177,16.001572150977196,0.5055855474968849,630.7,19,870,49823.025267197954,0.1415887109560806,0.8195655620738862,0.9394323767242746,0.7083333333333334,28923.54195936054,55.0606,25.0136,103.549576,1.327854,3145.7127839700565,False,0,False,0,False,0
USMIA,USSAV,169.0,44,49817.796344507755,501.0066272779884,10.885922574300205,0.2913628126536789,630.7000000000002,163,871,49817.796344507755,0.14158871095608083,0.8195655620738862,0.9394323767242746,0.5739644970414202,23434.36790206972,-80.1833,25.7833,-81.0833,32.0833,381.1941123804429,False,0,False,0,False,0
ECGYL,MXMAN,34.0,17,49715.58499124436,2030.1676950094559,13.948765664913237,0.3410033968291266,627.1566511778451,34,872,49715.58499124436,0.13673880523596138,0.8185461323159446,0.9390901779830324,0.8235294117647058,33513.117490923985,-79.930086,-2.257278,-104.293756,19.073908,1925.5406947805131,False,0,False,0,False,0
BRSTS,UYMON,81.0,62,49693.77004508629,930.3133847815035,13.944705508384907,0.3425171646974707,630.7,36,873,49693.77004508629,0.1415887109560806,0.8195655620738862,0.9394323767242746,0.6666666666666666,27151.535052381063,-46.306133,-23.95,-56.216667,-34.916667,836.8648213630972,False,0,False,0,False,0
GBLGP,SGSGP,6.0,5,49632.4646808867,11901.209913215189,15.269089294938324,0.4731102196610949,630.1952721615869,5,874,49632.4646808867,0.14090120330007672,0.8194210508598979,0.9393838676875932,1.0,40669.88636557895,0.486317,51.502973,103.802776,1.248823,5839.225535712882,False,0,True,1,True,2
ESVAL,FRFOS,192.0,106,49621.309327494935,376.8507471102167,10.962037850496122,0.25712156296209326,629.3140823482858,170,875,49621.309327494935,0.13969826008061725,0.8191681972611271,0.9392989906447721,0.5208333333333334,21170.936722677492,-0.316667,39.45,4.871235,43.408352,333.07108511610943,False,0,False,0,False,0
SGSGP,TRMER,6.0,6,49619.959463157524,12922.730873328828,15.048944932521376,0.32079942351438656,630.7,6,876,49619.959463157524,0.1415887109560806,0.8195655620738862,0.9394323767242746,1.0,40666.809967506146,103.802776,1.248823,34.633333,36.783333,4363.44922163539,False,0,True,1,True,2
COCTA,USHOU,39.0,26,49507.745213498914,1724.8862464728504,11.941843662240625,0.3029342002291652,630.7000000000002,38,877,49507.745213498914,0.14158871095608083,0.8195655620738862,0.9394323767242746,0.3333333333333333,13524.947677637329,-75.540962,10.394286,-94.97475,29.6069,1586.070598313812,False,0,False,0,False,0
CNMWN,INKUP,29.0,19,49491.212816828374,3090.437763413046,15.719679751852013,0.33516727172127786,630.6999999999998,27,878,49491.212816828374,0.1415887109560804,0.8195655620738861,0.9394323767242746,0.3793103448275862,15385.318281012582,113.862187,22.508158,80.345767,13.304483,1987.8219508142129,False,0,False,0,False,0
CNQIN,MXMAN,14.0,12,49442.97447978674,7069.488803096945,16.743671374924727,0.5016619420094922,630.0529019680017,10,879,49442.97447978674,0.14070707664561177,0.8193802462546558,0.9393701705353941,0.7857142857142857,31831.32590377954,120.2667,36.0333,-104.293756,19.073908,6642.2367857844065,False,0,False,0,True,1
CNYTN,USCHA,5.0,4,49368.46704645642,13906.89531327703,17.46770205948249,0.4056896733095275,630.7,5,880,49368.46704645642,0.1415887109560806,0.8195655620738862,0.9394323767242746,0.8,32368.55635492415,114.263091,22.566543,-79.938165,32.87698,7380.380097856352,False,0,True,1,True,2
HKHKG,TWKEE,253.0,68,49362.81883441928,508.25201856985836,14.084670083807909,0.34163989788015336,629.6163823431436,252,881,49362.81883441928,0.14011131987201908,0.8192550206897594,0.9393281352403234,0.7035573122529645,28452.376345685647,114.181938,22.298785,121.7559,25.15113,450.0525886158406,False,0,False,0,False,0
CNNSA,USLGB,8.0,8,49343.95760105994,6838.82155435081,16.803599876507604,0.4520162356668766,630.6999999999999,8,882,49343.95760105994,0.1415887109560805,0.8195655620738862,0.9394323767242746,0.875,35385.53230297986,113.682083,22.64515,-118.217354,33.74561,6307.1791644986015,False,0,False,0,True,1
AUADE,SGSGP,19.0,17,49308.34712677119,3885.4477252154657,15.350013071153729,0.3603813248524425,630.7000000000002,18,883,49308.34712677119,0.14158871095608083,0.8195655620738862,0.9394323767242746,0.631578947368421,25523.004143928323,138.5,-34.783333,103.802776,1.248823,2911.7396633442822,False,0,False,0,False,0
GBLGP,PACRI,12.0,10,49296.1952742636,4959.4437697513495,17.959116574817905,0.5542227124531678,630.7,10,885,49296.1952742636,0.1415887109560806,0.8195655620738862,0.9394323767242746,1.0,40401.4639880559,0.486317,51.502973,-79.916667,9.35,4606.869237065039,False,0,False,0,False,0
INMUN,SAJED,78.0,34,49256.10292904358,4276.667938591058,13.523395212658842,0.3864606958486913,630.5789622815433,57,886,49256.10292904358,0.141423941513809,0.8195309282310149,0.939420750952766,0.5128205128205128,20700.974233067434,69.7,22.766667,39.1667,21.466667,1697.1652260085577,False,0,False,0,False,0
TWKAO,TWTAP,615.0,85,49145.344061850425,248.31978729729806,12.683893586511834,0.3668747846575264,629.2987301573257,546,887,49145.344061850425,0.13967727240662142,0.8191637857404387,0.9392975098003933,0.6260162601626016,25202.216497382742,120.260382,22.620829,121.37318,25.14978,163.66525299730452,False,0,False,0,False,0
USOAK,USTAC,84.0,21,49134.836405335715,893.6679333776328,17.259445180618876,0.5549272604979943,629.5120443837887,79,888,49134.836405335715,0.13996879832543807,0.8192250632608697,0.9393180792316803,0.3333333333333333,13417.496487491211,-122.320518,37.814824,-122.422033,47.272467,567.8588565115907,False,0,False,0,False,0
IQUMQ,QAHMD,189.0,40,49132.183865823274,433.54313622625943,11.117381759368191,0.23668465202675004,630.6080765543227,150,889,49132.183865823274,0.141463580742195,0.8195392602298888,0.939423547810033,0.6613756613756614,26630.789430473335,47.95,30.033333,51.638489,25.021684,359.2523044829758,False,0,False,0,False,0
JPKOB,TWKAO,102.0,38,49085.88742845912,1162.214368566653,15.658491037724426,0.359050354527111,630.338625761226,101,890,49085.88742845912,0.14109658225976496,0.8194621186944242,0.93939765319971,0.6078431372549019,24449.897737524596,135.237233,34.685033,120.260382,22.620829,1068.7149578070353,False,0,False,0,False,0
AEJAL,ESMAL,6.0,5,49035.89065714693,10746.169776345878,15.856057838980481,0.3407581370103846,620.8759620147197,5,891,49035.89065714693,0.128006183001228,0.8167105718979308,0.9384740232557202,1.0,40048.13030212287,55.0606,25.0136,-4.383333,36.716667,3093.9432359490866,False,0,True,1,True,2
EGALE,GRPIR,272.0,77,48984.10129073282,556.4773035805047,11.14248807993724,0.28509151340977623,630.7,186,892,48984.10129073282,0.1415887109560806,0.8195655620738862,0.9394323767242746,0.3125,12545.52578344488,29.86702,31.187057,23.65,37.933333,508.198935396915,False,0,False,0,False,0
NZTAU,USSEA,23.0,12,48921.5145715619,6239.920739807998,13.420125151755613,0.2576604696368057,630.6999999999999,23,893,48921.5145715619,0.1415887109560805,0.8195655620738862,0.9394323767242746,0.6956521739130435,27891.748582502918,176.183333,-37.716667,-122.333333,47.6,6086.149229575935,False,0,False,0,True,1
JPNAG,KRBUS,376.0,55,48887.28068495233,611.6134237405846,11.771899948447636,0.36354121426124525,630.7,338,894,48887.28068495233,0.1415887109560806,0.8195655620738862,0.9394323767242746,0.6861702127659575,27492.323328694984,136.866667,35.066667,129.052391,35.112607,383.8137715388491,False,0,False,0,False,0
TWKEE,TWTCH,1521.0,103,48819.90619209631,126.98539286280398,12.127021813007707,0.3616755929413559,630.5786701190748,1457,895,48819.90619209631,0.14142354371459287,0.8195308446152949,0.9394207228849233,0.4253780407626562,17019.128247405886,121.7559,25.15113,120.5,24.283333,86.05982981325755,False,0,False,0,False,0
MYPAG,MYPKE,658.0,96,48713.01819547626,310.2159678822323,11.44211476480976,0.307550213874562,630.473579356931,466,896,48713.01819547626,0.14128043152543224,0.8195007630358223,0.9394106252018314,0.5121580547112462,20445.53165773119,103.900833,1.426733,101.34485,3.00525,180.2672340988857,False,0,False,0,False,0
CNSHE,VNHPG,398.0,65,48692.829005804015,547.465987712563,12.291671838176587,0.38484235166183417,630.6519061366348,311,897,48692.829005804015,0.1415232480361327,0.8195518020437974,0.9394277578038055,0.8115577889447236,32386.26515059408,113.8943,22.467416,106.828308,20.81389,406.59499241303826,False,0,False,0,False,0
CNNBO,CNZPU,3483.0,78,48682.13366158181,80.96974395996546,7.917751491653878,0.25688681473009206,629.9395378753761,1682,898,48682.13366158181,0.14055243805460638,0.8193477418740565,0.9393592595745954,0.9928222796439851,39601.29427341906,121.683333,29.966667,121.066951,30.583181,48.90424489597273,False,0,False,0,False,0
COCTA,USNOL,41.0,19,48562.62089981633,1605.6341492091092,10.04951851334673,0.24603889161983375,630.6999999999999,41,899,48562.62089981633,0.1415887109560805,0.8195655620738862,0.9394323767242746,0.6341463414634146,25239.184000780846,-75.540962,10.394286,-90.061119,29.923919,1426.5667831301223,False,0,False,0,False,0
CNSHE,JPOSK,117.0,30,48495.14547579819,1444.2282774523203,15.786152018371519,0.48175502699100337,630.7,117,900,48495.14547579819,0.1415887109560806,0.8195655620738862,0.9394323767242746,0.7777777777777778,30912.739790899108,113.8943,22.467416,135.433333,34.65,1346.2819687954511,False,0,False,0,False,0
USBAL,USNFK,229.0,121,48409.46090522321,231.78545222288915,10.7219312087593,0.24438681224263298,630.401489600441,154,901,48409.46090522321,0.1411822323847166,0.8194801219899903,0.9394036964852164,0.44541484716157204,17669.870195040883,-76.583333,39.283333,-76.316667,36.85,146.64097239311516,False,0,False,0,False,0
DEWVN,PLGDA,57.0,33,48334.72004776524,907.1761111986705,14.585894302788404,0.47996779452101673,626.2096522046091,56,902,48334.72004776524,0.13543331998481922,0.8182717248139498,0.9389980657987073,0.9473684210526315,37469.306597574556,8.170278,53.541667,18.666667,54.35,373.7137992359206,False,0,False,0,False,0
EGALE,MTMAL,107.0,38,48274.63340029396,842.5783996644312,13.132120086759672,0.29688785433552406,630.518894128171,88,903,48274.63340029396,0.1413421468541355,0.8195137353380137,0.9394149797004581,0.21495327102803738,8503.922226343993,29.86702,31.187057,14.539518,35.819159,815.1014026927409,False,0,False,0,False,0
CAVCR,USTAC,182.0,56,48243.08909672167,332.8212151914051,10.663271452569656,0.2502817219925516,630.4600716249872,110,904,48243.08909672167,0.1412620332885447,0.819496895803909,0.9394093270624722,0.5714285714285714,22591.46386214561,-123.116667,49.283333,-122.422033,47.272467,123.8812288738374,False,0,False,0,False,0
CNXIA,USLGB,15.0,13,48240.9159337757,6367.818303322073,16.081421161648787,0.4100618618217142,630.0639967389649,13,905,48240.9159337757,0.14072220789930068,0.8193834267804588,0.9393712381635635,0.9333333333333333,36892.61987492216,118.042517,24.44535,-118.217354,33.74561,6063.215228099928,False,0,False,0,True,1
CIABI,GHTEM,177.0,90,48240.44827309032,377.7147766704373,9.562593154006121,0.23724603075133038,628.5681087097906,99,906,48240.44827309032,0.1386772690213529,0.8189535892401736,0.9392269517484589,0.4350282485875706,17186.52540115691,-4.0267,5.3364,0.016667,5.633333,242.31011224213,False,0,False,0,False,0
CAHFX,MATAN,20.0,19,48092.700099549984,2820.3286319178796,16.148412759130956,0.427168691191695,628.572577138876,20,907,48092.700099549984,0.1386833920367102,0.8189548762722157,0.939227383775032,1.0,39385.751259623736,-63.57595,44.655955,-5.797516,35.789733,2644.9645612269037,False,0,False,0,False,0
THLCB,TWKAO,98.0,32,48038.94908461907,1700.9604105151227,15.21840065957746,0.5375995021486879,630.6520450431893,91,908,48038.94908461907,0.14152343712304472,0.8195518417890699,0.9394277711453645,0.9693877551020408,38165.19259175037,100.886078,13.056152,120.260382,22.620829,1245.425232578614,False,0,False,0,False,0
USBOS,USNYK,163.0,92,47936.14296510731,425.1485498561391,10.627838975900339,0.24975258848666446,630.2973717149127,143,909,47936.14296510731,0.1410403655548187,0.8194503021797901,0.9393936866719507,0.5398773006134969,21207.07510277295,-71.083333,42.35,-74.049568,40.663452,167.4381227034905,False,0,False,0,False,0
USNYK,USPHI,259.0,103,47869.09970805119,557.4468057606355,9.722302289423865,0.23461782461865674,630.6036181311945,232,910,47869.09970805119,0.14145751081408486,0.8195379843565623,0.93942311952918,0.41312741312741313,16207.213772910638,-74.049568,40.663452,-75.1333,39.95,65.55115085330245,False,0,False,0,False,0
BRRGR,BRSTS,121.0,65,47823.62359366527,658.9431223035668,12.614106282357353,0.3402272415724244,630.6292409076314,70,911,47823.62359366527,0.14149239381797207,0.8195453166170765,0.9394255807976478,0.5785123966942148,22673.998940406946,-52.083333,-32.05,-46.306133,-23.95,574.4613991761678,False,0,False,0,False,0
JPTOK,JPYOK,3921.0,366,47686.04882814233,41.20076111508054,7.74516086924801,0.21950703556589415,630.4415388856139,3167,912,47686.04882814233,0.14123678944602258,0.8194915896545205,0.9394075459121501,0.710533027288957,27766.434139359757,139.75,35.6667,139.679832,35.450183,13.443983013899654,False,0,False,0,False,0
ZACPT,ZAPLZ,140.0,68,47673.007264993794,769.372891852773,9.356604578373997,0.26088234931815313,630.7,100,913,47673.007264993794,0.1415887109560806,0.8195655620738862,0.9394323767242746,0.3357142857142857,13116.744891140666,18.437805,-33.905756,25.6372,-33.9618,358.57691834015714,False,0,False,0,False,0
EGPSA,SIKOP,46.0,24,47662.30759765506,1351.7726752647202,15.474234059607953,0.4284673590999595,630.7000000000002,37,914,47662.30759765506,0.14158871095608083,0.8195655620738862,0.9394323767242746,0.9565217391304348,37364.02131096669,32.319633,31.269083,13.726419,45.550429,1219.1569598498047,False,0,False,0,False,0
CNYTN,TWTAP,89.0,42,47521.905019030324,468.23709379452526,14.697152118380057,0.4788141559879322,626.6505355564811,73,916,47521.905019030324,0.13604159051867182,0.8183995807185535,0.9390409840373352,0.9887640449438202,38454.91942181885,114.263091,22.566543,121.37318,25.14978,420.00752893364495,False,0,False,0,False,0
DJDJI,SAJED,189.0,83,47489.957959178246,793.8434486782805,11.865737774720468,0.2819461338531848,630.5963955297337,122,917,47489.957959178246,0.14144767740831143,0.8195359174160802,0.9394224257055735,0.41798941798941797,16268.033729449586,43.133333,11.583333,39.1667,21.466667,635.6799004114085,False,0,False,0,False,0
DEBHN,ILASD,18.0,8,47481.61530674445,3676.1065104969693,15.510356237672008,0.48320226745135103,630.6999999999999,17,918,47481.61530674445,0.1415887109560805,0.8195655620738862,0.9394323767242746,0.3888888888888889,15133.33761996313,8.548651,53.563407,34.65,31.816667,1721.6206317041042,False,0,False,0,False,0
ESALG,MTMAL,87.0,34,47388.864485903825,1045.1988851869032,15.399302291448366,0.5033882198861147,628.9940485028304,85,919,47388.864485903825,0.13926053626632406,0.8190761895587508,0.9392681058097037,0.7471264367816092,28999.780296447785,-5.433333,36.116667,14.539518,35.819159,969.0049178646633,False,0,False,0,False,0
CNXIA,USNYK,4.0,4,47330.474466386746,13511.574888186527,17.62527757395834,0.4895129265346181,629.1297522115069,4,920,47330.474466386746,0.13944619834480998,0.819115214945769,0.939281205719933,0.5,19384.555883009805,118.042517,24.44535,-74.049568,40.663452,6840.238125842821,False,0,True,1,True,2
NLROT,PLGDA,103.0,53,47292.07129194693,1030.2910404559843,12.499658571022465,0.360195368234071,626.8640956648212,84,921,47292.07129194693,0.13633592393608418,0.8184614483633661,0.9390617515595834,0.7669902912621359,29687.6916125352,4.03038,52.002215,18.666667,54.35,544.1198202595195,False,0,False,0,False,0
EGSOK,MYPKE,27.0,20,47239.411052655974,6244.522333666828,15.490920197766176,0.44278727351228686,630.5304863940986,11,922,47239.411052655974,0.1413579332282907,0.8195170535673799,0.9394160935524948,0.6666666666666666,25809.001972087295,32.33,29.58,101.34485,3.00525,4221.549342845369,False,0,False,0,True,1
PTSNS,TRALI,48.0,19,47189.36263839317,1936.392782428723,15.706705124601399,0.3273327649108113,630.7,48,924,47189.36263839317,0.1415887109560806,0.8195655620738862,0.9394323767242746,0.10416666666666667,4028.622553608661,-8.866667,37.95,26.957016,38.82268,1675.8863862583567,False,0,False,0,False,0
BEANT,GBFEL,227.0,104,47182.4272839148,249.70791499423657,7.64327084752107,0.2169406723569497,629.4302050020818,203,925,47182.4272839148,0.13985697588470625,0.8192015586547461,0.9393101892848094,0.3436123348017621,13281.275778958518,4.4,51.2167,1.3,51.933333,123.40589263503233,False,0,False,0,False,0
CNCGM,CNCGM,45.0,37,47142.06377249397,1820.8351079062106,10.452779039097113,0.3369133513608526,570.9983580276746,19,926,47142.06377249397,0.05183615261156338,0.800699952285179,0.933099632489401,0.8444444444444444,31874.94738008689,121.382233,31.619333,121.382233,31.619333,0.0,False,0,False,0,False,0
GTPQL,USSDI,53.0,3,47140.92659315726,2080.047382014816,16.516355255588376,0.6386055806595855,630.7,52,927,47140.92659315726,0.1415887109560806,0.8195655620738862,0.9394323767242746,1.0,38635.08000000474,-90.783333,13.916667,-117.166667,32.7,1830.9914869200668,False,0,False,0,False,0
AEJAL,OMSOH,350.0,99,47120.96231704316,279.5102410925867,10.813815962670061,0.25784470313801533,630.6008103123096,227,928,47120.96231704316,0.14145368806001413,0.8195371808297555,0.9394228498040128,0.5057142857142857,19529.361054020457,55.0606,25.0136,56.625595,24.507768,90.56754633937908,False,0,False,0,False,0
CNQIN,JPOSK,281.0,36,47091.17467571136,859.3455252395389,14.317805861270491,0.48546673402606894,630.7,226,929,47091.17467571136,0.1415887109560806,0.8195655620738862,0.9394323767242746,0.7935943060498221,30628.22072713745,120.2667,36.0333,135.433333,34.65,746.6610901505862,False,0,False,0,False,0
CNQIZ,CNXIA,250.0,50,47045.05504841763,692.7408799746629,12.508429571127541,0.43030603048790284,630.6884073421342,212,930,47045.05504841763,0.14157293253322356,0.8195622455158493,0.939431263433264,0.884,34083.81424501374,108.6,21.683333,118.042517,24.44535,547.1811161690213,False,0,False,0,False,0
CNMWN,CNWGQ,156.0,67,47013.5951771025,935.8320851998413,13.157624340929026,0.3753790125901173,630.5744873285099,138,931,47013.5951771025,0.14141784851827155,0.8195296475090124,0.9394203210443257,0.6602564102564102,25439.04239495569,113.862187,22.508158,121.617967,31.353633,673.6092059977876,False,0,False,0,False,0
CNNBO,TWTAP,123.0,52,46937.54101395758,369.0230747408599,13.515206560867318,0.44401640428687095,627.7388067735802,112,932,46937.54101395758,0.1375393807773969,0.8187144099232874,0.9391466648424391,0.983739837398374,37803.58849214292,121.683333,29.966667,121.37318,25.14978,289.67841907185004,False,0,False,0,False,0
BRMAN,BRSTS,46.0,14,46910.43482589111,3276.854813540162,15.244498586399263,0.4409059902781104,630.7,19,933,46910.43482589111,0.1415887109560806,0.8195655620738862,0.9394323767242746,0.7391304347826086,28416.739436895718,-60.033932,-3.131603,-46.306133,-23.95,1481.8790975875486,False,0,False,0,False,0
BSFRE,ZAPLZ,17.0,12,46743.38966100046,7987.199346082941,14.387530230878966,0.3709610864168091,630.3062102018134,11,936,46743.38966100046,0.14105241034091542,0.8194528339431033,0.9393945365257166,0.5294117647058824,20278.5898901366,-78.6966,26.5285,25.6372,-33.9618,6945.046004039506,False,0,False,0,True,1
CNYSN,GBFEL,4.0,4,46664.322125467865,14316.963157315693,17.093639482979714,0.5348751573514907,628.537210761617,4,937,46664.322125467865,0.13863492768555463,0.818944689269701,0.9392239642364023,0.75,28661.624087266886,122.066667,30.633333,1.3,51.933333,4955.963558676667,False,0,True,1,True,2
AUMEL,NZTAU,83.0,44,46594.8527920142,1806.8152592152337,13.811676281353442,0.36057587273307967,630.590371835246,57,938,46594.8527920142,0.14143947611453334,0.8195341935386662,0.9394218470402201,0.7349397590361446,28064.464836907588,144.912243,-37.858862,176.183333,-37.716667,1476.7747652009152,False,0,False,0,False,0
COCTA,MXLCS,33.0,20,46568.57062363194,2089.653589308245,10.351824964610351,0.30287607175276726,630.7000000000002,32,939,46568.57062363194,0.14158871095608083,0.8195655620738862,0.9394323767242746,0.9090909090909091,34696.36068921306,-75.540962,10.394286,-102.166667,17.883333,1612.0023974508745,False,0,False,0,False,0
ESVAL,GBLGP,40.0,11,46468.57276167647,1830.1784575008962,16.09632224067484,0.34012698248787404,630.7000000000002,28,941,46468.57276167647,0.14158871095608083,0.8195655620738862,0.9394323767242746,0.3,11425.212586258396,-0.316667,39.45,0.486317,51.502973,724.4432723923514,False,0,False,0,False,0
ITGIT,MATAN,38.0,26,46406.13560785472,1055.463208765611,14.202507534969277,0.46055068432842605,630.2898857569056,38,943,46406.13560785472,0.14103016368438015,0.8194481577895871,0.9393929668502832,0.6578947368421053,25018.041009204153,15.909341,38.462848,-5.797516,35.789733,1048.932919213018,False,0,False,0,False,0
INNSA,ZADUR,42.0,12,46316.01642436836,4013.8417406276576,10.99939688363986,0.22101823450938937,630.6999999999999,6,945,46316.01642436836,0.1415887109560805,0.8195655620738862,0.9394323767242746,0.047619047619047616,1807.5720016124192,72.9428,18.953883,31.041098,-29.877639,3803.4265575690924,False,0,False,0,False,0
IDSUR,PHDAV,73.0,23,46258.8584113666,1302.9691276701974,14.455980484515955,0.31640780209647545,630.7,72,946,46258.8584113666,0.1415887109560806,0.8195655620738862,0.9394323767242746,0.4931506849315068,18696.41126867243,112.731533,-7.1937,125.627031,7.073807,1153.3310304582512,False,0,False,0,False,0
OMSAL,USBAL,6.0,6,46167.228058300345,11377.546714773162,18.772410513194874,0.5829745853025037,630.7,6,947,46167.228058300345,0.1415887109560806,0.8195655620738862,0.9394323767242746,0.8333333333333334,31530.891844161848,54.002781,16.946141,-76.583333,39.283333,6441.56573082056,False,0,True,1,True,2
CNQIN,JPTOK,206.0,36,46079.56569443299,1147.2501754443938,14.602746030830689,0.5444660587639545,630.1360739829345,193,948,46079.56569443299,0.14082049520202156,0.8194040863575731,0.9393781731006967,0.9320388349514563,35191.72140824914,120.2667,36.0333,139.75,35.6667,946.8474169857915,False,0,False,0,False,0
CNNSA,USLSA,11.0,10,45964.247476832534,6823.180684211204,17.39756621685399,0.5447254374237792,630.7,10,950,45964.247476832534,0.1415887109560806,0.8195655620738862,0.9394323767242746,0.9090909090909091,34246.1039260486,113.682083,22.64515,-118.244,33.738045,6306.47782680254,False,0,False,0,True,1
KRGWA,USHNL,16.0,9,45872.96368396765,4371.077292154352,13.451179918521746,0.2890957350359229,630.7,16,952,45872.96368396765,0.1415887109560806,0.8195655620738862,0.9394323767242746,0.0625,2349.7438291028698,127.728767,34.866497,-157.868643,21.300094,3938.2971856437125,False,0,False,0,False,0
CNXIA,MYPKE,56.0,41,45872.32239979993,1912.9330747186498,15.571995422446616,0.4791833119990802,616.3805357112159,47,953,45872.32239979993,0.12164650141766564,0.8153737936116187,0.9380252980313166,0.8214285714285714,30723.966405310795,118.042517,24.44535,101.34485,3.00525,1609.9899047410454,False,0,False,0,False,0
PHMAN,THLCB,107.0,30,45847.31471138706,1435.5779281078408,14.447924697459529,0.40155304387900465,630.6427652483534,55,954,45847.31471138706,0.14151080479486466,0.8195491865268851,0.939426879835914,0.8317757009345794,31253.247882039093,120.94162,14.596732,100.886078,13.056152,1172.520329773451,False,0,False,0,False,0
CNZOS,SGSGP,42.0,40,45788.545850308095,2294.093140236421,13.440278075824208,0.28514711652255603,630.572074895219,33,955,45788.545850308095,0.14141456376741157,0.8195289570682147,0.9394200892794886,0.7619047619047619,28590.506077236667,122.099218,30.006902,103.802776,1.248823,2017.5509865686506,False,0,False,0,False,0
LKCOL,VNCMP,30.0,29,45700.10588207514,2265.374132168243,14.689947711578661,0.33566462970795646,630.7,29,956,45700.10588207514,0.1415887109560806,0.8195655620738862,0.9394323767242746,0.6333333333333333,23721.014210583384,79.85,6.95,107.012844,10.522075,1625.522832457744,False,0,False,0,False,0
DEHAM,FRLEH,101.0,66,45690.043268511,566.9940509942921,12.502163749648743,0.28199252098724176,629.1718247787085,83,957,45690.043268511,0.13950374336864102,0.8191273106674387,0.9392852659709681,0.5445544554455446,20380.474501730576,9.903145,53.539287,0.094067,49.480233,439.57434450180585,False,0,False,0,False,0
USBAL,USSAV,89.0,37,45644.72851049778,692.0899681683359,12.18950844472604,0.2600675061459745,630.5420319436396,50,958,45644.72851049778,0.14137365540701574,0.819520358303137,0.9394172028750425,0.14606741573033707,5463.912308162283,-76.583333,39.283333,-81.0833,32.0833,484.63166467031607,False,0,False,0,False,0
EGALE,LBBRT,347.0,107,45631.63010984126,378.5506097896235,12.591863036417859,0.3022091080948165,630.5654087177343,232,960,45631.63010984126,0.14140548702005984,0.8195270491741463,0.9394194488440456,0.2132564841498559,7975.01522419712,29.86702,31.187057,35.516567,33.904758,329.1349147457925,False,0,False,0,False,0
AEKHA,IQUMQ,200.0,69,45601.25354297806,515.1233995199592,11.911803263700257,0.27681930296492396,630.5037827829368,122,961,45601.25354297806,0.14132156731819723,0.8195094096062262,0.9394135276534081,0.51,19059.03474783799,54.659214,24.802318,47.95,30.033333,475.72100961043446,False,0,False,0,False,0
CNNBO,PHMAN,142.0,46,45561.46293916655,1109.7828386692868,12.53257446592199,0.33212491583404513,630.6289542994994,28,962,45561.46293916655,0.14149200364359205,0.8195452346040649,0.9394255532677969,0.6126760563380281,22877.1277852421,121.683333,29.966667,120.94162,14.596732,923.7292497206461,False,0,False,0,False,0
TRALI,TRMER,159.0,67,45558.378525473934,651.4142554728851,12.33108038311383,0.278214051221632,630.6999999999999,124,963,45558.378525473934,0.1415887109560805,0.8195655620738862,0.9394323767242746,0.41509433962264153,15498.824873111475,26.957016,38.82268,34.633333,36.783333,384.04501010647976,False,0,False,0,False,0
CNSHA,CNSHA,2263.0,97,45541.66275769888,3643.657668144504,3.262631830264854,0.23194252831551587,630.7000000000002,882,964,45541.66275769888,0.14158871095608083,0.8195655620738862,0.9394323767242746,0.964206805125939,35988.41968488732,121.46055,31.130717,121.46055,31.130717,0.0,False,0,False,0,False,0
CNJIT,CNNSA,190.0,14,45528.260793143134,1418.3530251513978,10.808550235904978,0.4923815217495113,630.7,94,965,45528.260793143134,0.1415887109560806,0.8195655620738862,0.9394323767242746,0.9947368421052631,37117.008359562096,118.997083,39.205083,113.682083,22.64515,1030.728548592313,False,0,False,0,False,0
BSFRE,USCHA,103.0,49,45384.71649078211,576.3193785588874,7.515953044431122,0.22783496988221458,630.6733417704598,98,967,45384.71649078211,0.14155242636361798,0.8195579352053559,0.939429816562782,0.49514563106796117,18417.14205233358,-78.6966,26.5285,-79.938165,32.87698,386.6151242823477,False,0,False,0,False,0
CNNBO,VNHPG,161.0,47,45197.849253460314,1271.0687025052437,12.997523060797173,0.36745402238827923,630.7,110,970,45197.849253460314,0.1415887109560806,0.8195655620738862,0.9394323767242746,0.5341614906832298,19786.730823621718,121.683333,29.966667,106.828308,20.81389,973.7738866653978,False,0,False,0,False,0
CNNSA,KRBUS,65.0,37,45105.956808402196,1244.359919220599,14.587023697317315,0.3622902839367233,630.4888245910983,58,971,45105.956808402196,0.14130119538419506,0.8195051275114913,0.9394120902542967,0.7846153846153846,29002.964725779544,113.682083,22.64515,129.052391,35.112607,1098.8435033460353,False,0,False,0,False,0
CNYSN,USSEA,17.0,15,44915.78101053499,5256.781482751094,15.198823185213767,0.40062731251993544,630.6999999999999,16,972,44915.78101053499,0.1415887109560805,0.8195655620738862,0.9394323767242746,0.7058823529411765,25984.536924625907,122.066667,30.633333,-122.333333,47.6,4970.502622288244,False,0,False,0,True,1
AEJAL,BEANT,6.0,5,44880.56624261767,11123.79632110105,16.504077554039302,0.33101506470891495,630.7,4,973,44880.56624261767,0.1415887109560806,0.8195655620738862,0.9394323767242746,0.3333333333333333,12260.85549960841,55.0606,25.0136,4.4,51.2167,2786.7611597876403,False,0,True,1,True,2
AEKHA,CNNBO,8.0,8,44867.6454107367,5838.244727089092,16.121112762857305,0.5052514836416147,630.7,7,974,44867.6454107367,0.1415887109560806,0.8195655620738862,0.9394323767242746,0.875,32175.479901234467,54.659214,24.802318,121.683333,29.966667,3536.5082520385454,False,0,False,0,True,1
INKUP,LKCOL,140.0,28,44864.56264842981,682.9255046870944,12.098076341605228,0.2679137348934997,630.7,126,975,44864.56264842981,0.1415887109560806,0.8195655620738862,0.9394323767242746,0.10714285714285714,3939.583982588513,80.345767,13.304483,79.85,6.95,382.6484234033488,False,0,False,0,False,0
CNQIN,CNXIA,108.0,75,44812.932535199034,935.3971403492433,13.298115506727894,0.3077916888677526,628.9168540235079,71,976,44812.932535199034,0.1391548874284687,0.8190539826179529,0.9392606514587505,0.7037037037037037,25828.889127746064,120.2667,36.0333,118.042517,24.44535,705.1810323877647,False,0,False,0,False,0
JPYOK,USOAK,16.0,5,44810.66290963922,4860.377718145204,17.87828083288111,0.7608650915531757,624.6,16,977,44810.66290963922,0.13320525136087102,0.8178033941722702,0.9388408581492155,1.0,36646.31222261241,139.679832,35.450183,-122.320518,37.814824,4477.288165469052,False,0,False,0,False,0
EGDAM,ESBAR,39.0,25,44793.98659637066,1624.5158240443507,12.53223236807445,0.35700549063207776,629.9781725893628,36,978,44793.98659637066,0.14060514545334968,0.8193588207473055,0.9393629784933837,0.9743589743589743,35761.2621871428,31.757526,31.481673,2.166667,41.35,1538.0400582047184,False,0,False,0,False,0
CAVCR,CNYSN,17.0,12,44736.83808810273,5239.229872040881,14.264459764278872,0.2895674035477463,630.7000000000002,15,979,44736.83808810273,0.14158871095608083,0.8195655620738862,0.9394323767242746,0.5882352941176471,21567.512854755503,-123.116667,49.283333,122.066667,30.633333,4883.504486914531,False,0,False,0,True,1
CNXIA,JPTOK,148.0,29,44516.950824539075,1375.962252166368,14.851155618842279,0.4748927494075576,630.1047826171141,145,981,44516.950824539075,0.14077782785377768,0.8193951178606573,0.9393751625859148,0.581081081081081,21196.07842175435,118.042517,24.44535,139.75,35.6667,1309.3633398479885,False,0,False,0,False,0
TRALI,TRBAM,413.0,129,44436.09704554653,305.847599077488,10.039017376205422,0.25818411198270064,630.6999999999999,325,982,44436.09704554653,0.1415887109560805,0.8195655620738862,0.9394323767242746,0.29055690072639223,10581.586881792666,26.957016,38.82268,28.678178,40.961688,150.92228800328462,False,0,False,0,False,0
CAHFX,MYPKE,5.0,5,44279.94085232183,12055.630474047068,16.499987604196008,0.36821149848514034,629.4505081849087,5,985,44279.94085232183,0.13988472014870912,0.8192073903822,0.9393121468594028,0.8,29019.56383352699,-63.57595,44.655955,101.34485,3.00525,7833.495034573752,False,0,True,1,True,2
CNXIA,CNZOS,126.0,70,44279.915308240285,519.4352904872461,11.881684230508053,0.24294551735713987,630.6855873382242,100,986,44279.915308240285,0.14156909422181252,0.819561438718955,0.939430992610405,0.5793650793650794,21025.223095518784,118.042517,24.44535,122.099218,30.006902,397.91761512763236,False,0,False,0,False,0
MYPKE,USNYK,6.0,6,44248.22877514469,11948.388713081735,16.5853098349588,0.4081591745818364,629.7839366488092,3,987,44248.22877514469,0.14034009365039646,0.8193031079745384,0.9393442770178152,1.0,36252.71135784445,101.34485,3.00525,-74.049568,40.663452,8173.230550673484,False,0,True,1,True,2
AEKHA,QAHMD,269.0,99,44041.585773826024,232.05153625639406,10.420726516034495,0.2512154173420639,629.5651948207619,215,988,44041.585773826024,0.14004140563371315,0.8192403250112976,0.9393232022445657,0.5464684014869888,19716.931328528768,54.659214,24.802318,51.638489,25.021684,165.01361284523753,False,0,False,0,False,0
CNTJN,TWKAO,120.0,33,43985.37271772357,1287.6259496060143,13.867105223989538,0.42791390890951625,630.658317072878,99,989,43985.37271772357,0.1415319748531335,0.8195536363839797,0.9394283735489282,0.5666666666666667,20427.41088982519,117.8143,38.97075,120.260382,22.620829,989.6164148968013,False,0,False,0,False,0
CNSHE,MXMAN,12.0,10,43692.02973983824,7890.623707590038,17.030022384522184,0.47819878520952386,628.6282927482949,11,991,43692.02973983824,0.138759730916568,0.8189709223832756,0.9392327700794475,1.0,35782.50189683283,113.8943,22.467416,-104.293756,19.073908,7454.872606746598,False,0,False,0,True,1
BRIJI,BRRGR,131.0,72,43621.351518793206,516.7774292133209,11.103812374702002,0.2745299625176187,628.8145419111565,56,993,43621.351518793206,0.13901482247130847,0.819024541553814,0.9392507687816845,0.7251908396946565,25908.862258133973,-48.6646,-26.899129,-52.083333,-32.05,357.11345041403865,False,0,False,0,False,0
ESVAL,MTMAL,99.0,43,43456.88241352338,776.1947236341341,12.902096852532154,0.31390444117317173,625.5219305478936,70,994,43456.88241352338,0.1344827837997804,0.8180719261108516,0.9389309980442402,0.37373737373737376,13286.68336823983,-0.316667,39.45,14.539518,35.819159,738.2228255826399,False,0,False,0,False,0
MUPLO,ZAPLZ,29.0,24,43406.75005058869,2453.6356731328146,11.87425804037728,0.282626997414575,630.7,23,995,43406.75005058869,0.1415887109560806,0.8195655620738862,0.9394323767242746,0.2413793103448276,8586.991121416548,57.486134,-20.150235,25.6372,-33.9618,1883.2592013105984,False,0,False,0,False,0
INCOC,LKCOL,268.0,60,43383.966629348884,469.7783799872824,10.99899726019524,0.2737278234943146,630.6999999999999,213,996,43383.966629348884,0.1415887109560805,0.8195655620738862,0.9394323767242746,0.29850746268656714,10613.732834500608,76.25,9.966667,79.85,6.95,280.18168698930407,False,0,False,0,False,0
AEKFA,MYPKE,27.0,18,43333.00337189538,3188.9284745351115,14.73821297413898,0.3076081303354151,630.5727277606404,22,997,43333.00337189538,0.14141545270649503,0.8195291439194665,0.9394201520010863,0.5925925925925926,21044.538759602237,56.364756,25.359318,101.34485,3.00525,2920.4646111359752,False,0,False,0,False,0
INMUN,NLROT,8.0,8,43251.98881021089,11155.084585253095,15.089937937880787,0.25179570389063816,630.7000000000002,7,998,43251.98881021089,0.14158871095608083,0.8195655620738862,0.9394323767242746,0.125,4430.98006500674,69.7,22.766667,4.03038,52.002215,3446.0802743127824,False,0,True,1,True,2
AEKHA,CNTJN,7.0,7,43213.49363632158,6610.810250936364,17.016003821077618,0.47854636515166854,629.7555001844914,7,999,43213.49363632158,0.14030127590566033,0.8192949486480683,0.939341538122638,1.0,35404.59704967371,54.659214,24.802318,117.8143,38.97075,3264.484097445345,False,0,False,0,True,1
AUMEL,NZAKL,87.0,33,43171.99163997032,1743.022754408506,13.929731125966969,0.3780224617679951,630.1280292550314,63,1000,43171.99163997032,0.14080952621633114,0.8194017807229746,0.9393773991530547,0.5747126436781609,20330.57863629256,144.912243,-37.858862,174.769478,-36.840752,1420.2884903230213,False,0,False,0,False,0
USMIA,USNOL,68.0,35,43170.80641068722,909.8108168787297,12.591214510214577,0.2769085922641199,630.7,59,1001,43170.80641068722,0.1415887109560806,0.8195655620738862,0.9394323767242746,0.22058823529411764,7804.699901725985,-80.1833,25.7833,-90.061119,29.923919,579.988710998608,False,0,False,0,False,0
MYTPP,TZDRS,40.0,10,43139.907607244786,4115.273530293214,13.483794617212473,0.31473583273431177,630.7000000000002,26,1002,43139.907607244786,0.14158871095608083,0.8195655620738862,0.9394323767242746,0.125,4419.497828243387,103.549576,1.327854,39.293118,-6.823008,3880.6559625196555,False,0,False,0,False,0
AEJAL,ZACPT,21.0,11,43126.7817067641,5017.706366262371,16.721745018147143,0.4932320140942418,630.7000000000002,17,1003,43126.7817067641,0.14158871095608083,0.8195655620738862,0.9394323767242746,1.0,35345.225089941916,55.0606,25.0136,18.437805,-33.905756,4108.108340251721,False,0,False,0,True,1
VNDAN,VNHPG,617.0,83,43100.12626116268,312.4826620754985,12.102555564523106,0.343796038456136,630.6768412724317,464,1004,43100.12626116268,0.14155718972066567,0.8195589364429474,0.9394301526548382,0.40032414910858993,14140.687404977863,108.230438,16.111792,106.828308,20.81389,293.3834510340432,False,0,False,0,False,0
ESVAL,NLROT,35.0,25,42914.627414762355,1854.2088644443845,14.743448133173654,0.33159858695458266,630.6999999999999,22,1006,42914.627414762355,0.1415887109560805,0.8195655620738862,0.9394323767242746,0.4,14068.540295348448,-0.316667,39.45,4.03038,52.002215,774.9900953973334,False,0,False,0,False,0
TWTCH,VNHCM,114.0,20,42871.37724490618,1263.6391940266728,14.156287938931445,0.44874430685674055,628.1691585959477,107,1007,42871.37724490618,0.1381302431177771,0.8188386066989343,0.939188354797006,0.8333333333333334,29253.949008736145,120.5,24.283333,106.710033,10.776988,1129.9929264214463,False,0,False,0,False,0
MATAN,MATAN,338.0,110,42843.602330517686,238.39145713135272,4.484370224192928,0.2044808534408432,630.67684488725,306,1008,42843.602330517686,0.1415571946409585,0.8195589374771723,0.9394301530020034,0.48520710059171596,17037.007637295108,-5.797516,35.789733,-5.797516,35.789733,0.0,False,0,False,0,False,0
USSAV,VNCMP,5.0,5,42838.08575453498,13296.110767259453,17.398439364400357,0.5205244439860578,630.1043139470665,5,1009,42838.08575453498,0.14077718876642764,0.8193949835271878,0.939375117493309,1.0,35101.31257117345,-81.0833,32.0833,107.012844,10.522075,8207.321007141229,False,0,True,1,True,2
USNFK,USPHI,195.0,75,42813.99105267802,304.5568580732972,8.789218475887463,0.21793490606623545,630.61575059289,152,1011,42813.99105267802,0.14147402837466627,0.8195414562782362,0.9394242849721319,0.2923076923076923,10256.445706946266,-76.316667,36.85,-75.1333,39.95,194.27007545217563,False,0,False,0,False,0
CAVCR,USSEA,208.0,83,42798.05619302651,301.99938892175095,12.087526222557663,0.26886559062829857,630.6859448187666,157,1013,42798.05619302651,0.14156958079099702,0.8195615409937486,0.9394310269416625,0.6394230769230769,22428.174219795586,-123.116667,49.283333,-122.333333,47.6,105.7726515980506,False,0,False,0,False,0
FRLEH,MTMAL,36.0,12,42622.14323751548,2283.1981665540234,14.815327075145534,0.3131541269913658,630.6999999999999,36,1014,42622.14323751548,0.1415887109560805,0.8195655620738862,0.9394323767242746,0.05555555555555555,1940.646709958226,0.094067,49.480233,14.539518,35.819159,1035.2982564522836,False,0,False,0,False,0
AEKHA,PACOL,6.0,6,42610.82334419742,12355.550196595475,16.65529835987595,0.34366824020407966,630.7,3,1015,42610.82334419742,0.1415887109560806,0.8195655620738862,0.9394323767242746,0.16666666666666666,5820.393897419705,54.659214,24.802318,-79.892063,9.359918,7448.925044088904,False,0,True,1,True,2
BEANT,COCTA,14.0,11,42602.54599226769,4827.5119422377065,16.14818549690869,0.5082554081121183,630.7000000000003,14,1016,42602.54599226769,0.14158871095608094,0.8195655620738862,0.9394323767242746,0.9285714285714286,32421.60958393635,4.4,51.2167,-75.540962,10.394286,4540.616611475619,False,0,False,0,False,0
BEANT,MXALT,17.0,11,42546.806368112324,5458.872602201954,15.947697246239006,0.3586064379488855,630.7000000000002,14,1017,42546.806368112324,0.14158871095608083,0.8195655620738862,0.9394323767242746,0.11764705882352941,4102.340855944797,4.4,51.2167,-97.85,22.4833,4797.471638938225,False,0,False,0,True,1
CAVCR,CNNBO,16.0,14,42494.44492397545,5248.185051382462,15.636747930195225,0.3469804318508419,630.7,15,1019,42494.44492397545,0.1415887109560806,0.8195655620738862,0.9394323767242746,0.625,21766.864774459835,-123.116667,49.283333,121.683333,29.966667,4927.4747618450765,False,0,False,0,True,1
CNDCB,LKCOL,26.0,11,42414.94039943792,3092.181081551236,15.242352470162682,0.3321344180302611,630.7,17,1020,42414.94039943792,0.1415887109560806,0.8195655620738862,0.9394323767242746,0.34615384615384615,12032.939239198518,113.852567,22.533467,79.85,6.95,2176.336323311008,False,0,False,0,False,0
IDJAK,THLCB,115.0,20,42273.085849875126,1272.8209242272908,14.783522577198234,0.49694426915971096,630.6476322224132,107,1022,42273.085849875126,0.14151743011846896,0.8195505791420055,0.9394273473042585,0.5217391304347826,18075.616690635587,106.788826,-6.09208,100.886078,13.056152,1202.3710516629865,False,0,False,0,False,0
INNSA,OMSAL,100.0,27,42260.86434930848,1122.3396720854828,13.731718382867598,0.28774837565344347,630.7,93,1023,42260.86434930848,0.1415887109560806,0.8195655620738862,0.9394323767242746,0.53,18356.84099340971,72.9428,18.953883,54.002781,16.946141,1087.97006247672,False,0,False,0,False,0
ESLPA,INMUN,6.0,6,42251.191722603086,9301.549709636387,16.26280588607666,0.340905591721632,629.3774431743068,5,1024,42251.191722603086,0.1397848685688301,0.8191864020006148,0.9393051015502942,0.8333333333333334,28843.001439564483,-15.4167,28.15,69.7,22.766667,4528.082301273051,False,0,True,1,True,1
NGLAG,ZACPT,37.0,15,42235.03099679004,2812.0988268371707,13.92479183061201,0.37878676293632824,630.6999999999999,20,1025,42235.03099679004,0.1415887109560805,0.8195655620738862,0.9394323767242746,0.9459459459459459,32743.329517114274,3.3833,6.45,18.437805,-33.905756,2569.7103742468894,False,0,False,0,False,0
CNQIN,VNCMP,35.0,23,42053.52466072234,2044.345057941231,15.06796504108406,0.35895659818051695,630.7000000000002,32,1026,42053.52466072234,0.14158871095608083,0.8195655620738862,0.9394323767242746,0.45714285714285713,15755.712263201343,120.2667,36.0333,107.012844,10.522075,1692.9978282964594,False,0,False,0,False,0
CNQIZ,HKHKG,1231.0,88,42031.68107372376,429.20447746011115,9.183219333955043,0.27243752375321034,630.7000000000002,759,1027,42031.68107372376,0.14158871095608083,0.8195655620738862,0.9394323767242746,0.8424045491470349,29018.91462395477,108.6,21.683333,114.181938,22.298785,312.92788181572337,False,0,False,0,False,0
OMSAL,TZDRS,79.0,8,42008.648195820744,2312.23442451361,14.2055509422582,0.46564235219194594,630.7000000000002,26,1028,42008.648195820744,0.14158871095608083,0.8195655620738862,0.9394323767242746,0.5063291139240507,17432.324744593403,54.002781,16.946141,39.293118,-6.823008,1673.0596871931837,False,0,False,0,False,0
MXVER,PACRI,38.0,21,41457.68808344843,1570.1399478242079,13.232459376618147,0.3344214396867306,630.7,36,1030,41457.68808344843,0.1415887109560806,0.8195655620738862,0.9394323767242746,0.07894736842105263,2682.41790287331,-96.1333,19.2,-79.916667,9.35,1112.2620651787886,False,0,False,0,False,0
CNTJN,JPNAG,173.0,20,41320.59162403101,1260.8534525030582,12.815778480468838,0.3954487232843492,630.0047986753805,141,1031,41320.59162403101,0.14064146632164853,0.8193664552408637,0.93936554121442,0.630057803468208,21331.68224815433,117.8143,38.97075,136.866667,35.066667,940.9922975861482,False,0,False,0,False,0
CNYSN,USCHA,5.0,5,41318.63409414663,10317.629837463646,16.18535955895695,0.5375634644414634,630.7000000000002,5,1032,41318.63409414663,0.14158871095608083,0.8195655620738862,0.9394323767242746,1.0,33863.32957549452,122.066667,30.633333,-79.938165,32.87698,6794.531205957168,False,0,True,1,True,2
BRPEC,MATAN,19.0,14,41197.09176897212,3063.442412663674,16.1188115351059,0.4650147131589338,630.7000000000002,18,1033,41197.09176897212,0.14158871095608083,0.8195655620738862,0.9394323767242746,1.0,33763.717671447106,-38.795986,-3.528841,-5.797516,35.789733,3000.937220065141,False,0,False,0,False,0
NGLAG,TGLOM,300.0,88,41063.82534438625,202.10247379902546,9.441754113394978,0.26449722067883286,630.7,250,1034,41063.82534438625,0.1415887109560806,0.8195655620738862,0.9394323767242746,0.3933333333333333,13237.435525715151,3.3833,6.45,1.286945,6.137824,126.50346473724362,False,0,False,0,False,0
IQUMQ,SADMA,140.0,69,41055.963602417825,394.76819115417146,8.39803822565048,0.2230141512233711,630.0359971952297,71,1035,41055.963602417825,0.14068402057948448,0.8193753999666519,0.93936854374979,0.5785714285714286,19463.285531553858,47.95,30.033333,50.206833,26.510212,242.852819159748,False,0,False,0,False,0
CNQIN,JPKOB,180.0,34,40995.395867312815,899.6141533727136,13.88973409900213,0.40608732482005777,630.7,128,1037,40995.395867312815,0.1415887109560806,0.8195655620738862,0.9394323767242746,0.9388888888888889,31545.178205209075,120.2667,36.0333,135.237233,34.685033,736.7553563058551,False,0,False,0,False,0
ESALG,TRALI,91.0,18,40951.54035913637,1689.943085515813,13.355398600554166,0.35279804289257327,630.6294671589872,87,1038,40951.54035913637,0.14149270182532026,0.819545381358924,0.9394256025299728,0.3956043956043956,13277.134586715343,-5.433333,36.116667,26.957016,38.82268,1543.9087973966887,False,0,False,0,False,0
JMKIN,USCHA,36.0,16,40896.1579356424,1117.0935841665078,15.426694273126815,0.5357541358608883,630.4594153006154,28,1039,40896.1579356424,0.141261139320364,0.8194967078955623,0.9394092639860323,1.0,33514.266793835915,-76.7936,17.997,-79.938165,32.87698,909.3725021001094,False,0,False,0,False,0
CNQIN,CNSHE,83.0,51,40839.26112627597,1220.9424633174008,13.533472747330746,0.3867196649679787,624.1730023445988,56,1040,40839.26112627597,0.13261227581724333,0.8176787532102,0.9387990190916489,0.9036144578313253,30174.75552990282,120.2667,36.0333,113.8943,22.467416,879.6627701249288,False,0,False,0,False,0
AUSYD,MYTPP,22.0,16,40823.73423900209,4347.238481275553,15.46016589686821,0.36435259069631754,630.4671296458746,21,1041,40823.73423900209,0.14127164678022552,0.8194989165193751,0.9394100053694211,0.45454545454545453,15206.820898698696,151.2111,-33.86,103.549576,1.327854,3415.812055284405,False,0,False,0,False,0
CNTJN,PHMAN,56.0,17,40812.106232663835,1770.3862729316681,14.611143737651563,0.5699608829144948,630.7,49,1043,40812.106232663835,0.1415887109560806,0.8195655620738862,0.9394323767242746,0.8571428571428571,28669.882957707672,117.8143,38.97075,120.94162,14.596732,1472.7392332159911,False,0,False,0,False,0
FRFOS,ITGOA,199.0,83,40665.209434586955,271.155360460415,10.2205262259097,0.2411788936222277,628.6866717667938,195,1044,40665.209434586955,0.13883970455663186,0.8189877325056237,0.9392384128445943,0.4723618090452261,15731.683018440575,4.871235,43.408352,8.923988,44.403373,185.18883615236084,False,0,False,0,False,0
BRIOA,UYMON,97.0,49,40617.22143634601,770.0368958614271,14.207564513030311,0.3417836463750046,630.3904228962036,70,1045,40617.22143634601,0.14116715556583936,0.8194769529061554,0.9394026326978483,0.7835051546391752,26078.872589907493,-48.601391,-26.181417,-56.216667,-34.916667,655.3163106312007,False,0,False,0,False,0
CNXIA,PHMAN,245.0,67,40495.759461984635,699.9407167949558,13.279351686862778,0.4305136085670561,630.5183367790021,91,1047,40495.759461984635,0.14134138784014183,0.8195135757964687,0.9394149261460906,0.7714285714285715,25601.264723276774,118.042517,24.44535,120.94162,14.596732,613.5773441044985,False,0,False,0,False,0
CAHFX,DEBHN,45.0,4,40326.918523147244,3123.050006473471,13.613534333149538,0.35931566688102323,630.7000000000003,38,1049,40326.918523147244,0.14158871095608094,0.8195655620738862,0.9394323767242746,0.4888888888888889,16158.04844921959,-63.57595,44.655955,8.548651,53.563407,2759.5884301389756,False,0,False,0,False,0
CNWGQ,PHMAN,117.0,54,40073.35198180949,1252.277422466952,12.83626084641873,0.334164753202626,630.4273187640574,70,1053,40073.35198180949,0.14121741890658235,0.8194875180487053,0.9394061791692491,0.717948717948718,23577.157157769903,121.617967,31.353633,120.94162,14.596732,1006.7788314116581,False,0,False,0,False,0
USOAK,USSEA,68.0,29,40059.73425138323,985.6804758058156,10.931049021990008,0.2642423820763686,630.7000000000002,51,1054,40059.73425138323,0.14158871095608083,0.8195655620738862,0.9394323767242746,0.9117647058823529,29934.674622536102,-122.320518,37.814824,-122.333333,47.6,587.506745086412,False,0,False,0,False,0
EGALE,MYPKE,8.0,6,40028.76304504207,11649.527454102006,16.21052556636687,0.4586365633179156,630.6999999999999,4,1055,40028.76304504207,0.1415887109560805,0.8195655620738862,0.9394323767242746,0.875,28705.421223615765,29.86702,31.187057,101.34485,3.00525,4360.753323092972,False,0,True,1,True,2
SGSGP,ZAPLZ,12.0,12,39897.887418771235,5958.612800722115,13.685310373127026,0.3057260460046213,622.1715131776094,10,1056,39897.887418771235,0.12982194052100848,0.8170922364818818,0.9386021391353944,0.4166666666666667,13583.439192460884,103.802776,1.248823,25.6372,-33.9618,4858.230608730038,False,0,False,0,True,1
DEBHN,FRLEH,114.0,51,39892.936615197665,524.2722312369676,11.95072761261941,0.24674633385353467,630.6427235930516,98,1057,39892.936615197665,0.14151074808981579,0.8195491746077226,0.9394268758349298,0.43859649122807015,14339.571612133088,8.548651,53.563407,0.094067,49.480233,399.38382958933107,False,0,False,0,False,0
DEWVN,ESALG,19.0,15,39775.91244716286,1685.9333917390104,16.249246503207804,0.6550314711476595,630.6999999999998,19,1060,39775.91244716286,0.1415887109560804,0.8195655620738861,0.9394323767242746,1.0,32598.968041760712,8.170278,53.541667,-5.433333,36.116667,1191.2144613263022,False,0,False,0,False,0
CRPMN,USPEV,145.0,7,39746.22179445041,1239.6214158364367,14.316550849039558,0.39142122920335704,630.6660836475475,141,1061,39746.22179445041,0.14154254678048372,0.8195558585585871,0.9394291194810019,0.006896551724137931,224.64999260145402,-83.090115,10.006213,-80.1,26.083333,980.1251906952559,False,0,False,0,False,0
ECGYL,PAMIT,136.0,14,39691.582978371494,846.7308688576859,13.577511231292771,0.4521753229992952,630.7,86,1065,39691.582978371494,0.1415887109560806,0.8195655620738862,0.9394323767242746,0.35294117647058826,11481.125122331057,-79.930086,-2.257278,-79.88466,9.361132,697.5799823024215,False,0,False,0,False,0
EGPSA,ITGIT,35.0,29,39653.13931344501,985.0299605045545,15.064942436441552,0.5523148772324167,630.1415077392285,35,1066,39653.13931344501,0.14082790396971023,0.8194056436493407,0.9393786958471425,0.6285714285714286,20423.546717734527,32.319633,31.269083,15.909341,38.462848,914.6081891640116,False,0,False,0,False,0
BRIJI,UYMON,70.0,48,39629.61407684268,771.8386638618816,12.429219131344816,0.3241930830636906,629.6391132334003,44,1067,39629.61407684268,0.14014236310743777,0.819261545847112,0.9393303255831255,0.9428571428571428,30611.760667637536,-48.6646,-26.899129,-56.216667,-34.916667,618.4694818766194,False,0,False,0,False,0
PABAL,USTAM,36.0,19,39572.118958771345,1367.3115218487733,12.527763266543435,0.25704761477426724,630.7,1,1068,39572.118958771345,0.1415887109560806,0.8195655620738862,0.9394323767242746,0.5,16215.972958450064,-79.57037,8.954178,-82.466667,27.95,1152.2399369306006,False,0,False,0,False,0
GRPIR,ITGIT,140.0,71,39540.99966497196,543.9274240231363,12.97240625982413,0.2708174136576582,629.8656158754823,139,1069,39540.99966497196,0.1404515719635202,0.819326540246488,0.9393521426837947,0.2,6479.398090677804,23.65,37.933333,15.909341,38.462848,366.51016486085655,False,0,False,0,False,0
OMSAL,SAJED,50.0,18,39523.330878858724,6727.545211861937,13.802175779873012,0.336811347851304,630.6538701849411,39,1070,39523.330878858724,0.14152592159430832,0.8195523640144667,0.9394279464442234,0.28,9069.6029915385,54.002781,16.946141,39.1667,21.466667,883.360521404291,False,0,False,0,True,1
KRGWA,KRINC,340.0,78,39522.26168663562,387.1643141841707,13.890243757094131,0.40795657388204426,630.0731620918655,311,1071,39522.26168663562,0.140734707375041,0.8193860541176203,0.9393721200992363,0.7676470588235295,24859.474717321977,127.728767,34.866497,126.607819,37.439929,163.78386662484905,False,0,False,0,False,0
TWKAO,VNCMP,48.0,29,39420.71667320521,1162.293512646122,14.79686180603129,0.35876263701093586,629.417967797688,46,1073,39420.71667320521,0.13984025290167656,0.8191980435541388,0.9393090093476987,0.875,28256.70222741776,120.260382,22.620829,107.012844,10.522075,1051.6210109687574,False,0,False,0,False,0
COBUE,ECGYL,140.0,57,39383.95543904144,614.1549013828766,12.691914523807004,0.2863222959478054,630.4687721274664,127,1074,39383.95543904144,0.14127388391801077,0.8194993867563163,0.9394101632169708,0.6571428571428571,21209.369388504245,-77.083333,3.883333,-79.930086,-2.257278,406.33559903913454,False,0,False,0,False,0
CNQIN,MYTPP,21.0,21,39308.45196178638,2611.479420077848,16.379761852213974,0.45577729641276454,629.3846745131794,16,1075,39308.45196178638,0.13979475204291303,0.8191884794652448,0.9393057989066111,0.5238095238095238,16867.206710466304,120.2667,36.0333,103.549576,1.327854,2282.034977000137,False,0,False,0,False,0
AEKHA,ZADUR,20.0,19,39214.53501969984,4388.042250085619,15.379167943787124,0.38378383924907483,630.1245341135984,17,1076,39214.53501969984,0.14080476050406132,0.8194007789903254,0.9393770628948193,0.25,8033.105135721361,54.659214,24.802318,31.041098,-29.877639,3553.719523556893,False,0,False,0,False,0
TRBAM,TRYAR,665.0,180,39114.93831898517,89.57938458222904,7.0009089638617485,0.21898324589077311,630.6912741106208,556,1077,39114.93831898517,0.14157683446078484,0.8195630656845905,0.9394315387447395,0.35639097744360904,11424.882145528965,28.678178,40.961688,29.739117,40.7548,49.75289939985442,False,0,False,0,False,0
IDSUR,TWTAP,45.0,9,39062.26199202498,2192.3792356414974,17.672268654790013,0.5960029825681001,630.7,43,1078,39062.26199202498,0.1415887109560806,0.8195655620738862,0.9394323767242746,0.7555555555555555,24188.419555169465,112.731533,-7.1937,121.37318,25.14978,2006.5211576539568,False,0,False,0,False,0
DEBHN,MATAN,29.0,21,39005.21677065785,1676.4565900024206,15.323408354403112,0.4425571608568583,630.6999999999999,29,1079,39005.21677065785,0.1415887109560805,0.8195655620738862,0.9394323767242746,0.5862068965517241,18739.470721027086,8.548651,53.563407,-5.797516,35.789733,1225.1793085721658,False,0,False,0,False,0
EGALE,TRMER,241.0,88,38982.69650934973,477.81840551816924,12.17370119205378,0.298093691284902,630.7,141,1080,38982.69650934973,0.1415887109560806,0.8195655620738862,0.9394323767242746,0.11618257261410789,3711.902556529237,29.86702,31.187057,34.633333,36.783333,411.2028388457171,False,0,False,0,False,0
CNNSA,TWKAO,251.0,96,38975.991546055375,427.0120079664826,13.851394441473174,0.37977353802550756,630.2552324953551,224,1081,38975.991546055375,0.14098293503022996,0.8194382305253789,0.9393896344997318,0.8804780876494024,28121.07680298508,113.682083,22.64515,120.260382,22.620829,364.5206777797941,False,0,False,0,False,0
LKCOL,USBOS,9.0,9,38762.340183186396,11196.717643488519,15.16766328065954,0.4046640224062511,630.7,8,1083,38762.340183186396,0.1415887109560806,0.8195655620738862,0.9394323767242746,0.5555555555555556,17649.043955295747,79.85,6.95,-71.083333,42.35,7447.136316312982,False,0,True,1,True,2
BSFRE,PACRI,42.0,30,38639.718270248515,1325.966044857005,12.299328034091806,0.2989888983988876,630.7,41,1085,38639.718270248515,0.1415887109560806,0.8195655620738862,0.9394323767242746,0.2857142857142857,9047.937835009381,-78.6966,26.5285,-79.916667,9.35,1033.733712367624,False,0,False,0,False,0
INNSA,INPPV,221.0,72,38598.403259345076,216.7472922775769,9.617069589772411,0.21352781172989213,630.7000000000002,187,1088,38598.403259345076,0.14158871095608083,0.8195655620738862,0.9394323767242746,0.3665158371040724,11594.333425585399,72.9428,18.953883,71.516667,20.933333,143.53546831842857,False,0,False,0,False,0
CNNBO,JPNAG,120.0,26,38506.80830420574,926.0952075219808,13.838736920270346,0.3225981537339239,629.7489768237436,107,1089,38506.80830420574,0.14029237057176047,0.8192930767843856,0.9393409097817533,0.7,22083.853016889472,121.683333,29.966667,136.866667,35.066667,826.3168536531214,False,0,False,0,False,0
AUMEL,CNYTN,16.0,12,38490.62676939718,5100.080618775394,15.948725483945227,0.3471894056165894,630.7,16,1090,38490.62676939718,0.1415887109560806,0.8195655620738862,0.9394323767242746,0.5,15772.796081418586,144.912243,-37.858862,114.263091,22.566543,4019.058461963512,False,0,False,0,True,1
AUSYD,CNMWN,26.0,15,38464.65818819078,4684.878660319021,13.741933009479308,0.38576221700191443,630.7,25,1091,38464.65818819078,0.1415887109560806,0.8195655620738862,0.9394323767242746,0.8461538461538461,26674.41548367918,151.2111,-33.86,113.862187,22.508158,4000.9143446253515,False,0,False,0,False,0
PAMIT,USSAV,58.0,27,38425.56139416475,1655.5573340212743,15.036679592683265,0.4349235549622692,630.6999999999999,43,1092,38425.56139416475,0.1415887109560805,0.8195655620738862,0.9394323767242746,1.0,31492.26682201326,-79.88466,9.361132,-81.0833,32.0833,1365.877709624026,False,0,False,0,False,0
CNTAI,CNYSN,3414.0,122,38325.929325835925,133.4052746458229,6.475367857967018,0.23218437348140042,630.7000000000002,1703,1093,38325.929325835925,0.14158871095608083,0.8195655620738862,0.9394323767242746,0.8154657293497364,25614.277468908258,121.211133,31.6506,122.066667,30.633333,75.25390775721107,False,0,False,0,False,0
EGDAM,SAJED,111.0,32,38183.351759309684,809.4143945364808,11.535138136965504,0.26390964044119813,630.6501046411158,68,1094,38183.351759309684,0.14152079573808274,0.8195512865810747,0.939427584775018,0.26126126126126126,8175.704835579097,31.757526,31.481673,39.1667,21.466667,720.6825214350811,False,0,False,0,False,0
MATAN,USNYK,19.0,17,38072.529845363795,3401.128771722497,16.035885252574253,0.34963252050888993,630.6999999999999,18,1096,38072.529845363795,0.1415887109560805,0.8195655620738862,0.9394323767242746,0.21052631578947367,6569.038804692713,-5.797516,35.789733,-74.049568,40.663452,3150.8281009480984,False,0,False,0,False,0
CNBYQ,CNZHA,100.0,18,38060.02333420772,1640.2017514847182,11.490030480868763,0.426155555978553,630.7,61,1097,38060.02333420772,0.1415887109560806,0.8195655620738862,0.9394323767242746,0.96,29944.977039787365,122.0684,40.268517,110.407368,21.182277,1291.568903730422,False,0,False,0,False,0
CNSHE,PHDAV,102.0,20,38035.92219264326,1446.8880992960744,14.88609870120826,0.5142910086184439,630.6999999999998,88,1098,38035.92219264326,0.1415887109560804,0.8195655620738861,0.9394323767242746,0.47058823529411764,14669.615035676361,113.8943,22.467416,125.627031,7.073807,1146.6074198015697,False,0,False,0,False,0
AEKFA,CNQIN,15.0,10,37991.059635857244,5942.849820587629,15.031014000836425,0.3336882074732253,630.7,6,1099,37991.059635857244,0.1415887109560806,0.8195655620738862,0.9394323767242746,0.3333333333333333,10378.721381414623,56.364756,25.359318,120.2667,36.0333,3302.925361560642,False,0,False,0,True,1
COBUE,COCTA,119.0,36,37858.296502711826,697.2878882883798,11.752056884975717,0.3478802909212607,630.7,119,1100,37858.296502711826,0.1415887109560806,0.8195655620738862,0.9394323767242746,0.773109243697479,23987.53577160712,-77.083333,3.883333,-75.540962,10.394286,401.5626829623682,False,0,False,0,False,0
INCHN,SGSGP,77.0,26,37813.593445826256,1601.3755650645617,13.859117007366045,0.3273372043145137,630.6346924773004,61,1101,37813.593445826256,0.14149981525241317,0.8195468765713421,0.9394261044378319,0.5844155844155844,18111.04620806424,80.3,13.1,103.802776,1.248823,1568.02812583025,False,0,False,0,False,0
KRBUS,KRBUS,1286.0,162,37696.05055441841,205.380960028733,6.012856359678527,0.23030957561477336,630.5716263971333,1038,1102,37696.05055441841,0.14141395309305138,0.8195288287070359,0.9394200461916412,0.3157076205287714,9753.155570796232,129.052391,35.112607,129.052391,35.112607,0.0,False,0,False,0,False,0
KRULS,KRULS,64.0,56,37573.78435089793,1788.876868979376,10.931835884452669,0.3564179457134362,630.7,64,1103,37573.78435089793,0.1415887109560806,0.8195655620738862,0.9394323767242746,0.984375,30313.020633118107,129.369164,35.462441,129.369164,35.462441,0.0,False,0,False,0,False,0
CAPRR,USLGB,38.0,7,37404.81439916198,1489.5190981992835,13.72361493154897,0.23358994183575285,630.7000000000003,37,1104,37404.81439916198,0.14158871095608094,0.8195655620738862,0.9394323767242746,0.39473684210526316,12100.933317362598,-130.319567,54.320128,-118.217354,33.74561,1336.8383499832157,False,0,False,0,False,0
AEJAL,GBLGP,4.0,4,37399.835548478266,11139.362638755794,18.082270306303453,0.48014943536572824,630.6999999999999,3,1105,37399.835548478266,0.1415887109560805,0.8195655620738862,0.9394323767242746,0.5,15325.80862137975,55.0606,25.0136,0.486317,51.502973,2933.582635005841,False,0,True,1,True,2
ARBNA,BRIJI,85.0,49,37297.4799727745,825.952007126749,14.039580943342438,0.3438301863629027,627.2510468740152,32,1106,37297.4799727745,0.13686871835744996,0.8185734395069778,0.9390993443687746,0.8588235294117647,26220.5062592557,-58.362293,-34.592025,-48.6646,-26.899129,680.3091835848697,False,0,False,0,False,0
COBUE,KRBUS,10.0,10,37243.31961265038,8568.971285474296,16.44274095192094,0.41819623801654576,630.7,10,1108,37243.31961265038,0.1415887109560806,0.8195655620738862,0.9394323767242746,0.6,18314.00530310352,-77.083333,3.883333,129.052391,35.112607,8041.043329655481,False,0,True,1,True,1
BEZEE,LKCOL,4.0,4,37200.89682969444,10700.878656574847,17.592567268289944,0.4796403802510818,630.7,4,1109,37200.89682969444,0.1415887109560806,0.8195655620738862,0.9394323767242746,1.0,30488.57391988117,3.2,51.333333,79.85,6.95,4578.100733241504,False,0,True,1,True,2
HKHKG,PKKAR,17.0,8,37101.283639712834,4411.175303922922,15.33450891141198,0.4050881384573311,630.7000000000002,16,1111,37101.283639712834,0.14158871095608083,0.8195655620738862,0.9394323767242746,0.5294117647058824,16097.788789329137,114.181938,22.298785,66.9833,24.7833,2589.5484669387156,False,0,False,0,False,0
LBBRT,LKCOL,5.0,5,37056.785571279484,11562.149873887209,16.72196331570929,0.3759970902962881,630.7,5,1112,37056.785571279484,0.1415887109560806,0.8195655620738862,0.9394323767242746,0.8,24296.37223630172,35.516567,33.904758,79.85,6.95,2938.6157337000304,False,0,True,1,True,2
COCTA,CRPMN,180.0,41,37022.577225980574,496.23703905073467,10.239102774995331,0.30281660280516637,630.5654723682879,168,1113,37022.577225980574,0.14140557368832585,0.8195270673914509,0.9394194549591689,0.5944444444444444,18036.041350650597,-75.540962,10.394286,-83.090115,10.006213,446.68789092591504,False,0,False,0,False,0
CNMWN,VNCMP,50.0,25,37004.93916828309,979.2267791517704,15.485109864131568,0.3924391284738911,630.7,50,1114,37004.93916828309,0.1415887109560806,0.8195655620738862,0.9394323767242746,0.92,27901.735867446787,113.862187,22.508158,107.012844,10.522075,820.1303934580222,False,0,False,0,False,0
INMUN,PKQAS,254.0,83,36965.078837079454,279.98188180388496,9.583436761055896,0.23141604153631265,630.7000000000002,198,1115,36965.078837079454,0.14158871095608083,0.8195655620738862,0.9394323767242746,0.42913385826771655,13000.741385628357,69.7,22.766667,67.343788,24.775279,176.9246790406751,False,0,False,0,False,0
IDSUR,PHMAN,44.0,15,36920.879365281944,1619.5920647861908,13.394135138300754,0.4847914180429619,630.7,17,1116,36920.879365281944,0.1415887109560806,0.8195655620738862,0.9394323767242746,0.9545454545454546,28883.66846521174,112.731533,-7.1937,120.94162,14.596732,1396.667392299979,False,0,False,0,False,0
BRSAL,BRSUA,145.0,47,36908.22292863763,446.6442740988516,12.231500133094068,0.3241842409828532,630.1206805013236,107,1117,36908.22292863763,0.14079950594660295,0.8193996745044763,0.9393766921447363,0.8413793103448276,25445.486029105155,-38.516667,-12.966667,-34.9681,-8.3911,345.36816847963274,False,0,False,0,False,0
JPTOK,TWKEE,114.0,26,36893.57673371817,1160.1912576528036,15.245042152650297,0.5384849344512632,630.2363353898064,113,1118,36893.57673371817,0.1409571781272504,0.8194328165328428,0.9393878171489859,0.5526315789473685,16707.051510329107,139.75,35.6667,121.7559,25.15113,1122.4819711861808,False,0,False,0,False,0
SGSGP,USMOB,4.0,4,36890.97523149539,13435.380160130522,15.771547208181898,0.3899110449596599,630.7,4,1119,36890.97523149539,0.1415887109560806,0.8195655620738862,0.9394323767242746,1.0,30234.57285105433,103.802776,1.248823,-88.1167,30.6833,8772.681057226715,False,0,True,1,True,2
INMUN,KEMOM,43.0,29,36881.09115478875,2987.0123291759087,13.166117874831464,0.30403231807291414,630.6999999999999,35,1120,36881.09115478875,0.1415887109560805,0.8195655620738862,0.9394323767242746,0.32558139534883723,9841.176996056221,69.7,22.766667,39.647169,-4.053188,2386.9534083940575,False,0,False,0,False,0
GTSTC,USPHI,54.0,4,36771.32706394458,1841.2189968056343,18.411904173290658,0.6258923139748643,630.7,52,1121,36771.32706394458,0.1415887109560806,0.8195655620738862,0.9394323767242746,0.9814814814814815,29578.42975311695,-88.616667,15.7,-75.1333,39.95,1617.9496776831404,False,0,False,0,False,0
DOCUC,ESBAR,25.0,9,36762.71981646096,4149.351195492272,15.878694421929133,0.5087265017988265,630.6999999999999,25,1122,36762.71981646096,0.1415887109560805,0.8195655620738862,0.9394323767242746,0.48,14462.140382276457,-69.629288,18.426403,2.166667,41.35,3869.5357876357425,False,0,False,0,False,0
JPTOK,TWKAO,67.0,19,36739.96947101592,1381.2006668147483,16.40077685293978,0.35459466389991007,630.6999999999999,66,1123,36739.96947101592,0.1415887109560805,0.8195655620738862,0.9394323767242746,0.5522388059701493,16628.3598210948,139.75,35.6667,120.260382,22.620829,1283.3120747188877,False,0,False,0,False,0
ESVAL,TRMER,31.0,19,36613.4336202647,1764.2905765220332,16.12627247567288,0.318844588787547,630.7,31,1125,36613.4336202647,0.1415887109560806,0.8195655620738862,0.9394323767242746,0.1935483870967742,5807.827607312354,-0.316667,39.45,34.633333,36.783333,1648.3426093014634,False,0,False,0,False,0
ESALG,ESBAR,161.0,50,36576.588585170204,574.1861065102146,10.244865980404947,0.2609947876788982,630.5153362625902,149,1126,36576.588585170204,0.14133730162826108,0.8195127168919396,0.9394146378319165,0.2981366459627329,8936.639846779093,-5.433333,36.116667,2.166667,41.35,474.4454796435386,False,0,False,0,False,0
CNMWN,CNYSN,56.0,34,36552.35138965291,905.1532229685484,14.092280096410448,0.3233063496430826,630.7,53,1127,36552.35138965291,0.1415887109560806,0.8195655620738862,0.9394323767242746,0.9642857142857143,28887.153825647973,113.862187,22.508158,122.066667,30.633333,656.852839693534,False,0,False,0,False,0
CNDAL,CNNSA,57.0,13,36530.46957723905,1379.6903542034195,13.531272208239994,0.2342497915345333,630.7,53,1128,36530.46957723905,0.1415887109560806,0.8195655620738862,0.9394323767242746,0.2982456140350877,8929.209686704906,121.737442,38.978628,113.682083,22.64515,1063.839459050596,False,0,False,0,False,0
AUADE,AUSYD,55.0,20,36501.85421157882,990.8702623172485,14.06933693914023,0.28076405147569633,630.6999999999999,47,1129,36501.85421157882,0.1415887109560805,0.8195655620738862,0.9394323767242746,0.6545454545454545,19581.161016208353,138.5,-34.783333,151.2111,-33.86,632.3055794137373,False,0,False,0,False,0
BSFRE,USHOU,45.0,29,36478.5807000505,1180.3847188626335,10.006255737516632,0.2267056783741178,630.6999999999999,35,1130,36478.5807000505,0.1415887109560805,0.8195655620738862,0.9394323767242746,0.2,5979.317699018902,-78.6966,26.5285,-94.97475,29.6069,881.1675753792933,False,0,False,0,False,0
REREU,SGSGP,24.0,19,36409.32740698922,3511.3309167762823,14.022916032113427,0.46544805858946614,630.6999999999999,21,1132,36409.32740698922,0.1415887109560805,0.8195655620738862,0.9394323767242746,0.75,22379.873160780953,55.3,-20.916666,103.802776,1.248823,3142.441159302936,False,0,False,0,False,0
AUFRE,AUSYD,34.0,12,36328.15482583968,2231.378791096202,14.750892505523701,0.3095382577335448,630.7,33,1134,36328.15482583968,0.1415887109560806,0.8195655620738862,0.9394323767242746,0.29411764705882354,8756.854302631311,115.75,-32.05,151.2111,-33.86,1781.015433487331,False,0,False,0,False,0
INNSA,TZDRS,40.0,16,36327.71438809995,2622.409865784012,14.184813061410456,0.3937544975946695,630.7,22,1135,36327.71438809995,0.1415887109560806,0.8195655620738862,0.9394323767242746,0.4,11909.177464537097,72.9428,18.953883,39.293118,-6.823008,2521.710606866927,False,0,False,0,False,0
OMSAL,SGSGP,20.0,17,36313.97981708834,3222.7958338736194,14.122397458568152,0.4661414796525386,630.7000000000002,17,1136,36313.97981708834,0.14158871095608083,0.8195655620738862,0.9394323767242746,0.7,20833.18109595223,54.002781,16.946141,103.802776,1.248823,3087.1463371114833,False,0,False,0,False,0
GHTEM,TGLOM,308.0,117,36165.65166515563,135.67743049838822,8.711358029016385,0.2357778887220217,630.3292330918563,181,1138,36165.65166515563,0.14108378355807094,0.8194594284612273,0.9393967501513083,0.39935064935064934,11835.269356964678,0.016667,5.633333,1.286945,6.137824,81.68899390794624,False,0,False,0,False,0
CNQIN,CNQIN,399.0,97,36127.674243113266,313.1728130777377,5.866671482899243,0.24162858180931046,629.7769449951484,69,1139,36127.674243113266,0.1403305498835452,0.819301101914938,0.9393436036304976,0.6691729323308271,19807.146279801425,120.2667,36.0333,120.2667,36.0333,0.0,False,0,False,0,False,0
LKCOL,TZDRS,48.0,24,36124.08937201341,2721.8295412544317,12.576857200558962,0.2941345640203996,630.6999999999999,41,1140,36124.08937201341,0.1415887109560805,0.8195655620738862,0.9394323767242746,0.16666666666666666,4934.343268430244,79.85,6.95,39.293118,-6.823008,2566.0251008206374,False,0,False,0,False,0
GHTEM,NGLAG,225.0,93,36102.41250602433,259.3428810628789,10.43111328426429,0.26155907950708024,630.7000000000003,171,1142,36102.41250602433,0.14158871095608094,0.8195655620738862,0.9394323767242746,0.5955555555555555,17621.472869755107,0.016667,5.633333,3.3833,6.45,206.90339460346573,False,0,False,0,False,0
MYPKE,USNFK,4.0,3,36043.6052479744,12289.340571846069,17.121283136812085,0.38827445722787296,630.7,3,1143,36043.6052479744,0.1415887109560806,0.8195655620738862,0.9394323767242746,1.0,29540.097594225415,101.34485,3.00525,-76.316667,36.85,8410.785274164504,False,0,True,1,True,2
CNYSN,KRGWA,94.0,35,36041.06947443126,521.7155607089566,11.415602315159305,0.2739849204699763,627.2334405355132,91,1144,36041.06947443126,0.1368444904057271,0.818568346893557,0.9390976348974858,0.9042553191489362,26677.411554220085,122.066667,30.633333,127.728767,34.866497,382.4171051941548,False,0,False,0,False,0
COCTA,PABAL,83.0,31,35993.71157287828,415.0950735336196,5.902805313403136,0.20503363544772218,630.7,59,1145,35993.71157287828,0.1415887109560806,0.8195655620738862,0.9394323767242746,0.4939759036144578,14571.897165185597,-75.540962,10.394286,-79.57037,8.954178,253.6697261596592,False,0,False,0,False,0
CNNSA,INNSA,33.0,28,35992.38297044378,3970.9748397974035,14.458028836078542,0.4840497689176684,629.3470512979595,20,1146,35992.38297044378,0.139743327813451,0.8191776703087749,0.9393021705254412,0.6060606060606061,17869.185715508702,113.682083,22.64515,72.9428,18.953883,2290.420310707118,False,0,False,0,False,0
CNZOS,KRBUS,110.0,67,35991.9971680511,586.4708218326282,10.463908663886738,0.2501097305323847,630.7,88,1147,35991.9971680511,0.1415887109560806,0.8195655620738862,0.9394323767242746,0.6,17698.680833517312,122.099218,30.006902,129.052391,35.112607,466.4224823406128,False,0,False,0,False,0
LKCOL,ZAPLZ,11.0,11,35967.42357684387,4828.263140300803,11.560952787838715,0.28392800872991103,630.6311265868452,10,1148,35967.42357684387,0.14149496088115632,0.8195458562029472,0.9394257619240122,0.36363636363636365,10718.89198207221,79.85,6.95,25.6372,-33.9618,3935.8051808459395,False,0,False,0,False,0
CNWGQ,QAHMD,14.0,10,35950.174253481244,6080.315653329927,14.703776816875179,0.3516242401783581,630.7000000000002,9,1149,35950.174253481244,0.14158871095608083,0.8195655620738862,0.9394323767242746,0.5,14731.762384354253,121.617967,31.353633,51.638489,25.021684,3661.723955744861,False,0,False,0,True,1
CNTJN,KRINC,229.0,38,35944.06667223597,469.345150490635,12.550526815913324,0.28992823708251614,630.7000000000002,153,1150,35944.06667223597,0.14158871095608083,0.8195655620738862,0.9394323767242746,0.2663755458515284,7847.029133330092,117.8143,38.97075,126.607819,37.439929,424.7483069429197,False,0,False,0,False,0
CGPNO,GHTEM,79.0,31,35923.42192549219,1033.843678523589,14.352469909927178,0.3445922037906416,630.7,32,1151,35923.42192549219,0.1415887109560806,0.8195655620738862,0.9394323767242746,0.7848101265822784,23106.065416240115,11.839142,-4.778824,0.016667,5.633333,945.1195197385686,False,0,False,0,False,0
BRSTS,PACRI,12.0,8,35767.21723067874,4592.313306195059,16.369632563152372,0.3465692709615947,630.7000000000002,7,1152,35767.21723067874,0.14158871095608083,0.8195655620738862,0.9394323767242746,0.08333333333333333,2442.798291123334,-46.306133,-23.95,-79.916667,9.35,2807.5151110922766,False,0,False,0,False,0
TGLOM,VNCMP,5.0,5,35683.367929826905,8900.504946075993,16.991831244176726,0.45744366746657844,627.7849101719635,5,1153,35683.367929826905,0.1376027183391535,0.8187277232120349,0.9391511338022823,0.6,17528.977549034713,1.286945,6.137824,107.012844,10.522075,6256.634206765482,False,0,True,1,True,1
CNHUM,CNTJN,160.0,14,35683.2008899716,1482.3537458695212,10.654379699515605,0.5045439326041536,630.5680682342677,142,1154,35683.2008899716,0.14140910827273312,0.819527810346208,0.9394197043517148,1.0,29243.375491502287,113.659717,22.81445,117.8143,38.97075,993.0475353467115,False,0,False,0,False,0
INMUN,TRALI,40.0,16,35677.53247473483,3675.353629386946,12.66245676852297,0.35261869830368564,630.7,26,1155,35677.53247473483,0.1415887109560806,0.8195655620738862,0.9394323767242746,0.25,7310.019239016345,69.7,22.766667,26.957016,38.82268,2379.3381570659285,False,0,False,0,False,0
EGSOK,SGSGP,12.0,11,35657.91108726835,7193.303583171553,15.109094061403095,0.37781837836418064,630.7000000000002,11,1156,35657.91108726835,0.14158871095608083,0.8195655620738862,0.9394323767242746,0.6666666666666666,19482.663961745162,32.33,29.58,103.802776,1.248823,4402.137685433427,False,0,False,0,True,1
JPNAG,THLCB,40.0,4,35628.43286422268,2880.991633659569,16.126805520631958,0.3948046328958122,630.7000000000002,40,1157,35628.43286422268,0.14158871095608083,0.8195655620738862,0.9394323767242746,0.875,25549.857030406085,136.866667,35.066667,100.886078,13.056152,2353.293743819035,False,0,False,0,False,0
MUPLO,REREU,178.0,71,35617.3076816984,253.69421870589736,4.865585083518449,0.2080959676983985,630.7,168,1158,35617.3076816984,0.1415887109560806,0.8195655620738862,0.9394323767242746,0.25280898876404495,7379.676098522114,57.486134,-20.150235,55.3,-20.916666,131.24673679840652,False,0,False,0,False,0
EGPSA,MYPKE,5.0,5,35577.29242179211,12247.038891772778,16.96253712005724,0.36653406619195955,630.7,3,1160,35577.29242179211,0.1415887109560806,0.8195655620738862,0.9394323767242746,0.6,17494.754196439837,32.319633,31.269083,101.34485,3.00525,4236.701452182091,False,0,True,1,True,2
CNXIA,JPNAG,58.0,23,35568.202686536075,1280.7475304146883,15.433385516088219,0.37694006906022925,630.6999999999999,54,1161,35568.202686536075,0.1415887109560805,0.8195655620738862,0.9394323767242746,0.5517241379310345,16083.02015268902,118.042517,24.44535,136.866667,35.066667,1166.9514668501874,False,0,False,0,False,0
GUAPR,JPNAH,47.0,9,35469.476853813234,1266.9162716453525,18.912125315707463,0.5787934536440569,630.5057234395199,47,1162,35469.476853813234,0.1413242102758917,0.8195099651448032,0.9394137141347231,0.6808510638297872,19790.69939756452,144.642048,13.452902,127.675638,26.229272,1224.9490919241211,False,0,False,0,False,0
BRMAN,PAMIT,39.0,10,35452.96238656476,3023.2726976195895,14.66260163437321,0.3523274655821204,630.7000000000002,36,1163,35452.96238656476,0.14158871095608083,0.8195655620738862,0.9394323767242746,0.8205128205128205,23840.842704024035,-60.033932,-3.131603,-79.88466,9.361132,1404.7027977297419,False,0,False,0,False,0
BSFRE,KRBUS,5.0,5,35449.68206088757,9859.161804847137,15.056816687095276,0.3503920667157468,630.7,5,1164,35449.68206088757,0.1415887109560806,0.8195655620738862,0.9394323767242746,0.2,5810.667720714377,-78.6966,26.5285,129.052391,35.112607,6784.911530626357,False,0,True,1,True,1
CNMWN,SAJED,22.0,9,35445.40391985394,5934.505656492878,15.953157790707044,0.6128826344172376,630.6999999999998,19,1166,35445.40391985394,0.1415887109560804,0.8195655620738861,0.9394323767242746,1.0,29049.832386511018,113.862187,22.508158,39.1667,21.466667,4110.844317579547,False,0,False,0,True,1
MXVER,USHOU,80.0,45,35365.44941782248,676.8764274862641,12.996853468608752,0.29493282718884484,630.7000000000002,59,1168,35365.44941782248,0.14158871095608083,0.8195655620738862,0.9394323767242746,0.375,10869.114161292477,-96.1333,19.2,-94.97475,29.6069,628.0235679332741,False,0,False,0,False,0
CGPNO,CIABI,34.0,25,35348.066936155075,1232.543195717573,11.501096620541162,0.291905590068086,628.8601986573439,17,1169,35348.066936155075,0.1390773320430787,0.8190376808025533,0.939255179320365,0.8529411764705882,24693.840122441594,11.839142,-4.778824,-4.0267,5.3364,1128.6675395007276,False,0,False,0,False,0
CNYTN,MXLCS,7.0,7,35296.52612006105,8066.482474418431,14.652769260429892,0.30304171104176497,630.7000000000002,7,1170,35296.52612006105,0.14158871095608083,0.8195655620738862,0.9394323767242746,0.7142857142857143,20662.726620602458,114.263091,22.566543,-102.166667,17.883333,7571.28839838642,False,0,True,1,True,1
MYPEN,SGSGP,280.0,71,35265.62972799845,431.8136732346577,10.794806509613789,0.3062883244809395,630.588711216731,247,1172,35265.62972799845,0.14143721514557395,0.8195337182925126,0.9394216875111949,0.3607142857142857,10425.137994822384,100.35,5.416667,103.802776,1.248823,324.7017285750713,False,0,False,0,False,0
BRPAR,SGSGP,5.0,5,35254.13372930187,9303.679076714168,15.740510171344264,0.5133129701711727,628.2124800731192,5,1173,35254.13372930187,0.13818967758013168,0.8188510995726246,0.9391925483626912,0.8,23094.308934975357,-48.515217,-25.502281,103.802776,1.248823,8642.530294331036,False,0,True,1,True,1
NLROT,PTSNS,36.0,32,35248.58024371044,1275.4763269453363,13.557014841936232,0.3708673509088925,628.0537309628909,36,1174,35248.58024371044,0.13797184331671608,0.818805311727821,0.9391771784534513,0.6944444444444444,20042.864398898917,4.03038,52.002215,-8.866667,37.95,1002.6080015110733,False,0,False,0,False,0
CNTJN,CNTJN,1044.0,67,35099.58682532775,250.48461343582045,6.6715688546379885,0.2294999264725431,623.8053023457421,132,1176,35099.58682532775,0.13210099695508726,0.8175712845465255,0.9387629443732626,0.4099616858237548,11764.43037853793,117.8143,38.97075,117.8143,38.97075,0.0,False,0,False,0,False,0
ESLPA,FRFOS,39.0,16,35063.20179365595,1422.1707633384708,16.642239228907545,0.3703735534534311,630.7000000000003,39,1177,35063.20179365595,0.14158871095608094,0.8195655620738862,0.9394323767242746,0.23076923076923078,6631.5213891064,-15.4167,28.15,4.871235,43.408352,1340.7036229271428,False,0,False,0,False,0
SAJED,TRMER,77.0,29,34970.14894263039,1134.5326792235826,12.184507459774064,0.26894272805796143,630.6999999999999,56,1178,34970.14894263039,0.1415887109560805,0.8195655620738862,0.9394323767242746,0.14285714285714285,4094.332824853484,39.1667,21.466667,34.633333,36.783333,949.5132992501216,False,0,False,0,False,0
FRLEH,GBLGP,169.0,82,34898.48658452327,297.41160244042794,9.903134333882917,0.23107402878625902,630.3525405320298,139,1180,34898.48658452327,0.14111554219635913,0.8194661039932503,0.9393989909713722,0.5266272189349113,15060.552002748638,0.094067,49.480233,0.486317,51.502973,122.36645344902266,False,0,False,0,False,0
AEJAL,CNYSN,8.0,8,34806.78171281134,5747.281060400147,16.430286179024947,0.5101856141321054,630.6999999999999,8,1181,34806.78171281134,0.1415887109560805,0.8195655620738862,0.9394323767242746,0.75,21394.829713832467,55.0606,25.0136,122.066667,30.633333,3522.257427156719,False,0,False,0,True,1
CNBYQ,CNXIA,141.0,28,34793.67826952113,1163.9653305139766,10.9970852303917,0.4283192118195871,630.6999999999999,71,1182,34793.67826952113,0.1415887109560805,0.8195655620738862,0.9394323767242746,1.0,28515.700487578044,122.0684,40.268517,118.042517,24.44535,971.4203336891694,False,0,False,0,False,0
INNSA,KEMOM,51.0,26,34747.33940989986,2639.330571475371,13.592275120913476,0.4085042898109113,630.7000000000003,38,1184,34747.33940989986,0.14158871095608094,0.8195655620738862,0.9394323767242746,0.5098039215686274,14518.054737357128,72.9428,18.953883,39.647169,-4.053188,2404.0262032369797,False,0,False,0,False,0
CNWGQ,CNYTN,75.0,33,34722.8391736385,918.668031962192,13.98953156997916,0.27634873495378776,630.6999999999998,68,1185,34722.8391736385,0.1415887109560804,0.8195655620738861,0.9394323767242746,0.5866666666666667,16695.15067976459,121.617967,31.353633,114.263091,22.566543,657.7827531267853,False,0,False,0,False,0
CNYSN,NLROT,4.0,4,34713.60367060053,14183.169977000158,17.108111621927634,0.433776489305494,630.7,4,1186,34713.60367060053,0.1415887109560806,0.8195655620738862,0.9394323767242746,0.5,14225.037051952922,122.066667,30.633333,4.03038,52.002215,4876.790345486333,False,0,True,1,True,2
CNDCB,VNCMP,59.0,32,34664.16270021492,949.3251371543081,14.425903736631932,0.30211959313016057,630.7,58,1188,34664.16270021492,0.1415887109560806,0.8195655620738862,0.9394323767242746,0.576271186440678,16371.607382467077,113.852567,22.533467,107.012844,10.522075,821.1854310734446,False,0,False,0,False,0
JMKIN,USMIA,166.0,36,34643.7477508585,765.2394766062505,14.301379220438243,0.45575244930367587,630.5151895198492,160,1190,34643.7477508585,0.14133710178768621,0.8195126748862924,0.9394146237316026,0.6987951807228916,19839.48725865949,-76.7936,17.997,-80.1833,25.7833,504.11247305535994,False,0,False,0,False,0
JPYOK,USTAC,18.0,11,34560.81371141018,4593.236866826451,16.059782630653096,0.46474619691642266,630.7,18,1191,34560.81371141018,0.1415887109560806,0.8195655620738862,0.9394323767242746,0.5,14162.426357561377,139.679832,35.450183,-122.422033,47.272467,4173.185357669982,False,0,False,0,False,0
BRIJI,BRPAR,209.0,117,34501.85926885344,205.8672346411676,6.964211783779383,0.2151114082373701,627.4850739953943,92,1193,34501.85926885344,0.13719063219665706,0.8186411044403021,0.9391220579052684,0.7081339712918661,20000.98921631824,-48.6646,-26.899129,-48.515217,-25.502281,84.25257743234508,False,0,False,0,False,0
CNSHE,INCHN,46.0,10,34418.32323268515,3060.178638585657,14.045788403187919,0.4558144736883715,630.1649928506307,42,1194,34418.32323268515,0.14085992376233258,0.8194123740749047,0.9393809550936851,0.9782608695652174,27589.69560499434,113.8943,22.467416,80.3,13.1,1996.0358205316952,False,0,False,0,False,0
CNSHE,DJDJI,16.0,11,34365.093313356585,5290.181289566556,15.171695227255684,0.36440405699781886,630.7,11,1195,34365.093313356585,0.1415887109560806,0.8195655620738862,0.9394323767242746,0.375,10561.66763140599,113.8943,22.467416,43.133333,11.583333,4081.1718958109896,False,0,False,0,True,1
MXLCS,USLSA,38.0,22,34311.1118001042,1470.103572955125,12.601021099050579,0.3790707499864973,630.7,38,1197,34311.1118001042,0.1415887109560806,0.8195655620738862,0.9394323767242746,1.0,28120.205627832347,-102.166667,17.883333,-118.244,33.738045,1285.3478030566782,False,0,False,0,False,0
CNQIN,VNHCM,64.0,19,34297.56744009101,2055.0337906104373,14.060901475332425,0.3941655886430316,630.6155107641035,36,1199,34297.56744009101,0.14147370186946873,0.8195413876482186,0.9394242619346392,0.515625,14493.329819105436,120.2667,36.0333,106.710033,10.776988,1686.057053664975,False,0,False,0,False,0
CNNBO,USHOU,4.0,4,34264.74054891603,10479.236379943739,16.749184500959736,0.36708696673270885,630.7,3,1200,34264.74054891603,0.1415887109560806,0.8195655620738862,0.9394323767242746,0.75,21061.651010466187,121.683333,29.966667,-94.97475,29.6069,6661.13513825113,False,0,True,1,True,2
EGPSA,SAJED,80.0,27,34248.35339621512,746.917770534676,12.810906807344434,0.301832334551857,630.6635190081294,69,1202,34248.35339621512,0.14153905580033832,0.8195551247692621,0.9394288731650774,0.75,21051.310155582647,32.319633,31.269083,39.1667,21.466667,693.859403194423,False,0,False,0,False,0
AUBRI,NZAKL,59.0,24,34220.43490139978,1421.8311047264415,13.750462405198475,0.30316054116278857,630.7,47,1203,34220.43490139978,0.1415887109560806,0.8195655620738862,0.9394323767242746,0.6949152542372882,19489.516754907123,153.169467,-27.350967,174.769478,-36.840752,1233.5257504396202,False,0,False,0,False,0
INNSA,SAJED,56.0,27,34218.848667458755,2471.649896956844,13.985110232658558,0.39272784088979856,630.4052931699296,37,1204,34218.848667458755,0.14118741408780922,0.8194812111621587,0.9394040620948546,0.4642857142857143,13019.362362771013,72.9428,18.953883,39.1667,21.466667,1905.4499071643072,False,0,False,0,False,0
CAHFX,USPEV,42.0,11,34198.97844967651,1503.1023915822577,13.42143895167454,0.24068956382213802,630.7,42,1205,34198.97844967651,0.1415887109560806,0.8195655620738862,0.9394323767242746,0.3333333333333333,9342.768331820618,-63.57595,44.655955,-80.1,26.083333,1371.8355736304895,False,0,False,0,False,0
CNWGQ,PHDAV,39.0,20,34198.95501186356,1744.592693010471,14.135254620263416,0.30231574083939566,630.7000000000002,32,1206,34198.95501186356,0.14158871095608083,0.8195655620738862,0.9394323767242746,0.48717948717948717,13654.80589605417,121.617967,31.353633,125.627031,7.073807,1475.0252941168983,False,0,False,0,False,0
USCHA,USMIA,83.0,35,34128.734894418136,518.2156776213983,11.2232014791472,0.26823659377168485,630.6999999999999,73,1208,34128.734894418136,0.1415887109560805,0.8195655620738862,0.9394323767242746,0.5662650602409639,15838.850390853968,-79.938165,32.87698,-80.1833,25.7833,426.1005758534671,False,0,False,0,False,0
NLROT,PACOL,8.0,7,34044.68735579094,5017.390105432284,17.53506353933383,0.5665561846371584,630.7,8,1210,34044.68735579094,0.1415887109560806,0.8195655620738862,0.9394323767242746,1.0,27901.85332837853,4.03038,52.002215,-79.892063,9.359918,4737.358838571802,False,0,False,0,True,1
CNWGQ,KRINC,340.0,35,34001.41343319683,521.0188688155514,13.272726329688968,0.4371112991341729,630.6999999999999,262,1211,34001.41343319683,0.1415887109560805,0.8195655620738862,0.9394323767242746,0.9205882352941176,25653.46850340371,121.617967,31.353633,126.607819,37.439929,441.0166450431354,False,0,False,0,False,0
KRBUS,TWKEE,150.0,25,33990.67531827215,741.2451923987197,14.674552764874994,0.48464620315147133,629.5214839794662,150,1212,33990.67531827215,0.13998169438541452,0.8192277739583675,0.9393189891494695,0.6933333333333334,19306.632991588605,129.052391,35.112607,121.7559,25.15113,707.4545399556704,False,0,False,0,False,0
ESBAR,ITSPE,110.0,45,33973.40994949354,429.3111936013747,11.063984177059012,0.2681883615069134,630.7,110,1213,33973.40994949354,0.1415887109560806,0.8195655620738862,0.9394323767242746,0.35454545454545455,9871.76396374642,2.166667,41.35,9.816667,44.083333,375.0447605824707,False,0,False,0,False,0
CLSAN,CNYTN,5.0,5,33919.44344743414,10552.541491947988,18.16364811113069,0.549077311145817,627.530591882452,5,1215,33919.44344743414,0.13725321601307028,0.8186542592949527,0.9391264736824885,1.0,27768.296851156232,-71.616667,-33.5833,114.263091,22.566543,10076.553142988003,False,0,True,1,True,2
GHTEM,MYPKE,12.0,9,33828.46861544716,8089.408286065873,14.733616889485907,0.2696056889198494,630.7,10,1217,33828.46861544716,0.1415887109560806,0.8195655620738862,0.9394323767242746,0.4166666666666667,11551.936622882404,0.016667,5.633333,101.34485,3.00525,6061.478020687565,False,0,True,1,True,1
CNJIN,CNNBO,162.0,25,33826.90996343727,786.8721031908506,10.301459448902479,0.3354161686977938,630.7,57,1218,33826.90996343727,0.1415887109560806,0.8195655620738862,0.9394323767242746,0.9444444444444444,26183.18322866236,121.066667,40.783333,121.683333,29.966667,650.1336720074983,False,0,False,0,False,0
ITGOA,MTMAL,84.0,42,33825.565364002876,638.4073705215303,12.629019039020847,0.2894104427679768,625.7308553687863,77,1219,33825.565364002876,0.13477177071455793,0.818132669943326,0.9389513883289548,0.5119047619047619,14166.350053030344,8.923988,44.403373,14.539518,35.819159,575.9478842042806,False,0,False,0,False,0
CNZOS,TWKAO,65.0,44,33811.18339316305,573.7617388064447,12.629478218092947,0.3833047332875242,630.4758273778068,58,1220,33811.18339316305,0.14128349337083934,0.8195014066228326,0.9394108412389472,0.8769230769230769,24298.058522552947,122.099218,30.006902,120.260382,22.620829,454.3455490143777,False,0,False,0,False,0
ESVAL,ITSPE,76.0,52,33730.75174346477,581.0453288134954,11.384259863858626,0.267149307045474,630.6999999999999,60,1221,33730.75174346477,0.1415887109560805,0.8195655620738862,0.9394323767242746,0.5131578947368421,14186.025499480125,-0.316667,39.45,9.816667,44.083333,531.6908317293924,False,0,False,0,False,0
CNDAL,HKHKG,65.0,28,33690.25264590041,1334.6527632982234,15.412752794177933,0.42114515214534276,629.9026864289908,52,1222,33690.25264590041,0.14050215745343986,0.8193371731034382,0.939355711885337,0.5692307692307692,15712.86193029552,121.737442,38.978628,114.181938,22.298785,1073.7770193985862,False,0,False,0,False,0
CNTJN,CNXIA,162.0,32,33668.11665718722,1202.5703416228378,11.04905223464753,0.36747539024176457,630.5797860659329,129,1223,33668.11665718722,0.14142506315070558,0.819531163994367,0.9394208300930125,0.9753086419753086,26910.78513396864,117.8143,38.97075,118.042517,24.44535,872.188713181287,False,0,False,0,False,0
IDSUR,VNHCM,87.0,26,33623.59466591323,1240.3997975100558,13.842885606166801,0.44477294703531967,630.6999999999998,67,1226,33623.59466591323,0.1415887109560804,0.8195655620738861,0.9394323767242746,0.7241379310344828,19954.88087888233,112.731533,-7.1937,106.710033,10.776988,1137.3987286755223,False,0,False,0,False,0
CNWGQ,LKCOL,19.0,11,33525.80221194855,4090.4541422869024,14.271146309317588,0.4359554563971168,630.7000000000002,13,1228,33525.80221194855,0.14158871095608083,0.8195655620738862,0.9394323767242746,0.7894736842105263,21692.047053010694,121.617967,31.353633,79.85,6.95,2759.203244316164,False,0,False,0,False,0
GBFEL,PLGDA,30.0,20,33523.47303587836,1102.556301626303,13.53922473612463,0.4421713564218795,627.0467013598877,28,1229,33523.47303587836,0.1365874362693308,0.8185143151966195,0.9390794977197792,0.9666666666666667,26524.794489141845,1.3,51.933333,18.666667,54.35,640.2800134896453,False,0,False,0,False,0
CNNBO,USNYK,4.0,4,33440.887756949305,12942.421328526729,16.021115252208688,0.3646709731682848,629.1249226150516,4,1230,33440.887756949305,0.13943959214079438,0.8191138263495057,0.939280739600625,1.0,27391.893527119086,121.683333,29.966667,-74.049568,40.663452,6477.243367274311,False,0,True,1,True,2
BRMAN,BRSUA,51.0,12,33380.221870712994,2015.5953384343404,15.005680202759214,0.4366061030129549,630.7,37,1231,33380.221870712994,0.1415887109560806,0.8195655620738862,0.9394323767242746,0.6470588235294118,17701.769605637717,-60.033932,-3.131603,-34.9681,-8.3911,1529.6457428132373,False,0,False,0,False,0
INCOC,MYPKE,48.0,15,33321.371480328955,1734.2987165008221,15.394252304754891,0.3501767277129523,630.7000000000002,26,1233,33321.371480328955,0.14158871095608083,0.8195655620738862,0.9394323767242746,0.5625,15361.339807321065,76.25,9.966667,101.34485,3.00525,1553.2393683311716,False,0,False,0,False,0
HKHKG,MYPEN,65.0,21,33288.19030927546,1874.2938829810357,15.181771747240312,0.46078036973848785,630.7,61,1235,33288.19030927546,0.1415887109560806,0.8195655620738862,0.9394323767242746,0.9076923076923077,24763.529379590556,114.181938,22.298785,100.35,5.416667,1292.9682684113873,False,0,False,0,False,0
GBLGP,ZACPT,9.0,8,33277.67485549291,6245.220945989602,16.17376480381467,0.38574069430399205,630.7,8,1236,33277.67485549291,0.1415887109560806,0.8195655620738862,0.9394323767242746,1.0,27273.236297454074,0.486317,51.502973,18.437805,-33.905756,5214.698703503145,False,0,False,0,True,1
AUSYD,REREU,8.0,8,33235.085472029765,5333.1912506541585,15.654331877760898,0.37337239610622075,630.7000000000002,7,1237,33235.085472029765,0.14158871095608083,0.8195655620738862,0.9394323767242746,0.5,13619.165752728863,151.2111,-33.86,55.3,-20.916666,4993.197186357435,False,0,False,0,True,1
HKHKG,IDSUR,48.0,14,33152.73422454648,1966.5986030009622,15.811293798743032,0.4324794441585564,630.7,45,1240,33152.73422454648,0.1415887109560806,0.8195655620738862,0.9394323767242746,0.5416666666666666,14717.537931972742,114.181938,22.298785,112.731533,-7.1937,1772.7963447078134,False,0,False,0,False,0
AEKHA,CNNSA,11.0,10,33097.59723296365,5045.458451351307,16.88888239001917,0.40467539896080595,630.7000000000002,10,1241,33097.59723296365,0.14158871095608083,0.8195655620738862,0.9394323767242746,0.5454545454545454,14795.809570652156,54.659214,24.802318,113.682083,22.64515,3221.1806195266117,False,0,False,0,True,1
JPKOB,TWTAP,97.0,22,33083.91389745963,974.9225626754454,16.13819490286554,0.4634023741913538,630.1288257592929,96,1242,33083.91389745963,0.1408106122623044,0.8194020090052645,0.9393774757820835,0.9896907216494846,26829.551023507407,135.237233,34.685033,121.37318,25.14978,919.3798943500968,False,0,False,0,False,0
CNXIA,JPOSK,96.0,23,32980.489955800986,1180.5349501103567,14.752139612545838,0.505777805273903,630.6999999999999,96,1243,32980.489955800986,0.1415887109560805,0.8195655620738862,0.9394323767242746,0.6770833333333334,18301.341627358153,118.042517,24.44535,135.433333,34.65,1093.0025438592593,False,0,False,0,False,0
INPPV,SGSGP,21.0,15,32977.84261490243,2639.5565575051787,14.962671795258686,0.2754679049319906,630.6999999999999,21,1244,32977.84261490243,0.1415887109560805,0.8195655620738862,0.9394323767242746,0.5238095238095238,14157.26406215873,71.516667,20.933333,103.802776,1.248823,2229.735446390195,False,0,False,0,False,0
NLROT,PACRI,8.0,7,32967.01074466914,5012.247921518038,17.26530060907967,0.5352119927177389,630.6999999999999,7,1245,32967.01074466914,0.1415887109560805,0.8195655620738862,0.9394323767242746,1.0,27018.626690850608,4.03038,52.002215,-79.916667,9.35,4738.733525715555,False,0,False,0,True,1
BRIOA,BRPAR,295.0,114,32816.05379701018,116.54753493900382,7.3360045217843375,0.20921997868742007,626.2925260229483,146,1249,32816.05379701018,0.13554772330116827,0.8182957719092592,0.9390061378465175,0.6779661016949152,18205.585134128964,-48.601391,-26.181417,-48.515217,-25.502281,41.04065774709108,False,0,False,0,False,0
AEJAL,KRBUS,9.0,6,32768.34342224708,6107.825135433675,15.00799083360217,0.3085488110006713,630.6999999999999,9,1250,32768.34342224708,0.1415887109560805,0.8195655620738862,0.9394323767242746,0.3333333333333333,8951.93526502802,55.0606,25.0136,129.052391,35.112607,3807.0263263297643,False,0,False,0,True,1
PAMIT,USMIA,73.0,10,32747.855515709696,1247.7459107169473,17.010163831041172,0.6567052368814544,630.7000000000002,69,1252,32747.855515709696,0.14158871095608083,0.8195655620738862,0.9394323767242746,0.410958904109589,11029.732032512478,-79.88466,9.361132,-80.1833,25.7833,986.1413730754955,False,0,False,0,False,0
CNQIZ,USLGB,6.0,5,32689.78286297842,7037.672937990224,16.990090162646975,0.3874770147565942,630.7,6,1253,32689.78286297842,0.1415887109560806,0.8195655620738862,0.9394323767242746,0.6666666666666666,17860.946844113467,108.6,21.683333,-118.217354,33.74561,6536.942492002753,False,0,False,0,True,1
USSEA,VNHPG,13.0,5,32683.283411430613,6542.7312176989235,16.088776405656457,0.7075381059284482,624.6,12,1254,32683.283411430613,0.13320525136087102,0.8178033941722702,0.9388408581492155,1.0,26728.50010656221,-122.333333,47.6,106.828308,20.81389,5920.807554647225,False,0,False,0,True,1
JPYOK,TWTAP,86.0,27,32664.624028995026,1177.2208432838167,16.288824217110633,0.5465493326285871,629.057344665908,86,1255,32664.624028995026,0.13934714443635143,0.8190943942313572,0.9392742166927754,0.9186046511627907,24577.644466443635,139.679832,35.450183,121.37318,25.14978,1129.6753069662384,False,0,False,0,False,0
CNDAL,TWKAO,94.0,15,32624.601168094377,1098.7232818528666,14.908033395570191,0.43675766371674113,630.6347403471225,76,1256,32624.601168094377,0.14149988041890105,0.8195468902690635,0.9394261090358368,0.8191489361702128,21901.90492963485,121.737442,38.978628,120.260382,22.620829,985.0379662422173,False,0,False,0,False,0
TWKAO,USHOU,5.0,5,32575.04375804353,12049.912357946843,15.17088248315768,0.301279580053404,630.7,4,1258,32575.04375804353,0.1415887109560806,0.8195655620738862,0.9394323767242746,0.6,16018.430428285428,120.260382,22.620829,-94.97475,29.6069,7069.2817966226985,False,0,True,1,True,2
COCTA,PACRI,131.0,45,32570.315993914137,400.94516261377396,8.699676142681513,0.24418404383910078,630.7000000000002,121,1259,32570.315993914137,0.14158871095608083,0.8195655620738862,0.9394323767242746,0.19083969465648856,5094.1811707015895,-75.540962,10.394286,-79.916667,9.35,266.30958221824204,False,0,False,0,False,0
USMOB,USTAM,86.0,28,32438.54501278233,469.16181941084596,10.924664406000987,0.23201795994661825,630.7,65,1263,32438.54501278233,0.1415887109560806,0.8195655620738862,0.9394323767242746,0.47674418604651164,12674.489411937911,-88.1167,30.6833,-82.466667,27.95,338.18735033582885,False,0,False,0,False,0
EGDAM,SIKOP,81.0,13,32437.669295463504,1312.3059449900768,14.00409346090268,0.46096830010777495,630.7,56,1264,32437.669295463504,0.1415887109560806,0.8195655620738862,0.9394323767242746,0.48148148148148145,12800.087284834963,31.757526,31.481673,13.726419,45.550429,1190.8875276919073,False,0,False,0,False,0
CAVCR,CNXIA,8.0,6,32231.07214917912,5968.110476309795,16.44984034998558,0.34860060326265047,630.7,8,1269,32231.07214917912,0.1415887109560806,0.8195655620738862,0.9394323767242746,0.375,9905.803785819737,-123.116667,49.283333,118.042517,24.44535,5310.0602423867895,False,0,False,0,True,1
CNCGM,CNYSN,49.0,46,32195.600698115457,265.99248446900236,8.931059518818897,0.20567367878515005,625.4393003967568,36,1270,32195.600698115457,0.13436843566345325,0.8180478906141503,0.9389229298898114,0.6938775510204082,18275.03000198081,121.382233,31.619333,122.066667,30.633333,68.8622733532831,False,0,False,0,False,0
BEANT,PACRI,9.0,7,32191.206389610663,5107.7446867479275,16.875641033970393,0.4755460324799554,630.7,8,1271,32191.206389610663,0.1415887109560806,0.8195655620738862,0.9394323767242746,0.6666666666666666,17588.536105691826,4.4,51.2167,-79.916667,9.35,4753.55981948586,False,0,False,0,True,1
DEHAM,SGSGP,4.0,4,31972.393476771642,12136.342397184924,15.18370059636733,0.3112807893194897,630.7,4,1272,31972.393476771642,0.1415887109560806,0.8195655620738862,0.9394323767242746,0.75,19652.604472978353,9.903145,53.539287,103.802776,1.248823,5482.349131065252,False,0,True,1,True,2
PACRI,USHOU,29.0,21,31933.439845632056,1769.1159406833196,12.397744812024445,0.2774707964754752,630.7,24,1273,31933.439845632056,0.1415887109560806,0.8195655620738862,0.9394323767242746,0.10344827586206896,2707.4014733832482,-79.916667,9.35,-94.97475,29.6069,1481.4817892501821,False,0,False,0,False,0
NGLAG,SGSGP,10.0,9,31907.367378752242,8369.192482328674,15.83336217151435,0.37239297894564233,630.7,8,1274,31907.367378752242,0.1415887109560806,0.8195655620738862,0.9394323767242746,0.9,23535.161532058555,3.3833,6.45,103.802776,1.248823,6016.51904113183,False,0,True,1,True,1
HKHKG,MYPAG,69.0,19,31887.968121033005,1462.9164928845453,15.739163956806198,0.45183825196916205,630.7,68,1275,31887.968121033005,0.1415887109560806,0.8195655620738862,0.9394323767242746,0.7101449275362319,18559.126743607543,114.181938,22.298785,103.900833,1.426733,1389.5089914914988,False,0,False,0,False,0
BSFRE,USNYK,48.0,32,31868.511867098598,1072.0039683158989,11.155848872731509,0.2365984135776925,630.7000000000002,46,1276,31868.511867098598,0.14158871095608083,0.8195655620738862,0.9394323767242746,0.2708333333333333,7073.7156860545965,-78.6966,26.5285,-74.049568,40.663452,879.5470257075724,False,0,False,0,False,0
CAPRR,CNYTN,13.0,6,31822.777704350854,5529.265633717813,15.556595876484977,0.315728190293786,630.7000000000002,13,1277,31822.777704350854,0.14158871095608083,0.8195655620738862,0.9394323767242746,0.6923076923076923,18055.974943397523,-130.319567,54.320128,114.263091,22.566543,5126.245089326044,False,0,False,0,True,1
EGDAM,USSAV,19.0,6,31687.49748483653,5684.943773737337,15.575818269419246,0.4437762044904423,630.7000000000002,15,1278,31687.49748483653,0.14158871095608083,0.8195655620738862,0.9394323767242746,0.5263157894736842,13668.411414144688,31.757526,31.481673,-81.0833,32.0833,5414.2994523419875,False,0,False,0,True,1
KRBUS,USJAC,4.0,4,31682.46337401354,10349.465064157654,17.41163039547322,0.5376299007576048,629.084094771837,4,1279,31682.46337401354,0.1393837413798218,0.8191020867547538,0.939276798893072,0.5,12975.585931592774,129.052391,35.112607,-81.377283,30.398817,6514.450366747952,False,0,True,1,True,2
EGPSA,ILASD,234.0,57,31600.80169960808,179.34609994027838,9.555366798572175,0.2938713394246967,630.6365093245291,123,1283,31600.80169960808,0.14150228856890923,0.8195473964520537,0.9394262789496349,0.20512820512820512,5312.483027427987,32.319633,31.269083,34.65,31.816667,123.68977774712889,False,0,False,0,False,0
CNNBO,CNNBO,1462.0,146,31592.65686762829,303.55209274564453,6.614899213877613,0.21773994254297857,629.3115854201424,652,1285,31592.65686762829,0.13969484664969367,0.8191674797723221,0.939298749800551,0.9699042407660738,25100.80857434592,121.683333,29.966667,121.683333,29.966667,0.0,False,0,False,0,False,0
CNWGQ,KHSSK,47.0,15,31562.247718064573,2081.405502899419,16.339664916278622,0.6308791996976573,630.128962451158,27,1286,31562.247718064573,0.14081079864351664,0.8194020481818105,0.9393774889327342,0.3829787234042553,9904.661013984429,121.617967,31.353633,103.504086,10.605101,1601.7527990083465,False,0,False,0,False,0
BRSTS,CNYSN,4.0,4,31548.04843093979,11445.914301405184,16.839489974037388,0.4239820524297799,609.6928500574662,2,1287,31548.04843093979,0.11201189262926303,0.8133486394185632,0.9373455011053525,0.75,19244.671700711864,-46.306133,-23.95,122.066667,30.633333,10069.1500693278,False,0,True,1,True,2
MYTPP,NAWVB,8.0,8,31536.1928225528,7885.814800334904,16.032111203254285,0.3494329067400366,630.7,7,1288,31536.1928225528,0.1415887109560806,0.8195655620738862,0.9394323767242746,0.625,16153.735997678714,103.549576,1.327854,14.5,-22.95,5382.19500628938,False,0,False,0,True,1
GRPIR,TRALI,307.0,99,31531.00016255055,235.18335262573632,9.300538115074607,0.25433618181598616,630.6627155952931,219,1289,31531.00016255055,0.14153796219114767,0.8195548948972158,0.9394287960024046,0.46579804560260585,12036.866872846642,23.65,37.933333,26.957016,38.82268,164.54544921642645,False,0,False,0,False,0
CNFUN,CNNSA,121.0,27,31494.13546659806,469.8858934693337,10.310369057148382,0.29337691523911136,630.6999999999999,105,1290,31494.13546659806,0.1415887109560805,0.8195655620738862,0.9394323767242746,0.9669421487603306,24958.235816351124,119.308128,25.393912,113.682083,22.64515,349.8460762760991,False,0,False,0,False,0
CNTJN,CNWGQ,165.0,54,31480.350898056102,756.8874570268196,12.903618485211897,0.35629441014507274,630.7000000000002,112,1291,31480.350898056102,0.14158871095608083,0.8195655620738862,0.9394323767242746,0.41818181818181815,10789.179345365743,117.8143,38.97075,121.617967,31.353633,493.8428567228349,False,0,False,0,False,0
ITGOA,ITSPE,332.0,114,31447.24010423031,120.19900665587191,5.3605755304973135,0.21570083296049938,628.3564345222624,251,1292,31447.24010423031,0.1383871155682127,0.8188926002062479,0.9392064791553486,0.5150602409638554,13263.786112418775,8.923988,44.403373,9.816667,44.083333,42.93533972830908,False,0,False,0,False,0
BRITA,SGSGP,4.0,4,31427.455471965583,9470.059819084488,15.633146260267779,0.5302517347608777,627.8467421836901,4,1293,31427.455471965583,0.13768764950985168,0.8187455753864447,0.9391571263599489,1.0,25731.09011332633,-43.835878,-22.933812,103.802776,1.248823,8515.808364805058,False,0,True,1,True,1
ARBNA,BRRGR,119.0,57,31379.168482618352,478.2751031217773,11.54206325980839,0.2818041572933296,628.3990364461991,79,1294,31379.168482618352,0.13844552808070332,0.8189048782703805,0.9392106006144862,0.8487394957983193,21809.680410041332,-58.362293,-34.592025,-52.083333,-32.05,349.94597516690425,False,0,False,0,False,0
CNYSN,SADMA,8.0,7,31373.72859456071,6071.091192122966,17.31300553654583,0.48963640567272554,630.7,8,1295,31373.72859456071,0.1415887109560806,0.8195655620738862,0.9394323767242746,0.5,12856.413754977353,122.066667,30.633333,50.206833,26.510212,3731.494352782382,False,0,False,0,True,1
ECPSJ,PAMIT,46.0,17,31251.71684837442,829.3542623139604,13.452496147944371,0.41647895279853503,630.6999999999999,19,1296,31251.71684837442,0.1415887109560805,0.8195655620738862,0.9394323767242746,0.782608695652174,20044.82417056585,-80.240917,-2.705467,-79.88466,9.361132,724.7976149250082,False,0,False,0,False,0
CNTJN,USLGB,7.0,7,31247.16744069099,6245.9430964223375,15.046791526575099,0.3414000954518953,630.7,7,1297,31247.16744069099,0.1415887109560806,0.8195655620738862,0.9394323767242746,0.5714285714285714,14633.77276956957,117.8143,38.97075,-118.217354,33.74561,5444.359148950905,False,0,False,0,True,1
CNQIZ,VNHPG,666.0,128,31002.986512133324,182.4773766531886,10.44010940247798,0.2688018135128827,630.7,510,1298,31002.986512133324,0.1415887109560806,0.8195655620738862,0.9394323767242746,0.4954954954954955,12590.03516822713,108.6,21.683333,106.828308,20.81389,112.04330797803676,False,0,False,0,False,0
NLROT,NLROT,1696.0,152,30997.13066560889,26.92968667096834,7.805336311561007,0.20717429555208688,629.5993513191872,1665,1299,30997.13066560889,0.14008805938949087,0.819250131434289,0.9393264940315451,0.5395047169811321,13700.400404054017,4.03038,52.002215,4.03038,52.002215,0.0,False,0,False,0,False,0
CNTAI,JPNAG,177.0,26,30996.403446407414,950.5339199994369,14.18848403835126,0.5287295935734722,630.7,143,1300,30996.403446407414,0.1415887109560806,0.8195655620738862,0.9394323767242746,0.4124293785310734,10477.184696814349,121.211133,31.6506,136.866667,35.066667,810.4727822615421,False,0,False,0,False,0
CNSHE,USLSA,8.0,6,30948.03206584749,6576.766139206601,17.15950245212617,0.4590426601288761,630.6999999999999,7,1301,30948.03206584749,0.1415887109560805,0.8195655620738862,0.9394323767242746,1.0,25363.94129512695,113.8943,22.467416,-118.244,33.738045,6306.326006134447,False,0,False,0,True,1
EGALE,ESALG,46.0,7,30904.803869149426,1846.7560870519342,14.944087084411565,0.4243526029878209,630.6999999999999,41,1302,30904.803869149426,0.1415887109560805,0.8195655620738862,0.9394323767242746,0.15217391304347827,3854.3389277525794,29.86702,31.187057,-5.433333,36.116667,1778.9993480081937,False,0,False,0,False,0
TRBAM,VNCMP,4.0,4,30891.412138154155,12921.168808106297,14.969364270988905,0.2831337274132248,630.7,3,1304,30891.412138154155,0.1415887109560806,0.8195655620738862,0.9394323767242746,0.75,18988.153164196785,28.678178,40.961688,107.012844,10.522075,4463.747844367141,False,0,True,1,True,2
CNMWN,VNHCM,146.0,46,30837.328204047022,969.3163250010185,12.889073320462987,0.4049976737202424,630.1101385764389,133,1305,30837.328204047022,0.1407851312738042,0.81939665300879,0.9393756778992599,0.821917808219178,20768.222069695636,113.862187,22.508158,106.710033,10.776988,815.2345688709356,False,0,False,0,False,0
CNQIN,USLGB,11.0,10,30832.538358525446,6050.1269766658725,15.734079289262914,0.4039947359179999,630.7,10,1306,30832.538358525446,0.1415887109560806,0.8195655620738862,0.9394323767242746,0.8181818181818182,20674.87087906601,120.2667,36.0333,-118.217354,33.74561,5488.688815549164,False,0,False,0,True,1
CNQIN,PHMAN,77.0,31,30806.201426072505,1474.0463362975377,13.951665533605608,0.39724050364724317,630.5977724620651,31,1307,30806.201426072505,0.14144955208739018,0.8195363114657277,0.9394225579788296,0.7532467532467533,19017.070647345907,120.2667,36.0333,120.94162,14.596732,1287.57237280757,False,0,False,0,False,0
DEWVN,GHTEM,15.0,14,30766.105524309005,4315.505084634137,16.409588689528867,0.40480585281160697,630.7,14,1308,30766.105524309005,0.1415887109560806,0.8195655620738862,0.9394323767242746,0.9333333333333333,23533.85119573115,8.170278,53.541667,0.016667,5.633333,2904.0507396602443,False,0,False,0,False,0
BRSAL,PACRI,11.0,11,30672.829392427993,3777.55993335496,13.476347902423326,0.3070544314130422,629.9648782299148,7,1309,30672.829392427993,0.14058700935640378,0.8193550086161041,0.9393616988500455,0.45454545454545453,11423.607450505968,-38.516667,-12.966667,-79.916667,9.35,2808.616702625667,False,0,False,0,False,0
ESVAL,QAHMD,4.0,3,30644.475583401174,10712.119885809567,17.234036370606745,0.34398503697842725,630.7000000000002,4,1310,30644.475583401174,0.14158871095608083,0.8195655620738862,0.9394323767242746,0.5,12557.578427984832,-0.316667,39.45,51.638489,25.021684,2736.384676520807,False,0,True,1,True,2
AEKHA,ESMAL,4.0,4,30637.996364242146,10892.773119428313,16.488165064337498,0.40441622694586815,616.4709439661939,4,1311,30637.996364242146,0.12177531593493995,0.8154008698806726,0.9380343869019481,1.0,24982.248886803933,54.659214,24.802318,-4.383333,36.716667,3080.6803073641927,False,0,True,1,True,2
CNJIN,CNNSA,74.0,25,30622.49705123113,1491.7190559856404,11.258484754443076,0.33182472119877227,630.6999999999999,50,1312,30622.49705123113,0.1415887109560805,0.8195655620738862,0.9394323767242746,0.9459459459459459,23740.54162909286,121.066667,40.783333,113.682083,22.64515,1151.3532499721805,False,0,False,0,False,0
JPOSK,TWKAO,62.0,20,30618.630275036096,1210.7076363222684,13.154018653089995,0.32069748606355775,630.7,55,1313,30618.630275036096,0.1415887109560806,0.8195655620738862,0.9394323767242746,0.06451612903225806,1618.966124599514,135.433333,34.65,120.260382,22.620829,1074.9903649947803,False,0,False,0,False,0
CNQIN,JPNAG,160.0,23,30545.74222483995,1004.4999308734142,14.666748183793104,0.5415429401116227,630.7,127,1316,30545.74222483995,0.1415887109560806,0.8195655620738862,0.9394323767242746,0.425,10639.551318072621,120.2667,36.0333,136.866667,35.066667,811.9876638332736,False,0,False,0,False,0
CLVAL,PABAL,24.0,15,30541.906649228593,2639.0799210745686,16.291619901786742,0.41005304404214366,630.7,15,1317,30541.906649228593,0.1415887109560806,0.8195655620738862,0.9394323767242746,0.7083333333333334,17730.3588802631,-71.6167,-33.033333,-79.57037,8.954178,2561.649111578458,False,0,False,0,False,0
ESLPA,TGLOM,16.0,16,30503.74129126332,2418.503296435623,15.44389135542679,0.43506835489473894,629.8158580468323,14,1319,30503.74129126332,0.14038366439521732,0.8193122663616101,0.9393473512742839,0.75,18744.067057389882,-15.4167,28.15,1.286945,6.137824,1627.8513751220264,False,0,False,0,False,0
AUBRI,IDJAK,26.0,15,30492.756799161263,3646.7841941431066,14.849426935842784,0.3446397638125065,630.7000000000002,24,1320,30492.756799161263,0.14158871095608083,0.8195655620738862,0.9394323767242746,0.11538461538461539,2883.5553883023363,153.169467,-27.350967,106.788826,-6.09208,2932.9339885172,False,0,False,0,False,0
CRPMN,PAMIT,414.0,68,30400.577817336092,225.53694656242828,12.313096515779273,0.3219538229125012,630.5745696045462,381,1321,30400.577817336092,0.14141796054425493,0.8195296710564023,0.9394203289486341,0.3502415458937198,8725.979355294858,-83.090115,10.006213,-79.88466,9.361132,193.62618257543977,False,0,False,0,False,0
BEANT,ILASD,13.0,8,30273.813568089055,3506.448472232184,16.79126816502662,0.4481224353848468,630.7000000000002,13,1323,30273.813568089055,0.14158871095608083,0.8195655620738862,0.9394323767242746,0.5384615384615384,13359.97117164282,4.4,51.2167,34.65,31.816667,1768.4511882249255,False,0,False,0,False,0
BEANT,USNYK,12.0,9,30229.84477373416,3637.508224631082,15.807748358525622,0.41498932505373054,630.7000000000002,9,1324,30229.84477373416,0.14158871095608083,0.8195655620738862,0.9394323767242746,0.16666666666666666,4129.223287231961,4.4,51.2167,-74.049568,40.663452,3176.6745863794363,False,0,False,0,False,0
INKUP,SGSGP,36.0,24,30223.945022136573,1643.2542274650123,13.029890942176927,0.2866550915107589,630.7,35,1325,30223.945022136573,0.1415887109560806,0.8195655620738862,0.9394323767242746,0.3333333333333333,8256.834830052532,80.345767,13.304483,103.802776,1.248823,1570.8542181586695,False,0,False,0,False,0
CNNBO,PABAL,9.0,9,30135.428109174307,8779.337976107694,16.265525763685226,0.38722582275816575,630.7,3,1327,30135.428109174307,0.1415887109560806,0.8195655620738862,0.9394323767242746,0.6666666666666666,16465.306051088417,121.683333,29.966667,-79.57037,8.954178,8167.830730351039,False,0,True,1,True,1
AUMEL,CNMWN,16.0,11,30132.85274887621,5155.124993422698,15.356076723131215,0.3768052420031481,630.7,16,1328,30132.85274887621,0.1415887109560806,0.8195655620738862,0.9394323767242746,0.9375,23152.357875020978,144.912243,-37.858862,113.862187,22.508158,4025.688881429486,False,0,False,0,True,1
GRPIR,NLROT,25.0,10,30123.858895751586,2976.0418780044215,14.101198773210085,0.2940622203343006,630.7,17,1329,30123.858895751586,0.1415887109560806,0.8195655620738862,0.9394323767242746,0.56,13825.547314729409,23.65,37.933333,4.03038,52.002215,1179.2918913127785,False,0,False,0,False,0
BRSUA,PTSNS,13.0,8,30109.50250932823,3157.7520462870207,16.39360333244168,0.45265556721240663,630.7,12,1330,30109.50250932823,0.1415887109560806,0.8195655620738862,0.9394323767242746,1.0,24676.71134782268,-34.9681,-8.3911,-8.866667,37.95,3143.251176633859,False,0,False,0,False,0
EGALE,SAJED,71.0,34,29938.31363869566,945.688322496832,12.674914885182263,0.2833552273784652,630.4118002619072,48,1334,29938.31363869566,0.14119627872594842,0.8194830744717638,0.9394046875643355,0.5070422535211268,12439.744887112356,29.86702,31.187057,39.1667,21.466667,768.0494699489316,False,0,False,0,False,0
INMUN,USSAV,4.0,4,29935.60628844773,12194.743528732928,14.667106328561939,0.26233085361451586,630.7,3,1335,29935.60628844773,0.1415887109560806,0.8195655620738862,0.9394323767242746,0.75,18400.643995360668,69.7,22.766667,-81.0833,32.0833,7111.5392985932185,False,0,True,1,True,2
CNYTN,USTAM,4.0,4,29896.70013695785,13717.727647042282,17.524691380204388,0.35080604359514916,630.7000000000002,3,1336,29896.70013695785,0.14158871095608083,0.8195655620738862,0.9394323767242746,0.25,6125.576462975073,114.263091,22.566543,-82.466667,27.95,7623.042999509905,False,0,True,1,True,2
AEKHA,OMSAL,66.0,40,29875.357216953293,1030.0597866562634,12.919421817096097,0.3051468398612439,630.5714459330638,51,1337,29875.357216953293,0.14141370737318404,0.8195287770577546,0.9394200288541847,0.5303030303030303,12983.788238576746,54.659214,24.802318,54.002781,16.946141,473.120602297057,False,0,False,0,False,0
CAPRR,CAVCR,54.0,24,29854.576207132,720.0984965697634,11.324452663898425,0.24616658607896566,630.7000000000002,23,1338,29854.576207132,0.14158871095608083,0.8195655620738862,0.9394323767242746,0.37037037037037035,9062.141677657706,-130.319567,54.320128,-123.116667,49.283333,403.29153060627954,False,0,False,0,False,0
BEANT,ESALG,23.0,20,29807.259555083903,1498.7066921258124,13.459660374648035,0.38382516189748034,617.1568789996542,22,1340,29807.259555083903,0.12275141309685811,0.8156060413934659,0.938103258183044,0.782608695652174,19025.985107355296,4.4,51.2167,-5.433333,36.116667,1000.0840976690135,False,0,False,0,False,0
JMKIN,USSAV,109.0,34,29792.6077724629,1083.2673955492212,13.882986451549005,0.47823379682239686,630.2766558601793,79,1341,29792.6077724629,0.14101213337638785,0.8194443678947783,0.9393916946711821,0.6880733944954128,16798.2004431488,-76.7936,17.997,-81.0833,32.0833,877.0868640710298,False,0,False,0,False,0
GBLGP,PACOL,9.0,7,29779.176979606356,5055.0104362103175,17.029935382741517,0.4836774138864439,630.7,8,1342,29779.176979606356,0.1415887109560806,0.8195655620738862,0.9394323767242746,1.0,24405.987919388815,0.486317,51.502973,-79.892063,9.359918,4605.487915750589,False,0,False,0,True,1
CNDAL,SGSGP,13.0,13,29768.57091084388,2730.028287726526,17.016090637058177,0.509972966399206,625.0015732437217,12,1343,29768.57091084388,0.13376218048513777,0.8179204583287932,0.9388801538502628,0.9230769230769231,22475.37522756056,121.737442,38.978628,103.802776,1.248823,2469.8776790927277,False,0,False,0,False,0
USOAK,VNCMP,6.0,6,29726.428841036868,7319.093825642459,16.925010283072528,0.5120449538906493,630.6999999999999,6,1344,29726.428841036868,0.1415887109560805,0.8195655620738862,0.9394323767242746,1.0,24362.757361553762,-122.320518,37.814824,107.012844,10.522075,6797.497352765607,False,0,False,0,True,1
INKUP,INNSA,34.0,21,29505.212506998847,1549.3375780841916,13.045526286615216,0.23813394135151303,630.7000000000002,29,1345,29505.212506998847,0.14158871095608083,0.8195655620738862,0.9394323767242746,0.23529411764705882,5689.7543699783455,80.345767,13.304483,72.9428,18.953883,545.1244680011775,False,0,False,0,False,0
ESLPA,GBLGP,24.0,21,29503.342207495036,1817.2343702934406,14.901211732763818,0.37334406069013554,630.7,23,1346,29503.342207495036,0.1415887109560806,0.8195655620738862,0.9394323767242746,0.75,18134.942429507908,-15.4167,28.15,0.486317,51.502973,1574.49385246696,False,0,False,0,False,0
CNNBO,ESBAR,5.0,4,29478.74615766329,13421.17084369559,17.10877177428114,0.48764587842394236,630.7,1,1347,29478.74615766329,0.1415887109560806,0.8195655620738862,0.9394323767242746,0.4,9663.906065575491,121.683333,29.966667,2.166667,41.35,5370.645030776679,False,0,True,1,True,2
CNYSN,VNCMP,27.0,27,29414.841169888638,1800.1965255760956,12.367644504243673,0.2652410370151937,630.3599685304613,24,1349,29414.841169888638,0.14112566306812113,0.8194682313578725,0.9393997050779501,0.48148148148148145,11605.883788855475,122.066667,30.633333,107.012844,10.522075,1470.713983450878,False,0,False,0,False,0
PTSNS,ZAPLZ,8.0,8,29414.69668124408,5647.044442999791,16.073939962907843,0.5026200845058492,629.8869990978535,8,1350,29414.69668124408,0.14048075166591423,0.8193326736970467,0.9393542015397819,0.625,15062.763798644599,-8.866667,37.95,25.6372,-33.9618,4726.998357159526,False,0,False,0,True,1
NLROT,ZAPLZ,7.0,7,29320.74452169377,6678.291443943587,17.467656189973106,0.5115808495763792,630.7,7,1352,29320.74452169377,0.1415887109560806,0.8195655620738862,0.9394323767242746,0.7142857142857143,17164.480331676266,4.03038,52.002215,25.6372,-33.9618,5284.922809921785,False,0,False,0,True,1
HKHKG,KRGWA,92.0,19,29285.211075234005,1150.2924713564973,14.597089862203081,0.45287677213408833,630.7000000000002,91,1353,29285.211075234005,0.14158871095608083,0.8195655620738862,0.9394323767242746,0.6630434782608695,15913.80629342304,114.181938,22.298785,127.728767,34.866497,1036.8605717558705,False,0,False,0,False,0
PABAL,PAMIT,227.0,69,29275.633124999975,66.8801834269261,3.8402016345706107,0.20146030488908517,630.6932674310351,145,1354,29275.633124999975,0.14157954752672086,0.8195636359596248,0.9394317301727387,0.44493392070484583,10675.408269706812,-79.57037,8.954178,-79.88466,9.361132,30.725663633643627,False,0,False,0,False,0
GBSOU,NLROT,149.0,69,29250.68414589648,289.2671399528213,10.351306691253074,0.2862472845635791,604.5744088669926,116,1355,29250.68414589648,0.10449401751123588,0.8117684137288117,0.936815056278037,0.7651006711409396,18167.148238483525,-1.4,50.9,4.03038,52.002215,213.6281060455076,False,0,False,0,False,0
BRSAL,DOCUC,8.0,7,29138.567318283443,3614.62744262488,10.813713243935107,0.35528058521500055,628.4499064134452,7,1358,29138.567318283443,0.13851526673022807,0.81891953704082,0.9392155212210836,0.875,20879.374301031265,-38.516667,-12.966667,-69.629288,18.426403,2635.424661854094,False,0,False,0,False,0
MATAN,PKKAR,4.0,4,29084.280071256253,9885.96627101013,17.006697265715562,0.3464014968313427,630.7,4,1361,29084.280071256253,0.1415887109560806,0.8195655620738862,0.9394323767242746,1.0,23836.47434411346,-5.797516,35.789733,66.9833,24.7833,3747.058128528137,False,0,True,1,True,1
CNQIN,USLSA,9.0,8,29081.088611886018,6189.00402418449,15.835708642871127,0.458410055624919,628.8798125020797,4,1363,29081.088611886018,0.13910418296626503,0.8190433247535297,0.9392570738627841,1.0,23818.671504131133,120.2667,36.0333,-118.244,33.738045,5488.100167921394,False,0,False,0,True,1
CNSHE,PHMAN,153.0,62,29077.553564672962,690.5277442315823,13.29709812592515,0.3892100426700495,630.6685244293502,60,1364,29077.553564672962,0.14154586913961398,0.8195565569044848,0.9394293538993965,0.6601307189542484,15731.376914703133,113.8943,22.467416,120.94162,14.596732,619.597843836496,False,0,False,0,False,0
KHSSK,SGSGP,237.0,11,29065.525385495348,621.8658883418572,12.160415166247809,0.39498261912176896,630.7000000000002,189,1365,29065.525385495348,0.14158871095608083,0.8195655620738862,0.9394323767242746,0.35864978902953587,8543.433798356902,103.504086,10.605101,103.802776,1.248823,562.0377230354991,False,0,False,0,False,0
CNQIN,ESBAR,4.0,3,29063.25519611637,13828.89725355667,17.49320256569798,0.4907387743511362,630.7,2,1366,29063.25519611637,0.1415887109560806,0.8195655620738862,0.9394323767242746,0.75,17864.43231037643,120.2667,36.0333,2.166667,41.35,5049.719423859026,False,0,True,1,True,2
TRBAM,TRMER,110.0,44,29051.56086532766,815.5317008430511,12.64467361606407,0.3202817919189429,630.7000000000002,71,1367,29051.56086532766,0.14158871095608083,0.8195655620738862,0.9394323767242746,0.43636363636363634,10389.669298785155,28.678178,40.961688,34.633333,36.783333,374.56143451516687,False,0,False,0,False,0
COCTA,USPHI,37.0,17,28990.920179151908,2000.495281572181,15.477762705656119,0.3819813913193479,630.7000000000002,35,1369,28990.920179151908,0.14158871095608083,0.8195655620738862,0.9394323767242746,0.13513513513513514,3210.8053772521357,-75.540962,10.394286,-75.1333,39.95,1774.6717853252508,False,0,False,0,False,0
CNNSA,CNYAN,56.0,12,28980.97943916336,1316.197135154838,10.613855327120454,0.23561757560874683,630.7,46,1371,28980.97943916336,0.1415887109560806,0.8195655620738862,0.9394323767242746,0.9642857142857143,22903.533678384312,113.682083,22.64515,121.4,37.55,979.6307017348189,False,0,False,0,False,0
CAVCR,USOAK,48.0,19,28970.33884615392,960.97700170906,12.072388295238309,0.2579351912390447,630.7,26,1372,28970.33884615392,0.1415887109560806,0.8195655620738862,0.9394323767242746,1.0,23743.09203991908,-123.116667,49.283333,-122.320518,37.814824,689.4347856295486,False,0,False,0,False,0
CNTAI,CNWGQ,3086.0,224,28885.263691727905,125.9051213832396,4.893876196144466,0.20773798531001114,630.6728245913454,2464,1375,28885.263691727905,0.14155172239931402,0.8195577872350239,0.9394297668926003,0.626053143227479,14820.645456815522,121.211133,31.6506,121.617967,31.353633,27.416282499516743,False,0,False,0,False,0
KRGWA,PABAL,5.0,5,28851.753090316437,8824.961446044004,16.942602703804084,0.42626332863604655,630.7,2,1376,28851.753090316437,0.1415887109560806,0.8195655620738862,0.9394323767242746,0.6,14187.541942969305,127.728767,34.866497,-79.57037,8.954178,7753.732818289896,False,0,True,1,True,1
COCTA,ESBAR,20.0,8,28739.41403654233,4704.43871778575,15.586049080033305,0.4647086056716101,630.7000000000002,20,1378,28739.41403654233,0.14158871095608083,0.8195655620738862,0.9394323767242746,0.5,11776.917009266475,-75.540962,10.394286,2.166667,41.35,4440.281169009689,False,0,False,0,False,0
AEKFA,CNDCB,12.0,11,28690.634430860122,4845.3844874902925,14.988876488607561,0.35947069946420657,630.4550746266425,11,1381,28690.634430860122,0.14125522691586112,0.8194954651330347,0.9394088468197006,0.5833333333333334,13715.24280459642,56.364756,25.359318,113.852567,22.533467,3134.839621915664,False,0,False,0,False,0
CNTJN,KRGWA,197.0,18,28688.98313194342,685.0229581738304,13.106717862332442,0.39249146844707655,630.7,169,1382,28688.98313194342,0.1415887109560806,0.8195655620738862,0.9394323767242746,0.47715736040609136,11219.163670410093,117.8143,38.97075,127.728767,34.866497,535.4903170367379,False,0,False,0,False,0
SGSGP,THBKK,160.0,12,28683.239305243293,859.1638748065567,14.059574637165172,0.4293460726316418,630.6173858737279,74,1383,28683.239305243293,0.14147625465497782,0.819541924232982,0.9394244420536021,0.01875,440.7584462522661,103.802776,1.248823,100.574341,13.69736,771.6310696569757,False,0,False,0,False,0
GBLGP,INCOC,4.0,4,28561.06942532293,10674.037149505031,15.321656283222703,0.27953699527198955,630.7,3,1387,28561.06942532293,0.1415887109560806,0.8195655620738862,0.9394323767242746,0.25,5851.917229249018,0.486317,51.502973,76.25,9.966667,4405.04180173989,False,0,True,1,True,2
JPNAG,JPOSK,429.0,107,28498.76697118663,247.29241740511702,13.797731981772356,0.4306930276452725,630.450184053661,381,1389,28498.76697118663,0.14124856539986597,0.8194940649104262,0.9394083767977002,0.7389277389277389,17257.339892024276,136.866667,35.066667,135.433333,34.65,74.91587081327785,False,0,False,0,False,0
TWTAP,TWTCH,735.0,77,28396.801515485324,135.75514536805613,11.478449606546725,0.2990785639210597,629.5408848839068,665,1392,28396.801515485324,0.14000819803810005,0.819233344914547,0.9393208591892417,0.745578231292517,17344.83872971731,121.37318,25.14978,120.5,24.283333,70.52779476993041,False,0,False,0,False,0
ESMAL,ESVAL,138.0,69,28348.846967260088,369.29256344268947,12.516226555377608,0.3061899257415488,628.1891100894378,123,1393,28348.846967260088,0.13815761638574298,0.8188443604445836,0.9391902861949305,0.5362318840579711,12447.708089524001,-4.383333,36.716667,-0.316667,39.45,252.66915037712533,False,0,False,0,False,0
COBUE,PAMIT,86.0,20,28305.943883992877,427.77425684637154,10.379535244954415,0.2760684102408109,630.6999999999998,86,1395,28305.943883992877,0.1415887109560804,0.8195655620738861,0.9394323767242746,0.4069767441860465,9441.281259605552,-77.083333,3.883333,-79.88466,9.361132,368.8614972567325,False,0,False,0,False,0
JPOSK,KRBUS,247.0,53,28268.236335625454,478.7958238478679,11.71603213323836,0.3491922188324129,630.5044888606049,219,1396,28268.236335625454,0.14132252891906782,0.8195096117306795,0.9394135955018625,0.1902834008097166,4408.12265196282,135.433333,34.65,129.052391,35.112607,315.4536451369614,False,0,False,0,False,0
CNQIN,INNSA,18.0,13,28233.28124791125,5050.940699906471,15.418463446057363,0.4754463448526031,630.348280484037,9,1397,28233.28124791125,0.14110973764493284,0.8194648839009852,0.9393985814149177,0.3333333333333333,7712.0608466544845,120.2667,36.0333,72.9428,18.953883,2690.103205768137,False,0,False,0,True,1
BRRDJ,BRSUA,60.0,16,28177.951607406845,1141.3431218684123,14.260064974159551,0.38825183003969926,630.7000000000002,48,1398,28177.951607406845,0.14158871095608083,0.8195655620738862,0.9394323767242746,0.6666666666666666,15395.785831476769,-43.1667,-22.916667,-34.9681,-8.3911,991.8389625492523,False,0,False,0,False,0
NLROT,ZADUR,6.0,4,28104.912048221726,7113.7191863874805,17.280696297547596,0.4828348582393259,630.7,5,1400,28104.912048221726,0.1415887109560806,0.8195655620738862,0.9394323767242746,1.0,23033.818039837974,4.03038,52.002215,31.041098,-29.877639,5117.709996897037,False,0,False,0,True,1
CNXIA,MXLCS,5.0,5,28048.06168989756,7629.844991646575,18.669689611238105,0.5582102700544869,630.7000000000002,5,1401,28048.06168989756,0.14158871095608083,0.8195655620738862,0.9394323767242746,0.6,13792.335266378357,118.042517,24.44535,-102.166667,17.883333,7343.810084976082,False,0,False,0,True,1
CNNJG,CNYSN,989.0,85,28009.445013768396,251.63825389933933,7.0195167864860215,0.2401093776995329,630.7,461,1402,28009.445013768396,0.1415887109560806,0.8195655620738862,0.9394323767242746,0.9828109201213346,22560.9913071752,118.764874,32.137024,122.066667,30.633333,191.7966643043479,False,0,False,0,False,0
CNNBO,USSEA,7.0,6,27995.00948400369,5508.214652575034,16.70383694975959,0.387472817648339,630.6999999999999,6,1403,27995.00948400369,0.1415887109560805,0.8195655620738862,0.9394323767242746,0.5714285714285714,13110.711818869291,121.683333,29.966667,-122.333333,47.6,5014.325047789836,False,0,False,0,True,1
CRPMN,ECGYL,51.0,16,27947.13404937823,1059.439564270662,13.61317260460369,0.4061977537276844,630.7000000000002,51,1406,27947.13404937823,0.14158871095608083,0.8195655620738862,0.9394323767242746,1.0,22904.50862553291,-83.090115,10.006213,-79.930086,-2.257278,760.1579645976818,False,0,False,0,False,0
USBAL,USNYK,101.0,63,27933.03776800967,462.87987155196896,11.3943980524283,0.2722003273101309,630.466518764996,83,1408,27933.03776800967,0.14127081472853786,0.8194987416256143,0.9394099466616737,0.6435643564356436,14731.889153893113,-76.583333,39.283333,-74.049568,40.663452,143.02028629000836,False,0,False,0,False,0
EGPSA,TRYAR,58.0,25,27927.78151523045,868.9857631775968,12.312996122895422,0.4194609055691995,630.597423771263,34,1409,27927.78151523045,0.14144907734925616,0.8195362116777712,0.939422524482345,0.43103448275862066,9865.443217050193,32.319633,31.269083,29.739117,40.7548,583.0726295081728,False,0,False,0,False,0
TWTAP,USOAK,6.0,6,27918.597256626035,5940.8923888489935,17.462596707023792,0.6297703874660506,626.7394006929522,6,1410,27918.597256626035,0.13616409084636627,0.8184253297715487,0.9390496273925585,1.0,22849.28716651322,121.37318,25.14978,-122.320518,37.814824,5597.58832595288,False,0,False,0,True,1
ESBAR,SIKOP,41.0,15,27913.880446995878,1405.2063918720332,16.44905146998495,0.40713381719034286,630.6444460209939,25,1411,27913.880446995878,0.14151309281176638,0.8195496674584023,0.9394270412733828,0.34146341463414637,7811.59414949578,2.166667,41.35,13.726419,45.550429,562.7191667147771,False,0,False,0,False,0
PHDAV,TWKAO,69.0,21,27804.35720335207,1192.5109904370884,13.241128411738783,0.3170489836114599,630.6350001604272,63,1413,27804.35720335207,0.14150023410963042,0.8195469646133653,0.9394261339914811,0.4492753623188406,10237.627145217699,125.627031,7.073807,120.260382,22.620829,983.6710080667483,False,0,False,0,False,0
JPYOK,VNCMP,27.0,12,27775.006439874967,2396.725548309915,15.240256316220487,0.3058695549259809,630.7000000000002,27,1414,27775.006439874967,0.14158871095608083,0.8195655620738862,0.9394323767242746,0.5925925925925926,13489.445193778925,139.679832,35.450183,107.012844,10.522075,2325.1134241479695,False,0,False,0,False,0
JPOSK,VNHCM,45.0,4,27759.93273820739,2280.899777143239,14.604777042819572,0.32502463643348845,630.7000000000002,44,1415,27759.93273820739,0.14158871095608083,0.8195655620738862,0.9394323767242746,0.8888888888888888,20223.1865579753,135.433333,34.65,106.710033,10.776988,2126.1626148796813,False,0,False,0,False,0
JPNAG,JPSZU,687.0,109,27757.814351023582,145.11400161016192,11.444597753529914,0.31072756703224536,630.2670642397159,647,1416,27757.814351023582,0.14099906100426685,0.8194416201372101,0.9393907723131936,0.75254730713246,17117.372087061038,136.866667,35.066667,138.501892,35.025498,80.41584670233249,False,0,False,0,False,0
CNTAI,JPTOK,146.0,24,27737.533068592595,1078.2522714094682,14.463692999414246,0.5319071574629975,630.7,87,1417,27737.533068592595,0.1415887109560806,0.8195655620738862,0.9394323767242746,0.7602739726027398,17283.100573077772,121.211133,31.6506,139.75,35.6667,955.7043768535796,False,0,False,0,False,0
MYPKE,TRALI,9.0,7,27685.919502521785,5586.993099765422,14.840722863867727,0.27675831180050897,630.7,8,1419,27685.919502521785,0.1415887109560806,0.8195655620738862,0.9394323767242746,0.2222222222222222,5042.316928581474,101.34485,3.00525,26.957016,38.82268,4561.9078081647785,False,0,False,0,True,1
THBKK,VNHCM,162.0,46,27669.3771872994,672.9119693652808,13.921566275673472,0.46610119553289625,629.8544565331476,84,1420,27669.3771872994,0.1404363430561716,0.8193233391942969,0.9393510681653967,0.845679012345679,19171.68402433257,100.574341,13.69736,106.710033,10.776988,400.40064538753205,False,0,False,0,False,0
CNMWN,CNXIA,188.0,66,27608.34892793614,355.8157716849874,11.703911736772177,0.26932208452930545,630.5604232870343,151,1424,27608.34892793614,0.14139869867228894,0.8195256222920326,0.9394189698730725,0.6968085106382979,15765.814696630527,113.862187,22.508158,118.042517,24.44535,257.9033890248929,False,0,False,0,False,0
INMUN,OMSOH,120.0,52,27579.897814408407,768.3535790201132,12.400273959598618,0.28277118485644,630.7,95,1425,27579.897814408407,0.1415887109560806,0.8195655620738862,0.9394323767242746,0.30833333333333335,6969.423123380175,69.7,22.766667,56.625595,24.507768,726.4000768582918,False,0,False,0,False,0
EGALE,EGPSA,278.0,72,27494.409425773174,225.3976580514438,8.616751646370856,0.23785196736569333,630.6654801755009,198,1427,27494.409425773174,0.1415417253385427,0.8195556858949504,0.939429061521855,0.3489208633093525,7862.303448906346,29.86702,31.187057,32.319633,31.269083,126.01381185528052,False,0,False,0,False,0
AUMEL,MYTPP,14.0,11,27481.236890395183,4211.538885650555,15.357188891858975,0.3458995243877812,630.5009029760106,12,1428,27481.236890395183,0.14131764531255675,0.8195085852171573,0.9394132509252672,0.5,11260.554782032654,144.912243,-37.858862,103.549576,1.327854,3282.810195337469,False,0,False,0,False,0
ILASD,TRBAM,47.0,27,27446.876797332796,893.2413843270183,13.0153145419989,0.3110138160522905,630.7,45,1430,27446.876797332796,0.1415887109560806,0.8195655620738862,0.9394323767242746,0.8085106382978723,18187.05468859559,34.65,31.816667,28.678178,40.961688,619.9172897435317,False,0,False,0,False,0
CNMWN,CNNSA,1380.0,360,27419.106177812922,88.55595668411746,8.518755076911388,0.22922752304908164,630.1241952584769,1250,1432,27419.106177812922,0.14080429846386433,0.8194006818714218,0.9393770302942734,0.7304347826086957,16410.849400573956,113.862187,22.508158,113.682083,22.64515,12.93633744767573,False,0,False,0,False,0
BEZEE,PLGDA,23.0,19,27407.542216044905,1097.095114401354,13.40793712486595,0.42395690306023864,626.566336092933,18,1433,27407.542216044905,0.13592548974782637,0.8183751768254575,0.9390327922208477,1.0,22429.65220740694,3.2,51.333333,18.666667,54.35,588.0110560887924,False,0,False,0,False,0
ESLPA,NLROT,33.0,26,27380.781221943493,1815.5108278828802,13.874736466678247,0.37122236937510944,630.7000000000002,33,1434,27380.781221943493,0.14158871095608083,0.8195655620738862,0.9394323767242746,0.42424242424242425,9520.146513047854,-15.4167,28.15,4.03038,52.002215,1676.1711503952413,False,0,False,0,False,0
JPYOK,PABAL,4.0,4,27296.44547745061,7798.9423735722075,18.07396605764576,0.5420121572867782,630.7000000000002,3,1435,27296.44547745061,0.14158871095608083,0.8195655620738862,0.9394323767242746,0.75,16778.4200102595,139.679832,35.450183,-79.57037,8.954178,7336.9313620213015,False,0,False,0,True,1
BSFRE,PACOL,30.0,22,27233.039794872802,1381.0749154987764,10.172403861501971,0.25208485525389734,630.7,23,1436,27233.039794872802,0.1415887109560806,0.8195655620738862,0.9394323767242746,0.23333333333333334,5207.827698841937,-78.6966,26.5285,-79.892063,9.359918,1033.0465452133146,False,0,False,0,False,0
ESLPA,SGSGP,4.0,4,27218.92713295139,10209.38966711472,16.858904542983083,0.44878237971138,630.7,4,1437,27218.92713295139,0.1415887109560806,0.8195655620738862,0.9394323767242746,0.75,16730.771486074093,-15.4167,28.15,103.802776,1.248823,6894.837601423867,False,0,True,1,True,2
ITGIT,MTMAL,181.0,96,27216.845437429678,208.52175059846138,10.213581641715297,0.26276416915047074,630.042249863123,175,1438,27216.845437429678,0.1406925486066697,0.8193771925220521,0.9393691454687381,0.425414364640884,9487.10721046816,15.909341,38.462848,14.539518,35.819159,171.72900216111762,False,0,False,0,False,0
CNNSA,CNQIZ,316.0,109,27152.03036075395,445.624617581381,10.762142171322072,0.293404087836463,630.4157222669309,193,1440,27152.03036075395,0.14120162160111838,0.819484197521624,0.939405064545923,0.7373417721518988,16406.340936787336,113.682083,22.64515,108.6,21.683333,288.4058048735526,False,0,False,0,False,0
PAMIT,USPEV,59.0,9,27098.2415545409,1302.4469730829549,14.427735552217925,0.3624028627629812,630.7,56,1441,27098.2415545409,0.1415887109560806,0.8195655620738862,0.9394323767242746,0.7457627118644068,16562.484154540594,-79.88466,9.361132,-80.1,26.083333,1004.0834808287349,False,0,False,0,False,0
CNQIZ,CNRIZ,64.0,22,27070.09775269255,1541.8775816216335,11.265222526963843,0.38860231883338886,630.7,43,1442,27070.09775269255,0.1415887109560806,0.8195655620738862,0.9394323767242746,0.796875,17679.24552943916,108.6,21.683333,119.533333,35.35,1001.3950637832373,False,0,False,0,False,0
INMUN,OMSAL,71.0,19,27044.781678237556,1030.0804658932143,13.772771044794753,0.35930531819092365,630.7,66,1443,27044.781678237556,0.1415887109560806,0.8195655620738862,0.9394323767242746,0.9014084507042254,19979.692797557454,69.7,22.766667,54.002781,16.946141,952.0412390011195,False,0,False,0,False,0
ESALG,GBFEL,19.0,15,27009.149268880334,1465.1903203918353,14.004682577289875,0.39012521887211793,626.986176651758,19,1445,27009.149268880334,0.1365040886687594,0.8184967958819815,0.9390736168953576,1.0,22106.90213607672,-5.433333,36.116667,1.3,51.933333,992.0771848571891,False,0,False,0,False,0
BRPEC,ESLPA,15.0,12,26836.977212830792,2388.121425790478,15.329636586124149,0.40495214287156556,630.7000000000002,15,1448,26836.977212830792,0.14158871095608083,0.8195655620738862,0.9394323767242746,1.0,21994.662313797744,-38.795986,-3.528841,-15.4167,28.15,2332.7855990235944,False,0,False,0,False,0
AEKFA,KRBUS,6.0,4,26811.095478551753,5910.561685413241,15.399201487470856,0.35617462903611286,630.6999999999999,6,1450,26811.095478551753,0.1415887109560805,0.8195655620738862,0.9394323767242746,0.3333333333333333,7324.483511898632,56.364756,25.359318,129.052391,35.112607,3734.777977858414,False,0,False,0,True,1
CNJIT,CNQIZ,71.0,9,26806.21398012649,1772.3320607418307,10.545782683249042,0.34692458204945975,630.7,38,1451,26806.21398012649,0.1415887109560806,0.8195655620738862,0.9394323767242746,1.0,21969.449827695233,118.997083,39.205083,108.6,21.683333,1179.6364068637056,False,0,False,0,False,0
CNWGQ,JPHKA,266.0,51,26749.891595181954,524.4619736989732,12.310680288529566,0.4143938260263686,630.6729615693492,210,1453,26749.891595181954,0.1415519088486129,0.8195578264258814,0.9394297800480551,0.34962406015037595,7664.837293975191,121.617967,31.353633,130.383333,33.616667,464.0776455212004,False,0,False,0,False,0
DOCUC,PACOL,46.0,37,26712.853915190255,878.8290452635649,11.131720224925974,0.2872525451920866,630.213457867793,40,1454,26712.853915190255,0.1409259938184697,0.8194262617224637,0.939385616852356,0.6521739130434783,14275.574363258236,-69.629288,18.426403,-79.892063,9.359918,808.1913108800978,False,0,False,0,False,0
KEMOM,TZDRS,157.0,74,26686.38780242965,945.8634510801243,7.008174904805363,0.220196695283078,630.6812256594023,43,1455,26686.38780242965,0.14156315746684123,0.8195601908380615,0.9394305737259574,0.3821656050955414,8358.382578396597,39.647169,-4.053188,39.293118,-6.823008,167.64200067867222,False,0,False,0,False,0
COCTA,USBAL,23.0,16,26686.364389366277,2049.2158035086622,13.876345530605727,0.4083783562085428,630.7,21,1456,26686.364389366277,0.1415887109560806,0.8195655620738862,0.9394323767242746,0.782608695652174,17116.61104994049,-75.540962,10.394286,-76.583333,39.283333,1735.4085825870873,False,0,False,0,False,0
CNNSA,TRALI,11.0,9,26668.742053550337,8213.460549503798,14.339874471088688,0.3855023334807254,629.8476369242212,10,1457,26668.742053550337,0.14042703622124186,0.8193213829367886,0.9393504114954774,0.18181818181818182,3972.7764764544277,113.682083,22.64515,26.957016,38.82268,4418.5832253277085,False,0,True,1,True,1
BSFRE,USMOB,39.0,14,26538.070385322655,962.254886175195,9.899344898610858,0.2486625922422797,630.7000000000002,39,1459,26538.070385322655,0.14158871095608083,0.8195655620738862,0.9394323767242746,0.6923076923076923,15057.47670348691,-78.6966,26.5285,-88.1167,30.6833,555.3882597646698,False,0,False,0,False,0
CNQIN,CNRIZ,1113.0,66,26526.445669528523,97.36079183069462,8.204382109955981,0.2136778839696033,630.6757308940429,549,1460,26526.445669528523,0.14155567833169358,0.8195586187553504,0.9394300460145377,0.9326145552560647,20275.019142854566,120.2667,36.0333,119.533333,35.35,54.42351915056357,False,0,False,0,False,0
CGPNO,MYTPP,5.0,5,26519.63864973363,7582.626341728474,17.57300715503303,0.39641683369914293,630.3272675242358,2,1461,26519.63864973363,0.1410811051749663,0.8194588654763783,0.9393965611704539,0.4,8692.701200301693,11.839142,-4.778824,103.549576,1.327854,5512.596507563366,False,0,False,0,True,1
CNNSA,VNHPG,261.0,76,26495.205732403272,521.0760866994663,12.441146942741568,0.3730716045524063,630.634235065104,211,1462,26495.205732403272,0.14149919256427912,0.8195467456849187,0.9394260605023189,0.8122605363984674,17637.473725898937,113.682083,22.64515,106.828308,20.81389,397.7081419435,False,0,False,0,False,0
CNTJN,MXMAN,4.0,4,26474.549400168806,7441.109884835322,18.280978624792702,0.5292605213914782,630.7,4,1463,26474.549400168806,0.1415887109560806,0.8195655620738862,0.9394323767242746,0.5,10848.814479901108,117.8143,38.97075,-104.293756,19.073908,6595.584835912217,False,0,False,0,True,1
GTSTC,USMIA,150.0,6,26324.551420873526,845.1477682692363,15.305195004346228,0.5512912356202758,606.0428938616409,144,1467,26324.551420873526,0.10666389213763938,0.81222451223728,0.9369681578863277,0.5733333333333334,12258.69567093894,-88.616667,15.7,-80.1833,25.7833,768.0253411793975,False,0,False,0,False,0
CNLYG,HKHKG,64.0,16,26315.413531849677,1192.5875021950635,15.286208652399255,0.5958383443471754,630.7,63,1468,26315.413531849677,0.1415887109560806,0.8195655620738862,0.9394323767242746,0.9375,20219.25626478481,119.483333,34.733333,114.181938,22.298785,796.8722796314378,False,0,False,0,False,0
AUMEL,CNSHE,16.0,11,26304.58521084869,5185.230227824463,15.595995531660494,0.4314017645848627,630.7000000000002,12,1469,26304.58521084869,0.14158871095608083,0.8195655620738862,0.9394323767242746,0.6875,14821.353362371628,144.912243,-37.858862,113.8943,22.467416,4022.7071596715555,False,0,False,0,True,1
CNQIN,OMSOH,10.0,8,26218.06661442055,5960.585424049863,14.247830984305596,0.2953956066630244,630.7,6,1471,26218.06661442055,0.1415887109560806,0.8195655620738862,0.9394323767242746,0.8,17189.939601070535,120.2667,36.0333,56.625595,24.507768,3314.2249461289753,False,0,False,0,True,1
JPTOK,VNCMP,29.0,15,26119.730747183632,2435.8260657106534,14.644708110075767,0.2982406172638697,630.7000000000002,29,1472,26119.730747183632,0.14158871095608083,0.8195655620738862,0.9394323767242746,0.4482758620689655,9596.165984256675,139.75,35.6667,107.012844,10.522075,2334.916778476724,False,0,False,0,False,0
AUFRE,AUMEL,29.0,22,26069.621790730263,1768.8495730746768,14.338873753670597,0.3098998570151338,630.7,25,1473,26069.621790730263,0.1415887109560806,0.8195655620738862,0.9394323767242746,0.41379310344827586,8841.005890747647,115.75,-32.05,144.912243,-37.858862,1470.3311307946024,False,0,False,0,False,0
CNTJN,USOAK,4.0,4,26058.691740050795,6653.125440452297,16.380965046291767,0.43427248100510446,630.6999999999999,4,1476,26058.691740050795,0.1415887109560805,0.8195655620738862,0.9394323767242746,1.0,21356.806342844866,117.8143,38.97075,-122.320518,37.814824,5128.98885876856,False,0,False,0,True,1
HKHKG,JPOSK,75.0,18,26029.079475809882,1405.7307859403666,15.649294385243108,0.48644905303141367,630.7000000000002,75,1477,26029.079475809882,0.14158871095608083,0.8195655620738862,0.9394323767242746,0.9066666666666666,19341.500350111237,114.181938,22.298785,135.433333,34.65,1339.9168526194828,False,0,False,0,False,0
CNNBO,LKCOL,13.0,11,26015.51276144686,3932.9320189378614,15.607231011587695,0.494420462204786,629.4465704296902,6,1478,26015.51276144686,0.13987933935295793,0.8192062593615933,0.939311767202222,0.7692307692307693,16393.900688214366,121.683333,29.966667,79.85,6.95,2730.537226219531,False,0,False,0,False,0
ESALG,ITGOA,58.0,23,25991.64516826833,916.6751051220792,11.422480928380658,0.2684877122679224,630.5989242277532,54,1479,25991.64516826833,0.14145112019813288,0.8195366410760021,0.9394226686212942,0.25862068965517243,5508.906614803947,-5.433333,36.116667,8.923988,44.403373,822.7683384640474,False,0,False,0,False,0
AEKHA,CNQIN,6.0,6,25978.197870704957,6228.914697913881,16.34526166451384,0.38559174930543777,630.7000000000002,5,1480,25978.197870704957,0.14158871095608083,0.8195655620738862,0.9394323767242746,0.8333333333333334,17742.363616309118,54.659214,24.802318,120.2667,36.0333,3400.549439574333,False,0,False,0,True,1
MXMAN,PACOL,18.0,16,25977.79011330572,1867.0392412696983,12.863860286621925,0.36233078494477844,630.0820408266444,5,1481,25977.79011330572,0.14074681562149727,0.8193885992200339,0.9393729744306265,1.0,21285.90505177362,-104.293756,19.073908,-79.892063,9.359918,1532.8142203481264,False,0,False,0,False,0
CNWGQ,OMSOH,12.0,8,25977.31129299388,5641.058014061699,15.031521455510871,0.2872395882104963,630.7,9,1482,25977.31129299388,0.1415887109560806,0.8195655620738862,0.9394323767242746,0.8333333333333334,17741.758109175702,121.617967,31.353633,56.625595,24.507768,3423.6181082617472,False,0,False,0,True,1
LBBRT,MTMAL,35.0,20,25973.357307233568,1100.278660800698,14.686354660636258,0.38359550770997725,626.9269956688124,33,1483,25973.357307233568,0.13642257592938922,0.8184796622474408,0.9390678655347298,0.45714285714285713,9718.246727431602,35.516567,33.904758,14.539518,35.819159,1037.8007128321797,False,0,False,0,False,0
MATAN,TRALI,38.0,21,25947.718622362885,1746.1664370218614,13.159726990762074,0.33133226995160603,630.6999999999999,36,1484,25947.718622362885,0.1415887109560805,0.8195655620738862,0.9394323767242746,0.34210526315789475,7275.161467487749,-5.797516,35.789733,26.957016,38.82268,1566.3868470349303,False,0,False,0,False,0
CNNSA,EGDAM,14.0,12,25936.886947160223,6735.308398095798,13.591034696641826,0.320921376089386,630.7000000000002,6,1485,25936.886947160223,0.14158871095608083,0.8195655620738862,0.9394323767242746,0.21428571428571427,4555.066999134901,113.682083,22.64515,31.757526,31.481673,4313.447299568127,False,0,False,0,True,1
TRMER,TRYAR,66.0,26,25898.768295562764,876.1049917324005,12.321502808550177,0.28842964315337544,630.7,58,1487,25898.768295562764,0.1415887109560806,0.8195655620738862,0.9394323767242746,0.5,10612.86929758712,34.633333,36.783333,29.739117,40.7548,330.5666577550098,False,0,False,0,False,0
FRLEH,GBSOU,172.0,59,25894.07795650659,157.30997911367706,8.239646148745011,0.2234346907249348,622.8249476759084,134,1488,25894.07795650659,0.1307348846248827,0.8172841334878309,0.9386665544748255,0.5872093023255814,12427.004218489144,0.094067,49.480233,-1.4,50.9,102.78104213116615,False,0,False,0,False,0
CNLYG,CNTJN,112.0,28,25875.561476595445,562.4414247810743,11.147859833129981,0.2337183710016283,630.6999999999999,83,1489,25875.561476595445,0.1415887109560805,0.8195655620738862,0.9394323767242746,0.49107142857142855,10414.013836650749,119.483333,34.733333,117.8143,38.97075,266.7387357504949,False,0,False,0,False,0
EGPSA,ESBAR,30.0,18,25866.889655397794,1684.2708433041587,11.43244491296302,0.3104681058213846,630.7,28,1490,25866.889655397794,0.1415887109560806,0.8195655620738862,0.9394323767242746,0.3333333333333333,7066.537319843094,32.319633,31.269083,2.166667,41.35,1569.3088396091935,False,0,False,0,False,0
KRGWA,USSEA,7.0,6,25855.81622922542,4909.810456909602,17.49760540636009,0.4728499227050012,630.7,7,1491,25855.81622922542,0.1415887109560806,0.8195655620738862,0.9394323767242746,1.0,21190.53656078424,127.728767,34.866497,-122.333333,47.6,4592.941209267678,False,0,False,0,False,0
KHSSK,VNHCM,229.0,51,25845.57220475774,424.9206782880878,12.87962997788363,0.3881536087001757,628.5215793233882,137,1492,25845.57220475774,0.13861350539018213,0.8189401863934295,0.9392224527260897,0.9694323144104804,20518.98276670581,103.504086,10.605101,106.710033,10.776988,189.4257257526798,False,0,False,0,False,0
ECPSJ,KRBUS,6.0,6,25812.362531253515,8429.625305347456,16.36130373727626,0.4205087973977349,630.7000000000002,4,1494,25812.362531253515,0.14158871095608083,0.8195655620738862,0.9394323767242746,0.6666666666666666,14103.282270921136,-80.240917,-2.705467,129.052391,35.112607,8268.302959248294,False,0,True,1,True,1
COBUE,ECPSJ,69.0,30,25779.997801369693,639.9493536245174,12.08470628709007,0.29110312738980343,630.0176444092002,40,1496,25779.997801369693,0.1406589881975473,0.8193701382653876,0.9393667775196644,0.927536231884058,19592.682075816512,-77.083333,3.883333,-80.240917,-2.705467,438.62659487029333,False,0,False,0,False,0
CNTJN,CNZOS,57.0,40,25732.071801036233,1126.4282449102504,10.88066990400715,0.28318609324586574,630.5913222223106,28,1497,25732.071801036233,0.14144077008225442,0.8195344655252319,0.9394219383397527,0.8947368421052632,18868.49658291711,117.8143,38.97075,122.099218,30.006902,578.2637280001114,False,0,False,0,False,0
CNNBO,JPYOK,77.0,35,25712.59640985759,1049.108941259251,13.30810108421139,0.3478478454919289,630.1316862266601,44,1499,25712.59640985759,0.14081451253150146,0.8194028288254246,0.9393777509765485,0.987012987012987,20795.351192674887,121.683333,29.966667,139.679832,35.450183,965.191806288728,False,0,False,0,False,0
CLSAN,KRBUS,6.0,6,25700.6364516302,10101.917612567053,16.844113876916182,0.36769772341778645,630.7000000000002,6,1500,25700.6364516302,0.14158871095608083,0.8195655620738862,0.9394323767242746,0.6666666666666666,14042.237706091273,-71.616667,-33.5833,129.052391,35.112607,9780.440515299242,False,0,True,1,True,2
INNSA,TRALI,26.0,16,25695.800369182598,3849.7522627933545,13.718464665876025,0.3509690086857467,630.7,18,1501,25695.800369182598,0.1415887109560806,0.8195655620738862,0.9394323767242746,0.4230769230769231,8909.743222983945,72.9428,18.953883,26.957016,38.82268,2660.1776024044066,False,0,False,0,False,0
INNSA,OMSOH,89.0,30,25662.009936872597,1018.924553077805,13.388502866314553,0.30980491145938444,630.7,58,1502,25662.009936872597,0.1415887109560806,0.8195655620738862,0.9394323767242746,0.3707865168539326,7798.270637408261,72.9428,18.953883,56.625595,24.507768,968.3429125661581,False,0,False,0,False,0
DOCUC,PACRI,37.0,36,25634.97841714515,877.5325594102269,10.896823370457152,0.3020628737123628,629.988203582696,37,1503,25634.97841714515,0.14061882917632662,0.8193616970082489,0.9393639439869518,0.7027027027027027,14759.792023910513,-69.629288,18.426403,-79.916667,9.35,809.6593153391692,False,0,False,0,False,0
JPKOB,JPOSK,3079.0,288,25597.7028823371,25.355885207059966,6.606936012137232,0.20902461690690957,630.3972398065044,2839,1504,25597.7028823371,0.14117644270432006,0.819478905023553,0.9394032879780292,0.5716141604417019,11990.62307608935,135.237233,34.685033,135.433333,34.65,9.909474186024067,False,0,False,0,False,0
CNSHE,SAJED,8.0,6,25449.09102818562,5979.453228964258,13.277048109474777,0.42545670235720867,630.7,8,1507,25449.09102818562,0.1415887109560806,0.8195655620738862,0.9394323767242746,1.0,20857.198592784443,113.8943,22.467416,39.1667,21.466667,4113.205564100251,False,0,False,0,True,1
AEJAL,EGSOK,35.0,23,25447.09632098095,2984.121759646772,13.357265886698864,0.3452680882890923,630.7,21,1508,25447.09632098095,0.1415887109560806,0.8195655620738862,0.9394323767242746,0.5142857142857142,10725.718525433009,55.0606,25.0136,32.33,29.58,1241.1671791638626,False,0,False,0,False,0
ESLPA,PTSNS,60.0,40,25438.281295335,717.9733213055044,13.91947688763349,0.34272332326578464,630.7000000000002,59,1509,25438.281295335,0.14158871095608083,0.8195655620738862,0.9394323767242746,0.5833333333333334,12161.531263002833,-15.4167,28.15,-8.866667,37.95,673.967124651293,False,0,False,0,False,0
DEHAM,MXVER,9.0,5,25377.27935901807,5792.05922351703,15.19788602174685,0.31689851112709766,630.7,7,1510,25377.27935901807,0.1415887109560806,0.8195655620738862,0.9394323767242746,0.2222222222222222,4621.854271506594,9.903145,53.539287,-96.1333,19.2,5026.333895211334,False,0,False,0,True,1
CNFUN,CNNBO,260.0,36,25374.235973459836,403.0079607042436,12.890489357938451,0.30567924909788036,628.8400080308032,167,1512,25374.235973459836,0.1390496897686575,0.81903187051288,0.9392532289419333,0.8538461538461538,17744.893713013535,119.308128,25.393912,121.683333,29.966667,302.17614715513446,False,0,False,0,False,0
TGLOM,USNYK,6.0,6,25368.558056981845,4838.881541656525,17.16584980945228,0.46462508245601164,629.5748631442586,6,1513,25368.558056981845,0.14005461193906432,0.8192431009210667,0.9393241340525901,0.6666666666666666,13855.344112331944,1.286945,6.137824,-74.049568,40.663452,4496.723375038341,False,0,False,0,False,0
USPHI,USSAV,98.0,46,25323.13147484681,745.7939101345521,13.055407201861005,0.3516712687328143,630.4696083683363,80,1515,25323.13147484681,0.14127502291323701,0.8194996261683162,0.9394102435819831,0.6122448979591837,12705.4878226825,-75.1333,39.95,-81.0833,32.0833,553.366688456671,False,0,False,0,False,0
CNMWN,USOAK,6.0,6,25169.803952103954,6382.442750937874,15.849945161993503,0.4175751570041228,613.2009721482058,6,1518,25169.803952103954,0.11709207161995838,0.8144164716482292,0.9377039474249768,1.0,20498.702926750157,113.862187,22.508158,-122.320518,37.814824,5996.437508794575,False,0,False,0,True,1
BRSTS,PACOL,8.0,7,25151.543004522406,4643.796229923013,15.038310480909209,0.3591156552115251,630.7,7,1520,25151.543004522406,0.1415887109560806,0.8195655620738862,0.9394323767242746,0.375,7730.001929822598,-46.306133,-23.95,-79.892063,9.359918,2806.931758109309,False,0,False,0,False,0
BRIOA,CLSAN,18.0,8,25146.13123652874,3450.272693703038,13.656702998313182,0.3773380334309469,630.7,11,1521,25146.13123652874,0.1415887109560806,0.8195655620738862,0.9394323767242746,0.6111111111111112,12594.329721630182,-48.601391,-26.181417,-71.616667,-33.5833,1274.4369682068,False,0,False,0,False,0
EGALE,ITGOA,62.0,10,25123.47624593719,1375.0913010835077,13.635191385679219,0.3466041664803531,630.7000000000002,51,1522,25123.47624593719,0.14158871095608083,0.8195655620738862,0.9394323767242746,0.03225806451612903,664.2043848629496,29.86702,31.187057,8.923988,44.403373,1265.1010092944189,False,0,False,0,False,0
MATAN,TGLOM,19.0,12,25082.225908666518,3056.487201861502,15.736966425097489,0.4149248426613996,630.6999999999999,12,1525,25082.225908666518,0.1415887109560805,0.8195655620738862,0.9394323767242746,0.631578947368421,12983.070678884504,-5.797516,35.789733,1.286945,6.137824,1822.6724946879658,False,0,False,0,False,0
TRALI,TRYAR,183.0,72,25011.802359861136,318.35196442995084,11.081472375824195,0.2669829529345896,630.6799477086304,170,1527,25011.802359861136,0.1415614180108309,0.8195598252117335,0.9394304509937453,0.4644808743169399,9521.239406959829,26.957016,38.82268,29.739117,40.7548,172.99095110990908,False,0,False,0,False,0
CNYTN,JPYOK,54.0,24,25007.550260930173,1646.6621367700534,14.390614503757087,0.40353272368043763,630.6999999999999,53,1528,25007.550260930173,0.1415887109560805,0.8195655620738862,0.9394323767242746,0.9629629629629629,19736.240801035005,114.263091,22.566543,139.679832,35.450183,1535.5845150157427,False,0,False,0,False,0
BSFRE,ZACPT,6.0,6,24998.703903729667,6921.089591285478,14.394935392919841,0.3296087933620732,630.7,5,1529,24998.703903729667,0.1415887109560806,0.8195655620738862,0.9394323767242746,0.16666666666666666,3414.6794693298093,-78.6966,26.5285,18.437805,-33.905756,6602.091446234637,False,0,False,0,True,1
JMKIN,USNYK,76.0,17,24930.101328288627,1538.3137448966784,12.760574512685919,0.33924777382598814,630.6352962629761,59,1531,24930.101328288627,0.14150063720151318,0.8195470493415814,0.9394261624327629,0.2631578947368421,5376.681837733048,-76.7936,17.997,-74.049568,40.663452,1368.2696837399583,False,0,False,0,False,0
JMKIN,PAMIT,157.0,36,24890.154637911408,605.4378285801863,12.413533190357349,0.35491507880115736,630.6623256461812,125,1533,24890.154637911408,0.14153743138964647,0.8195547833249756,0.9394287585502115,0.8343949044585988,17020.69256781541,-76.7936,17.997,-79.88466,9.361132,548.896852194063,False,0,False,0,False,0
CNSHE,COBUE,7.0,4,24878.357840619938,9718.520962553723,18.127414705013894,0.5697522580921283,630.6999999999999,5,1534,24878.357840619938,0.1415887109560805,0.8195655620738862,0.9394323767242746,1.0,20389.445327122954,113.8943,22.467416,-77.083333,3.883333,9099.058027256458,False,0,True,1,True,1
HKHKG,PHMAN,151.0,41,24865.60679866977,659.7628829291207,13.912265459375751,0.4049956827450434,630.6199774185217,66,1535,24865.60679866977,0.14147978277464135,0.8195426658288774,0.9394246909900098,0.6026490066225165,12281.037994532036,114.181938,22.298785,120.94162,14.596732,601.46043766605,False,0,False,0,False,0
JPSZU,JPTOK,496.0,96,24850.536718223088,161.27236774859145,9.468778688780048,0.24925705731465883,630.4400502654446,462,1536,24850.536718223088,0.14123476170010874,0.8194911634308688,0.939407402838833,0.7237903225806451,14739.841721185967,138.501892,35.025498,139.75,35.6667,72.23641796619415,False,0,False,0,False,0
KEMOM,ZADUR,25.0,23,24733.72759689515,2093.9591970847346,10.126201119783987,0.2433988136745554,630.7,19,1539,24733.72759689515,0.1415887109560806,0.8195655620738862,0.9394323767242746,0.32,6486.691635242165,39.647169,-4.053188,31.041098,-29.877639,1625.7247325218702,False,0,False,0,False,0
AUSYD,TWKAO,11.0,8,24640.610839238463,4316.331542277348,15.026817052081059,0.3132752973869465,630.6999999999999,11,1540,24640.610839238463,0.1415887109560805,0.8195655620738862,0.9394323767242746,0.36363636363636365,7343.489480837951,151.2111,-33.86,120.260382,22.620829,3824.5768887878353,False,0,False,0,False,0
JPTOK,PHMAN,43.0,13,24620.754059622435,1852.6454600571037,14.244023486157262,0.48128690037592897,630.5668637723237,43,1541,24620.754059622435,0.14140746825624328,0.8195274656216485,0.9394195886357379,0.7906976744186046,15954.210743953345,139.75,35.6667,120.94162,14.596732,1619.924083213264,False,0,False,0,False,0
CNWGQ,CNWGQ,1391.0,181,24608.259160178142,422.9936480943228,5.124386916620714,0.2389190363409799,630.7,404,1542,24608.259160178142,0.1415887109560806,0.8195655620738862,0.9394323767242746,0.7124370956146657,14368.4895862824,121.617967,31.353633,121.617967,31.353633,0.0,False,0,False,0,False,0
CNNBO,CNTAI,1134.0,56,24588.773749700682,172.5151881101106,7.710301882023339,0.23990180979658812,630.5666390665291,662,1543,24588.773749700682,0.14140716229220207,0.8195274013092955,0.9394195670475842,0.9902998236331569,19955.703912106503,121.683333,29.966667,121.211133,31.6506,103.9946560768922,False,0,False,0,False,0
CNHPU,HKHKG,2826.0,159,24548.64272787895,75.09282728922925,4.889687909464447,0.20488001661474203,630.6595613107097,2676,1547,24548.64272787895,0.14153366853774507,0.8195539923893524,0.9394284930516104,0.9256900212314225,18623.90028820094,113.470483,23.077133,114.181938,22.298785,61.131636179953546,False,0,False,0,False,0
EGDAM,ITGIT,38.0,18,24484.378147405,957.0782040439453,15.28489790954359,0.32624957124128795,630.6999999999999,34,1548,24484.378147405,0.1415887109560805,0.8195655620738862,0.9394323767242746,0.21052631578947367,4224.537502822643,31.757526,31.481673,15.909341,38.462848,883.4617560805119,False,0,False,0,False,0
CNQIN,KEMOM,10.0,7,24401.644238527446,6635.759458345413,15.406259742201334,0.4407271880391423,628.5937958433335,6,1551,24401.644238527446,0.13871246649253455,0.8189609876003887,0.9392294352050514,0.7,13988.79626526044,120.2667,36.0333,39.647169,-4.053188,5093.972995761573,False,0,False,0,True,1
CNMWN,CNSHE,7136.0,398,24391.948530215028,22.23642185990191,2.5545373252305494,0.2019894865666413,630.3023873357521,6644,1552,24391.948530215028,0.14104720071192622,0.8194517389010292,0.9393941689456882,0.8330997757847534,16652.01884452212,113.862187,22.508158,113.8943,22.467416,3.026115684940272,False,0,False,0,False,0
BEANT,PACOL,7.0,7,24375.524709694808,4882.767343606709,16.74362639272983,0.44626986902051285,630.7000000000003,5,1553,24375.524709694808,0.14158871095608094,0.8195655620738862,0.9394323767242746,0.7142857142857143,14269.529006819233,4.4,51.2167,-79.892063,9.359918,4752.174615868219,False,0,False,0,False,0
BSFRE,USSAV,36.0,28,24349.458586940913,618.3586993916298,5.930719139899497,0.21176862443027367,630.7,31,1554,24349.458586940913,0.1415887109560806,0.8195655620738862,0.9394323767242746,0.25,4988.994428250261,-78.6966,26.5285,-81.0833,32.0833,356.1196108274178,False,0,False,0,False,0
AEJAL,CNYTN,6.0,6,24342.473822590626,5033.8289776465945,17.189378936163504,0.5387589385133527,630.7,4,1555,24342.473822590626,0.1415887109560806,0.8195655620738862,0.9394323767242746,0.6666666666666666,13300.168827120231,55.0606,25.0136,114.263091,22.566543,3229.6765537282026,False,0,False,0,True,1
CNQUA,CNRIZ,120.0,13,24331.207851823794,851.8181955030497,10.696097197487191,0.32526097076911575,630.7,78,1556,24331.207851823794,0.1415887109560806,0.8195655620738862,0.9394323767242746,0.9,17946.91803511487,118.682805,24.833576,119.533333,35.35,632.946235039159,False,0,False,0,False,0
CNWGQ,IDSUR,19.0,10,24325.650508185863,2738.9814707682785,14.3703118569105,0.3923452579135028,630.6999999999998,14,1557,24325.650508185863,0.1415887109560804,0.8195655620738861,0.9394323767242746,0.5263157894736842,10492.876542923295,121.617967,31.353633,112.731533,-7.1937,2369.9804344573135,False,0,False,0,False,0
CNTJN,QAHMD,6.0,5,24313.628263127666,6719.798520349102,16.561831724192153,0.3632308229795825,628.8403149282752,4,1558,24313.628263127666,0.13905010994444367,0.8190319588320607,0.939253258588618,1.0,19913.638582664007,117.8143,38.97075,51.638489,25.021684,3397.880637074987,False,0,False,0,True,1
GRPIR,TRMER,88.0,52,24282.673201219433,667.9762496928884,11.736301076737695,0.2674814083481387,630.6096217127831,62,1559,24282.673201219433,0.141465684380906,0.8195397024058868,0.9394236962381799,0.1590909090909091,3166.006895059714,23.65,37.933333,34.633333,36.783333,528.3738812730886,False,0,False,0,False,0
CNDCB,CNSHA,109.0,10,24169.523067497117,891.6823335075649,10.264050471914503,0.5409278429565492,630.7,86,1561,24169.523067497117,0.1415887109560806,0.8195655620738862,0.9394323767242746,1.0,19808.508757871034,113.852567,22.533467,121.46055,31.130717,657.2562815007178,False,0,False,0,False,0
CNWGQ,MXLCS,6.0,6,24138.975751437094,7265.031516141155,15.868981492386768,0.31951900275807066,630.7,6,1563,24138.975751437094,0.1415887109560806,0.8195655620738862,0.9394323767242746,0.16666666666666666,3297.245538269075,121.617967,31.353633,-102.166667,17.883333,6921.1295767724605,False,0,False,0,True,1
MYPKE,MYPKE,365.0,139,24111.692232545603,964.2633732616575,7.50730574474784,0.28851460868977413,630.3999485566085,149,1564,24111.692232545603,0.14118013296223564,0.8194796807002261,0.9394035483545574,0.4575342465753425,9040.438326745358,101.34485,3.00525,101.34485,3.00525,0.0,False,0,False,0,False,0
CNDAL,KRINC,226.0,51,24063.8467093704,312.5299048383828,12.620488297406888,0.2936442077571575,630.6542366621348,199,1565,24063.8467093704,0.14152642045906327,0.8195524688737373,0.9394279816430295,0.6460176991150443,12740.492952497769,121.737442,38.978628,126.607819,37.439929,247.60490835806067,False,0,False,0,False,0
JPTOK,VNHCM,37.0,8,24062.319356600194,2483.7040097100344,13.943779511688236,0.5488427414943851,630.546712792496,37,1566,24062.319356600194,0.14138002939971384,0.8195216980895593,0.9394176526100279,0.9459459459459459,18653.668882927006,139.75,35.6667,106.710033,10.776988,2336.575534575835,False,0,False,0,False,0
CNTAI,CNXIA,216.0,30,23906.634778180683,635.7630485684854,13.052423474858381,0.407225599699143,630.1521847578576,129,1568,23906.634778180683,0.14084246139995782,0.8194087035598729,0.9393797229875848,0.8564814814814815,16777.876633623404,121.211133,31.6506,118.042517,24.44535,463.97084497406894,False,0,False,0,False,0
CNNBO,ECPSJ,5.0,5,23886.036114689403,9613.236314863969,15.538096435210688,0.35759516975937894,630.7,2,1569,23886.036114689403,0.1415887109560806,0.8195655620738862,0.9394323767242746,0.8,15660.938091242053,121.683333,29.966667,-80.240917,-2.705467,8749.39555910372,False,0,True,1,True,1
IRBAB,MYPKE,16.0,10,23863.028085045247,4099.189717034409,14.752181595675134,0.2883777306051957,630.2123226924922,1,1570,23863.028085045247,0.14092444640411705,0.8194259364624834,0.9393855076701834,0.3125,6110.620042318358,56.270599,27.172804,101.34485,3.00525,2963.487640204096,False,0,False,0,False,0
ILASD,TRYAR,33.0,19,23852.16968228031,926.9165824727606,14.053852720389164,0.46649614949709794,630.7,32,1571,23852.16968228031,0.1415887109560806,0.8195655620738862,0.9394323767242746,0.5757575757575758,11255.149096801688,34.65,31.816667,29.739117,40.7548,586.6590081409516,False,0,False,0,False,0
INMUN,SADMA,56.0,31,23837.949471600696,1244.0551339749695,13.239388936927574,0.3274805294720262,630.7,30,1572,23837.949471600696,0.1415887109560806,0.8195655620738862,0.9394323767242746,0.39285714285714285,7675.1566796855195,69.7,22.766667,50.206833,26.510212,1086.1246479524007,False,0,False,0,False,0
ILASD,LBBRT,286.0,101,23811.69460394245,150.14046408348776,8.520239192825892,0.2648265872002512,630.6385561532056,256,1573,23811.69460394245,0.14150507494744147,0.8195479821370869,0.9394264755504105,0.2762237762237762,5390.459002972454,34.65,31.816667,35.516567,33.904758,132.76738210738046,False,0,False,0,False,0
CNBYQ,CNSTO,100.0,11,23797.830468954166,1252.46900116017,11.370114609193498,0.5724622088349528,630.7000000000002,41,1574,23797.830468954166,0.14158871095608083,0.8195655620738862,0.9394323767242746,1.0,19503.882304427476,122.0684,40.268517,116.733333,23.333333,1052.047593481922,False,0,False,0,False,0
AEJAL,IRBAB,544.0,34,23753.64363393965,190.09793856756878,7.927985406891334,0.22815893251718725,630.7000000000002,197,1576,23753.64363393965,0.14158871095608083,0.8195655620738862,0.9394323767242746,0.04411764705882353,858.867718947906,55.0606,25.0136,56.270599,27.172804,145.12882248160395,False,0,False,0,False,0
BRSUA,PACRI,12.0,11,23728.5514999708,3243.2801522662066,15.608652140597426,0.2772265538900561,630.6999999999999,11,1578,23728.5514999708,0.1415887109560805,0.8195655620738862,0.9394323767242746,0.08333333333333333,1620.5919706060604,-34.9681,-8.3911,-79.916667,9.35,2891.0795991256095,False,0,False,0,False,0
DOCUC,MXALT,48.0,7,23715.327873832786,1732.2561863603405,13.869822580351283,0.3364593344794297,630.7,41,1579,23715.327873832786,0.1415887109560806,0.8195655620738862,0.9394323767242746,0.020833333333333332,404.92220872258895,-69.629288,18.426403,-97.85,22.4833,1603.6810564004581,False,0,False,0,False,0
JPHKA,KRBUS,653.0,71,23663.547376995288,167.04810883722897,8.219534667710578,0.26515515999929123,630.5532487096666,616,1580,23663.547376995288,0.14138892931264013,0.8195235688137762,0.9394182805684205,0.4869831546707504,9443.983867543826,130.383333,33.616667,129.052391,35.112607,111.43400962864537,False,0,False,0,False,0
HKHKG,JPKOB,44.0,15,23630.617337922613,1447.5571098999317,15.913866898554918,0.48288391666242486,630.7,44,1581,23630.617337922613,0.1415887109560806,0.8195655620738862,0.9394323767242746,0.8636363636363636,16725.907428792812,114.181938,22.298785,135.237233,34.685033,1332.372351890451,False,0,False,0,False,0
FRFOS,MUPLO,4.0,4,23602.0327032586,8121.812909229506,17.582934295323213,0.40693145263393404,630.6999999999999,4,1582,23602.0327032586,0.1415887109560805,0.8195655620738862,0.9394323767242746,0.5,9671.706599266188,4.871235,43.408352,57.486134,-20.150235,4790.237217356075,False,0,True,1,True,1
JMKIN,MXALT,80.0,18,23601.99043218161,1318.3599939930612,13.888181563765475,0.4028735845382483,630.7,61,1583,23601.99043218161,0.1415887109560806,0.8195655620738862,0.9394323767242746,0.175,3385.0912470573458,-76.7936,17.997,-97.85,22.4833,1215.163582174075,False,0,False,0,False,0
EGPSA,GRPIR,107.0,31,23545.49233536864,652.5445296499051,12.38914882446136,0.3895031631767843,630.6999999999999,62,1585,23545.49233536864,0.1415887109560805,0.8195655620738862,0.9394323767242746,0.2897196261682243,5590.741256676879,32.319633,31.269083,23.65,37.933333,585.7145689693215,False,0,False,0,False,0
BEANT,MXVER,7.0,7,23447.963449782957,5552.461580541461,15.614736619262546,0.39376830862784473,630.6999999999999,7,1588,23447.963449782957,0.1415887109560805,0.8195655620738862,0.9394323767242746,0.14285714285714285,2745.306192029901,4.4,51.2167,-96.1333,19.2,4891.863977980795,False,0,False,0,True,1
COCTA,TWKAO,4.0,4,23435.42823609802,9443.397686440641,15.501101913565046,0.2954056867126457,630.7,4,1589,23435.42823609802,0.1415887109560806,0.8195655620738862,0.9394323767242746,0.5,9603.43495737995,-75.540962,10.394286,120.260382,22.620829,8617.895168608638,False,0,True,1,True,1
CNQIN,LKCOL,10.0,10,23419.644809990146,4275.383942390596,14.9962587020554,0.3487009706469133,630.7,1,1590,23419.644809990146,0.1415887109560806,0.8195655620738862,0.9394323767242746,0.5,9596.967181135173,120.2667,36.0333,79.85,6.95,2820.288906225235,False,0,False,0,False,0
DEWVN,NLROT,103.0,61,23404.102997197355,322.38796530136347,9.490108100315247,0.2541422454568676,630.7000000000002,67,1591,23404.102997197355,0.14158871095608083,0.8195655620738862,0.9394323767242746,0.8252427184466019,15829.143013177863,8.170278,53.541667,4.03038,52.002215,176.47025373178997,False,0,False,0,False,0
CNNBO,COBUE,7.0,7,23371.534486389624,9188.748778912908,15.925591229316904,0.3884558807359164,630.6999999999999,5,1592,23371.534486389624,0.1415887109560805,0.8195655620738862,0.9394323767242746,0.7142857142857143,13681.789141333664,121.683333,29.966667,-77.083333,3.883333,8506.466670186965,False,0,True,1,True,1
CNNBO,SAJED,9.0,7,23366.184849433175,9680.996863975628,14.78751637836787,0.45083241171164984,630.7,4,1593,23366.184849433175,0.1415887109560806,0.8195655620738862,0.9394323767242746,0.7777777777777778,14894.538104170686,121.683333,29.966667,39.1667,21.466667,4399.400366885255,False,0,True,1,True,1
MTMAL,TRMER,64.0,45,23336.744363427086,1090.3752072542445,11.799555784965621,0.28841541016000266,630.7000000000002,47,1595,23336.744363427086,0.14158871095608083,0.8195655620738862,0.9394323767242746,0.28125,5379.185253146264,14.539518,35.819159,34.633333,36.783333,972.225466309649,False,0,False,0,False,0
LBBRT,TRMER,235.0,87,23311.723006805874,256.4828025489627,9.94688860177984,0.26412243809443453,630.7000000000002,154,1596,23311.723006805874,0.14158871095608083,0.8195655620738862,0.9394323767242746,0.2170212765957447,4146.296824758144,35.516567,33.904758,34.633333,36.783333,178.15899526072295,False,0,False,0,False,0
AUBRI,NZTAU,72.0,22,23268.665636223657,1503.2240061380319,14.137701080144108,0.3851102921885494,630.6999999999999,66,1599,23268.665636223657,0.1415887109560805,0.8195655620738862,0.9394323767242746,0.5138888888888888,9799.962363081328,153.169467,-27.350967,176.183333,-37.716667,1315.6028313977918,False,0,False,0,False,0
COCTA,ECGYL,64.0,13,23237.798018932343,1151.1174774677245,11.308635225527201,0.3449238100998849,630.6999999999999,54,1600,23237.798018932343,0.1415887109560805,0.8195655620738862,0.9394323767242746,0.796875,15176.403886437998,-75.540962,10.394286,-79.930086,-2.257278,803.6238438095077,False,0,False,0,False,0
IDSUR,KRBUS,31.0,10,23225.948280945893,2933.965870511418,15.18415097715075,0.5283460825069912,628.9981397348577,31,1602,23225.948280945893,0.13926613482797112,0.8190773663528317,0.9392685008319699,0.9354838709677419,17796.503481326545,112.731533,-7.1937,129.052391,35.112607,2703.0568717525794,False,0,False,0,False,0
HKHKG,USLGB,5.0,4,23157.330400550847,6536.79341114091,16.68238185576647,0.4315292019366761,630.7,5,1605,23157.330400550847,0.1415887109560806,0.8195655620738862,0.9394323767242746,1.0,18978.95050585815,114.181938,22.298785,-118.217354,33.74561,6303.578469857036,False,0,False,0,True,1
CNLYG,CNQIZ,34.0,9,23099.914326205613,1540.752856039754,11.064537312827028,0.22109629996210697,630.6999999999999,24,1608,23099.914326205613,0.1415887109560805,0.8195655620738862,0.9394323767242746,0.29411764705882354,5568.204196651565,119.483333,34.733333,108.6,21.683333,970.8753100329898,False,0,False,0,False,0
BEZEE,USPHI,20.0,11,23087.363345254016,3610.151198611819,16.986864478307684,0.7269649184449244,630.7,20,1609,23087.363345254016,0.1415887109560806,0.8195655620738862,0.9394323767242746,1.0,18921.607916857145,3.2,51.333333,-75.1333,39.95,3197.6113331657903,False,0,False,0,False,0
CNDAL,JPOSK,132.0,21,23055.37732806838,905.5935577951813,14.06036293618291,0.5013387724858426,629.8743646218737,120,1610,23055.37732806838,0.14046351080661412,0.8193290497410282,0.9393529850624541,0.22727272727272727,4293.16827218798,121.737442,38.978628,135.433333,34.65,706.8515459461964,False,0,False,0,False,0
CAPRR,USTAC,44.0,20,23029.174049853897,703.6718199764168,10.135918140593533,0.21667345588988318,630.7,40,1611,23029.174049853897,0.1415887109560806,0.8195655620738862,0.9394323767242746,0.5454545454545454,10294.86434959956,-130.319567,54.320128,-122.422033,47.272467,517.8515905553959,False,0,False,0,False,0
MXALT,USCHA,24.0,11,22910.66949827404,1572.8500755709297,14.056080764879706,0.31011056274605303,630.7,18,1613,22910.66949827404,0.1415887109560806,0.8195655620738862,0.9394323767242746,0.75,14082.596793631505,-97.85,22.4833,-79.938165,32.87698,1135.8914249286454,False,0,False,0,False,0
EGDAM,TRMER,114.0,59,22906.70120841768,395.5754614300482,12.234868049493409,0.27226116973785447,630.6755060008329,82,1614,22906.70120841768,0.14155537221817371,0.8195585544115777,0.9394300244158371,0.4298245614035088,8069.26108339235,31.757526,31.481673,34.633333,36.783333,348.8760693938382,False,0,False,0,False,0
MTMAL,TRALI,91.0,42,22860.332091670425,711.8410530549249,10.956984692678006,0.2668264999305078,630.7,73,1616,22860.332091670425,0.1415887109560806,0.8195655620738862,0.9394323767242746,0.2087912087912088,3911.8162360242404,14.539518,35.819159,26.957016,38.82268,619.1323334739003,False,0,False,0,False,0
CNFUN,CNTJN,106.0,19,22835.036811903316,1083.799135441613,11.331572071072465,0.5210478844009699,630.357974922803,73,1618,22835.036811903316,0.14112294674101222,0.8194676603973535,0.9393995134198497,0.9811320754716981,18359.50675376544,119.308128,25.393912,117.8143,38.97075,818.6502520977109,False,0,False,0,False,0
DEWVN,FRLEH,47.0,21,22805.359094312174,479.2208299911608,13.37473060997565,0.3984564362057382,630.7000000000002,46,1619,22805.359094312174,0.14158871095608083,0.8195655620738862,0.9394323767242746,0.9787234042553191,18292.817009438964,8.170278,53.541667,0.094067,49.480233,387.58918231243297,False,0,False,0,False,0
EGALE,TRALI,180.0,47,22783.109138576634,700.8754615195222,11.928012687572501,0.33807382727908036,630.5759853385337,120,1621,22783.109138576634,0.14141988818470197,0.8195300762383064,0.9394204649587286,0.24444444444444444,4564.130552491489,29.86702,31.187057,26.957016,38.82268,480.18502449834637,False,0,False,0,False,0
CLVAL,CNYSN,6.0,6,22761.24924258775,10233.849359922388,18.267635580458165,0.597083000944182,630.7,6,1622,22761.24924258775,0.1415887109560806,0.8195655620738862,0.9394323767242746,0.8333333333333334,15545.280024171037,-71.6167,-33.033333,122.066667,30.633333,10095.143309972513,False,0,True,1,True,2
USNYK,USPEV,48.0,10,22694.636940394073,997.8337144682098,14.837800991057955,0.353529716560545,630.7,48,1627,22694.636940394073,0.1415887109560806,0.8195655620738862,0.9394323767242746,0.9166666666666666,17049.764306773777,-74.049568,40.663452,-80.1,26.083333,925.8397951640987,False,0,False,0,False,0
CNWGQ,VNCMP,33.0,17,22661.85156468096,1873.0408162925742,11.40665504574835,0.266909611672387,630.7,31,1628,22661.85156468096,0.1415887109560806,0.8195655620738862,0.9394323767242746,0.18181818181818182,3376.8860209532236,121.617967,31.353633,107.012844,10.522075,1491.2837082607568,False,0,False,0,False,0
COCTA,USLSA,13.0,9,22608.748772534927,3296.929200760243,14.051674430675261,0.2595320354914112,630.7000000000002,13,1631,22608.748772534927,0.14158871095608083,0.8195655620738862,0.9394323767242746,0.15384615384615385,2850.6695223922884,-75.540962,10.394286,-118.244,33.738045,2729.999426072324,False,0,False,0,False,0
CNBYQ,CNQUA,110.0,17,22587.689289634334,1104.226330489367,11.00026664185068,0.5166301942044825,630.6999999999997,70,1634,22587.689289634334,0.14158871095608017,0.8195655620738861,0.9394323767242746,1.0,18512.09226860946,122.0684,40.268517,118.682805,24.833576,942.215961461233,False,0,False,0,False,0
AEKFA,CNNBO,13.0,11,22533.30741615404,5523.502915290445,13.949165494287318,0.48412530746132243,630.2605608385198,7,1637,22533.30741615404,0.1409901973245744,0.8194397570290665,0.9393901469113386,0.5384615384615384,9942.524283006283,56.364756,25.359318,121.683333,29.966667,3437.938226541195,False,0,False,0,True,1
INPPV,LKCOL,33.0,23,22433.86148753658,1110.3610941427523,12.336990946877977,0.24993208141342813,630.6999999999999,28,1640,22433.86148753658,0.1415887109560805,0.8195655620738862,0.9394323767242746,0.5454545454545454,10028.738345193067,71.516667,20.933333,79.85,6.95,969.1554078424792,False,0,False,0,False,0
JPOSK,TWTAP,74.0,14,22327.939740447502,964.9756769674791,15.626374241729986,0.5655762237178514,629.9324804814103,72,1642,22327.939740447502,0.1405428093083112,0.8193457179521348,0.9393585801913141,0.9459459459459459,17305.420637730098,135.433333,34.65,121.37318,25.14978,926.1682558698114,False,0,False,0,False,0
DJDJI,EGSOK,41.0,23,22297.561292153456,1330.0434776445861,14.034987979720018,0.3164196381986044,630.6241001535378,25,1645,22297.561292153456,0.1414853953913504,0.8195438455772731,0.9394250870039704,0.6097560975609756,11142.578736808777,43.133333,11.583333,32.33,29.58,1237.662392020543,False,0,False,0,False,0
CNWGQ,PABAL,4.0,4,22291.105574791756,8647.026750612882,15.213925317866362,0.2583621670932286,630.6999999999999,4,1646,22291.105574791756,0.1415887109560805,0.8195655620738862,0.9394323767242746,0.75,13701.766852239409,121.617967,31.353633,-79.57037,8.954178,8097.9111657787835,False,0,True,1,True,1
CNHPU,CNSHA,151.0,6,22265.730117871393,931.6615051857914,9.302210417973736,0.21839171423788317,630.7000000000002,112,1649,22265.730117871393,0.14158871095608083,0.8195655620738862,0.9394323767242746,1.0,18248.225619038723,113.470483,23.077133,121.46055,31.130717,644.6552464565868,False,0,False,0,False,0
PABAL,PACRI,133.0,70,22259.953235659952,112.02361110463693,3.632115397135519,0.20094034031375935,630.602007075161,100,1650,22259.953235659952,0.1414553174178672,0.8195375233139145,0.9394229647679396,0.8421052631578947,15362.414268493738,-79.57037,8.954178,-79.916667,9.35,31.403072077250282,False,0,False,0,False,0
JPHKA,TWTAP,110.0,16,22228.145256002175,732.7634100520628,15.2021848732452,0.5085738976141905,628.2015725707809,101,1653,22228.145256002175,0.13817471391477731,0.8188479542731837,0.9391914925591882,0.9818181818181818,17870.535428888834,130.383333,33.616667,121.37318,25.14978,692.6222457446564,False,0,False,0,False,0
HKHKG,KHSSK,68.0,16,22211.238561687587,1243.6208357130715,15.085172169612868,0.5580374004046181,630.4493928269313,31,1654,22211.238561687587,0.1412474876494597,0.8194938383718295,0.9394083007539885,0.9852941176470589,17934.297068264026,114.181938,22.298785,103.504086,10.605101,932.3281585853749,False,0,False,0,False,0
CNMWN,EGSOK,13.0,8,22186.830208359173,6546.6893073040355,15.499743199275827,0.5853609679189588,630.7,8,1656,22186.830208359173,0.1415887109560806,0.8195655620738862,0.9394323767242746,1.0,18183.561970351762,113.862187,22.508158,32.33,29.58,4329.198371977865,False,0,False,0,True,1
CGPNO,INMUN,8.0,5,22125.021706801777,6558.995744694425,15.712975834600824,0.3424599053230156,630.6999999999999,3,1659,22125.021706801777,0.1415887109560805,0.8195655620738862,0.9394323767242746,1.0,18132.90585103193,11.839142,-4.778824,69.7,22.766667,3772.521744639634,False,0,False,0,True,1
CNCGM,CNWGQ,64.0,45,22095.40050402512,58.348094430026954,6.396572851119938,0.20511511202638177,630.6788032744288,59,1660,22095.40050402512,0.14155986028212952,0.8195594977837206,0.9394303410838148,0.53125,9620.13814959228,121.382233,31.619333,121.617967,31.353633,20.00415375016371,False,0,False,0,False,0
KRULS,VNHPG,49.0,9,22045.60865766999,1654.0963897326956,14.919630093462837,0.6050288135399259,630.7,46,1661,22045.60865766999,0.1415887109560806,0.8195655620738862,0.9394323767242746,1.0,18067.821650784237,129.369164,35.462441,106.828308,20.81389,1476.1894008096392,False,0,False,0,False,0
CNYSN,CNYSN,1636.0,189,22043.031351769914,115.19062994839595,5.5698545643543,0.20848867622022946,630.4520122316839,76,1662,22043.031351769914,0.14125105559811946,0.8194945883396121,0.939408552500643,0.8245721271393643,14895.19038793033,122.066667,30.633333,122.066667,30.633333,0.0,False,0,False,0,False,0
CNTAI,JPOSK,140.0,30,22008.70179889066,824.8360143192849,14.319546897901562,0.48598499871106443,630.6999999999999,132,1663,22008.70179889066,0.1415887109560805,0.8195655620738862,0.9394323767242746,0.45714285714285713,8245.74814186257,121.211133,31.6506,135.433333,34.65,736.5418207001361,False,0,False,0,False,0
BEANT,CIABI,10.0,9,21967.91615791903,3874.2270784160196,14.533614352183946,0.3209297381291319,630.7,9,1664,21967.91615791903,0.1415887109560806,0.8195655620738862,0.9394323767242746,0.4,7201.659021422766,4.4,51.2167,-4.0267,5.3364,2786.7932894756896,False,0,False,0,False,0
NLROT,USCHA,8.0,7,21962.07854271974,4082.3941847295264,16.120622096152857,0.38159680020385073,630.7,7,1665,21962.07854271974,0.1415887109560806,0.8195655620738862,0.9394323767242746,0.625,11249.602028234338,4.03038,52.002215,-79.938165,32.87698,3673.1124289996646,False,0,False,0,False,0
CNNBO,VNCMP,21.0,20,21958.669970539584,1648.8294745538135,14.31912784644531,0.34699862087849603,629.9282331883775,15,1666,21958.669970539584,0.14053701441558264,0.8193444998900874,0.9393581713163562,0.7142857142857143,12851.225332330881,121.683333,29.966667,107.012844,10.522075,1426.9518940155563,False,0,False,0,False,0
BRPEC,BRRDJ,20.0,16,21930.02926153484,1571.7435746240656,14.500215792181088,0.37182878246437145,630.7000000000002,16,1668,21930.02926153484,0.14158871095608083,0.8195655620738862,0.9394323767242746,0.9,16175.787082223915,-38.795986,-3.528841,-43.1667,-22.916667,1191.449962166061,False,0,False,0,False,0
CNYTN,KRGWA,24.0,10,21894.440118054776,1148.2879946127205,14.320642971947208,0.35346804019505434,630.6999999999999,19,1670,21894.440118054776,0.1415887109560805,0.8195655620738862,0.9394323767242746,0.875,15700.937981440778,114.263091,22.566543,127.728767,34.866497,1021.7172915293036,False,0,False,0,False,0
ESALG,GBSOU,20.0,15,21891.415868542892,1287.4224079313847,11.799388652963668,0.3261363718140226,630.5145731489458,20,1671,21891.415868542892,0.14133626238626906,0.8195124984476494,0.9394145645052743,1.0,17940.288912986103,-5.433333,36.116667,-1.4,50.9,904.4531190171983,False,0,False,0,False,0
CNYTN,USSEA,6.0,6,21885.128594114045,6080.043622414162,14.925917192118016,0.4109317717178776,630.7,6,1672,21885.128594114045,0.1415887109560806,0.8195655620738862,0.9394323767242746,1.0,17936.297717294357,114.263091,22.566543,-122.333333,47.6,5608.155908750204,False,0,False,0,True,1
GRPIR,ILASD,154.0,32,21882.767864714533,701.5347408025223,12.530670133353082,0.337961578560168,630.2126416923841,77,1673,21882.767864714533,0.14092488124942248,0.8194260278651353,0.9393855383519172,0.18181818181818182,3260.2381000141563,23.65,37.933333,34.65,31.816667,653.8113255017188,False,0,False,0,False,0
CNQIZ,CNQUA,122.0,16,21870.707485736843,716.5448479165605,10.328397545873608,0.3130726363600963,630.6999999999999,73,1674,21870.707485736843,0.1415887109560805,0.8195655620738862,0.9394323767242746,0.9098360655737705,16308.337153759529,108.6,21.683333,118.682805,24.833576,587.2511617810426,False,0,False,0,False,0
USPEV,USSAV,95.0,50,21855.295855652927,421.4917186589462,11.136699910872155,0.24547205625094629,630.6350732787159,89,1675,21855.295855652927,0.14150033364743986,0.8195469855357935,0.9394261410146513,0.2,3582.288367298656,-80.1,26.083333,-81.0833,32.0833,363.9102191839339,False,0,False,0,False,0
CNNBO,KRINC,163.0,21,21815.145588052033,576.8816392105881,13.240859925919295,0.3953815878338451,630.6535361466937,51,1677,21815.145588052033,0.14152546688635836,0.8195522684367705,0.9394279143610249,0.9202453987730062,16452.74728800594,121.683333,29.966667,126.607819,37.439929,511.4888180872477,False,0,False,0,False,0
MYTPP,VNCMP,70.0,36,21809.08213307268,668.5791227514288,12.212942904037776,0.250373454467976,630.6009760411562,67,1678,21809.08213307268,0.14145391369539284,0.8195372282573619,0.9394228657243517,0.15714285714285714,2808.6700277704413,103.549576,1.327854,107.012844,10.522075,589.4180928478,False,0,False,0,False,0
CNWEN,THLCB,49.0,14,21767.442564108092,1954.1272069289064,14.690978506330254,0.4845203512760313,630.7,47,1679,21767.442564108092,0.1415887109560806,0.8195655620738862,0.9394323767242746,1.0,17839.846299964283,120.666189,28.032743,100.886078,13.056152,1426.0741996784352,False,0,False,0,False,0
CLVAL,CNQIN,4.0,4,21765.90245660751,10578.588626121635,17.569483422837756,0.5143673962949271,630.7,1,1680,21765.90245660751,0.1415887109560806,0.8195655620738862,0.9394323767242746,1.0,17838.584080894914,-71.6167,-33.033333,120.2667,36.0333,10193.017311428548,False,0,True,1,True,2
BSFRE,MXVER,44.0,19,21755.93202112038,1237.374305602828,11.119892872667803,0.28769120517358415,630.7000000000002,43,1681,21755.93202112038,0.14158871095608083,0.8195655620738862,0.9394323767242746,0.11363636363636363,2026.1832562875888,-78.6966,26.5285,-96.1333,19.2,1058.8259195516134,False,0,False,0,False,0
CLVAL,KRBUS,4.0,4,21736.99293268065,10042.38049993575,17.09723283559943,0.3673130165957253,630.7,4,1682,21736.99293268065,0.1415887109560806,0.8195655620738862,0.9394323767242746,0.5,8907.445415334254,-71.6167,-33.033333,129.052391,35.112607,9773.678724338653,False,0,True,1,True,2
AEJAL,AEKFA,150.0,62,21724.906764249667,265.7759046966812,10.726983871961234,0.24719881797726076,630.5686030233209,83,1683,21724.906764249667,0.14140983644887106,0.8195279634057656,0.9394197557302306,0.4533333333333333,8071.223096710837,55.0606,25.0136,56.364756,25.359318,73.83504213429424,False,0,False,0,False,0
ESALG,PTSNS,57.0,20,21724.709713278306,340.48727614431033,8.08504849230212,0.21548530113187497,630.7,54,1684,21724.709713278306,0.1415887109560806,0.8195655620738862,0.9394323767242746,0.08771929824561403,1561.826660267978,-5.433333,36.116667,-8.866667,37.95,197.95544103303968,False,0,False,0,False,0
BRSTS,DOCUC,9.0,8,21723.38206100899,4058.174210715738,14.9618002979131,0.3008457739693912,630.6999999999998,7,1685,21723.38206100899,0.1415887109560804,0.8195655620738861,0.9394323767242746,0.2222222222222222,3956.3857397725787,-46.306133,-23.95,-69.629288,18.426403,2887.7098653516637,False,0,False,0,False,0
JPSZU,KRBUS,242.0,36,21622.577061034135,604.2956407165017,12.856601164635874,0.4425495260838778,630.7,241,1689,21622.577061034135,0.1415887109560806,0.8195655620738862,0.9394323767242746,0.78099173553719,13840.047891548908,138.501892,35.025498,129.052391,35.112607,464.21066170841027,False,0,False,0,False,0
CNMWN,VNHPG,213.0,50,21621.139284147153,550.1937243106414,12.315543725996106,0.3548711280796609,630.5297199481563,206,1690,21621.139284147153,0.14135688949838043,0.8195168341797483,0.9394160199091949,0.49765258215962443,8817.850175846894,113.862187,22.508158,106.828308,20.81389,405.409952712835,False,0,False,0,False,0
CNNSA,CNRIZ,45.0,12,21579.01872637697,1270.5683111073909,14.26844299805501,0.2859997362102159,630.6999999999999,34,1692,21579.01872637697,0.1415887109560805,0.8195655620738862,0.9394323767242746,0.1111111111111111,1965.0467346095618,113.682083,22.64515,119.533333,35.35,821.9018393364951,False,0,False,0,False,0
IDJAK,VNHCM,58.0,10,21538.40231666718,1065.8229136218713,14.145516902406039,0.5070031132402225,630.6429257415158,46,1694,21538.40231666718,0.1415110232729292,0.8195492324500542,0.9394268952512485,1.0,17651.781086825056,106.788826,-6.09208,106.710033,10.776988,1012.8375645095992,False,0,False,0,False,0
CNRIZ,CNTJN,148.0,33,21513.542511634285,569.8800419557224,13.495334412240547,0.40476636259428544,630.7,110,1696,21513.542511634285,0.1415887109560806,0.8195655620738862,0.9394323767242746,0.33783783783783783,5956.675189441891,119.533333,35.35,117.8143,38.97075,232.41880275755068,False,0,False,0,False,0
CNMWN,INNSA,20.0,11,21466.013342072725,3959.2136610008656,13.81493415901593,0.49453541216543,629.795702518953,8,1697,21466.013342072725,0.1403561538533885,0.819306483761573,0.9393454101906159,0.8,14069.795129338094,113.862187,22.508158,72.9428,18.953883,2300.731400429274,False,0,False,0,False,0
PHMAN,PHMAN,602.0,140,21407.197339262104,124.95485331883137,4.37131274560424,0.21285336832810495,630.5185605069229,122,1699,21407.197339262104,0.14134169251936624,0.8195136398387586,0.9394149476435902,0.5,8771.745105122638,120.94162,14.596732,120.94162,14.596732,0.0,False,0,False,0,False,0
CNBYQ,CNQIZ,51.0,18,21403.849101457003,1808.7189489658683,11.36233143494232,0.47170221800835127,630.7,26,1700,21403.849101457003,0.1415887109560806,0.8195655620738862,0.9394323767242746,0.9803921568627451,17197.899626843384,122.0684,40.268517,108.6,21.683333,1310.126460942388,False,0,False,0,False,0
CNNTG,CNQUA,272.0,14,21359.01138755421,554.427840451747,10.037295434556103,0.4778425866567063,630.7,165,1701,21359.01138755421,0.1415887109560806,0.8195655620738862,0.9394323767242746,1.0,17505.110173183402,120.81025,32.00315,118.682805,24.833576,444.84694686969897,False,0,False,0,False,0
KRGWA,TWKAO,62.0,14,21295.76732742906,907.0735951857781,15.613343468047391,0.518708366045796,630.280411350477,61,1702,21295.76732742906,0.14101725160716405,0.8194454437253329,0.9393920558023525,1.0,17450.719507096554,127.728767,34.866497,120.260382,22.620829,833.0471341698044,False,0,False,0,False,0
HKHKG,MXLCS,4.0,4,21267.22004145101,8071.674956763075,16.30215685235163,0.32793674008096524,630.7,4,1703,21267.22004145101,0.1415887109560806,0.8195655620738862,0.9394323767242746,1.0,17429.881147020817,114.181938,22.298785,-102.166667,17.883333,7585.923049185716,False,0,True,1,True,1
SAJED,SAJED,117.0,52,21260.770768636066,951.1216875010558,6.354220864077027,0.2102010742167073,630.6590726997146,73,1704,21260.770768636066,0.14153300343023034,0.8195538525865538,0.9394284461230786,0.15384615384615385,2680.66870652235,39.1667,21.466667,39.1667,21.466667,0.0,False,0,False,0,False,0
NGLAG,NGONN,109.0,38,21212.556907943363,417.2743333640136,11.25681370498167,0.3415492535104543,630.6999999999998,89,1707,21212.556907943363,0.1415887109560804,0.8195655620738861,0.9394323767242746,0.8440366972477065,14673.646454367217,3.3833,6.45,7.166667,4.683333,249.72129147467083,False,0,False,0,False,0
ESVAL,LBBRT,18.0,17,21183.54907636137,1797.0483491341065,16.40921050938129,0.37111881577267525,630.2546269488145,16,1708,21183.54907636137,0.14098210968950287,0.8194380570422339,0.939389576265495,0.7222222222222222,12536.771214061158,-0.316667,39.45,35.516567,33.904758,1745.4469330828738,False,0,False,0,False,0
CNSHE,CNTJN,38.0,15,21168.32479318414,1516.221339676387,14.452925976201772,0.5305550637276426,630.7,35,1709,21168.32479318414,0.1415887109560806,0.8195655620738862,0.9394323767242746,0.9210526315789473,15979.185533028918,113.8943,22.467416,117.8143,38.97075,1011.0233863533165,False,0,False,0,False,0
USJAC,USSAV,104.0,53,21161.16287789484,249.94628466092595,8.034763917475223,0.2134653840922577,629.15586262045,85,1710,21161.16287789484,0.13948191193028803,0.8191227217910357,0.9392837255924215,0.6346153846153846,11000.162461202948,-81.377283,30.398817,-81.0833,32.0833,102.25671124630912,False,0,False,0,False,0
CNHUM,CNNBO,158.0,9,21154.85779620538,806.0879129831172,10.572613994217951,0.3474718748060641,630.60006500674,106,1711,21154.85779620538,0.14145267334500933,0.8195369675409347,0.9394227782079412,1.0,17337.188007061857,113.659717,22.81445,121.683333,29.966667,608.3967433954479,False,0,False,0,False,0
CNNSA,USOAK,5.0,5,21075.02039153123,6444.5272052130695,16.880661485083927,0.43649200454542053,630.6999999999999,3,1717,21075.02039153123,0.1415887109560805,0.8195655620738862,0.9394323767242746,0.8,13817.888746323126,113.682083,22.64515,-122.320518,37.814824,5996.943520696988,False,0,False,0,True,1
AEJAL,CNZOS,11.0,9,21045.729898173056,5726.74220345531,14.079247802872121,0.30936159594117724,630.7,6,1719,21045.729898173056,0.1415887109560806,0.8195655620738862,0.9394323767242746,0.18181818181818182,3136.0646278638897,55.0606,25.0136,122.099218,30.006902,3532.105045187413,False,0,False,0,True,1
BRRDJ,PACRI,8.0,8,21018.394424339713,4456.272514912507,15.124262691841345,0.2922448636831336,630.7,8,1720,21018.394424339713,0.1415887109560806,0.8195655620738862,0.9394323767242746,0.375,6459.73209010298,-43.1667,-22.916667,-79.916667,9.35,2901.2671011324405,False,0,False,0,False,0
CNWGQ,JPSZU,103.0,15,21015.096098773734,985.6266152382748,13.672063116375945,0.5913849096010434,630.6999999999998,96,1721,21015.096098773734,0.1415887109560804,0.8195655620738861,0.9394323767242746,0.6019417475728155,10367.392629768447,121.617967,31.353633,138.501892,35.025498,875.3053480054841,False,0,False,0,False,0
DEHAM,MATAN,27.0,13,20955.178400433047,1716.955165688745,13.785006679266518,0.36477740185327884,630.6999999999998,21,1722,20955.178400433047,0.1415887109560804,0.8195655620738861,0.9394323767242746,0.6296296296296297,10813.349021846703,9.903145,53.539287,-5.797516,35.789733,1252.842313944146,False,0,False,0,False,0
CNQIZ,MYPKE,36.0,17,20906.931158038333,1583.4468728375134,14.545575371974234,0.3561600682015817,630.6999999999999,27,1723,20906.931158038333,0.1415887109560805,0.8195655620738862,0.9394323767242746,0.5277777777777778,9043.261525827134,108.6,21.683333,101.34485,3.00525,1198.6892301931214,False,0,False,0,False,0
CNQUA,CNTJN,124.0,6,20885.055063032363,1113.035141902236,10.085637638614799,0.49716215457391594,630.7,75,1726,20885.055063032363,0.1415887109560806,0.8195655620738862,0.9394323767242746,1.0,17116.671891678183,118.682805,24.833576,117.8143,38.97075,849.9433765721444,False,0,False,0,False,0
BJCOT,CIABI,74.0,31,20881.611066710837,519.5064786673496,10.28660208603632,0.2492587172065711,630.7,34,1727,20881.611066710837,0.1415887109560806,0.8195655620738862,0.9394323767242746,0.3783783783783784,6475.510550069192,2.428967,6.3469,-4.0267,5.3364,390.3252041584048,False,0,False,0,False,0
MATAN,USSAV,17.0,11,20834.776415095967,3866.98795462661,14.451611706563007,0.4031499433236495,630.7000000000002,17,1729,20834.776415095967,0.14158871095608083,0.8195655620738862,0.9394323767242746,0.5882352941176471,10044.391319601102,-5.797516,35.789733,-81.0833,32.0833,3660.960673827479,False,0,False,0,False,0
TWKAO,VNDAN,97.0,18,20811.36571467332,798.419631436908,15.612138110739272,0.4885870447467089,627.9431430919826,61,1731,20811.36571467332,0.13782003043435664,0.8187734012992792,0.9391664668684752,0.9690721649484536,16512.788794199074,120.260382,22.620829,108.230438,16.111792,784.972412369748,False,0,False,0,False,0
CNFUN,CNQIZ,84.0,15,20807.434845777752,801.0677017105428,10.983599802833742,0.2710317599702053,630.7000000000003,46,1732,20807.434845777752,0.14158871095608094,0.8195655620738862,0.9394323767242746,0.7261904761904762,12383.767608528953,119.308128,25.393912,108.6,21.683333,629.842443513132,False,0,False,0,False,0
DEBHN,GBFEL,78.0,45,20800.822531446996,375.07769249327737,11.62078185779017,0.2605312694506459,630.7,63,1733,20800.822531446996,0.1415887109560806,0.8195655620738862,0.9394323767242746,0.5769230769230769,9835.17565937568,8.548651,53.563407,1.3,51.933333,280.87772926418063,False,0,False,0,False,0
CNNSA,JPYOK,40.0,5,20792.272943045915,1703.2192597410487,14.890969559709143,0.5839367706765277,630.6999999999999,40,1735,20792.272943045915,0.1415887109560805,0.8195655620738862,0.9394323767242746,1.0,17040.63086136108,113.682083,22.64515,139.679832,35.450183,1559.008349638677,False,0,False,0,False,0
MYPKE,PHMAN,39.0,16,20723.45136548883,1581.1913605023933,14.114411688880699,0.41923895663043254,630.6033783584408,16,1737,20723.45136548883,0.14145718437261012,0.8195379157399392,0.9394230964961834,0.717948717948718,12193.392715187178,101.34485,3.00525,120.94162,14.596732,1353.1683061434735,False,0,False,0,False,0
CNHPU,KRBUS,103.0,13,20667.71819412345,1275.8593687721843,13.969940280166178,0.48852584241400404,630.7000000000002,95,1740,20667.71819412345,0.14158871095608083,0.8195655620738862,0.9394323767242746,0.8640776699029126,14636.222883408549,113.470483,23.077133,129.052391,35.112607,1088.4548124774121,False,0,False,0,False,0
PABAL,PACOL,117.0,79,20639.101831506123,83.35669441970161,3.633376962092884,0.20052928982316556,629.8888572614009,63,1742,20639.101831506123,0.1404832872359868,0.8193332066631978,0.9393543804440612,0.8974358974358975,15175.911590229915,-79.57037,8.954178,-79.892063,9.359918,30.936279960173568,False,0,False,0,False,0
JMKIN,USNOL,35.0,14,20638.5641499732,1194.8908198540407,13.235657274186472,0.3085448277117236,630.7000000000002,28,1743,20638.5641499732,0.14158871095608083,0.8195655620738862,0.9394323767242746,0.5714285714285714,9665.517958840426,-76.7936,17.997,-90.061119,29.923919,1019.4352959133413,False,0,False,0,False,0
MTMAL,SAJED,25.0,16,20634.654888665198,1743.7684905850808,12.933209990476023,0.2902052215449086,630.6999999999999,22,1744,20634.654888665198,0.1415887109560805,0.8195655620738862,0.9394323767242746,0.48,8117.497215374187,14.539518,35.819159,39.1667,21.466667,1550.394749820474,False,0,False,0,False,0
BRRDJ,MATAN,7.0,6,20618.908654678744,4228.469862682685,17.833421979793545,0.551421398771198,630.6999999999999,7,1745,20618.908654678744,0.1415887109560805,0.8195655620738862,0.9394323767242746,1.0,16898.5474609219,-43.1667,-22.916667,-5.797516,35.789733,4114.382097665146,False,0,False,0,False,0
CNTJN,LKCOL,5.0,5,20615.826311498615,4554.896602940996,15.192132209508292,0.41385317901521046,628.4402124794922,5,1746,20615.826311498615,0.13850197799417963,0.8189167438044656,0.9392145835969296,0.8,13506.116283080699,117.8143,38.97075,79.85,6.95,2809.8873323214716,False,0,False,0,False,0
ESBAR,TRMER,29.0,11,20609.101797942334,1701.2528775506598,14.003909105003467,0.28662278295485516,630.6999999999999,24,1747,20609.101797942334,0.1415887109560805,0.8195655620738862,0.9394323767242746,0.6206896551724138,10483.764888952892,2.166667,41.35,34.633333,36.783333,1528.8715909028595,False,0,False,0,False,0
JPKOB,JPYOK,268.0,67,20597.699793432716,372.5687452348469,12.720870482319382,0.4173413262025692,630.6192960705278,205,1748,20597.699793432716,0.14147885519276848,0.819542470855074,0.9394246255418613,0.7835820895522388,13227.406172964882,135.237233,34.685033,139.679832,35.450183,223.07597745008664,False,0,False,0,False,0
USPHI,ZACPT,6.0,6,20592.972789273477,6994.750935749554,16.360219032401577,0.40871233874332774,630.6999999999999,6,1749,20592.972789273477,0.1415887109560805,0.8195655620738862,0.9394323767242746,0.3333333333333333,5625.76377293772,-75.1333,39.95,18.437805,-33.905756,6811.116729435577,False,0,False,0,True,1
FRFOS,MTMAL,35.0,26,20591.00507930541,777.3739748097287,11.676511888183537,0.31230981406850994,603.2242927054191,32,1750,20591.00507930541,0.1024897263804504,0.8113471201737998,0.9366736378790786,0.8,13365.162138062824,4.871235,43.408352,14.539518,35.819159,637.582751046595,False,0,False,0,False,0
AEJAL,THLCB,11.0,10,20585.53769041959,4422.430457319698,14.395137872081786,0.4121663978834422,630.7,9,1751,20585.53769041959,0.1415887109560806,0.8195655620738862,0.9394323767242746,0.6363636363636364,10736.216761353939,55.0606,25.0136,100.886078,13.056152,2684.376703588764,False,0,False,0,False,0
FRFOS,ITGIT,48.0,21,20584.48795029756,647.0351478580501,14.711672817076227,0.29396114877706475,630.5642128264102,48,1752,20584.48795029756,0.14140385865976268,0.8195267068996693,0.9394193339505041,0.2708333333333333,4568.833106262556,4.871235,43.408352,15.909341,38.462848,581.366458471303,False,0,False,0,False,0
CNZOS,HKHKG,34.0,31,20571.315425759538,866.8145661853733,11.524238998768293,0.23772705861702423,630.7,27,1754,20571.315425759538,0.1415887109560806,0.8195655620738862,0.9394323767242746,0.6470588235294118,10909.115210860591,122.099218,30.006902,114.181938,22.298785,629.0609427262879,False,0,False,0,False,0
DEBHN,MXALT,10.0,9,20560.026566030057,5964.348070445856,15.290984798899599,0.42293967026464724,630.7000000000002,8,1755,20560.026566030057,0.14158871095608083,0.8195655620738862,0.9394323767242746,0.1,1685.0289728842458,8.548651,53.563407,-97.85,22.4833,4876.195506917249,False,0,False,0,True,1
CNDAL,JPNAG,118.0,22,20559.783396812134,1057.2240086704549,13.349437358831903,0.47030041058090627,630.4435319657375,73,1756,20559.783396812134,0.14123950433450838,0.8194921603126469,0.9394077374687444,0.5,8424.290655706833,121.737442,38.978628,136.866667,35.066667,761.2291857687418,False,0,False,0,False,0
JMKIN,USPEV,101.0,11,20479.33189325017,796.0697250112021,13.22719914103317,0.3461118951925794,630.7,91,1759,20479.33189325017,0.1415887109560806,0.8195655620738862,0.9394323767242746,0.09900990099009901,1661.797539998935,-76.7936,17.997,-80.1,26.083333,519.1259581117707,False,0,False,0,False,0
KRBUS,KRULS,1183.0,142,20381.07512170261,88.19859077670566,7.333524471173902,0.22752158762243122,630.1545313844192,1151,1762,20381.07512170261,0.14084566080867467,0.8194093760621115,0.9393799487308669,0.6821639898562976,11392.441544803156,129.052391,35.112607,129.369164,35.462441,26.118759930698634,False,0,False,0,False,0
USBAL,USCHA,60.0,23,20342.06300529713,623.0154955938309,12.066441422809323,0.25556431923356626,630.6043611976202,56,1764,20342.06300529713,0.14145852246915425,0.8195381970021975,0.9394231909093492,0.7,11669.768347066418,-76.583333,39.283333,-79.938165,32.87698,417.58216281219376,False,0,False,0,False,0
INCHN,LKCOL,100.0,13,20294.21776058106,629.9113152011982,14.604838813528827,0.4015366763857438,630.7,71,1766,20294.21776058106,0.1415887109560806,0.8195655620738862,0.9394323767242746,0.72,11975.358229776331,80.3,13.1,79.85,6.95,370.2051055263458,False,0,False,0,False,0
CNYTN,MYPAG,42.0,11,20227.00585576593,1463.7215965178225,15.792888981467518,0.5141476036082738,629.4281614078899,41,1769,20227.00585576593,0.13985418321765364,0.8192009716478925,0.9393099922403294,0.9761904761904762,16175.459449366988,114.263091,22.566543,103.900833,1.426733,1405.8805720838218,False,0,False,0,False,0
ECPSJ,MXMAN,10.0,10,20206.583901382786,2266.366353076302,10.637085938126463,0.35191977067685754,625.6681973115643,9,1772,20206.583901382786,0.13468512172051672,0.8181144566896839,0.9389452745654299,1.0,16531.29841003429,-80.240917,-2.705467,-104.293756,19.073908,1930.3642889474438,False,0,False,0,False,0
ILASD,TRMER,127.0,54,20128.647857336557,372.048295857126,10.545834165514286,0.264043776742518,630.6316536274263,78,1773,20128.647857336557,0.14149567836336985,0.8195460070146869,0.9394258125479881,0.4409448818897638,7273.982415533504,34.65,31.816667,34.633333,36.783333,298.2020590719437,False,0,False,0,False,0
CNDCB,CNJIN,63.0,9,20099.616255689085,1483.8885260977318,11.328611662666308,0.3907789570151571,630.6999999999998,20,1774,20099.616255689085,0.1415887109560804,0.8195655620738861,0.9394323767242746,0.8253968253968254,13596.723353829977,113.852567,22.533467,121.066667,40.783333,1155.0019148152046,False,0,False,0,False,0
CNSHE,JPKOB,48.0,18,19994.229291489522,1442.8302024305274,15.503825887440827,0.5083915471590309,629.7010458859363,46,1777,19994.229291489522,0.14022693222893445,0.8192793219203043,0.9393362925953921,0.9375,15357.054952734958,113.8943,22.467416,135.237233,34.685033,1338.6504898861765,False,0,False,0,False,0
CNDCB,CNQIZ,168.0,26,19982.917851092323,412.61559758110394,10.341550419625552,0.29952613856982147,630.7000000000002,106,1778,19982.917851092323,0.14158871095608083,0.8195655620738862,0.9394323767242746,0.42857142857142855,7018.8477002171885,113.852567,22.533467,108.6,21.683333,296.58544451639574,False,0,False,0,False,0
MYPAG,SGSGP,542.0,81,19959.09330589815,143.21803298440025,5.895461082561632,0.20439764226798823,630.6867777889373,345,1780,19959.09330589815,0.14157071455019088,0.8195617793051565,0.9394311069372318,0.6642066420664207,10864.899646339169,103.900833,1.426733,103.802776,1.248823,12.19603325280929,False,0,False,0,False,0
AUFRE,IDJAK,30.0,16,19913.33597877268,1852.2740955483816,11.847197744183868,0.2563440656425837,630.6999999999999,25,1782,19913.33597877268,0.1415887109560805,0.8195655620738862,0.9394323767242746,0.2,3264.056878841795,115.75,-32.05,106.788826,-6.09208,1637.5180804257798,False,0,False,0,False,0
CNZOS,VNCMP,12.0,11,19894.596567235076,1869.4970621549523,10.327997205413954,0.2183578119639012,630.3863357439955,5,1783,19894.596567235076,0.14116158726532657,0.8194757824728374,0.9394022398107416,0.6666666666666666,10868.760059277593,122.099218,30.006902,107.012844,10.522075,1442.3203599356943,False,0,False,0,False,0
MYPKE,SADMA,10.0,10,19847.748025730347,3617.6142776749552,16.03913368373231,0.45092623347904737,630.4273620310353,6,1786,19847.748025730347,0.14121747784584981,0.8194875304374911,0.9394061833278748,0.7,11385.487410045946,101.34485,3.00525,50.206833,26.510212,3257.8176327282576,False,0,False,0,False,0
CNSHE,CNSTO,354.0,66,19822.565525239883,220.93288744304547,9.843044804338504,0.25100570304119824,630.6643543261717,266,1788,19822.565525239883,0.14154019283608565,0.8195553637693878,0.9394289533918332,0.8107344632768362,13170.940681541533,113.8943,22.467416,116.733333,23.333333,165.40062658824291,False,0,False,0,False,0
GBLGP,PTSNS,29.0,20,19673.643486863893,1213.416726610126,13.78908893807673,0.3066698725454842,630.7,28,1793,19673.643486863893,0.1415887109560806,0.8195655620738862,0.9394323767242746,0.2413793103448276,3891.961544016207,0.486317,51.502973,-8.866667,37.95,904.5538852424141,False,0,False,0,False,0
DEBHN,GBLGP,72.0,39,19647.973321631274,442.93494939574737,11.250511215651242,0.27118227152685637,630.5628732651015,64,1794,19647.973321631274,0.14140203466691526,0.8195263235040542,0.9394192052535577,0.8333333333333334,13418.359450485183,8.548651,53.563407,0.486317,51.502973,319.1591060388364,False,0,False,0,False,0
BRPEC,DOCUC,6.0,6,19601.91978073856,6119.588624792294,11.616711719969263,0.3055351323336799,628.9815941833787,2,1796,19601.91978073856,0.13924349296275973,0.8190726071281161,0.9392669032714765,0.8333333333333334,13379.496282938104,-38.795986,-3.528841,-69.629288,18.426403,2249.9030931772722,False,0,False,0,True,1
CNSTO,CNWGQ,64.0,20,19589.27210400153,750.1795578252493,14.698301919422128,0.3313755925591403,630.5671427109995,60,1797,19589.27210400153,0.14140784806458984,0.8195275454557635,0.9394196154341842,0.578125,9281.188736442578,116.733333,23.333333,121.617967,31.353633,547.3014117453391,False,0,False,0,False,0
ECGYL,PACOL,31.0,15,19583.36783931485,862.9771212292546,11.432452523470934,0.2576746873747605,630.6999999999999,23,1798,19583.36783931485,0.1415887109560805,0.8195655620738862,0.9394323767242746,0.22580645161290322,3624.16055140949,-79.930086,-2.257278,-79.892063,9.359918,697.5055089980256,False,0,False,0,False,0
BSFRE,USJAC,82.0,34,19569.278958605337,392.3723783006824,7.070951843763125,0.21688639653612246,630.7,80,1799,19569.278958605337,0.1415887109560806,0.8195655620738862,0.9394323767242746,0.18292682926829268,2933.8366662969615,-78.6966,26.5285,-81.377283,30.398817,272.03633187235107,False,0,False,0,False,0
CNQIZ,SGSGP,52.0,27,19568.039828495876,1387.1869854289341,13.595499160332382,0.31187398071366407,630.6999999999999,47,1800,19568.039828495876,0.1415887109560805,0.8195655620738862,0.9394323767242746,0.25,4009.3228901813536,108.6,21.683333,103.802776,1.248823,1258.572620222006,False,0,False,0,False,0
GUAPR,JPYOK,46.0,4,19540.4609934947,1380.5237660230982,15.508614450850052,0.5051932608571154,630.3272371527704,46,1803,19540.4609934947,0.141081063789121,0.8194588567772478,0.9393965582503591,0.5434782608695652,8702.502079689984,144.642048,13.452902,139.679832,35.450183,1347.7368111583091,False,0,False,0,False,0
PTSNS,TGLOM,7.0,7,19520.55382915062,3127.745288236094,15.334118425879415,0.4405298456648227,630.6999999999999,6,1805,19520.55382915062,0.1415887109560805,0.8195655620738862,0.9394323767242746,1.0,15998.37367098138,-8.866667,37.95,1.286945,6.137824,1988.705463736568,False,0,False,0,False,0
FRFOS,TRALI,48.0,11,19503.520411357542,1337.637006291789,14.065269009599069,0.3344781059228333,630.6999999999999,48,1807,19503.520411357542,0.1415887109560805,0.8195655620738862,0.9394323767242746,0.22916666666666666,3663.094798997736,4.871235,43.408352,26.957016,38.82268,1032.8193742737517,False,0,False,0,False,0
PABAL,USMOB,19.0,14,19501.210901477512,1522.3231584848907,12.61489478185442,0.24292934392206228,630.6999999999999,10,1808,19501.210901477512,0.1415887109560805,0.8195655620738862,0.9394323767242746,0.5263157894736842,8411.853091363586,-79.57037,8.954178,-88.1167,30.6833,1389.6505645305494,False,0,False,0,False,0
CNQIZ,MYTPP,50.0,19,19470.00102768247,1408.4438540453666,13.329159900731915,0.3267282270451639,630.7,48,1809,19470.00102768247,0.1415887109560806,0.8195655620738862,0.9394323767242746,0.16,2553.110773733076,108.6,21.683333,103.549576,1.327854,1257.3371501071103,False,0,False,0,False,0
USJAC,USPEV,184.0,27,19453.626292364508,330.74867356735535,11.44401109062658,0.302855922336178,630.7000000000003,167,1810,19453.626292364508,0.14158871095608094,0.8195655620738862,0.9394323767242746,0.059782608695652176,953.1453469209106,-81.377283,30.398817,-80.1,26.083333,267.75918806164213,False,0,False,0,False,0
EGALE,ILASD,247.0,58,19415.875789310216,322.69988626604453,10.491408361674486,0.29577259649583704,630.6999999999999,164,1811,19415.875789310216,0.1415887109560805,0.8195655620738862,0.9394323767242746,0.15384615384615385,2448.0897160650443,29.86702,31.187057,34.65,31.816667,247.72892158018115,False,0,False,0,False,0
CNNBO,CNNJG,425.0,12,19414.410308200364,311.3088996028107,7.4963070888960734,0.2392944920540838,630.7,167,1812,19414.410308200364,0.1415887109560806,0.8195655620738862,0.9394323767242746,1.0,15911.382096573281,121.683333,29.966667,118.764874,32.137024,198.7671317422852,False,0,False,0,False,0
EGALE,SIKOP,37.0,25,19351.957005071457,1317.3038528563327,15.352602951392692,0.456404547024073,630.6999999999999,27,1815,19351.957005071457,0.1415887109560805,0.8195655620738862,0.9394323767242746,0.2972972972972973,4715.193857324372,29.86702,31.187057,13.726419,45.550429,1144.8911705195874,False,0,False,0,False,0
CNDAL,CNNBO,84.0,31,19338.69793671091,694.670131538066,12.406307580179396,0.2766578239339141,630.3382724675907,57,1817,19338.69793671091,0.14109610085934232,0.8194620175060827,0.939397619233149,0.4166666666666667,6603.0535113157675,121.737442,38.978628,121.683333,29.966667,541.0888858268936,False,0,False,0,False,0
JPYOK,TWKEE,52.0,16,19332.33071225313,1154.2363852439169,15.945072130847256,0.5763679870641288,630.6999999999999,52,1818,19332.33071225313,0.1415887109560805,0.8195655620738862,0.9394323767242746,0.9807692307692307,15539.418015493951,139.679832,35.450183,121.7559,25.15113,1113.17439088781,False,0,False,0,False,0
AEKHA,LKCOL,35.0,32,19298.246103527756,2166.6500214942353,11.978861137465543,0.380369347002704,630.6999999999998,27,1819,19298.246103527756,0.1415887109560804,0.8195655620738861,0.9394323767242746,0.2857142857142857,4518.907975679402,54.659214,24.802318,79.85,6.95,1800.341817901095,False,0,False,0,False,0
CNDAL,CNWGQ,119.0,37,19291.091884708087,592.8352315515727,12.974377791545635,0.3869209524170386,630.7000000000002,100,1820,19291.091884708087,0.14158871095608083,0.8195655620738862,0.9394323767242746,0.6974789915966386,11027.362258582443,121.737442,38.978628,121.617967,31.353633,457.8456300477052,False,0,False,0,False,0
IDSUR,MYPKE,71.0,17,19222.84650789644,1005.1396435626268,13.767840907890372,0.4010324551362722,629.4776244097544,55,1822,19222.84650789644,0.13992177163142638,0.8192151784478321,0.9393147611309947,0.6338028169014085,9980.903428885564,112.731533,-7.1937,101.34485,3.00525,916.7880199442171,False,0,False,0,False,0
DEHAM,DEWVN,318.0,72,19164.862003995004,152.33369240133842,9.98649526420951,0.24319565944781416,630.665589380549,296,1826,19164.862003995004,0.14154187398780915,0.8195557171404002,0.9394290720102222,0.44339622641509435,6964.279193474565,9.903145,53.539287,8.170278,53.541667,61.826172361292926,False,0,False,0,False,0
EGPSA,TRALI,100.0,9,19158.16566966653,642.7849767617199,13.493608762291567,0.39096515475189664,629.2866347941905,98,1827,19158.16566966653,0.13966073635575305,0.8191603099321845,0.9392963430528071,0.48,7532.932285294162,32.319633,31.269083,26.957016,38.82268,524.3083721516604,False,0,False,0,False,0
FRLEH,USNFK,10.0,8,19155.34888553913,3625.2075344313744,15.96341024831096,0.36895356993608847,630.7,6,1828,19155.34888553913,0.1415887109560806,0.8195655620738862,0.9394323767242746,0.3,4709.71928282948,0.094067,49.480233,-76.316667,36.85,3283.383464784534,False,0,False,0,False,0
CNSTO,HKHKG,848.0,96,19110.47309676118,196.6988912138549,9.153891507467502,0.2518606515600294,630.7,603,1832,19110.47309676118,0.1415887109560806,0.8195655620738862,0.9394323767242746,0.8926886792452831,13981.545068583766,116.733333,23.333333,114.181938,22.298785,154.25487316770278,False,0,False,0,False,0
JPHKA,JPOSK,232.0,52,19093.14073568554,377.44375310666214,12.783198930773022,0.38126880759577814,629.4298964137749,214,1833,19093.14073568554,0.13985655418551302,0.8192014700153516,0.9393101595306365,0.8060344827586207,12607.28928932858,130.383333,33.616667,135.433333,34.65,258.4946664319629,False,0,False,0,False,0
KRGWA,TWKEE,83.0,21,19086.200185745176,694.6086359635486,15.470893088267314,0.5019467555892123,630.7,83,1834,19086.200185745176,0.1415887109560806,0.8195655620738862,0.9394323767242746,0.8313253012048193,13003.916559432073,127.728767,34.866497,121.7559,25.15113,660.4599285535929,False,0,False,0,False,0
PACOL,PACRI,203.0,99,19061.88591691036,88.87508051364667,3.6982864767889096,0.20283533692176,630.554278760132,171,1835,19061.88591691036,0.1413903319083606,0.81952386363349,0.9394183795325072,0.33004926108374383,5155.920770686707,-79.892063,9.359918,-79.916667,9.35,1.5745356715239502,False,0,False,0,False,0
BEANT,FRDKK,155.0,53,19040.412423108435,170.51413157084437,10.022530844678812,0.22703863009594838,626.8594535040825,148,1836,19040.412423108435,0.13632952813644683,0.8184601039932169,0.939061300285948,0.38064516129032255,5931.904890203697,4.4,51.2167,2.35,51.0667,77.74259965966878,False,0,False,0,False,0
CNDAL,CNDAL,57.0,31,18943.465899816845,2022.6083616841554,12.712095097693318,0.5080494441435934,619.976085331541,15,1837,18943.465899816845,0.12674051014326027,0.8164445327933192,0.9383847201467908,0.5263157894736842,8140.152192664283,121.737442,38.978628,121.737442,38.978628,0.0,False,0,False,0,False,0
BSFRE,USPEV,79.0,41,18886.166728328324,264.24598432542575,3.41477096582803,0.20199072042794888,630.7,79,1840,18886.166728328324,0.1415887109560806,0.8195655620738862,0.9394323767242746,0.10126582278481013,1567.4381620378258,-78.6966,26.5285,-80.1,26.083333,80.12357214627937,False,0,False,0,False,0
JMKIN,USHOU,34.0,21,18858.517932554136,1363.4741700568352,13.24433519903372,0.309510676450653,630.6999999999999,22,1842,18858.517932554136,0.1415887109560805,0.8195655620738862,0.9394323767242746,0.5882352941176471,9091.642264278937,-76.7936,17.997,-94.97475,29.6069,1215.161634103088,False,0,False,0,False,0
BEANT,USHOU,6.0,6,18825.55223971623,5262.619433563983,15.855838642480084,0.3382530480860303,630.6999999999999,4,1845,18825.55223971623,0.1415887109560805,0.8195655620738862,0.9394323767242746,0.16666666666666666,2571.46238378239,4.4,51.2167,-94.97475,29.6069,4368.417789184788,False,0,False,0,True,1
CNQIN,COBUE,4.0,4,18808.92309973583,8883.145712210882,18.18452795856659,0.5035903202748955,630.6999999999999,2,1847,18808.92309973583,0.1415887109560805,0.8195655620738862,0.9394323767242746,1.0,15415.145632239499,120.2667,36.0333,-77.083333,3.883333,8220.077809109704,False,0,True,1,True,1
KRBUS,OMSOH,5.0,3,18792.619866814373,5892.71985986939,14.722024339900635,0.28437306707220006,630.7,5,1848,18792.619866814373,0.1415887109560806,0.8195655620738862,0.9394323767242746,0.4,6160.713625594642,129.052391,35.112607,56.625595,24.507768,3746.410166595722,False,0,False,0,True,1
CNQIN,CNTAI,157.0,41,18790.750642753,582.4520562606436,11.18696413734228,0.3569234110081059,630.4056646543968,72,1849,18790.750642753,0.14118792016755088,0.8194813175379891,0.9394040978027345,0.554140127388535,8533.02045350217,120.2667,36.0333,121.211133,31.6506,267.3160950257989,False,0,False,0,False,0
CNLYG,TWKAO,78.0,5,18760.751340977175,953.4842414458201,13.551418705344107,0.4084520642501709,630.7000000000002,57,1852,18760.751340977175,0.14158871095608083,0.8195655620738862,0.9394323767242746,0.3974358974358974,6110.84150318702,119.483333,34.733333,120.260382,22.620829,728.3831508004859,False,0,False,0,False,0
CNNSA,TRYAR,8.0,7,18758.210834192472,9170.902186864996,14.940060135658754,0.36010454777755435,630.6999999999999,6,1854,18758.210834192472,0.1415887109560805,0.8195655620738862,0.9394323767242746,0.5,7686.791802912708,113.682083,22.64515,29.739117,40.7548,4264.499834705692,False,0,True,1,True,1
ESLPA,FRLEH,18.0,18,18755.1252586013,1731.4370873299208,14.77683762020343,0.3774286122452711,630.7,17,1855,18755.1252586013,0.1415887109560806,0.8195655620738862,0.9394323767242746,0.6111111111111112,9393.422362091604,-15.4167,28.15,0.094067,49.480233,1465.384101242042,False,0,False,0,False,0
LKCOL,NAWVB,6.0,6,18717.66962626789,5169.479874171812,16.190259967176015,0.33202420974971936,630.7000000000002,5,1857,18717.66962626789,0.14158871095608083,0.8195655620738862,0.9394323767242746,0.8333333333333334,12783.631189971291,79.85,6.95,14.5,-22.95,4231.9421762770835,False,0,False,0,True,1
CNXIA,IDJAK,26.0,14,18690.668129710342,2065.3563993776256,13.371161597061183,0.33482427243845314,630.7,22,1858,18690.668129710342,0.1415887109560806,0.8195655620738862,0.9394323767242746,0.15384615384615385,2356.650450963466,118.042517,24.44535,106.788826,-6.09208,1948.104121262979,False,0,False,0,False,0
INCOC,INNSA,59.0,25,18665.35967596201,637.940243824229,12.530766342408327,0.30206740534953297,628.4733194842776,30,1860,18665.35967596201,0.138547360380755,0.8189262829910047,0.9392177856788786,0.5423728813559322,8290.469760068205,76.25,9.966667,72.9428,18.953883,572.7501155746389,False,0,False,0,False,0
CNFUN,CNRIZ,79.0,12,18629.804170622258,794.3422450376239,10.943999309817176,0.27229904832663454,630.6999999999999,47,1863,18629.804170622258,0.1415887109560805,0.8195655620738862,0.9394323767242746,0.7341772151898734,11209.67169281649,119.308128,25.393912,119.533333,35.35,597.8813489631989,False,0,False,0,False,0
CNLYG,CNNBO,132.0,30,18619.79882617198,495.1370241577617,10.058324838120857,0.2234338142532932,630.6318635455956,54,1864,18619.79882617198,0.14149596413335053,0.8195460670823334,0.9394258327112929,0.803030303030303,12254.068084639925,119.483333,34.733333,121.683333,29.966667,307.1513963952061,False,0,False,0,False,0
TWTAP,VNCMP,17.0,10,18602.11647080041,1359.282823501114,16.772104525413596,0.5708453464195085,626.4482429105844,17,1865,18602.11647080041,0.13576260109763572,0.8183409383171609,0.9390212991539152,1.0,15222.873447399923,121.37318,25.14978,107.012844,10.522075,1199.9313688134318,False,0,False,0,False,0
CRPMN,GTSTC,86.0,14,18571.53183081735,720.9678909586006,16.969594104463663,0.5303886786992619,630.7000000000003,71,1866,18571.53183081735,0.14158871095608094,0.8195655620738862,0.9394323767242746,0.7906976744186046,12034.883474392887,-83.090115,10.006213,-88.616667,15.7,470.5495743000994,False,0,False,0,False,0
CNZOS,MYTPP,10.0,10,18567.717910016745,2200.145981765817,14.281214826801214,0.2917506405448606,630.542299957135,9,1868,18567.717910016745,0.1413740203681736,0.8195204350164355,0.9394172286259036,0.7,10651.636981215568,122.099218,30.006902,103.549576,1.327854,2020.9356605597216,False,0,False,0,False,0
USBOS,USCHA,29.0,19,18526.900632997244,911.14959987571,15.203313776800782,0.4051489505434314,628.4921962044803,23,1870,18526.900632997244,0.1385732340519703,0.8189317215277322,0.9392196112685358,1.0,15172.266629953663,-71.083333,42.35,-79.938165,32.87698,706.8219246536581,False,0,False,0,False,0
MYPEN,VNHCM,62.0,17,18507.861723835136,1074.6917497641646,13.554190257944448,0.4262136112787217,627.264396878832,55,1871,18507.861723835136,0.13688708829335705,0.8185773007901441,0.9391006405112786,0.8870967741935484,13439.618582760975,100.35,5.416667,106.710033,10.776988,496.3756990621113,False,0,False,0,False,0
CNZOS,THLCB,7.0,7,18478.270075636814,2307.491432728469,13.890143394688987,0.23885453481870975,630.3616776153967,6,1873,18478.270075636814,0.14112799171410773,0.8194687208294522,0.9393998693821184,0.8571428571428571,12979.169436019924,122.099218,30.006902,100.886078,13.056152,1556.3254744163178,False,0,False,0,False,0
CNBYQ,CNSHA,209.0,23,18470.356570359832,687.4709161769648,9.969716784037464,0.44262943383796194,628.0347304025621,113,1874,18470.356570359832,0.13794576352016452,0.8187998298644158,0.9391753383200412,0.9808612440191388,14834.079366296048,122.0684,40.268517,121.46055,31.130717,549.4333286565527,False,0,False,0,False,0
AEKHA,VNCMP,6.0,6,18324.44404720809,4379.187898410666,15.799184722141431,0.392068643659951,630.7,5,1880,18324.44404720809,0.1415887109560806,0.8195655620738862,0.9394323767242746,0.8333333333333334,12515.06940436798,54.659214,24.802318,107.012844,10.522075,3095.5357597872853,False,0,False,0,False,0
EGDAM,TRALI,68.0,37,18306.303789069352,1868.477078256122,12.573067551995267,0.299586341697183,630.6999999999999,59,1881,18306.303789069352,0.1415887109560805,0.8195655620738862,0.9394323767242746,0.38235294117647056,5736.523823735034,31.757526,31.481673,26.957016,38.82268,499.6026713920875,False,0,False,0,False,0
CNNSA,DJDJI,15.0,10,18235.748266469796,5313.2581030920755,13.467235921994417,0.36768449398131997,629.8861685666842,7,1882,18235.748266469796,0.14047961835395728,0.819332435479646,0.9393541215757687,0.2,2988.228007992086,113.682083,22.64515,43.133333,11.583333,4068.728327108582,False,0,False,0,True,1
BDCTG,HKHKG,21.0,7,18199.543059613425,2997.1392515583643,14.118684183012498,0.5842708401164236,630.1286780610232,1,1884,18199.543059613425,0.14081041087361923,0.8194019666742111,0.9393774615725383,1.0,14912.741375619229,91.883333,22.35,114.181938,22.298785,1237.3330480658765,False,0,False,0,False,0
COCTA,PACOL,185.0,41,18194.540659775357,417.3013548744947,9.269741308444239,0.2515687128843456,630.7,169,1885,18194.540659775357,0.1415887109560806,0.8195655620738862,0.9394323767242746,0.24324324324324326,3627.1505535822894,-75.540962,10.394286,-79.892063,9.359918,264.7513894991742,False,0,False,0,False,0
CIABI,NGONN,72.0,17,18191.003485198537,814.7003167746975,11.468528160545274,0.2636298852884953,630.7,51,1886,18191.003485198537,0.1415887109560806,0.8195655620738862,0.9394323767242746,0.4305555555555556,6419.032220514967,-4.0267,5.3364,7.166667,4.683333,670.6228565234406,False,0,False,0,False,0
ITGIT,TRMER,31.0,23,18190.99701454882,1032.3888116784692,14.711559933286686,0.29928172388032626,630.7,30,1887,18190.99701454882,0.1415887109560806,0.8195655620738862,0.9394323767242746,0.22580645161290322,3366.4839629158587,15.909341,38.462848,34.633333,36.783333,894.5403534741374,False,0,False,0,False,0
CNNBO,OMSOH,6.0,5,18176.368163502615,5453.906658174949,16.120876271954074,0.3901037735966861,630.7,4,1888,18176.368163502615,0.1415887109560806,0.8195655620738862,0.9394323767242746,0.6666666666666666,9931.150260255274,121.683333,29.966667,56.625595,24.507768,3442.875948280729,False,0,False,0,True,1
CNTAI,JPYOK,97.0,23,18173.676713855853,1069.7490675376685,14.24474843680225,0.5338116900196177,630.7,72,1889,18173.676713855853,0.1415887109560806,0.8195655620738862,0.9394323767242746,0.7010309278350515,10441.51887447366,121.211133,31.6506,139.679832,35.450183,950.2959785842826,False,0,False,0,False,0
PHBAT,SGSGP,34.0,12,18153.843836640463,1358.2892788222066,14.472828029794798,0.29415610462388825,630.7000000000002,34,1890,18153.843836640463,0.14158871095608083,0.8195655620738862,0.9394323767242746,0.8823529411764706,13127.881083333348,121.05,13.75,103.802776,1.248823,1269.9906817331866,False,0,False,0,False,0
INPPV,PKQAS,72.0,26,18138.721159115357,455.8730249882342,13.22883272280398,0.2693784520071031,630.7000000000002,72,1891,18138.721159115357,0.14158871095608083,0.8195655620738862,0.9394323767242746,0.4444444444444444,6607.053867587498,71.516667,20.933333,67.343788,24.775279,326.30935250500346,False,0,False,0,False,0
CNNBO,TWKEE,191.0,34,18073.85547167714,368.2227969215632,10.575628842754128,0.28249688134759565,629.6800506154178,139,1894,18073.85547167714,0.14019826502227173,0.8192732961941901,0.9393342698999829,0.7172774869109948,10621.034131774404,121.683333,29.966667,121.7559,25.15113,289.1528326099561,False,0,False,0,False,0
AUADE,NZTAU,21.0,12,17973.657880611285,2187.517345318929,12.926227183565905,0.24784739938995554,630.7,10,1898,17973.657880611285,0.1415887109560806,0.8195655620738862,0.9394323767242746,0.6190476190476191,9118.937300229047,138.5,-34.783333,176.183333,-37.716667,1820.8061861544181,False,0,False,0,False,0
BSFRE,USNOL,21.0,16,17964.467758226783,980.9989605190739,11.354743386616365,0.2728130826475037,630.7,21,1899,17964.467758226783,0.1415887109560806,0.8195655620738862,0.9394323767242746,0.2857142857142857,4206.58831875124,-78.6966,26.5285,-90.061119,29.923919,634.4524069567416,False,0,False,0,False,0
CNLYG,USSEA,8.0,6,17953.63941902826,5373.287243040551,15.75730905041282,0.31570179018599076,630.7000000000002,8,1900,17953.63941902826,0.14158871095608083,0.8195655620738862,0.9394323767242746,0.5,7357.092290863888,119.483333,34.733333,-122.333333,47.6,4854.2751530765845,False,0,False,0,True,1
GTPQL,PABAL,48.0,18,17950.008252011638,945.05657109604,13.307372214679843,0.440161236999458,630.6999999999999,18,1901,17950.008252011638,0.1415887109560805,0.8195655620738862,0.9394323767242746,0.7083333333333334,10420.43942662266,-90.783333,13.916667,-79.57037,8.954178,723.7665487022032,False,0,False,0,False,0
ZADUR,ZADUR,53.0,42,17932.915048700826,1016.6817440459957,5.0100035077538685,0.21104570531000946,630.7000000000002,25,1902,17932.915048700826,0.14158871095608083,0.8195655620738862,0.9394323767242746,0.4528301886792453,6655.335668609093,31.041098,-29.877639,31.041098,-29.877639,0.0,False,0,False,0,False,0
INNSA,MYTPP,15.0,9,17862.864866696986,2478.1094467090825,15.162400979716868,0.48169711729214015,630.7,11,1905,17862.864866696986,0.1415887109560806,0.8195655620738862,0.9394323767242746,1.0,14639.788884724388,72.9428,18.953883,103.549576,1.327854,2088.3530366414725,False,0,False,0,False,0
ECGYL,PACRI,28.0,15,17815.5862411406,887.8929556663585,10.59135498339798,0.2571177241989766,630.6999999999998,28,1908,17815.5862411406,0.1415887109560804,0.8195655620738861,0.9394323767242746,0.17857142857142858,2607.3287413207477,-79.930086,-2.257278,-79.916667,9.35,696.9067813023653,False,0,False,0,False,0
KRGWA,KRULS,529.0,73,17806.36430790205,143.93762846403735,11.297020109288772,0.3040444131880104,630.6832476954518,508,1910,17806.36430790205,0.14156590970458982,0.8195607693468459,0.939430767917834,0.7712665406427222,11255.399307435548,127.728767,34.866497,129.369164,35.462441,88.10668484561096,False,0,False,0,False,0
JPSZU,JPYOK,735.0,93,17806.23674232113,142.54204251193553,9.352630548330586,0.27068036839456766,630.427188188919,628,1911,17806.23674232113,0.14121724103409128,0.8194874806606568,0.939406166618955,0.5782312925170068,8437.544132523924,138.501892,35.025498,139.679832,35.450183,63.14162749571704,False,0,False,0,False,0
BEZEE,GRPIR,10.0,5,17759.890826630508,2907.3851061756695,14.503817715451547,0.2894189893419932,630.7,8,1916,17759.890826630508,0.1415887109560806,0.8195655620738862,0.9394323767242746,0.9,13099.85541692846,3.2,51.333333,23.65,37.933333,1180.2572994633726,False,0,False,0,False,0
MXVER,PTSNS,7.0,7,17737.036259588698,4903.052591558202,15.867619441620628,0.3774851629067485,630.7,7,1917,17737.036259588698,0.1415887109560806,0.8195655620738862,0.9394323767242746,0.14285714285714285,2076.6662988021017,-96.1333,19.2,-8.866667,37.95,4577.833318825871,False,0,False,0,False,0
TWKAO,TWKAO,468.0,115,17688.13152290178,265.68778484415316,5.303183611883504,0.22695186950928165,630.2659293502475,318,1918,17688.13152290178,0.1409975142426959,0.8194412950144419,0.9393906631770798,0.41025641025641024,5946.414523697396,120.260382,22.620829,120.260382,22.620829,0.0,False,0,False,0,False,0
BEANT,IRBAB,7.0,3,17665.472325009723,6424.395836829083,14.204249131738559,0.47540878053592067,630.6999999999999,0,1920,17665.472325009723,0.1415887109560805,0.8195655620738862,0.9394323767242746,0.5714285714285714,8273.150145912728,4.4,51.2167,56.270599,27.172804,2735.9658152338316,False,0,False,0,True,1
BRPAR,BRSUA,35.0,7,17618.81504741295,1429.84774773301,14.5385084800276,0.39920001112680364,630.2964460955585,15,1921,17618.81504741295,0.1410391041330432,0.8194500370342451,0.9393935976687888,0.9714285714285714,14025.231824727714,-48.515217,-25.502281,-34.9681,-8.3911,1286.4015229762308,False,0,False,0,False,0
CNWEN,CNWGQ,234.0,34,17608.364666392703,324.39451589975835,12.388571905321513,0.3533934515343585,630.6108328754605,186,1923,17608.364666392703,0.1414673332975851,0.8195400490012286,0.9394238125821347,0.7863247863247863,11347.264306157964,120.666189,28.032743,121.617967,31.353633,205.47111836853654,False,0,False,0,False,0
ESVAL,TRALI,29.0,20,17570.8919234934,1424.4304424517998,14.13531079662121,0.3665222873582434,630.7000000000002,26,1925,17570.8919234934,0.14158871095608083,0.8195655620738862,0.9394323767242746,0.1724137931034483,2482.84446817541,-0.316667,39.45,26.957016,38.82268,1265.8437197198311,False,0,False,0,False,0
BJCOT,MATAN,14.0,9,17537.755821918447,3185.6456944922897,13.792481083810971,0.2864051885374448,630.7,13,1927,17537.755821918447,0.1415887109560806,0.8195655620738862,0.9394323767242746,0.5,7186.670353852581,2.428967,6.3469,-5.797516,35.789733,1824.9763795555177,False,0,False,0,False,0
MXLCS,USLGB,25.0,8,17512.423801348,1432.5373602272934,14.812055623049213,0.5700634775370259,630.7000000000002,25,1928,17512.423801348,0.14158871095608083,0.8195655620738862,0.9394323767242746,1.0,14352.579456027875,-102.166667,17.883333,-118.217354,33.74561,1284.7022030061905,False,0,False,0,False,0
JPOSK,JPYOK,148.0,48,17496.932499321836,365.42721837599356,13.328761386815495,0.3436101274472104,630.6392712654124,136,1930,17496.932499321836,0.14150604843613512,0.8195481867603106,0.9394265442376438,0.6283783783783784,9010.681589478843,135.433333,34.65,139.679832,35.450183,214.1629124007851,False,0,False,0,False,0
OMSAL,PKQAS,59.0,18,17432.15496750935,934.9864050379571,12.84414242976163,0.32051018800596237,630.6999999999998,45,1932,17432.15496750935,0.1415887109560804,0.8195655620738861,0.9394323767242746,0.1694915254237288,2421.4904888315054,54.002781,16.946141,67.343788,24.775279,882.9653420770668,False,0,False,0,False,0
AUBRI,CNWGQ,12.0,12,17400.754182484816,4701.493760020853,13.798982154691997,0.375914026152798,630.7,9,1935,17400.754182484816,0.1415887109560806,0.8195655620738862,0.9394323767242746,0.8333333333333334,11884.215735064745,153.169467,-27.350967,121.617967,31.353633,3960.4705652084394,False,0,False,0,False,0
PAMIT,USPHI,25.0,10,17370.457832106356,1977.3445489204078,15.732073535642268,0.41716173101055926,630.6999999999998,24,1938,17370.457832106356,0.1415887109560804,0.8195655620738861,0.9394323767242746,0.28,3986.1441302622757,-79.88466,9.361132,-75.1333,39.95,1854.0663706794116,False,0,False,0,False,0
CNHPU,CNNSA,2758.0,233,17357.684514437577,41.21639369827661,5.043270938637511,0.20968568207178626,630.6582798376455,2369,1939,17357.684514437577,0.14153192416759186,0.8195536257300923,0.9394283699726672,0.8303118201595359,11811.645035104364,113.470483,23.077133,113.682083,22.64515,28.45599224594192,False,0,False,0,False,0
EGPSA,TRBAM,60.0,14,17344.015590609546,864.4084318777972,12.090241856763763,0.33979441675422745,630.6551738644248,46,1940,17344.015590609546,0.14152769621709704,0.8195527370327034,0.9394280716577265,0.4166666666666667,5922.639770175805,32.319633,31.269083,28.678178,40.961688,607.9979104679228,False,0,False,0,False,0
CNDCB,KRBUS,22.0,18,17326.99607606833,1258.3133121681867,11.609712371872005,0.22380962221291553,630.6036878039836,21,1941,17326.99607606833,0.14145760567088783,0.8195380042950628,0.9394231262220686,0.22727272727272727,3227.302678320324,113.852567,22.533467,129.052391,35.112607,1097.2198843693748,False,0,False,0,False,0
JPHKA,JPNAH,220.0,2,17312.134843434695,517.1136520505299,15.533796866819763,0.6683317113529199,630.7,114,1942,17312.134843434695,0.1415887109560806,0.8195655620738862,0.9394323767242746,1.0,14188.429523658466,130.383333,33.616667,127.675638,26.229272,465.3246641205585,False,0,False,0,False,0
CNZOS,SAJED,12.0,11,17270.36027733781,6585.836901776396,14.163637993537918,0.5476300771275016,630.2950204655705,9,1944,17270.36027733781,0.14103716129616217,0.8194496286581145,0.9393934605864673,0.9166666666666666,12972.841123051627,122.099218,30.006902,39.1667,21.466667,4419.5788321929695,False,0,False,0,True,1
CNMWN,HKHKG,1078.0,340,17216.963663839215,53.192592717080835,6.4887249560021765,0.20928202156278491,629.4390298595129,979,1948,17216.963663839215,0.13986903525693772,0.8192040934840035,0.939311040167741,0.8339517625231911,11762.228379029133,113.862187,22.508158,114.181938,22.298785,21.749764776147877,False,0,False,0,False,0
HKHKG,JPYOK,31.0,15,17161.880038212912,1622.4505444574236,16.386836133310172,0.519496858954251,630.7000000000002,31,1950,17161.880038212912,0.14158871095608083,0.8195655620738862,0.9394323767242746,0.9354838709677419,13157.848062358535,114.181938,22.298785,139.679832,35.450183,1548.6973344712997,False,0,False,0,False,0
BRSTS,ZADUR,11.0,7,17145.815860260667,4303.503236173204,13.182155798610797,0.3058597734261759,630.6999999999999,1,1951,17145.815860260667,0.1415887109560805,0.8195655620738862,0.9394323767242746,0.36363636363636365,5109.861895538141,-46.306133,-23.95,31.041098,-29.877639,4078.341485726584,False,0,False,0,False,0
NZAKL,USLGB,8.0,7,17105.39695218769,5741.014830352614,14.364612125967374,0.2862039651469727,630.7,6,1953,17105.39695218769,0.1415887109560806,0.8195655620738862,0.9394323767242746,0.875,12266.619984164565,174.769478,-36.840752,-118.217354,33.74561,5655.68418128048,False,0,False,0,True,1
CAPRR,CNNBO,8.0,6,17096.82403300419,4736.485683218012,15.619690797173588,0.35373753173289046,630.7,8,1954,17096.82403300419,0.1415887109560806,0.8195655620738862,0.9394323767242746,0.75,10508.976148715556,-130.319567,54.320128,121.683333,29.966667,4535.76246172917,False,0,False,0,False,0
USMOB,USNOL,73.0,28,17040.761700308758,316.8144879217209,10.49934392199502,0.21520764145379304,630.7,55,1955,17040.761700308758,0.1415887109560806,0.8195655620738862,0.9394323767242746,0.7671232876712328,10713.660283568755,-88.1167,30.6833,-90.061119,29.923919,110.62246162362422,False,0,False,0,False,0
PHBAT,PHMAN,265.0,67,17008.47076152811,156.8128529475088,7.230011364328749,0.22543734809248533,630.6266045633862,95,1959,17008.47076152811,0.14148880481368553,0.8195445622234898,0.9394253275653542,0.8150943396226416,11361.762794185199,121.05,13.75,120.94162,14.596732,51.228160078630296,False,0,False,0,False,0
DJDJI,OMSAL,94.0,33,16979.649634796067,814.5123518205844,11.916624175585536,0.281589551846555,630.5969840860444,46,1960,16979.649634796067,0.1414484787226219,0.8195360858489737,0.9394224822445588,0.2553191489361702,3552.877174669206,43.133333,11.583333,54.002781,16.946141,709.4293978244027,False,0,False,0,False,0
INPPV,PKKAR,64.0,23,16949.50759741435,428.8439339754925,12.16528784250637,0.26058421278105126,630.7,56,1961,16949.50759741435,0.1415887109560806,0.8195655620738862,0.9394323767242746,0.53125,7379.717383004951,71.516667,20.933333,66.9833,24.7833,341.02287531880177,False,0,False,0,False,0
CNFUN,PHMAN,72.0,7,16934.28687653055,756.6077963387959,14.174085009286006,0.4079427524208882,629.0261330147637,36,1963,16934.28687653055,0.13930443969759054,0.8190854178751124,0.9392712035398004,0.8472222222222222,11751.503805603938,119.308128,25.393912,120.94162,14.596732,654.759397463682,False,0,False,0,False,0
PHBAT,VNHCM,82.0,17,16917.999099099405,914.5318279345776,13.694071083958383,0.4765623384008508,630.1842799311955,79,1964,16917.999099099405,0.14088621814065105,0.8194179010424937,0.9393828103675155,0.9878048780487805,13693.851417578651,121.05,13.75,106.710033,10.776988,859.8559794519102,False,0,False,0,False,0
INMUN,INPPV,118.0,19,16914.343196193295,334.8290594097726,10.005280740187821,0.2304253692419607,630.6999999999998,94,1965,16914.343196193295,0.1415887109560804,0.8195655620738861,0.9394323767242746,0.1271186440677966,1762.171168054928,69.7,22.766667,71.516667,20.933333,149.54603693092855,False,0,False,0,False,0
GRPIR,PTSNS,18.0,13,16905.45844702659,1807.899417974591,14.669510859752172,0.2947248822016997,630.7,18,1966,16905.45844702659,0.1415887109560806,0.8195655620738862,0.9394323767242746,0.2222222222222222,3078.9181231675725,23.65,37.933333,-8.866667,37.95,1531.7109737857663,False,0,False,0,False,0
KRPYT,VNHPG,51.0,8,16840.71907365998,1687.9591685917696,14.341519271677772,0.6054593260106943,630.6999999999999,46,1970,16840.71907365998,0.1415887109560805,0.8195655620738862,0.9394323767242746,0.8235294117647058,11366.413382744458,126.799736,36.993778,106.828308,20.81389,1424.3952765246493,False,0,False,0,False,0
KRULS,TWTAP,80.0,14,16838.15364905268,769.941484512724,15.533683765540353,0.48681395548248285,628.2720419243714,80,1971,16838.15364905268,0.1382713794780457,0.8188682729674946,0.9391983130699323,1.0,13788.229798561088,129.369164,35.462441,121.37318,25.14978,744.4177632092112,False,0,False,0,False,0
AEJAL,AEJAL,280.0,69,16838.11525373786,450.87750782954294,4.700618563880313,0.22578860947280496,630.3849550630918,100,1972,16838.11525373786,0.1411597062213925,0.8194753870853241,0.9394021070883952,0.1,1379.8421015344131,55.0606,25.0136,55.0606,25.0136,0.0,False,0,False,0,False,0
ITGIT,ITGOA,53.0,37,16829.370201259226,506.44403386210985,11.01214355397361,0.2603666711527159,626.7551311968124,53,1974,16829.370201259226,0.1361857716805981,0.8184298869915997,0.9390511571448076,0.5471698113207547,7536.530698240285,15.909341,38.462848,8.923988,44.403373,475.1182230092547,False,0,False,0,False,0
CNYSN,JPKOB,49.0,14,16827.947550547284,811.4834698987523,14.880061679548575,0.35877349214308185,630.7,49,1975,16827.947550547284,0.1415887109560806,0.8195655620738862,0.9394323767242746,0.5510204081632653,7599.456528693517,122.066667,30.633333,135.237233,34.685033,708.1024783405823,False,0,False,0,False,0
GRPIR,SIKOP,65.0,17,16804.161959371173,950.3989852866089,10.634604512030739,0.2806636626180561,630.4447284574825,50,1977,16804.161959371173,0.14124113413613504,0.8194925028900852,0.939407852463983,0.5230769230769231,7203.2320194443855,23.65,37.933333,13.726419,45.550429,636.8591799148281,False,0,False,0,False,0
KRBUS,USHNL,27.0,4,16795.976316580563,4389.714822909044,9.993074901390047,0.2457053298042916,630.7,20,1978,16795.976316580563,0.1415887109560806,0.8195655620738862,0.9394323767242746,0.9629629629629629,13255.574001201065,129.052391,35.112607,-157.868643,21.300094,3871.651798148281,False,0,False,0,False,0
CNDAL,MXMAN,4.0,4,16766.725645788938,7528.485235362938,16.655674804007294,0.6112691493282338,630.6999999999999,4,1980,16766.725645788938,0.1415887109560805,0.8195655620738862,0.9394323767242746,0.75,10306.07319602224,121.737442,38.978628,-104.293756,19.073908,6468.112014906244,False,0,False,0,True,1
USCHA,USJAC,91.0,37,16743.453442714235,258.94536786731885,9.82135406555658,0.22511199167548218,628.6860196223317,60,1981,16743.453442714235,0.1388388112634774,0.8189875447391646,0.9392383498157828,0.5824175824175825,7986.50583243584,-79.938165,32.87698,-81.377283,30.398817,165.97657372838484,False,0,False,0,False,0
MYPEN,MYTPP,135.0,33,16738.955826075544,502.5477472754739,12.256446716215734,0.36437535282005107,630.4506201952705,115,1982,16738.955826075544,0.14124915947848338,0.8194941897832497,0.9394084187145882,0.8222222222222222,11278.814457172739,100.35,5.416667,103.549576,1.327854,311.4929611821912,False,0,False,0,False,0
BEANT,MTMAL,13.0,10,16721.08356825583,2470.8557522991273,15.407003739284946,0.362933149853717,630.7,12,1985,16721.08356825583,0.1415887109560806,0.8195655620738862,0.9394323767242746,0.23076923076923078,3162.467135331234,4.4,51.2167,14.539518,35.819159,1022.2219548680561,False,0,False,0,False,0
CNFUN,CNXIA,1002.0,49,16710.95832157316,162.0377370647904,8.62180550362641,0.2553851234180109,630.6432146783061,516,1986,16710.95832157316,0.14151141660000177,0.8195493151257485,0.9394269230035465,0.8672654690618763,11877.594725461522,119.308128,25.393912,118.042517,24.44535,89.40012209775772,False,0,False,0,False,0
CNYTN,CNZOS,20.0,20,16671.22835641952,798.278650145706,9.581694207902547,0.24719868505005807,630.7000000000002,14,1988,16671.22835641952,0.14158871095608083,0.8195655620738862,0.9394323767242746,0.65,8881.057014954198,114.263091,22.566543,122.099218,30.006902,614.0152848431836,False,0,False,0,False,0
COCTA,USOAK,7.0,3,16661.078850064172,3742.076705109069,11.717374831925962,0.26221628116519263,630.7,7,1990,16661.078850064172,0.1415887109560806,0.8195655620738862,0.9394323767242746,0.5714285714285714,7802.769401434389,-75.540962,10.394286,-122.320518,37.814824,3002.2574680927237,False,0,False,0,False,0
COCTA,USCHA,21.0,13,16636.232841387853,1502.1039660245408,14.39578050522247,0.44924387021348156,630.338444975289,20,1993,16636.232841387853,0.14109633591962756,0.8194620669147648,0.9393976358184887,0.8095238095238095,11036.045226092509,-75.540962,10.394286,-79.938165,32.87698,1371.5794288546788,False,0,False,0,False,0
BRPEC,BRSTS,17.0,15,16632.666777525206,2288.5327093642054,14.090747428308179,0.3744758002050411,630.6999999999999,10,1994,16632.666777525206,0.1415887109560805,0.8195655620738862,0.9394323767242746,0.7647058823529411,10424.134803060662,-38.795986,-3.528841,-46.306133,-23.95,1301.0549866289484,False,0,False,0,False,0
ITGIT,PACRI,4.0,4,16559.270922056327,5513.918806532507,17.746369933349698,0.5287676042409498,630.7000000000002,4,1997,16559.270922056327,0.14158871095608083,0.8195655620738862,0.9394323767242746,0.75,10178.55613557664,15.909341,38.462848,-79.916667,9.35,5325.791455815042,False,0,False,0,True,1
CNNBO,INNSA,12.0,12,16496.17950961756,4675.711383188296,14.536792356571592,0.4356682402122733,629.8677588256952,8,1998,16496.17950961756,0.1404544963384562,0.8193271549377841,0.9393523490212948,0.5833333333333334,7884.197897892124,121.683333,29.966667,72.9428,18.953883,2723.806717109781,False,0,False,0,False,0
KRINC,TWTAP,63.0,17,16471.60764766891,806.8717442454073,15.741392127272725,0.44197080675922534,627.9913205997794,61,2000,16471.60764766891,0.13788617415456983,0.8187873044307168,0.9391711338247222,0.7142857142857143,9633.388018196576,126.607819,37.439929,121.37318,25.14978,784.8779023718723,False,0,False,0,False,0
FRLEH,LBBRT,7.0,6,16469.987528786587,3342.589002980702,18.19082824605847,0.44604863197049566,630.7000000000002,7,2001,16469.987528786587,0.14158871095608083,0.8195655620738862,0.9394323767242746,0.2857142857142857,3856.6384532513925,0.094067,49.480233,35.516567,33.904758,1818.7532912312186,False,0,False,0,False,0
NLROT,USNFK,6.0,6,16449.536500173683,3792.029307761018,17.016540075306228,0.4111036892454441,630.6999999999999,5,2004,16449.536500173683,0.1415887109560805,0.8195655620738862,0.9394323767242746,0.6666666666666666,8987.649085079833,4.03038,52.002215,-76.316667,36.85,3378.7807902888226,False,0,False,0,False,0
ITGIT,ITSPE,42.0,37,16426.578066618367,504.59222491002146,11.056868615501,0.25937285744544825,628.3501866589984,33,2005,16426.578066618367,0.13837854830810403,0.8188907994042524,0.9392058746682113,0.5,6725.786822224736,15.909341,38.462848,9.816667,44.083333,435.0081986681586,False,0,False,0,False,0
EGDAM,GRPIR,95.0,43,16420.74841725091,585.3871724382728,12.011602400059818,0.27834535356162704,630.6999999999999,48,2006,16420.74841725091,0.1415887109560805,0.8195655620738862,0.9394323767242746,0.1368421052631579,1841.6046187511113,31.757526,31.481673,23.65,37.933333,556.4906090647994,False,0,False,0,False,0
DEHAM,GRPIR,7.0,7,16418.039681931234,3261.6783863663527,13.851947044676132,0.32859549428308754,630.6999999999999,6,2007,16418.039681931234,0.1415887109560805,0.8195655620738862,0.9394323767242746,0.8571428571428571,11533.42278863429,9.903145,53.539287,23.65,37.933333,1095.6381580610998,False,0,False,0,False,0
KRINC,THLCB,25.0,10,16351.522817764338,2616.663273587915,15.126206290360592,0.558269284388022,629.1394070308899,22,2010,16351.522817764338,0.13945940446642857,0.8191179908169183,0.9392821375149937,1.0,13393.826517284118,126.607819,37.439929,100.886078,13.056152,2009.6476283704565,False,0,False,0,False,0
BRSTS,CNNBO,5.0,5,16309.078230996858,11179.535411897881,14.171700320339243,0.24996421238993027,630.6999999999999,1,2012,16309.078230996858,0.1415887109560805,0.8195655620738862,0.9394323767242746,0.6,8019.815320376353,-46.306133,-23.95,121.683333,29.966667,10070.636108709876,False,0,True,1,True,2
EGAKI,ITGIT,28.0,22,16297.607406243835,907.1513117780123,13.183444341423089,0.37795025856343695,627.2143118259045,25,2013,16297.607406243835,0.1368181659887313,0.8185628136119646,0.9390957775041919,0.42857142857142855,5717.406588684919,30.073013,31.322122,15.909341,38.462848,817.2973415715729,False,0,False,0,False,0
BRSAL,BSFRE,5.0,5,16256.80204950349,4446.269852052202,11.938940630373406,0.2606629262005161,630.7,5,2018,16256.80204950349,0.1415887109560806,0.8195655620738862,0.9394323767242746,0.4,5329.406043690094,-38.516667,-12.966667,-78.6966,26.5285,3334.2348882096194,False,0,False,0,False,0
CNNBO,TWTCH,175.0,14,16206.379304590304,419.84605707826387,12.351189927290891,0.3254204672796797,630.7,104,2021,16206.379304590304,0.1415887109560806,0.8195655620738862,0.9394323767242746,0.5485714285714286,7286.230142509248,121.683333,29.966667,120.5,24.283333,347.0309810251127,False,0,False,0,False,0
MXESE,MXLCS,20.0,17,16169.26590080821,1491.6248125543348,12.150790008848714,0.3089898021295386,630.7,13,2023,16169.26590080821,0.1415887109560806,0.8195655620738862,0.9394323767242746,0.6,7951.0640977908015,-116.6246,31.850733,-102.166667,17.883333,1147.9944268526897,False,0,False,0,False,0
AUMEL,CNQIN,8.0,7,16163.601938503203,5445.267268037494,16.071607642467114,0.43722618901576,630.7,6,2024,16163.601938503203,0.1415887109560806,0.8195655620738862,0.9394323767242746,0.75,9935.348630900951,144.912243,-37.858862,120.2667,36.0333,4643.107603780007,False,0,False,0,True,1
CNMWN,CNQIN,24.0,23,16150.858076249064,1269.2486399303586,14.472939714667232,0.37454820076139245,620.4302352039127,15,2025,16150.858076249064,0.12737972896813843,0.8165788938983638,0.938429822029152,0.8333333333333334,10990.374852844097,113.862187,22.508158,120.2667,36.0333,878.0112656942572,False,0,False,0,False,0
BRSTS,BSFRE,6.0,6,16140.5598151433,4787.8934271373855,15.238773757243603,0.37141662453319524,630.7,2,2026,16140.5598151433,0.1415887109560806,0.8195655620738862,0.9394323767242746,0.3333333333333333,4409.4156590283665,-46.306133,-23.95,-78.6966,26.5285,3565.9652213479535,False,0,False,0,False,0
GTSTC,USHOU,45.0,12,16132.543557761923,1114.3644657665395,15.382632638898045,0.5320835951068653,630.7,39,2027,16132.543557761923,0.1415887109560806,0.8195655620738862,0.9394323767242746,0.5555555555555556,7345.376182554779,-88.616667,15.7,-94.97475,29.6069,905.7296522419974,False,0,False,0,False,0
CAVCR,CNWGQ,8.0,7,16094.569119496893,5220.935988582213,15.092443150080982,0.33261214813618706,630.6999999999999,8,2030,16094.569119496893,0.1415887109560805,0.8195655620738862,0.9394323767242746,0.5,6595.277293378742,-123.116667,49.283333,121.617967,31.353633,4862.657773714937,False,0,False,0,True,1
AEKHA,PKKAR,27.0,21,16078.422126123483,820.0905136182405,14.058386148232753,0.3270879665640624,630.7,23,2031,16078.422126123483,0.1415887109560806,0.8195655620738862,0.9394323767242746,0.8148148148148148,10737.076425009896,54.659214,24.802318,66.9833,24.7833,671.5156729531508,False,0,False,0,False,0
NLROT,USNYK,9.0,8,16064.65975623213,3472.71307604361,14.951246831303726,0.302549476999397,630.7,9,2032,16064.65975623213,0.1415887109560806,0.8195655620738862,0.9394323767242746,0.5555555555555556,7314.467723690069,4.03038,52.002215,-74.049568,40.663452,3146.969780384337,False,0,False,0,False,0
CGPNO,ESALG,12.0,11,16035.997648392848,3798.730276410617,14.526984689308948,0.2891789798822593,630.7000000000002,1,2033,16035.997648392848,0.14158871095608083,0.8195655620738862,0.9394323767242746,0.4166666666666667,5476.063094216917,11.839142,-4.778824,-5.433333,36.116667,2640.482119528162,False,0,False,0,False,0
JPHKA,JPKOB,240.0,46,16002.68285649895,350.93187964699075,13.328457119566236,0.4977656870076801,629.2512478499111,197,2035,16002.68285649895,0.13961235380953174,0.8191501401247224,0.9392929292861546,0.9458333333333333,12398.550742791176,130.383333,33.616667,135.237233,34.685033,249.53135409789522,False,0,False,0,False,0
COCTA,FRLEH,5.0,5,15992.408827213963,4503.561810747981,16.58412954743402,0.4983234795703133,630.7,5,2036,15992.408827213963,0.1415887109560806,0.8195655620738862,0.9394323767242746,1.0,13106.827529390992,-75.540962,10.394286,0.094067,49.480233,4370.977407627184,False,0,False,0,False,0
CNXIA,JPKOB,33.0,16,15971.106377068716,1169.7656250187513,15.567851081762461,0.43650912610838083,630.7,32,2037,15971.106377068716,0.1415887109560806,0.8195655620738862,0.9394323767242746,0.48484848484848486,6346.360618115952,118.042517,24.44535,135.237233,34.685033,1085.627787645262,False,0,False,0,False,0
KRPYT,VNHCM,30.0,15,15970.916534316046,2121.7393321757513,15.272558549819557,0.6092288509971557,630.6999999999999,25,2038,15970.916534316046,0.1415887109560805,0.8195655620738862,0.9394323767242746,0.7666666666666667,10035.063442816088,126.799736,36.993778,106.710033,10.776988,1912.5663674036784,False,0,False,0,False,0
BRITA,BRSTS,112.0,27,15961.785288410247,236.06884738918424,11.189116985729315,0.2706243799150054,629.9714154721485,90,2039,15961.785288410247,0.14059592752437244,0.819356883177454,0.939362328096474,0.9821428571428571,12844.855810933494,-43.835878,-22.933812,-46.306133,-23.95,149.1221045083241,False,0,False,0,False,0
BRIOA,BRRDJ,91.0,25,15925.52224949938,380.4554816395857,11.994382741504166,0.2862209282691695,630.7,81,2044,15925.52224949938,0.1415887109560806,0.8195655620738862,0.9394323767242746,0.5604395604395604,7314.862519563606,-48.601391,-26.181417,-43.1667,-22.916667,355.62076302058006,False,0,False,0,False,0
COCTA,USNYK,27.0,10,15879.77086487998,1911.2302749343903,13.324662171347812,0.4134324654729556,630.7,27,2049,15879.77086487998,0.1415887109560806,0.8195655620738862,0.9394323767242746,0.8148148148148148,10604.418272539164,-75.540962,10.394286,-74.049568,40.663452,1819.0988369494733,False,0,False,0,False,0
ESBAR,MATAN,72.0,44,15874.789092567535,600.4160699717452,10.130641076242027,0.30800614163442036,628.8518805218916,69,2051,15874.789092567535,0.1390659441923181,0.8190352871242811,0.9392543758185197,0.3194444444444444,4153.42064134409,2.166667,41.35,-5.797516,35.789733,500.81297950305157,False,0,False,0,False,0
HKHKG,LKCOL,13.0,9,15871.510602614253,3058.5041382401378,15.02955501123838,0.33918116362474515,630.7,12,2052,15871.510602614253,0.1415887109560806,0.8195655620738862,0.9394323767242746,0.46153846153846156,6003.57392676609,114.181938,22.298785,79.85,6.95,2188.744335934546,False,0,False,0,False,0
CAHFX,FRLEH,10.0,8,15811.524566263895,3096.734259846944,15.314798245700377,0.37931246270466723,630.7,9,2055,15811.524566263895,0.1415887109560806,0.8195655620738862,0.9394323767242746,0.3,3887.5743055185385,-63.57595,44.655955,0.094067,49.480233,2541.499821294997,False,0,False,0,False,0
CNMWN,KHSSK,46.0,13,15771.461634353493,1278.7393296634914,14.84424535122871,0.5968025222337562,630.4377334029674,30,2056,15771.461634353493,0.14123160573267224,0.8194905000598044,0.9394071801606725,0.9347826086956522,12081.656700014035,113.862187,22.508158,103.504086,10.605101,929.7344716715901,False,0,False,0,False,0
CRPMN,JMKIN,64.0,13,15771.300467805127,615.9283541353141,15.371062836000931,0.3865958540056319,630.0680284144432,56,2057,15771.300467805127,0.14072770624082453,0.819384582508692,0.939371626114517,0.359375,4644.117036514496,-83.090115,10.006213,-76.7936,17.997,603.7093778344504,False,0,False,0,False,0
FRLEH,GBFEL,78.0,45,15745.465875247774,295.0860251312947,9.525089773453498,0.22316116117673485,629.734753986468,68,2060,15745.465875247774,0.14027295369562254,0.8192889954387917,0.9393395397694362,0.3076923076923077,3969.2575137377003,0.094067,49.480233,1.3,51.933333,154.25191086723018,False,0,False,0,False,0
CAVCR,CNQIN,4.0,4,15740.628497330019,5273.090785671035,16.08466908548127,0.5179285247320651,630.7000000000002,3,2061,15740.628497330019,0.14158871095608083,0.8195655620738862,0.9394323767242746,0.75,9675.357781357881,-123.116667,49.283333,120.2667,36.0333,4677.467701880537,False,0,False,0,True,1
CNNBO,CNQUA,120.0,28,15720.844252279116,463.98602986810414,12.236278647349543,0.3053749219911842,630.0347250813664,98,2062,15720.844252279116,0.14068228551992856,0.8193750352644401,0.9393684213277822,0.8,10305.013850878378,121.683333,29.966667,118.682805,24.833576,347.17786099742557,False,0,False,0,False,0
CIABI,ESVAL,11.0,7,15701.373062880366,3217.7015441763433,13.728129186425205,0.3791262702228865,619.9945808947431,7,2064,15701.373062880366,0.1267665610581944,0.8164500085859301,0.9383865582423772,0.9090909090909091,11653.987429090514,-4.0267,5.3364,-0.316667,39.45,2058.0584659966985,False,0,False,0,False,0
CGPNO,TGLOM,38.0,20,15686.726469707457,1074.0197816112934,13.190788950202352,0.2995276211924546,630.7,18,2065,15686.726469707457,0.1415887109560806,0.8195655620738862,0.9394323767242746,0.10526315789473684,1353.294820657379,11.839142,-4.778824,1.286945,6.137824,910.8931797138256,False,0,False,0,False,0
ECGYL,JMKIN,46.0,9,15660.324768530056,1388.2855786038024,13.12654290570874,0.39759181857632037,629.6143246168797,38,2066,15660.324768530056,0.14010850955552534,0.8192544299730675,0.9393279369505376,0.6739130434782609,8646.163123575896,-79.930086,-2.257278,-76.7936,17.997,1230.1443218779473,False,0,False,0,False,0
HKHKG,KRULS,43.0,9,15653.422467869745,1218.1543483089006,15.555927876408505,0.5860195023974532,630.6999999999998,42,2067,15653.422467869745,0.1415887109560804,0.8195655620738861,0.9394323767242746,0.6511627906976745,8353.771337936525,114.181938,22.298785,129.369164,35.462441,1120.6707958018694,False,0,False,0,False,0
MYPKE,VNDAN,47.0,19,15632.399859576006,1269.8096131382233,13.915857571712687,0.5249899175636206,630.1664347591325,28,2069,15632.399859576006,0.14086188959439194,0.8194127872845249,0.9393810937984961,0.9361702127659575,11991.767808484707,101.34485,3.00525,108.230438,16.111792,885.8062962820105,False,0,False,0,False,0
DOCUC,PABAL,14.0,14,15610.68225726866,1110.6515100393278,8.020367442199786,0.2679382473161222,630.7000000000002,10,2072,15610.68225726866,0.14158871095608083,0.8195655620738862,0.9394323767242746,0.6428571428571429,8224.699871915507,-69.629288,18.426403,-79.57037,8.954178,811.6545422630703,False,0,False,0,False,0
NAWVB,ZAPLZ,21.0,15,15589.299614061136,1833.5310980639404,8.865867000509295,0.2495935171774899,630.7000000000002,10,2073,15589.299614061136,0.14158871095608083,0.8195655620738862,0.9394323767242746,0.38095238095238093,4867.220228775707,14.5,-22.95,25.6372,-33.9618,883.4538765732384,False,0,False,0,False,0
CNSHE,GTPQL,5.0,5,15515.689476726558,8747.240930220594,17.637997779917622,0.5507241888252119,630.7000000000002,3,2078,15515.689476726558,0.14158871095608083,0.8195655620738862,0.9394323767242746,1.0,12716.124766957284,113.8943,22.467416,-90.783333,13.916667,8184.372167399425,False,0,True,1,True,1
USPEV,USPHI,46.0,12,15513.694790971973,956.9859025125719,14.66832955532022,0.4568420574424902,630.7000000000002,44,2079,15513.694790971973,0.14158871095608083,0.8195655620738862,0.9394323767242746,0.7608695652173914,9674.06847156953,-80.1,26.083333,-75.1333,39.95,868.8933525767212,False,0,False,0,False,0
CNYSN,TWKEE,35.0,12,15453.59469815889,511.9710708261637,7.745426628303382,0.2167884209920965,628.3516168566157,32,2081,15453.59469815889,0.13838050945360636,0.818891211628778,0.939206013042349,1.0,12654.812886395393,122.066667,30.633333,121.7559,25.15113,329.56626479472635,False,0,False,0,False,0
CNWGQ,USOAK,5.0,5,15447.208596203725,6028.280560989108,15.4698348881943,0.43419179483284714,630.6999999999999,5,2082,15447.208596203725,0.1415887109560805,0.8195655620738862,0.9394323767242746,0.4,5064.000078248109,121.617967,31.353633,-122.320518,37.814824,5325.813516772013,False,0,False,0,True,1
USCHA,USPHI,49.0,22,15393.511244795029,667.1878016732463,11.806538712902135,0.2540231511114781,630.7,42,2086,15393.511244795029,0.1415887109560806,0.8195655620738862,0.9394323767242746,0.061224489795918366,772.4076548345586,-79.938165,32.87698,-75.1333,39.95,483.7865388952878,False,0,False,0,False,0
BRSTS,ESLPA,6.0,5,15383.43911662271,3824.790516276553,14.151312331878815,0.37380737810848425,630.7000000000002,6,2087,15383.43911662271,0.14158871095608083,0.8195655620738862,0.9394323767242746,1.0,12607.736926244299,-46.306133,-23.95,-15.4167,28.15,3602.4664483716083,False,0,False,0,False,0
INCOC,INMUN,53.0,19,15346.700647077216,965.5809314438739,11.30564077594298,0.22633686167164174,630.7,35,2090,15346.700647077216,0.1415887109560806,0.8195655620738862,0.9394323767242746,0.1320754716981132,1661.1960640115203,76.25,9.966667,69.7,22.766667,855.7090700600323,False,0,False,0,False,0
CIABI,ZAPLZ,9.0,8,15341.184209797908,3347.4234710084893,15.353610480591426,0.4236623293243519,630.7,6,2091,15341.184209797908,0.1415887109560806,0.8195655620738862,0.9394323767242746,0.2222222222222222,2794.0236132849,-4.0267,5.3364,25.6372,-33.9618,2898.104912482614,False,0,False,0,False,0
IDJAK,KRBUS,21.0,10,15328.492257919082,2941.8049998183246,14.229330640063337,0.43497143497048024,628.3839897495837,21,2092,15328.492257919082,0.13842489810131475,0.8189005419355921,0.9392091450082568,0.9523809523809523,11954.772016252824,106.788826,-6.09208,129.052391,35.112607,2775.8738948773,False,0,False,0,False,0
CNXIA,CNXIA,1004.0,79,15237.25626050204,612.8363241006055,6.502416012083822,0.2444090670389435,630.6679663625273,216,2096,15237.25626050204,0.14154510950888122,0.8195563972333038,0.9394293003015132,0.9790836653386454,12226.592032091468,118.042517,24.44535,118.042517,24.44535,0.0,False,0,False,0,False,0
KHSSK,THBKK,180.0,48,15181.893092107106,292.32754232948326,13.610679908152544,0.3877866372780418,630.4728603867242,34,2100,15181.893092107106,0.1412794522702976,0.819500557200517,0.9394105561077306,0.7055555555555556,8778.218726329098,103.504086,10.605101,100.574341,13.69736,253.04626991490304,False,0,False,0,False,0
DOCUC,USNYK,13.0,12,15167.438821656358,1659.5119920817392,11.006231314350144,0.25887027903686544,630.6999999999999,13,2102,15167.438821656358,0.1415887109560805,0.8195655620738862,0.9394323767242746,0.7692307692307693,9562.085017763135,-69.629288,18.426403,-74.049568,40.663452,1354.448359388372,False,0,False,0,False,0
AEKHA,SAJED,28.0,11,15114.270173371215,2362.1455695079007,11.615578186877809,0.2664149400625206,630.7,24,2104,15114.270173371215,0.1415887109560806,0.8195655620738862,0.9394323767242746,0.8928571428571429,11059.942258906745,54.659214,24.802318,39.1667,21.466667,877.9339097724555,False,0,False,0,False,0
DJDJI,MYPKE,11.0,10,15103.89872136936,3634.2002254409413,15.17524265864137,0.44963534850344505,629.6094095968948,7,2105,15103.89872136936,0.14010179684793878,0.8192530189902021,0.9393274633165705,0.9090909090909091,11249.013296367364,43.133333,11.583333,101.34485,3.00525,3498.733274643917,False,0,False,0,False,0
AEKHA,ZACPT,6.0,6,15092.002479656585,4738.031687344371,14.872526639673533,0.3132583815529222,630.7,4,2107,15092.002479656585,0.1415887109560806,0.8195655620738862,0.9394323767242746,0.16666666666666666,2061.480915843372,54.659214,24.802318,18.437805,-33.905756,4085.7582859875515,False,0,False,0,False,0
CNQIN,CNSTO,45.0,18,15089.489804696428,1032.3795805004083,12.025709087004286,0.2918378320236114,630.6999999999999,37,2108,15089.489804696428,0.1415887109560805,0.8195655620738862,0.9394323767242746,0.7777777777777778,9618.642594706604,120.2667,36.0333,116.733333,23.333333,784.2928258037573,False,0,False,0,False,0
BRSTS,JMKIN,8.0,7,15043.148132061273,4437.628774157232,14.902766450997174,0.36157319611665095,630.7,7,2111,15043.148132061273,0.1415887109560806,0.8195655620738862,0.9394323767242746,0.5,6164.423077106764,-46.306133,-23.95,-76.7936,17.997,3087.3540659722958,False,0,False,0,False,0
CNDAL,JPKOB,98.0,16,15041.250877340495,879.5367489685394,13.718136474094592,0.49796181263881845,630.3252635723226,67,2112,15041.250877340495,0.14107837447026184,0.8194582914937492,0.9393963684979018,0.14285714285714285,1760.811106553471,121.737442,38.978628,135.237233,34.685033,697.2096526821799,False,0,False,0,False,0
BRPAR,JMKIN,6.0,5,15037.531973499401,4509.899101905069,16.28405219941963,0.38034957455792384,630.7,5,2114,15037.531973499401,0.1415887109560806,0.8195655620738862,0.9394323767242746,0.6666666666666666,8216.162229376714,-48.515217,-25.502281,-76.7936,17.997,3090.2254050210972,False,0,False,0,False,0
CNZOS,INMUN,6.0,6,14959.738637611232,5111.807659160322,13.964808177924462,0.46418282100808356,630.6999999999999,3,2117,14959.738637611232,0.1415887109560805,0.8195655620738862,0.9394323767242746,0.6666666666666666,8173.657736674854,122.099218,30.006902,69.7,22.766667,2827.8282206240697,False,0,False,0,True,1
MTMAL,SIKOP,63.0,24,14958.823786724093,779.4250739098167,13.368759717733369,0.290263749454267,630.4767176373415,48,2118,14958.823786724093,0.14128470591451658,0.8195016614944071,0.9394109267933775,0.15873015873015872,1945.8382455908654,14.539518,35.819159,13.726419,45.550429,585.4324775355483,False,0,False,0,False,0
TGLOM,ZAPLZ,6.0,6,14945.081653527632,3428.651665499946,13.284905273839852,0.3507643524422364,630.7,5,2121,14945.081653527632,0.1415887109560806,0.8195655620738862,0.9394323767242746,0.6666666666666666,8165.649497075665,1.286945,6.137824,25.6372,-33.9618,2776.619682347315,False,0,False,0,False,0
EGAKI,ESVAL,11.0,11,14942.254312557536,1582.7214972374475,16.415501704772897,0.4555758827727721,630.7,9,2122,14942.254312557536,0.1415887109560806,0.8195655620738862,0.9394323767242746,0.36363636363636365,4453.148019753515,30.073013,31.322122,-0.316667,39.45,1556.891687360836,False,0,False,0,False,0
CNDCB,CNNTG,58.0,12,14909.080279910395,907.9413521403856,9.859770294567886,0.63925785208588,630.7,40,2123,14909.080279910395,0.1415887109560806,0.8195655620738862,0.9394323767242746,1.0,12218.968759609455,113.852567,22.533467,120.81025,32.00315,678.6328520780348,False,0,False,0,False,0
CNDCB,SGSGP,18.0,15,14891.002865673443,1477.5569503005768,13.932931447910594,0.24764416914624462,630.7,17,2124,14891.002865673443,0.1415887109560806,0.8195655620738862,0.9394323767242746,0.2777777777777778,3390.042537069307,113.852567,22.533467,103.802776,1.248823,1406.1143247264872,False,0,False,0,False,0
ESALG,ITGIT,19.0,11,14880.472094263585,1088.5411785278309,13.089389526895582,0.27173309168234666,630.7,19,2125,14880.472094263585,0.1415887109560806,0.8195655620738862,0.9394323767242746,0.15789473684210525,1925.608811977881,-5.433333,36.116667,15.909341,38.462848,1026.809094242823,False,0,False,0,False,0
AEKHA,ZAPLZ,6.0,6,14863.483905173407,4771.1498277502,15.81970540130566,0.30764770846372036,630.6999999999999,4,2127,14863.483905173407,0.1415887109560805,0.8195655620738862,0.9394323767242746,0.3333333333333333,4060.533180373201,54.659214,24.802318,25.6372,-33.9618,3897.2970534925294,False,0,False,0,False,0
NLROT,USPHI,14.0,10,14820.503666526009,3713.405702404716,16.096828932911258,0.648325208691621,630.7,13,2129,14820.503666526009,0.1415887109560806,0.8195655620738862,0.9394323767242746,1.0,12146.37441767448,4.03038,52.002215,-75.1333,39.95,3212.520879106228,False,0,False,0,False,0
CNWGQ,PHBAT,51.0,7,14817.418847432893,1197.4205863585023,12.054057838031072,0.3238628839640484,630.7,32,2130,14817.418847432893,0.1415887109560806,0.8195655620738862,0.9394323767242746,1.0,12143.846206180535,121.617967,31.353633,121.05,13.75,1057.3937173882202,False,0,False,0,False,0
COCTA,MXALT,15.0,10,14792.723686517873,1603.0468864939637,14.99894306828132,0.3346593785566752,630.7,14,2132,14792.723686517873,0.1415887109560806,0.8195655620738862,0.9394323767242746,0.5333333333333333,6465.923681463845,-75.540962,10.394286,-97.85,22.4833,1472.3491621033236,False,0,False,0,False,0
LKCOL,SIKOP,4.0,3,14760.285583571034,11383.264281390722,15.775974525675785,0.5654483401900601,630.6999999999999,3,2135,14760.285583571034,0.1415887109560805,0.8195655620738862,0.9394323767242746,1.0,12097.021750670474,79.85,6.95,13.726419,45.550429,4108.16457027325,False,0,True,1,True,2
SAJED,TRBAM,32.0,20,14726.587067609198,1592.4510355820898,12.312294240349337,0.34002667971995554,630.5925044759146,20,2137,14726.587067609198,0.14144237973466312,0.8195348038673895,0.9394220519133065,0.65625,7920.248860183498,39.1667,21.466667,28.678178,40.961688,1286.0676404458661,False,0,False,0,False,0
ESALG,PAMIT,7.0,5,14719.254170175287,4751.344571182747,13.552888767484536,0.2848005337137247,630.6999999999999,7,2138,14719.254170175287,0.1415887109560805,0.8195655620738862,0.9394323767242746,0.14285714285714285,1723.3419738983002,-5.433333,36.116667,-79.88466,9.361132,4321.048373708652,False,0,False,0,False,0
GRPIR,ITSPE,27.0,13,14709.036029257893,998.7843729364392,14.017767333075462,0.31217306727040084,630.7,15,2139,14709.036029257893,0.1415887109560806,0.8195655620738862,0.9394323767242746,0.6296296296296297,7590.197387963867,23.65,37.933333,9.816667,44.083333,726.0204865794277,False,0,False,0,False,0
CNWGQ,DJDJI,7.0,7,14689.057998055367,6112.332236322391,15.180040431373227,0.45405643295838016,630.6999999999999,4,2141,14689.057998055367,0.1415887109560805,0.8195655620738862,0.9394323767242746,0.5714285714285714,6879.226328292662,121.617967,31.353633,43.133333,11.583333,4457.8507232790935,False,0,False,0,True,1
CNQIZ,CNZHA,208.0,68,14657.412090895872,280.71221027322537,10.614490981164336,0.3004197505467765,630.7000000000002,117,2143,14657.412090895872,0.14158871095608083,0.8195655620738862,0.9394323767242746,0.8846153846153846,10626.628235113229,108.6,21.683333,110.407368,21.182277,105.39470929430644,False,0,False,0,False,0
CNYTN,MYPKE,14.0,13,14630.17711444258,1767.0439890593238,14.177824670973116,0.37968930056477374,618.4097708794023,12,2147,14630.17711444258,0.12452870977425134,0.8159796216703173,0.9382286603497901,0.5714285714285714,6821.672221035766,114.263091,22.566543,101.34485,3.00525,1394.6091397315186,False,0,False,0,False,0
BRPAR,BRRDJ,38.0,34,14563.499562902854,423.8153681604019,9.858581274057068,0.263401249369711,629.869700372572,25,2150,14563.499562902854,0.14045714585134295,0.819327711854235,0.9393525359651298,0.6052631578947368,7222.168731306763,-48.515217,-25.502281,-43.1667,-22.916667,331.43274696554414,False,0,False,0,False,0
JPOSK,JPTOK,106.0,42,14556.175351267038,380.7899974752691,14.074574695927216,0.3258207071052877,630.6262270612272,100,2151,14556.175351267038,0.14148829089622406,0.8195444542002037,0.9394252913044621,0.49056603773584906,5852.17457303607,135.433333,34.65,139.75,35.6667,220.48679587975792,False,0,False,0,False,0
CNNBO,CNWEN,586.0,57,14538.569362566415,186.38695370842635,9.426012913366236,0.25620750653708646,630.4940654690515,224,2153,14538.569362566415,0.14130833317641245,0.819506627845356,0.9394125938813058,0.7764505119453925,9250.983870589995,121.683333,29.966667,120.666189,28.032743,127.80766305388443,False,0,False,0,False,0
BRSUA,PACOL,7.0,7,14510.607442137223,3431.0754139314445,15.808555033604959,0.35575639672994297,629.5857133976455,5,2155,14510.607442137223,0.1400694322012792,0.8192462160777716,0.9393251797378812,0.5714285714285714,6793.005851406212,-34.9681,-8.3911,-79.892063,9.359918,2889.9182609986146,False,0,False,0,False,0
MXALT,PACRI,12.0,8,14496.293425450425,1661.6676321207506,14.196575171118393,0.3417396709156733,630.6999999999999,12,2156,14496.293425450425,0.1415887109560805,0.8195655620738862,0.9394323767242746,0.08333333333333333,990.0552391014381,-97.85,22.4833,-79.916667,9.35,1299.0001120738164,False,0,False,0,False,0
CNYAN,KRINC,250.0,3,14443.099863523345,272.9796595508196,16.09165308728876,0.6277388385608578,630.7,217,2159,14443.099863523345,0.1415887109560806,0.8195655620738862,0.9394323767242746,1.0,11837.067257737779,121.4,37.55,126.607819,37.439929,248.13859268371158,False,0,False,0,False,0
AEKHA,OMSOH,114.0,46,14438.72057999683,293.24743054648457,10.717153692369543,0.2643665321763743,630.7000000000002,95,2160,14438.72057999683,0.14158871095608083,0.8195655620738862,0.9394323767242746,0.2631578947368421,3114.0731967823394,54.659214,24.802318,56.625595,24.507768,108.74589303249469,False,0,False,0,False,0
ESLPA,ESMAL,22.0,19,14438.551398522373,795.7911170926862,14.196870419706872,0.3838110530780675,630.6999999999999,22,2161,14438.551398522373,0.1415887109560805,0.8195655620738862,0.9394323767242746,0.9090909090909091,10757.581356784258,-15.4167,28.15,-4.383333,36.716667,758.6803546913168,False,0,False,0,False,0
CGPNO,MATAN,12.0,10,14423.89710904571,3854.3243093476385,14.840217674353164,0.3451790366650078,630.6999999999999,2,2163,14423.89710904571,0.1415887109560805,0.8195655620738862,0.9394323767242746,0.25,2955.3323353677374,11.839142,-4.778824,-5.797516,35.789733,2630.401867473892,False,0,False,0,False,0
AEKHA,PKQAS,31.0,23,14370.80537313636,874.8356539342401,13.110034374181986,0.28631912324241826,630.7000000000002,29,2170,14370.80537313636,0.14158871095608083,0.8195655620738862,0.9394323767242746,0.5161290322580645,6078.87338482009,54.659214,24.802318,67.343788,24.775279,691.167272204682,False,0,False,0,False,0
DOCUC,PAMIT,34.0,18,14336.024978564512,941.6668642017579,9.631999171956144,0.27798250965829513,630.6999999999998,29,2174,14336.024978564512,0.1415887109560804,0.8195655620738861,0.9394323767242746,0.29411764705882354,3455.68010866544,-69.629288,18.426403,-79.88466,9.361132,807.8227775424216,False,0,False,0,False,0
AEKHA,CNSHE,4.0,4,14303.41003873091,5024.525949072484,15.265046971471287,0.40704143267605847,629.0511864079361,3,2176,14303.41003873091,0.13933871885442228,0.8190926232095184,0.9392736222021406,0.5,5857.90882473273,54.659214,24.802318,113.8943,22.467416,3235.308112632309,False,0,False,0,True,1
LBBRT,TRALI,62.0,35,14302.539383790607,722.6515976943456,12.51118831889475,0.27581276943763566,630.7,56,2177,14302.539383790607,0.1415887109560806,0.8195655620738862,0.9394323767242746,0.2903225806451613,3403.123179433619,35.516567,33.904758,26.957016,38.82268,508.00094969574303,False,0,False,0,False,0
INNSA,QAHMD,33.0,12,14294.69526323436,1406.2481935510928,14.10317704159081,0.4189982561427902,630.5505397408289,22,2179,14294.69526323436,0.1413852405510141,0.8195227934516169,0.9394180202974672,0.696969696969697,8164.880534978929,72.9428,18.953883,51.638489,25.021684,1239.053159962286,False,0,False,0,False,0
USOAK,VNHPG,4.0,3,14273.682426055704,6906.850412794432,17.00100636516158,0.37787579501979157,630.6999999999999,4,2181,14273.682426055704,0.1415887109560805,0.8195655620738862,0.9394323767242746,1.0,11698.218560374495,-122.320518,37.814824,106.828308,20.81389,6326.824405143453,False,0,False,0,True,1
CNMWN,JPNAG,39.0,11,14262.37187385699,1518.667261113379,14.516068820891618,0.49499860735920104,630.7,39,2183,14262.37187385699,0.1415887109560806,0.8195655620738862,0.9394323767242746,1.0,11688.94882130439,113.862187,22.508158,136.866667,35.066667,1420.563822125001,False,0,False,0,False,0
CNDAL,CNLYG,118.0,23,14259.707830419338,370.10975222768246,12.8429237575027,0.42751765560576854,630.6388037238165,94,2184,14259.707830419338,0.14150541196779576,0.819548052977346,0.9394264993298297,0.9576271186440678,11191.324441477935,121.737442,38.978628,119.483333,34.733333,276.91223950744626,False,0,False,0,False,0
CIABI,ESMAL,7.0,7,14237.517310719997,2810.506941677749,14.858110001989427,0.35796738188524413,630.7000000000002,6,2185,14237.517310719997,0.14158871095608083,0.8195655620738862,0.9394323767242746,0.8571428571428571,10001.639037683073,-4.0267,5.3364,-4.383333,36.716667,1884.187828183384,False,0,False,0,False,0
CNLYG,KRBUS,135.0,20,14224.277766933332,533.8850104223432,12.19997242160914,0.31412484086331527,630.6294129669077,117,2187,14224.277766933332,0.14149262805093743,0.8195453658518594,0.9394255973246136,0.2,2331.4881852959693,119.483333,34.733333,129.052391,35.112607,471.43900180511963,False,0,False,0,False,0
COCTA,NLROT,6.0,6,14208.159138395144,4722.821288483533,17.557855596142826,0.4999551218977373,630.7,6,2188,14208.159138395144,0.1415887109560806,0.8195655620738862,0.9394323767242746,0.8333333333333334,9703.764941911699,-75.540962,10.394286,4.03038,52.002215,4528.060357765921,False,0,False,0,False,0
CNDCB,CNXIA,61.0,39,14180.353331261278,352.5760463761189,13.010825699871296,0.2506766871932451,630.7,57,2190,14180.353331261278,0.1415887109560806,0.8195655620738862,0.9394323767242746,0.6885245901639344,8001.846367710508,113.852567,22.533467,118.042517,24.44535,257.6763539368062,False,0,False,0,False,0
CNQUA,PHMAN,107.0,10,14166.198018561969,689.8247141007829,13.099421168890668,0.4307920813060921,630.7000000000002,35,2191,14166.198018561969,0.14158871095608083,0.8195655620738862,0.9394323767242746,0.7289719626168224,8463.457824668707,118.682805,24.833576,120.94162,14.596732,627.6966171031991,False,0,False,0,False,0
CNBYQ,CNHUM,51.0,13,14161.544540216208,1471.0708669343019,10.988196500890833,0.4198454374799301,630.5152227582204,48,2192,14161.544540216208,0.1413371470531376,0.8195126844008996,0.9394146269254338,1.0,11605.565381415488,122.0684,40.268517,113.659717,22.81445,1131.449722870561,False,0,False,0,False,0
ITGIT,SAJED,16.0,14,14139.277038182676,1754.4551165182659,12.255152126164646,0.22719272478008934,630.7,16,2195,14139.277038182676,0.1415887109560806,0.8195655620738862,0.9394323767242746,0.25,2897.0161332791445,15.909341,38.462848,39.1667,21.466667,1574.2088512445894,False,0,False,0,False,0
KHSSK,THLCB,218.0,62,14138.267347138424,250.99398837102413,13.112432724926105,0.37472371842944474,629.1080845859832,189,2196,14138.267347138424,0.13941655930825303,0.8191089849451039,0.9392791144543319,0.8807339449541285,10199.587654103834,103.504086,10.605101,100.886078,13.056152,212.888468254459,False,0,False,0,False,0
BEANT,USPEV,4.0,4,14107.468152216547,4606.457018468398,14.659738446843606,0.373993196747282,630.7,4,2197,14107.468152216547,0.1415887109560806,0.8195655620738862,0.9394323767242746,0.5,5780.9975328054015,4.4,51.2167,-80.1,26.083333,4000.5261330154003,False,0,False,0,False,0
CNNTG,CNWGQ,1100.0,89,14088.632135352122,76.56105902849009,5.5505672564202095,0.21465019384734882,630.6999999999999,785,2198,14088.632135352122,0.1415887109560805,0.8195655620738862,0.9394323767242746,0.5845454545454546,6749.487827869379,120.81025,32.00315,121.617967,31.353633,56.780095807400116,False,0,False,0,False,0
CNXIA,TWTCH,318.0,40,14085.659901349232,173.1789071138546,11.20489825164804,0.2948456854497102,629.731432830724,194,2199,14085.659901349232,0.14026841956048286,0.81928804238268,0.9393392198507766,0.3522012578616352,4064.4774381742077,118.042517,24.44535,120.5,24.283333,134.757564832496,False,0,False,0,False,0
KRINC,VNHPG,40.0,23,14081.788578526499,1692.0487357398124,14.051576337075838,0.5038191612403609,630.7000000000002,39,2200,14081.788578526499,0.14158871095608083,0.8195655620738862,0.9394323767242746,0.825,9521.282901376702,126.607819,37.439929,106.828308,20.81389,1433.6781257890302,False,0,False,0,False,0
IDSUR,IDSUR,354.0,89,14065.121192158449,628.0028393758482,3.561396718667929,0.2845107354225198,630.7,115,2203,14065.121192158449,0.1415887109560806,0.8195655620738862,0.9394323767242746,0.5254237288135594,6056.711146104216,112.731533,-7.1937,112.731533,-7.1937,0.0,False,0,False,0,False,0
BRIJI,ZADUR,10.0,7,14060.0481085476,4423.15678041626,12.660665622181966,0.33174931011148956,630.7,2,2204,14060.0481085476,0.1415887109560806,0.8195655620738862,0.9394323767242746,0.5,5761.565615433848,-48.6646,-26.899129,31.041098,-29.877639,4123.635549308842,False,0,False,0,False,0
BRIOA,BRRGR,60.0,20,14057.357599987155,469.50519049118753,13.761097804778007,0.3228062968947193,630.7000000000003,34,2205,14057.357599987155,0.14158871095608094,0.8195655620738862,0.9394323767242746,0.5166666666666667,5952.478527731997,-48.601391,-26.181417,-52.083333,-32.05,396.80105994402237,False,0,False,0,False,0
CNSTO,KRINC,85.0,9,14042.306878490503,1065.7355608986932,14.328700085812226,0.5105912822827269,630.7000000000002,73,2206,14042.306878490503,0.14158871095608083,0.8195655620738862,0.9394323767242746,0.8470588235294118,9748.45366279121,116.733333,23.333333,126.607819,37.439929,987.9526928575093,False,0,False,0,False,0
CNYSN,MXESE,5.0,5,14039.195484235905,6323.6443978475945,15.739269235851244,0.3442820262046292,630.7000000000002,4,2207,14039.195484235905,0.14158871095608083,0.8195655620738862,0.9394323767242746,0.4,4602.416455241186,122.066667,30.633333,-116.6246,31.850733,5785.980507337358,False,0,False,0,True,1
PABAL,USHOU,12.0,10,14037.430503607646,1657.5245337616616,13.824944588999259,0.297699494099996,630.7,9,2208,14037.430503607646,0.1415887109560806,0.8195655620738862,0.9394323767242746,0.25,2876.148655190579,-79.57037,8.954178,-94.97475,29.6069,1512.5784052569797,False,0,False,0,False,0
CNDCB,INNSA,7.0,7,14036.216734684816,3967.8715489834544,14.974062146128379,0.2772919556061804,630.7000000000002,6,2209,14036.216734684816,0.14158871095608083,0.8195655620738862,0.9394323767242746,0.5714285714285714,6573.485632887341,113.852567,22.533467,72.9428,18.953883,2300.1339051936557,False,0,False,0,False,0
MATAN,USHOU,10.0,6,14021.18041602325,5030.116503657403,12.824543195313488,0.27472741438418224,630.6999999999999,8,2210,14021.18041602325,0.1415887109560805,0.8195655620738862,0.9394323767242746,0.1,1149.1276608597461,-5.797516,35.789733,-94.97475,29.6069,4358.898205583159,False,0,False,0,True,1
JPNAG,TWTAP,48.0,17,14018.250440548536,1062.712242207707,16.08627181751358,0.5470851779426376,630.7,48,2211,14018.250440548536,0.1415887109560806,0.8195655620738862,0.9394323767242746,0.9791666666666666,11249.523732817315,136.866667,35.066667,121.37318,25.14978,998.9252177332972,False,0,False,0,False,0
ESALG,ZACPT,4.0,4,14008.246334276215,5204.347621038374,16.25412990097231,0.5057491407160922,630.7,4,2212,14008.246334276215,0.1415887109560806,0.8195655620738862,0.9394323767242746,1.0,11480.676280620542,-5.433333,36.116667,18.437805,-33.905756,4411.951314191209,False,0,False,0,True,1
ESALG,MXVER,6.0,6,13999.72080474997,5043.129713931315,16.79080565865448,0.45078041310278144,630.7000000000002,6,2213,13999.72080474997,0.14158871095608083,0.8195655620738862,0.9394323767242746,0.16666666666666666,1912.2815083703977,-5.433333,36.116667,-96.1333,19.2,4765.206236984779,False,0,False,0,True,1
HKHKG,VNDAN,124.0,41,13982.619692997467,533.0993191340876,14.009794825772827,0.44047502132411154,630.3810727830767,111,2214,13982.619692997467,0.14115441694693198,0.8194742753021073,0.9394017338887566,0.7903225806451613,9055.82999753967,114.181938,22.298785,108.230438,16.111792,501.6933154250196,False,0,False,0,False,0
AUSYD,HKHKG,6.0,6,13979.058936414487,4564.431846275097,17.073958910153276,0.4752703926716825,630.7,6,2216,13979.058936414487,0.1415887109560806,0.8195655620738862,0.9394323767242746,0.16666666666666666,1909.4592157477532,151.2111,-33.86,114.181938,22.298785,3980.677815486842,False,0,False,0,False,0
CNZOS,MYPKE,16.0,15,13961.97514239934,2345.364435507934,14.529271653795261,0.3735122409408373,629.8691727488088,11,2217,13961.97514239934,0.14045642583636997,0.8193275605101199,0.939352485162448,0.6875,7864.608835410927,122.099218,30.006902,101.34485,3.00525,2005.1713314765711,False,0,False,0,False,0
CNWEN,PHMAN,66.0,16,13941.728362009018,897.4647091200508,13.462727747721797,0.38026904219940677,630.4010484803591,14,2218,13941.728362009018,0.14118163143114137,0.8194799956720795,0.9394036540832464,0.9242424242424242,10559.43965702103,120.666189,28.032743,120.94162,14.596732,806.8503981052128,False,0,False,0,False,0
CNSHE,VNDAN,79.0,23,13922.910674702722,545.873185473766,15.101114334470173,0.43021217917794047,629.0103419904436,53,2220,13922.910674702722,0.1392828323191142,0.8190808760951518,0.9392696789704288,0.8227848101265823,9383.029642531052,113.8943,22.467416,108.230438,16.111792,498.48026404729114,False,0,False,0,False,0
BRIOA,COCTA,6.0,5,13886.423888807925,4489.476549532028,15.801397916861214,0.4200829144027013,630.7000000000002,4,2223,13886.423888807925,0.14158871095608083,0.8195655620738862,0.9394323767242746,0.3333333333333333,3793.6115998757023,-48.601391,-26.181417,-75.540962,10.394286,2700.9455127544006,False,0,False,0,False,0
EGALE,ITGIT,39.0,29,13862.864650722839,878.5138138450574,13.453784100252978,0.2824801438052178,630.7000000000002,36,2225,13862.864650722839,0.14158871095608083,0.8195655620738862,0.9394323767242746,0.1282051282051282,1456.6059563363935,29.86702,31.187057,15.909341,38.462848,813.4855242441548,False,0,False,0,False,0
DEBHN,PTSNS,13.0,12,13844.565629639384,1449.6470920306888,15.645208057297502,0.4645712558248413,630.7,12,2229,13844.565629639384,0.1415887109560806,0.8195655620738862,0.9394323767242746,0.3076923076923077,3491.239757515141,8.548651,53.563407,-8.866667,37.95,1181.1598652312787,False,0,False,0,False,0
DJDJI,LKCOL,32.0,18,13800.81155808311,2303.839042810896,12.481193580123746,0.30156478191496927,630.7,13,2231,13800.81155808311,0.1415887109560806,0.8195655620738862,0.9394323767242746,0.03125,353.4584338023803,43.133333,11.583333,79.85,6.95,2191.7907764537017,False,0,False,0,False,0
CNDAL,KRPYT,179.0,24,13799.823029924759,306.11536029295655,11.182575247165392,0.3338031039617327,630.7,116,2232,13799.823029924759,0.1415887109560806,0.8195655620738862,0.9394323767242746,0.26256983240223464,2969.6279706586643,121.737442,38.978628,126.799736,36.993778,267.50327867588544,False,0,False,0,False,0
INNSA,SADMA,21.0,19,13736.863287764178,1511.746898917017,13.762362552630215,0.35145900548769876,630.5782680813086,11,2234,13736.863287764178,0.14142299631202915,0.8195307295535813,0.9394206842613955,0.6190476190476191,6969.1028902852095,72.9428,18.953883,50.206833,26.510212,1335.795162898791,False,0,False,0,False,0
AUSYD,CNQIN,5.0,5,13721.818387999163,4907.955062025673,17.22129230121527,0.47661145960224616,630.6999999999999,5,2235,13721.818387999163,0.1415887109560805,0.8195655620738862,0.9394323767242746,0.4,4498.371919934529,151.2111,-33.86,120.2667,36.0333,4540.8372695679145,False,0,False,0,False,0
KRINC,TWKAO,42.0,10,13709.136484333374,1012.1496246606243,15.830433936773112,0.5234996039110748,629.7531291931683,42,2237,13709.136484333374,0.1402980391798374,0.8192942683019311,0.9393413097463424,1.0,11231.81694498322,126.607819,37.439929,120.260382,22.620829,948.294613924437,False,0,False,0,False,0
BSFRE,DOCUC,25.0,18,13707.060275390157,1070.6982783457136,8.102990906295595,0.2340144349569209,630.6999999999999,24,2238,13707.060275390157,0.1415887109560805,0.8195655620738862,0.9394323767242746,0.2,2246.766911796154,-78.6966,26.5285,-69.629288,18.426403,699.2689852233194,False,0,False,0,False,0
CNSHE,USLGB,6.0,5,13705.527778673086,6594.549622643156,17.492398698786864,0.5383306759436567,630.7000000000002,4,2239,13705.527778673086,0.14158871095608083,0.8195655620738862,0.9394323767242746,1.0,11232.578577447468,113.8943,22.467416,-118.217354,33.74561,6307.033160803437,False,0,False,0,True,1
BRITA,BRSAL,39.0,4,13657.382953631717,824.2259584611677,15.134963671611686,0.4441692839387989,630.7000000000003,23,2244,13657.382953631717,0.14158871095608094,0.8195655620738862,0.9394323767242746,1.0,11193.12073685149,-43.835878,-22.933812,-38.516667,-12.966667,670.907001001727,False,0,False,0,False,0
USHOU,USNYK,9.0,8,13612.76953523201,2098.2813437951686,15.601289956642368,0.3951241579904595,630.7,4,2248,13612.76953523201,0.1415887109560806,0.8195655620738862,0.9394323767242746,0.3333333333333333,3718.8523718415654,-94.97475,29.6069,-74.049568,40.663452,1218.2943016234346,False,0,False,0,False,0
EGPSA,LBBRT,145.0,34,13574.988136887549,260.16429252993686,11.329414632537906,0.2567653063272172,630.6435311865731,109,2252,13574.988136887549,0.14151184745946566,0.8195494056905932,0.939426953404048,0.18620689655172415,2071.621264936291,32.319633,31.269083,35.516567,33.904758,226.24326554240739,False,0,False,0,False,0
CNYSN,KRINC,35.0,16,13567.253122645248,631.6204767975732,9.906376252073533,0.24125926343746917,630.7,34,2253,13567.253122645248,0.1415887109560806,0.8195655620738862,0.9394323767242746,0.9142857142857143,10166.174565722917,122.066667,30.633333,126.607819,37.439929,466.8095667044448,False,0,False,0,False,0
NZTAU,SGSGP,5.0,5,13558.639684248275,5164.513159391683,16.44845686260595,0.3779721358050958,630.7,5,2254,13558.639684248275,0.1415887109560806,0.8195655620738862,0.9394323767242746,0.4,4444.877661511295,176.183333,-37.716667,103.802776,1.248823,4619.219157723074,False,0,False,0,True,1
AEJAL,INPPV,28.0,9,13553.469968639416,1116.623379440368,13.945039488706243,0.2979718636841737,630.7000000000002,23,2255,13553.469968639416,0.14158871095608083,0.8195655620738862,0.9394323767242746,0.10714285714285714,1190.1382749535178,55.0606,25.0136,71.516667,20.933333,941.3259078038443,False,0,False,0,False,0
SAJED,TRYAR,24.0,15,13516.367356050918,1668.6275762373164,12.541755920803961,0.31206294389551303,630.7000000000002,21,2260,13516.367356050918,0.14158871095608083,0.8195655620738862,0.9394323767242746,0.6666666666666666,7385.032806239332,39.1667,21.466667,29.739117,40.7548,1253.4632078542918,False,0,False,0,False,0
EGALE,EGDAM,265.0,67,13510.456340920387,261.3871289387788,9.067449521250955,0.26370326363259433,630.6999999999999,150,2261,13510.456340920387,0.1415887109560805,0.8195655620738862,0.9394323767242746,0.18490566037735848,2047.4057830231498,29.86702,31.187057,31.757526,31.481673,98.55061772290155,False,0,False,0,False,0
BRSTS,USNYK,4.0,4,13501.255114181098,5071.250801235574,16.01645645194929,0.5179437133927929,630.7,3,2263,13501.255114181098,0.1415887109560806,0.8195655620738862,0.9394323767242746,0.5,5532.581868178381,-46.306133,-23.95,-74.049568,40.663452,4177.138934410938,False,0,False,0,True,1
CNLYG,TWTCH,50.0,4,13484.703961036805,820.9891586384301,14.64462464338601,0.47447272230801646,630.7,45,2264,13484.703961036805,0.1415887109560806,0.8195655620738862,0.9394323767242746,0.46,5083.735531364461,119.483333,34.733333,120.5,24.283333,629.6555193632338,False,0,False,0,False,0
BDCTG,CNNBO,15.0,8,13475.098243148115,3728.222806157949,14.377679568501394,0.4860487226776328,630.6999999999999,7,2265,13475.098243148115,0.1415887109560805,0.8195655620738862,0.9394323767242746,0.6,6626.235879387913,91.883333,22.35,121.683333,29.966667,1664.362165235282,False,0,False,0,False,0
ESALG,ITSPE,34.0,7,13460.764289304323,922.2671451707055,11.809178897038263,0.2399157072778147,630.7,23,2268,13460.764289304323,0.1415887109560806,0.8195655620738862,0.9394323767242746,0.5294117647058824,5840.459391551184,-5.433333,36.116667,9.816667,44.083333,845.9535866351338,False,0,False,0,False,0
FRDKK,FRLEH,102.0,58,13443.051735560633,188.16864675888877,9.996485096926824,0.23871257561409265,626.1319459575674,85,2270,13443.051735560633,0.1353260227410752,0.818249171385176,0.9389904951398395,0.7941176470588235,8735.10824925837,2.35,51.0667,0.094067,49.480233,128.70043221287222,False,0,False,0,False,0
CNDAL,JPTOK,60.0,12,13438.974420133716,1251.2396859489113,12.483815639197056,0.3391692615549312,630.7,56,2271,13438.974420133716,0.1415887109560806,0.8195655620738862,0.9394323767242746,0.38333333333333336,4222.079572661163,121.737442,38.978628,139.75,35.6667,881.1234373568117,False,0,False,0,False,0
KRBUS,SADMA,4.0,3,13437.562619427976,6302.846634215102,15.854894873514747,0.36181539825512415,630.6999999999999,4,2273,13437.562619427976,0.1415887109560805,0.8195655620738862,0.9394323767242746,1.0,11012.963561094532,129.052391,35.112607,50.206833,26.510212,3994.1911953270546,False,0,False,0,True,1
CNDAL,CNSHA,209.0,9,13435.475022091488,552.4651630108938,9.796006780425948,0.39812215674336926,627.8993018992819,147,2274,13435.475022091488,0.13775983129402625,0.8187607476934987,0.9391622193487843,1.0,11000.439574704953,121.737442,38.978628,121.46055,31.130717,471.3879196046679,False,0,False,0,False,0
CNTAI,VNHCM,33.0,9,13391.226435501452,1764.937196391949,14.38120363755594,0.5014270913701302,630.7,24,2276,13391.226435501452,0.1415887109560806,0.8195655620738862,0.9394323767242746,0.9090909090909091,9977.2618367913,121.211133,31.6506,106.710033,10.776988,1489.4080996984324,False,0,False,0,False,0
CNMWN,KRINC,42.0,11,13391.14603870874,1250.4006219823523,14.894100513457902,0.533206285637902,630.7,35,2277,13391.14603870874,0.1415887109560806,0.8195655620738862,0.9394323767242746,0.8571428571428571,9407.07611145242,113.862187,22.508158,126.607819,37.439929,1112.5316022826419,False,0,False,0,False,0
CIABI,PTSNS,5.0,5,13365.063712804887,2846.3178018422595,16.695661293021875,0.44876898072435784,629.1976450303621,4,2279,13365.063712804887,0.1395390553728557,0.8191347331020151,0.9392877575087608,1.0,10947.787897279859,-4.0267,5.3364,-8.866667,37.95,1975.9324595456362,False,0,False,0,False,0
MYTPP,OMSAL,8.0,8,13356.898284793415,3233.925051400461,14.990565147078831,0.3943558531663407,630.7,8,2282,13356.898284793415,0.1415887109560806,0.8195655620738862,0.9394323767242746,0.5,5473.426925170221,103.549576,1.327854,54.002781,16.946141,3071.2540095213335,False,0,False,0,False,0
CNFUN,HKHKG,172.0,32,13338.216037972903,422.04563613317805,12.654958816792087,0.3399421690697279,630.1469601404575,144,2285,13338.216037972903,0.1408353380307923,0.8194072062576729,0.9393792203782347,0.7093023255813954,7752.270357538797,119.308128,25.393912,114.181938,22.298785,337.2528526548179,False,0,False,0,False,0
EGPSA,MTMAL,44.0,18,13284.704410941447,986.8589343186873,11.76465666483601,0.31158503565239865,630.7000000000002,38,2286,13284.704410941447,0.14158871095608083,0.8195655620738862,0.9394323767242746,0.25,2721.9215593846657,32.319633,31.269083,14.539518,35.819159,929.1685052882317,False,0,False,0,False,0
USJAC,USNFK,34.0,24,13281.987968834104,641.353620369108,12.68852546394179,0.2668930974224837,630.2922010987548,30,2287,13281.987968834104,0.14103331906026095,0.819448821036309,0.9393931894867048,0.38235294117647056,4161.4947637362975,-81.377283,30.398817,-76.316667,36.85,462.4577303441198,False,0,False,0,False,0
ARBNA,COCTA,9.0,7,13281.01188170007,5221.562906484008,15.105446694605742,0.39955933022684337,630.7,4,2288,13281.01188170007,0.1415887109560806,0.8195655620738862,0.9394323767242746,0.7777777777777778,8465.84664157204,-58.362293,-34.592025,-75.540962,10.394286,2872.5669086645385,False,0,False,0,True,1
CNNBO,ZADUR,5.0,5,13278.85614326903,7236.587781533205,15.116665067199436,0.35257879698727235,629.7491761838954,3,2289,13278.85614326903,0.14029264273002606,0.8192931339909069,0.9393409289846454,0.6,6527.565399259974,121.683333,29.966667,31.041098,-29.877639,6298.638412906057,False,0,False,0,True,1
BEANT,EGDAM,11.0,7,13228.02905916324,3321.5315138529545,14.19260982459219,0.2964853090197704,630.7000000000002,3,2292,13228.02905916324,0.14158871095608083,0.8195655620738862,0.9394323767242746,0.18181818181818182,1971.1340129096038,4.4,51.2167,31.757526,31.481673,1691.565480895688,False,0,False,0,False,0
ESVAL,ILASD,10.0,9,13187.344547383862,1785.289139195736,17.623947287366114,0.4435766652721961,630.7,9,2298,13187.344547383862,0.1415887109560806,0.8195655620738862,0.9394323767242746,0.8,8646.314756990923,-0.316667,39.45,34.65,31.816667,1754.7912564294923,False,0,False,0,False,0
INNSA,TRBAM,12.0,6,13157.9712078304,4051.5767842785053,14.726496798794741,0.4498190342924751,630.7,8,2299,13157.9712078304,0.1415887109560806,0.8195655620738862,0.9394323767242746,0.5,5391.910034348766,72.9428,18.953883,28.678178,40.961688,2616.6893795463193,False,0,False,0,False,0
CNRIZ,TWKAO,52.0,5,13151.116985248971,989.6103712260319,13.021577366780987,0.41844077835000526,630.6999999999999,39,2301,13151.116985248971,0.1415887109560805,0.8195655620738862,0.9394323767242746,0.5769230769230769,6218.1937984125025,119.533333,35.35,120.260382,22.620829,765.211048245861,False,0,False,0,False,0
BJCOT,GHTEM,134.0,45,13129.706795402702,191.4322864816513,11.109316944918625,0.2722950143221739,630.7,51,2305,13129.706795402702,0.1415887109560806,0.8195655620738862,0.9394323767242746,0.3656716417910448,3934.8665742711746,2.428967,6.3469,0.016667,5.633333,150.28008492956334,False,0,False,0,False,0
DOCUC,PRSJU,163.0,24,13123.151933549012,263.556596258918,9.167407078871268,0.2660731381042274,630.7,145,2307,13123.151933549012,0.1415887109560806,0.8195655620738862,0.9394323767242746,0.2085889570552147,2243.433345278549,-69.629288,18.426403,-66.083333,18.45,201.9733258760413,False,0,False,0,False,0
CNLYG,CNWGQ,120.0,23,13111.445411099976,401.4606093172725,10.56086403672743,0.23086339522519073,630.7,64,2310,13111.445411099976,0.1415887109560806,0.8195655620738862,0.9394323767242746,0.5166666666666667,5551.939382773769,119.483333,34.733333,121.617967,31.353633,229.58710926011943,False,0,False,0,False,0
EGALE,TRBAM,92.0,33,13070.532527667567,883.582882419946,11.28443470917722,0.3574650621319214,630.6254444825139,50,2312,13070.532527667567,0.1414872255205808,0.8195442302627302,0.9394252161338865,0.391304347826087,4191.6050293739845,29.86702,31.187057,28.678178,40.961688,589.6844010475456,False,0,False,0,False,0
CNNJG,KRGWA,133.0,5,13025.430566975068,614.989550877715,12.644655577792886,0.404474889513875,630.7,128,2314,13025.430566975068,0.1415887109560806,0.8195655620738862,0.9394323767242746,0.3157894736842105,3371.1139970138843,118.764874,32.137024,127.728767,34.866497,477.54665051787697,False,0,False,0,False,0
JPHKA,TWKAO,47.0,6,12981.268401098958,955.4037748523843,14.088526422344826,0.45986059475070323,630.7000000000002,45,2319,12981.268401098958,0.14158871095608083,0.8195655620738862,0.9394323767242746,0.6595744680851063,7017.213117892297,130.383333,33.616667,120.260382,22.620829,849.353231580996,False,0,False,0,False,0
CNYAN,JPTOK,53.0,9,12975.238921284106,1236.7815605774254,13.637416499386497,0.45064273405551303,630.7,53,2320,12975.238921284106,0.1415887109560806,0.8195655620738862,0.9394323767242746,0.9811320754716981,10433.416357309228,121.4,37.55,139.75,35.6667,890.1548557856845,False,0,False,0,False,0
IDSUR,MYTPP,58.0,21,12968.52520370795,838.1691578770703,13.344705221816174,0.3877159606840075,630.6152848597592,50,2322,12968.52520370795,0.14147339432091244,0.8195413230028072,0.9394242402346857,0.8103448275862069,8612.541176440982,112.731533,-7.1937,103.549576,1.327854,751.2203082072689,False,0,False,0,False,0
CNJIN,CNSTO,47.0,7,12962.563228185494,1272.3577571570859,11.329554899393205,0.3962830123209768,630.7000000000003,16,2325,12962.563228185494,0.14158871095608094,0.8195655620738862,0.9394323767242746,1.0,10623.670418026133,121.066667,40.783333,116.733333,23.333333,1070.2709177006227,False,0,False,0,False,0
CNFUN,CNSHE,41.0,14,12957.173871331886,451.99010427573063,12.303659151755815,0.226381614431404,630.6999999999999,30,2326,12957.173871331886,0.1415887109560805,0.8195655620738862,0.9394323767242746,0.0975609756097561,1036.02473041436,119.308128,25.393912,113.8943,22.467416,345.11493486083083,False,0,False,0,False,0
CNWGQ,EGSOK,5.0,5,12949.074131928824,7136.666290044153,14.911505364390505,0.4249383298401502,630.7,5,2327,12949.074131928824,0.1415887109560806,0.8195655620738862,0.9394323767242746,0.4,4245.046087708267,121.617967,31.353633,32.33,29.58,4477.154483142506,False,0,False,0,True,1
EGPSA,NLROT,13.0,5,12933.830336696908,3367.535110503714,13.306158245611547,0.32101501392763393,630.7,11,2328,12933.830336696908,0.1415887109560806,0.8195655620738862,0.9394323767242746,0.5384615384615384,5707.757962126383,32.319633,31.269083,4.03038,52.002215,1756.908687817163,False,0,False,0,False,0
PABAL,USSAV,19.0,15,12923.265093883252,1648.4642574746192,12.632141121530065,0.2509770590119779,630.7,10,2330,12923.265093883252,0.1415887109560806,0.8195655620738862,0.9394323767242746,0.21052631578947367,2229.7816885259494,-79.57037,8.954178,-81.0833,32.0833,1391.2361381042715,False,0,False,0,False,0
DEBHN,DEWVN,205.0,85,12904.493387189319,97.23584352990581,9.3450557365531,0.24051485940733164,630.5688606427366,197,2333,12904.493387189319,0.1414101872265736,0.8195280371377616,0.9394197804803383,0.624390243902439,6603.297801903133,8.548651,53.563407,8.170278,53.541667,13.559204875486717,False,0,False,0,False,0
PHMAN,VNHCM,54.0,13,12884.876535263098,927.7707830306035,13.678234278364327,0.44658246124396056,630.5241250166138,31,2334,12884.876535263098,0.1413492703618049,0.8195152326693266,0.9394154823195806,0.46296296296296297,4888.589162829483,120.94162,14.596732,106.710033,10.776988,864.3091555938056,False,0,False,0,False,0
ESALG,SAJED,8.0,7,12883.929239619101,2690.0072729836143,14.396410017693071,0.2834772899394427,630.7,7,2335,12883.929239619101,0.1415887109560806,0.8195655620738862,0.9394323767242746,0.625,6599.515443117879,-5.433333,36.116667,39.1667,21.466667,2481.0719484379815,False,0,False,0,False,0
CNNSA,JPHKA,46.0,6,12859.509618439375,1210.1407781624173,14.530454257888652,0.47552044056415477,630.1444997796536,44,2336,12859.509618439375,0.1408319834747197,0.8194065011441136,0.9393789836880944,1.0,10537.165782874485,113.682083,22.64515,130.383333,33.616667,1100.1018242871457,False,0,False,0,False,0
CNNBO,JPKOB,68.0,29,12821.361278207618,850.0072173281287,12.715082233554414,0.33772991757024245,630.6323544576375,40,2341,12821.361278207618,0.1414966324307606,0.8195462075556346,0.9394258798648967,0.8382352941176471,8807.92333296435,121.683333,29.966667,135.237233,34.685033,742.908782894505,False,0,False,0,False,0
CNDAL,CNZOS,10.0,10,12820.606038639824,879.7054044514153,9.062210935975806,0.21304933102980672,630.7,5,2342,12820.606038639824,0.1415887109560806,0.8195655620738862,0.9394323767242746,0.5,5253.663597092854,121.737442,38.978628,122.099218,30.006902,538.9625056513249,False,0,False,0,False,0
JPOSK,TWKEE,51.0,20,12815.40138621762,941.8940703084714,14.909090830681636,0.49763024385271315,630.7,51,2343,12815.40138621762,0.1415887109560806,0.8195655620738862,0.9394323767242746,0.6666666666666666,7002.041093531935,135.433333,34.65,121.7559,25.15113,910.566764796132,False,0,False,0,False,0
KRGWA,MYPKE,15.0,13,12763.633438857267,2715.446905173775,13.76195631428054,0.29653128241823257,630.7,13,2345,12763.633438857267,0.1415887109560806,0.8195655620738862,0.9394323767242746,0.4666666666666667,4881.629392930316,127.728767,34.866497,101.34485,3.00525,2412.6365057977755,False,0,False,0,False,0
USNYK,ZAPLZ,4.0,3,12705.661908957329,7291.267934850001,14.333325143238048,0.4505631406570101,630.7,4,2350,12705.661908957329,0.1415887109560806,0.8195655620738862,0.9394323767242746,0.75,7809.842207951535,-74.049568,40.663452,25.6372,-33.9618,7086.365068463755,False,0,False,0,True,1
INCHN,INMUN,26.0,4,12644.568928455872,1872.734606886784,14.359437059684291,0.30501388615174346,630.7,17,2355,12644.568928455872,0.1415887109560806,0.8195655620738862,0.9394323767242746,0.038461538461538464,398.57897080892053,80.3,13.1,69.7,22.766667,838.0034655977964,False,0,False,0,False,0
CNNJG,CNTAI,585.0,129,12602.30995832842,152.69210995441307,8.877906983402815,0.2584349780045826,630.4597391716335,417,2357,12602.30995832842,0.14126158045976078,0.8194968006212058,0.9394092951118634,0.7965811965811965,8226.734280580677,118.764874,32.137024,121.211133,31.6506,128.0716184073469,False,0,False,0,False,0
KHSSK,MYTPP,102.0,7,12598.760435338958,644.408271834011,13.010019056047579,0.3813906490692549,630.7000000000002,79,2358,12598.760435338958,0.14158871095608083,0.8195655620738862,0.9394323767242746,0.11764705882352941,1214.7659032497427,103.504086,10.605101,103.549576,1.327854,557.0167930410321,False,0,False,0,False,0
MYTPP,ZAPLZ,5.0,5,12596.925205187694,5399.17461370382,13.751901819929186,0.3552387480339504,630.6999999999999,5,2359,12596.925205187694,0.1415887109560805,0.8195655620738862,0.9394323767242746,0.6,6194.403651715414,103.549576,1.327854,25.6372,-33.9618,4848.442062871843,False,0,False,0,True,1
CNSHA,CNXIA,191.0,19,12569.18298201464,587.6601750615407,9.15130123792469,0.36502578441992667,630.7,138,2365,12569.18298201464,0.1415887109560806,0.8195655620738862,0.9394323767242746,1.0,10301.269515464353,121.46055,31.130717,118.042517,24.44535,440.4623223813575,False,0,False,0,False,0
CNCGM,CNNBO,24.0,22,12560.604924810195,267.4440573828978,10.339032689803224,0.2027586052919324,628.9582465939887,13,2367,12560.604924810195,0.13921154077897036,0.8190658909136439,0.9392646487952654,0.5833333333333334,6001.311786839814,121.382233,31.619333,121.683333,29.966667,100.43453643466162,False,0,False,0,False,0
EGALE,ESVAL,15.0,14,12549.729979947766,1596.704232362606,16.293933095147104,0.41085596731092255,630.6999999999998,10,2370,12549.729979947766,0.1415887109560804,0.8195655620738861,0.9394323767242746,0.4666666666666667,4799.819035615982,29.86702,31.187057,-0.316667,39.45,1551.1234544937608,False,0,False,0,False,0
HKHKG,INMUN,6.0,5,12545.762537806366,4319.2998256475385,16.257706940869912,0.4452687658960403,629.0711332695007,6,2371,12545.762537806366,0.1393660090772938,0.8190983594994385,0.9392755477405849,0.8333333333333334,8563.511261155589,114.181938,22.298785,69.7,22.766667,2457.4077688076854,False,0,False,0,False,0
CNTAI,CNTJN,70.0,16,12522.082338246333,844.1295124413033,10.810260281683869,0.53740332823957,630.6331735306163,50,2373,12522.082338246333,0.14149774746393706,0.8195464419309125,0.9394259585391991,0.9,9236.185223288134,121.211133,31.6506,117.8143,38.97075,469.8570291449193,False,0,False,0,False,0
MTMAL,TRBAM,42.0,22,12517.231072226776,869.4923705102943,12.115986365119936,0.31513560712157884,630.7,38,2374,12517.231072226776,0.1415887109560806,0.8195655620738862,0.9394323767242746,0.42857142857142855,4396.582079707821,14.539518,35.819159,28.678178,40.961688,732.3309787297273,False,0,False,0,False,0
OMSOH,SADMA,48.0,25,12503.3474926873,539.9791087097651,13.325308495544059,0.3216058936342449,630.7,33,2375,12503.3474926873,0.1415887109560806,0.8195655620738862,0.9394323767242746,0.5833333333333334,5977.599259128807,56.625595,24.507768,50.206833,26.510212,367.9500795672638,False,0,False,0,False,0
CNYTN,VNHCM,54.0,24,12491.77169411453,975.8384049355941,13.250791842378224,0.34076485458505623,630.6999999999998,50,2377,12491.77169411453,0.1415887109560804,0.8195655620738861,0.9394323767242746,0.9074074074074074,9289.879048138819,114.263091,22.566543,106.710033,10.776988,830.0055413440166,False,0,False,0,False,0
DEBHN,EGALE,9.0,5,12450.032911694525,3502.9733439883667,15.821530140642789,0.5498388996048718,630.7,8,2380,12450.032911694525,0.1415887109560806,0.8195655620738862,0.9394323767242746,0.6666666666666666,6802.412147407536,8.548651,53.563407,29.86702,31.187057,1629.1819661601803,False,0,False,0,False,0
CNTJN,PHDAV,22.0,8,12441.62197155483,2255.6312779162504,14.121968110558573,0.43669877432395404,630.7,19,2383,12441.62197155483,0.1415887109560806,0.8195655620738862,0.9394323767242746,1.0,10196.724904228147,117.8143,38.97075,125.627031,7.073807,1961.2378435548837,False,0,False,0,False,0
BEANT,BSFRE,4.0,4,12436.699294011369,4166.654671362286,17.166442660251562,0.45334136692750837,630.6999999999999,3,2384,12436.699294011369,0.1415887109560805,0.8195655620738862,0.9394323767242746,0.5,5096.345223620166,4.4,51.2167,-78.6966,26.5285,3929.492744263102,False,0,False,0,False,0
CNNTG,CNYSN,765.0,78,12429.48824788457,120.87487906486976,6.359606428189207,0.23829335021359396,630.3914884870414,333,2385,12429.48824788457,0.1411686073056343,0.8194772580557466,0.9394027351294334,0.8888888888888888,9053.940398588955,120.81025,32.00315,122.066667,30.633333,104.48330293478736,False,0,False,0,False,0
KRBUS,THLCB,16.0,12,12403.006644098099,2586.4655925900447,14.544329488511785,0.4069118097197465,630.130346287721,15,2388,12403.006644098099,0.14081268551888826,0.8194024447950674,0.9393776220665341,1.0,10163.053966983447,129.052391,35.112607,100.886078,13.056152,2020.292728900545,False,0,False,0,False,0
CNJIN,CNNTG,127.0,12,12340.756385509407,731.7383719900133,10.216438237170859,0.5190594010407505,630.7000000000002,53,2392,12340.756385509407,0.14158871095608083,0.8195655620738862,0.9394323767242746,1.0,10114.058943506918,121.066667,40.783333,120.81025,32.00315,527.3111274663465,False,0,False,0,False,0
CNSHE,CNYTN,246.0,82,12339.181297643561,107.4199413906447,8.048805396448582,0.21297884619236304,629.9898612969024,215,2393,12339.181297643561,0.14062109049585436,0.8193621723280906,0.9393641035407123,0.5,5055.129196393688,113.8943,22.467416,114.263091,22.566543,21.30265816948948,False,0,False,0,False,0
CNNBO,USHNL,4.0,4,12327.879408361456,4386.263837991361,18.949500968923523,0.5509392681818469,630.6999999999999,2,2394,12327.879408361456,0.1415887109560805,0.8195655620738862,0.9394323767242746,0.25,2525.876354123211,121.683333,29.966667,-157.868643,21.300094,4299.866032855198,False,0,False,0,False,0
HKHKG,TWTCH,102.0,26,12318.652971089583,404.7089975295435,14.1361778086854,0.4545854248075727,630.0392340577697,101,2395,12318.652971089583,0.14068843536439546,0.8193763279358481,0.9393688552473585,0.6176470588235294,6234.29015787987,114.181938,22.298785,120.5,24.283333,368.1850091715088,False,0,False,0,False,0
CNYSN,THLCB,8.0,8,12300.890679431388,2593.1284320596023,14.770895114402595,0.4182980055628615,627.5692729843369,8,2397,12300.890679431388,0.1373063926067769,0.818665436791007,0.9391302257066474,0.5,5035.157020497562,122.066667,30.633333,100.886078,13.056152,1577.5037825149573,False,0,False,0,False,0
CNSHE,KHSSK,45.0,4,12290.968786473426,1262.791513271685,14.180071395565502,0.441655045351493,630.7000000000002,27,2399,12290.968786473426,0.14158871095608083,0.8195655620738862,0.9394323767242746,0.3111111111111111,3133.901475263591,113.8943,22.467416,103.504086,10.605101,929.0850323800945,False,0,False,0,False,0
ESALG,USHOU,6.0,6,12253.199576858564,5001.624401932896,15.549168228117567,0.3522381721616398,630.7,6,2402,12253.199576858564,0.1415887109560806,0.8195655620738862,0.9394323767242746,0.16666666666666666,1673.7167330685988,-5.433333,36.116667,-94.97475,29.6069,4366.912048122757,False,0,False,0,True,1
LKCOL,THLCB,13.0,6,12222.888074752927,2403.8944935934787,15.161652618109487,0.2558828528461357,630.6999999999998,13,2406,12222.888074752927,0.1415887109560804,0.8195655620738861,0.9394323767242746,0.6923076923076923,6935.163324335364,79.85,6.95,100.886078,13.056152,1295.8969579993293,False,0,False,0,False,0
MXVER,NLROT,5.0,5,12184.621861504645,5319.844542895485,16.403143879715778,0.48176934850209,630.7,4,2408,12184.621861504645,0.1415887109560806,0.8195655620738862,0.9394323767242746,0.2,1997.2192929163634,-96.1333,19.2,4.03038,52.002215,4862.818531617941,False,0,False,0,True,1
BEANT,DEWVN,51.0,41,12172.458618879913,397.22709771368244,10.32391849969965,0.2444719263046957,630.7,39,2410,12172.458618879913,0.1415887109560806,0.8195655620738862,0.9394323767242746,0.5098039215686274,5085.869120291947,4.4,51.2167,8.170278,53.541667,196.36797761508197,False,0,False,0,False,0
CNBYQ,CNNTG,70.0,11,12126.995546290542,715.0591357263775,10.017502640717709,0.5299801391564696,630.7000000000002,41,2417,12126.995546290542,0.14158871095608083,0.8195655620738862,0.9394323767242746,0.9857142857142858,9796.884093717936,122.0684,40.268517,120.81025,32.00315,499.9755370411634,False,0,False,0,False,0
CNHPU,CNHPU,567.0,136,12107.633230429881,459.5593731245628,6.063718049381248,0.27722389186450636,629.0501728126593,130,2421,12107.633230429881,0.1393373320616873,0.8190923317115257,0.9392735243530781,0.798941798941799,7923.321162261034,113.470483,23.077133,113.470483,23.077133,0.0,False,0,False,0,False,0
CNNSA,CNSTO,254.0,75,12090.956954669045,315.4249594519736,11.338336355674832,0.3746199678909783,630.7,154,2423,12090.956954669045,0.1415887109560806,0.8195655620738862,0.9394323767242746,0.7244094488188977,7178.413683432551,113.682083,22.64515,116.733333,23.333333,173.6318275429825,False,0,False,0,False,0
EGPSA,FRFOS,11.0,8,12046.01294299642,1741.5775338183282,12.840000109223796,0.26149883282086395,630.7,11,2427,12046.01294299642,0.1415887109560806,0.8195655620738862,0.9394323767242746,0.09090909090909091,897.4997607614699,32.319633,31.269083,4.871235,43.408352,1489.3340591966355,False,0,False,0,False,0
ESBAR,TRBAM,40.0,14,11971.167909987764,1484.027277973838,14.618237279605038,0.4826953065470929,630.7,32,2434,11971.167909987764,0.1415887109560806,0.8195655620738862,0.9394323767242746,0.075,735.8367717622493,2.166667,41.35,28.678178,40.961688,1194.012412063449,False,0,False,0,False,0
CNCGM,SGSGP,7.0,7,11969.99432235106,2327.972954378249,14.9320969919523,0.24670231427815312,630.7,7,2435,11969.99432235106,0.1415887109560806,0.8195655620738862,0.9394323767242746,0.42857142857142855,4204.369339208088,121.382233,31.619333,103.802776,1.248823,2078.133691935554,False,0,False,0,False,0
LBBRT,SAJED,18.0,14,11964.61278630165,1071.276846855873,12.193318479079409,0.26568909183898665,625.314542853399,18,2436,11964.61278630165,0.13419573207187063,0.818011589046507,0.9389107443020788,0.5,4893.595958824384,35.516567,33.904758,39.1667,21.466667,771.4149089614617,False,0,False,0,False,0
CRPMN,PACRI,62.0,24,11940.38940872928,258.9489850346452,7.575007202235862,0.21586097766125054,630.7,49,2437,11940.38940872928,0.1415887109560806,0.8195655620738862,0.9394323767242746,0.11290322580645161,1104.8632854842585,-83.090115,10.006213,-79.916667,9.35,191.90965360264616,False,0,False,0,False,0
BRSTS,NAWVB,5.0,5,11931.2004944075,3491.422615568892,13.932247855110925,0.2816448349972342,630.7,5,2439,11931.2004944075,0.1415887109560806,0.8195655620738862,0.9394323767242746,0.6,5867.040623649187,-46.306133,-23.95,14.5,-22.95,3322.3612323256148,False,0,False,0,False,0
CNNSA,EGALE,8.0,7,11906.404516789415,6939.108384320373,13.014675840807586,0.3151665125008161,630.7,4,2440,11906.404516789415,0.1415887109560806,0.8195655620738862,0.9394323767242746,0.125,1219.7598887601966,113.682083,22.64515,29.86702,31.187057,4411.449795482976,False,0,False,0,True,1
JMKIN,PECAL,26.0,9,11897.770999438739,2225.206386087922,12.383483448742867,0.3556637793855142,629.8253876356486,25,2441,11897.770999438739,0.14039667084173224,0.8193150002618934,0.9393482689807059,0.8076923076923077,7873.402586151657,-76.7936,17.997,-77.15,-12.05,1804.1593476340267,False,0,False,0,False,0
CNTJN,CNWEN,85.0,12,11878.62987090214,908.1215569740237,11.183051738017708,0.4864350004472108,630.4510238484407,43,2444,11878.62987090214,0.14124970930311065,0.8194943053540709,0.9394084575090115,0.9294117647058824,9047.330508640378,117.8143,38.97075,120.666189,28.032743,671.9575825582439,False,0,False,0,False,0
CNTAI,JPKOB,69.0,20,11862.944769578802,831.5375215321719,14.093010651657984,0.4864953454562013,630.7,58,2445,11862.944769578802,0.1415887109560806,0.8195655620738862,0.9394323767242746,0.5652173913043478,5495.304042309006,121.211133,31.6506,135.237233,34.685033,727.3946321872247,False,0,False,0,False,0
MTMAL,NLROT,10.0,7,11833.768485178049,2466.0358125147386,14.110765860241681,0.32500089284140354,630.7,10,2447,11833.768485178049,0.1415887109560806,0.8195655620738862,0.9394323767242746,0.4,3879.4196480028754,14.539518,35.819159,4.03038,52.002215,1070.1465836125326,False,0,False,0,False,0
ITGIT,TRYAR,13.0,12,11824.580299833626,920.6161625402436,11.024698507737575,0.2723887107666514,630.7,13,2449,11824.580299833626,0.1415887109560806,0.8195655620738862,0.9394323767242746,0.9230769230769231,8945.555815127029,15.909341,38.462848,29.739117,40.7548,653.5980237162621,False,0,False,0,False,0
ESBAR,MTMAL,31.0,26,11817.854859240148,708.6304392789864,12.688325974744961,0.30383211710307645,622.9613528613569,27,2451,11817.854859240148,0.13092522110197224,0.8173241414137503,0.9386799842003978,0.4838709677419355,4673.718423958438,2.166667,41.35,14.539518,35.819159,667.9862658315308,False,0,False,0,False,0
CNWGQ,SADMA,4.0,3,11812.571508699442,6030.012682946867,14.5029136354906,0.3827434825191178,630.7,4,2452,11812.571508699442,0.1415887109560806,0.8195655620738862,0.9394323767242746,0.5,4840.588404032616,121.617967,31.353633,50.206833,26.510212,3697.6093466349134,False,0,False,0,True,1
CNDAL,VNHCM,17.0,4,11809.308089147962,2164.0865773564988,15.63663826213293,0.42612694530626516,630.7,16,2453,11809.308089147962,0.1415887109560806,0.8195655620738862,0.9394323767242746,0.29411764705882354,2846.618300525365,121.737442,38.978628,106.710033,10.776988,1874.526248898646,False,0,False,0,False,0
CNDCB,THLCB,35.0,4,11808.260049525463,1503.3742871398852,14.483043542492366,0.5067753102768578,630.6999999999999,35,2454,11808.260049525463,0.1415887109560805,0.8195655620738862,0.9394323767242746,0.6571428571428571,6359.594158454025,113.852567,22.533467,100.886078,13.056152,933.4884952800243,False,0,False,0,False,0
CIABI,ZADUR,5.0,5,11790.773173418933,4995.114213256954,10.513539916157711,0.306304476303254,630.7000000000002,3,2457,11790.773173418933,0.14158871095608083,0.8195655620738862,0.9394323767242746,0.2,1932.6623286317572,-4.0267,5.3364,31.041098,-29.877639,2922.6721132008,False,0,False,0,False,0
COCTA,MATAN,11.0,8,11687.720876146417,4208.362703494096,14.773086348927638,0.4755862635082218,630.6999999999999,10,2462,11687.720876146417,0.1415887109560805,0.8195655620738862,0.9394323767242746,0.45454545454545453,4354.0243314643785,-75.540962,10.394286,-5.797516,35.789733,4056.2061245024715,False,0,False,0,False,0
ECGYL,MXLCS,8.0,7,11637.789488219103,1905.9735124256565,12.403579066534668,0.3194465842427338,629.8315830858799,8,2467,11637.789488219103,0.14040512648255354,0.8193167776019848,0.9393488655922304,0.75,7151.277136423445,-79.930086,-2.257278,-102.166667,17.883333,1786.695745073076,False,0,False,0,False,0
MYPKE,NZAKL,4.0,3,11624.268743038876,5265.227325671905,17.055603122591197,0.34389329461905954,630.7,2,2468,11624.268743038876,0.1415887109560806,0.8195655620738862,0.9394323767242746,0.25,2381.712586521641,101.34485,3.00525,174.769478,-36.840752,4723.034001119975,False,0,False,0,True,1
CNYTN,THLCB,12.0,11,11608.1515120689,1571.6991922493416,15.594794113619697,0.41382625111813093,630.6999999999999,12,2470,11608.1515120689,0.1415887109560805,0.8195655620738862,0.9394323767242746,0.6666666666666666,6342.427479085052,114.263091,22.566543,100.886078,13.056152,953.28496487916,False,0,False,0,False,0
HKHKG,PHBAT,48.0,8,11574.746808959511,712.3475238799336,13.693696500566956,0.4600875592033374,630.7,48,2473,11574.746808959511,0.1415887109560806,0.8195655620738862,0.9394323767242746,0.6666666666666666,6324.175916231881,114.181938,22.298785,121.05,13.75,645.6138200439897,False,0,False,0,False,0
CNYTN,INMUN,5.0,4,11538.599482883035,4336.713984119492,16.856265632135507,0.5171648109528463,628.3871881587053,5,2476,11538.599482883035,0.13842928340661176,0.8189014637082977,0.9392094544258082,1.0,9448.976005676725,114.263091,22.566543,69.7,22.766667,2459.23067999169,False,0,False,0,False,0
CNTJN,CNYAN,228.0,33,11534.210400415437,209.44120825003515,12.294056495760314,0.3377268292998111,630.7000000000002,209,2477,11534.210400415437,0.14158871095608083,0.8195655620738862,0.9394323767242746,0.5570175438596491,5265.5100306870945,117.8143,38.97075,121.4,37.55,189.3271428828401,False,0,False,0,False,0
MYTPP,MYTPP,57.0,41,11521.984170575128,1610.7498920622631,8.817404269877349,0.3415186300340907,630.7,28,2478,11521.984170575128,0.1415887109560806,0.8195655620738862,0.9394323767242746,0.543859649122807,5135.678323190852,103.549576,1.327854,103.549576,1.327854,0.0,False,0,False,0,False,0
FRDKK,NLROT,134.0,56,11517.181058020466,159.10976027315712,9.906909923560582,0.2755067957358921,592.6990492609805,106,2479,11517.181058020466,0.08655159701191328,0.8079969925008418,0.9355490783262931,0.6716417910447762,6250.196187515955,2.35,51.0667,4.03038,52.002215,84.21924406410665,False,0,False,0,False,0
CNLYG,JPKOB,63.0,14,11507.497570280992,893.60235032267,14.015210137490314,0.43392785670016043,630.4434530893882,58,2480,11507.497570280992,0.1412393968928456,0.8194921377288619,0.9394077298878957,0.9047619047619048,8532.179613895516,119.483333,34.733333,135.237233,34.685033,776.763611781653,False,0,False,0,False,0
CNQUA,CNSTO,320.0,24,11497.082499444348,172.05165586367968,10.865607700340782,0.2862109507543925,630.7000000000002,223,2482,11497.082499444348,0.14158871095608083,0.8195655620738862,0.9394323767242746,0.93125,8774.808245307346,118.682805,24.833576,116.733333,23.333333,139.75358254663408,False,0,False,0,False,0
CNHPU,CNTAI,74.0,5,11491.136125117993,944.3012726126689,9.706965632592151,0.2824925563824813,630.5126973627056,69,2483,11491.136125117993,0.14133370784671617,0.8195119614941934,0.93941438426255,1.0,9417.12350569223,113.470483,23.077133,121.211133,31.6506,659.321912632753,False,0,False,0,False,0
JPKOB,JPSZU,110.0,36,11481.325209876142,294.6902346463549,14.09505969889212,0.336127052404788,630.7000000000003,104,2484,11481.325209876142,0.14158871095608094,0.8195655620738862,0.9394323767242746,0.6363636363636364,5987.990112990595,135.237233,34.685033,138.501892,35.025498,162.13293134242036,False,0,False,0,False,0
CNYTN,VNDAN,70.0,20,11473.374121696192,615.426575504795,14.036260881453492,0.39377565103728085,630.7000000000002,68,2485,11473.374121696192,0.14158871095608083,0.8195655620738862,0.9394323767242746,0.37142857142857144,3492.610572631856,114.263091,22.566543,108.230438,16.111792,516.5412294105098,False,0,False,0,False,0
MXMAN,USLGB,14.0,13,11449.15231175856,1261.4621918072826,14.902817880195206,0.4230800186247066,630.7,13,2490,11449.15231175856,0.1415887109560806,0.8195655620738862,0.9394323767242746,1.0,9383.330949655938,-104.293756,19.073908,-118.217354,33.74561,1153.550461225875,False,0,False,0,False,0
ESLPA,GHTEM,9.0,8,11395.82680865366,2333.1028345122986,13.68797426573676,0.33656960592285967,630.7,5,2493,11395.82680865366,0.1415887109560806,0.8195655620738862,0.9394323767242746,0.3333333333333333,3113.209067910299,-15.4167,28.15,0.016667,5.633333,1612.577034283729,False,0,False,0,False,0
CNYTN,PAMIT,4.0,4,11378.025301691416,12084.994995238398,12.821994479290852,0.22300238520591056,630.7,4,2495,11378.025301691416,0.1415887109560806,0.8195655620738862,0.9394323767242746,1.0,9325.037701671623,114.263091,22.566543,-79.88466,9.361132,8717.459749384529,False,0,True,1,True,2
SGSGP,VNDAN,50.0,15,11366.057570645513,1062.5283529831402,13.169966874517533,0.4248252031177574,630.7,42,2497,11366.057570645513,0.1415887109560806,0.8195655620738862,0.9394323767242746,0.22,2049.350459519053,103.802776,1.248823,108.230438,16.111792,930.0462619121761,False,0,False,0,False,0
JPYOK,SGSGP,9.0,7,11342.078030296838,2937.1304983094665,14.961270568823682,0.3545440002313398,630.7,8,2500,11342.078030296838,0.1415887109560806,0.8195655620738862,0.9394323767242746,0.6666666666666666,6197.0510373240695,139.679832,35.450183,103.802776,1.248823,2866.0746323724456,False,0,False,0,False,0
GBFEL,PTSNS,15.0,10,11339.939357859324,1181.2715796278521,12.942609352827281,0.3168467205504584,629.6937727344846,13,2501,11339.939357859324,0.1402170015927955,0.8192772345424089,0.9393355919114237,0.26666666666666666,2477.481108529495,1.3,51.933333,-8.866667,37.95,942.1239485778189,False,0,False,0,False,0
BJCOT,NGLAG,109.0,47,11339.778285070113,106.13899249592431,8.488382717340793,0.22223381946701462,630.6999999999999,68,2502,11339.778285070113,0.1415887109560805,0.8195655620738862,0.9394323767242746,0.3944954128440367,3666.318769283116,2.428967,6.3469,3.3833,6.45,57.27714103978306,False,0,False,0,False,0
CNYSN,JPNAG,38.0,15,11331.979433368966,970.0276470061594,10.609330311031886,0.26898895069015305,630.7,33,2506,11331.979433368966,0.1415887109560806,0.8195655620738862,0.9394323767242746,0.4473684210526316,4154.8447787689165,122.066667,30.633333,136.866667,35.066667,791.5686357541916,False,0,False,0,False,0
PHBAT,PHDAV,58.0,14,11331.680924089433,795.2040723410829,14.20081700204523,0.4997970349359792,630.7,58,2507,11331.680924089433,0.1415887109560806,0.8195655620738862,0.9394323767242746,0.9655172413793104,8966.81215455904,121.05,13.75,125.627031,7.073807,483.3571443812451,False,0,False,0,False,0
CNJIN,CNYAN,192.0,14,11318.613055045265,218.3125250364171,9.165193261065385,0.2147712423826329,630.7,114,2508,11318.613055045265,0.1415887109560806,0.8195655620738862,0.9394323767242746,0.9947916666666666,9228.031171030234,121.066667,40.783333,121.4,37.55,194.74944082931097,False,0,False,0,False,0
CNQUA,VNHCM,34.0,9,11277.101759385938,1198.5776532073774,14.334974635185098,0.40041228318150124,630.6999999999999,34,2510,11277.101759385938,0.1415887109560805,0.8195655620738862,0.9394323767242746,0.5882352941176471,5436.66131882091,118.682805,24.833576,106.710033,10.776988,1085.1076914817543,False,0,False,0,False,0
CNQUA,CNXIA,872.0,54,11274.587324970547,67.82760656705591,8.230278911416566,0.23455967166862499,630.7,481,2511,11274.587324970547,0.1415887109560806,0.8195655620738862,0.9394323767242746,0.8715596330275229,8053.440663517036,118.682805,24.833576,118.042517,24.44535,42.003792592343544,False,0,False,0,False,0
CNQIN,EGSOK,6.0,6,11256.283923941559,7681.332742398205,12.955664168247626,0.4179903410487855,630.7,3,2512,11256.283923941559,0.1415887109560806,0.8195655620738862,0.9394323767242746,0.5,4612.631330494207,120.2667,36.0333,32.33,29.58,4298.690700283606,False,0,False,0,True,1
PHMAN,VNCMP,39.0,7,11231.287715034401,932.4135029721165,8.32036116367719,0.21306909360301363,630.7,36,2515,11231.287715034401,0.1415887109560806,0.8195655620738862,0.9394323767242746,0.717948717948718,6608.557579784607,120.94162,14.596732,107.012844,10.522075,851.8700012193967,False,0,False,0,False,0
CNHPU,CNNBO,148.0,13,11215.961577351742,820.6180094924366,8.64720151789391,0.2466729370403796,630.5825298547713,83,2517,11215.961577351742,0.14142879897943073,0.8195319492498323,0.9394210936849173,0.9932432432432432,9129.731834913173,113.470483,23.077133,121.683333,29.966667,604.3982805602227,False,0,False,0,False,0
DOCUC,MXMAN,4.0,4,11196.84722729331,3003.664923119383,10.431855689315118,0.3475263778210928,628.0429056459478,4,2519,11196.84722729331,0.13795698489235353,0.8188021885495933,0.9391761300755226,1.0,9168.003014563208,-69.629288,18.426403,-104.293756,19.073908,1967.9764056632148,False,0,False,0,False,0
CNWGQ,KRULS,55.0,16,11165.06246142393,951.5992590452234,10.099886049311317,0.30416870713513194,630.6999999999998,40,2520,11165.06246142393,0.1415887109560804,0.8195655620738861,0.9394323767242746,0.9636363636363636,8817.755212085605,121.617967,31.353633,129.369164,35.462441,459.9606689139128,False,0,False,0,False,0
CIABI,NGLAG,35.0,25,11159.14492305892,591.1065971682832,10.549566907694713,0.2545589506377693,630.7000000000002,26,2522,11159.14492305892,0.14158871095608083,0.8195655620738862,0.9394323767242746,0.4,3658.260352452295,-4.0267,5.3364,3.3833,6.45,447.5604419866466,False,0,False,0,False,0
LKCOL,ZACPT,4.0,4,11156.251202942633,4771.769876600981,14.00136359648774,0.3069518310822173,630.7,4,2523,11156.251202942633,0.1415887109560806,0.8195655620738862,0.9394323767242746,0.25,2285.819821944287,79.85,6.95,18.437805,-33.905756,4258.677178682915,False,0,False,0,False,0
NAWVB,TGLOM,13.0,9,11128.684912182254,1935.8087219602019,15.46292408932291,0.35733629296406516,630.7000000000002,6,2528,11128.684912182254,0.14158871095608083,0.8195655620738862,0.9394323767242746,0.23076923076923078,2104.7739011990366,14.5,-22.95,1.286945,6.137824,1910.9511969741247,False,0,False,0,False,0
DJDJI,INMUN,27.0,20,11110.786270308678,1661.3254523229195,12.604704454979869,0.32464119977654055,630.0095115186515,7,2532,11110.786270308678,0.14064789483107387,0.8193678064864724,0.9393659947959864,0.5555555555555556,5057.678097023798,43.133333,11.583333,69.7,22.766667,1661.3309203822337,False,0,False,0,False,0
MXALT,USNOL,24.0,10,11091.774760027216,824.0416020449709,13.295885480308243,0.2606939535038139,630.7,18,2534,11091.774760027216,0.1415887109560806,0.8195655620738862,0.9394323767242746,0.75,6817.8274616989875,-97.85,22.4833,-90.061119,29.923919,612.4937179793832,False,0,False,0,False,0
COCTA,USMOB,11.0,9,11057.635347133622,1528.8950786519138,13.157535065636122,0.31547794105676413,630.7,11,2539,11057.635347133622,0.1415887109560806,0.8195655620738862,0.9394323767242746,0.45454545454545453,4119.298694764381,-75.540962,10.394286,-88.1167,30.6833,1405.7507737924154,False,0,False,0,False,0
CNTJN,JPOSK,56.0,14,11055.275267710915,1065.4156902609932,14.389407718119173,0.5399399370589898,630.4153114653191,51,2540,11055.275267710915,0.14120106197676974,0.8194840798909427,0.9394050250600529,0.3392857142857143,3073.8003488093273,117.8143,38.97075,135.433333,34.65,884.1150387297153,False,0,False,0,False,0
CNZOS,CNZPU,830.0,56,11024.830483990921,64.43317149759206,7.419908137844555,0.23350972313328258,630.4235371944208,443,2544,11024.830483990921,0.14121226753462124,0.819486435252013,0.9394058156997092,0.9746987951807229,8806.110261879527,122.099218,30.006902,121.066951,30.583181,63.72479095494925,False,0,False,0,False,0
CNCGM,CNQIN,19.0,18,10981.455749485449,583.890607598628,11.60877565005149,0.26328025658444304,614.6005771731442,7,2546,10981.455749485449,0.11910268211889796,0.8148390935078141,0.937845811704732,0.7894736842105263,7064.304827610708,121.382233,31.619333,120.2667,36.0333,270.7876835596274,False,0,False,0,False,0
GRPIR,LBBRT,60.0,38,10980.866365791564,697.735938939239,12.545861922833456,0.29045122200166273,630.5901279861498,43,2547,10980.866365791564,0.14143914410932357,0.8195341237525693,0.9394218236146585,0.2833333333333333,2549.7718302876974,23.65,37.933333,35.516567,33.904758,625.0311500828094,False,0,False,0,False,0
HKHKG,TWTAP,65.0,16,10976.526631754808,470.8936349514343,15.408981587862714,0.45327167137079954,630.3347758468952,64,2549,10976.526631754808,0.14109133630998816,0.8194610160178734,0.9393972830569662,0.9538461538461539,8579.689404497116,114.181938,22.298785,121.37318,25.14978,430.6522339958889,False,0,False,0,False,0
CNSHA,CNWGQ,1312.0,101,10945.81588509393,146.3272785978157,3.224871165131913,0.20485966748703344,630.7,1239,2552,10945.81588509393,0.1415887109560806,0.8195655620738862,0.9394323767242746,0.895579268292683,8034.074812624642,121.46055,31.130717,121.617967,31.353633,15.634245532249773,False,0,False,0,False,0
CNNJG,CNQIZ,17.0,2,10943.902504687683,1423.388217540899,9.141964459601796,0.6040192554945766,630.7000000000002,14,2554,10943.902504687683,0.14158871095608083,0.8195655620738862,0.9394323767242746,1.0,8969.245607536172,118.764874,32.137024,108.6,21.683333,829.7541323351908,False,0,False,0,False,0
CNTJN,VNCMP,6.0,5,10937.173805655642,2371.1679009821073,16.307785492176507,0.35412565499503357,630.6999999999999,6,2556,10937.173805655642,0.1415887109560805,0.8195655620738862,0.9394323767242746,1.0,8963.730997531951,117.8143,38.97075,107.012844,10.522075,1803.4442375747735,False,0,False,0,False,0
CNZHA,HKHKG,659.0,55,10917.820399395594,245.77837265121838,8.526317065498718,0.3024413516388594,630.6999999999999,368,2558,10917.820399395594,0.1415887109560805,0.8195655620738862,0.9394323767242746,0.9742033383915023,8717.044447748156,110.407368,21.182277,114.181938,22.298785,220.9134625924303,False,0,False,0,False,0
CNTAI,JPHKA,141.0,14,10908.224528482628,534.2708204008051,12.37787846538488,0.44672496950336654,630.6999999999999,102,2560,10908.224528482628,0.1415887109560805,0.8195655620738862,0.9394323767242746,0.2978723404255319,2662.9802624850263,121.211133,31.6506,130.383333,33.616667,478.3650910450215,False,0,False,0,False,0
COCTA,PRSJU,35.0,5,10892.799543333871,878.2742642549592,10.360299069413925,0.33726220542057084,630.7,32,2562,10892.799543333871,0.1415887109560806,0.8195655620738862,0.9394323767242746,0.37142857142857144,3315.8778269650784,-75.540962,10.394286,-66.083333,18.45,731.9396749411842,False,0,False,0,False,0
CNNSA,CNNSA,1071.0,231,10889.038648670597,394.0688271604599,4.164430288271752,0.20570133567847076,630.6621034448419,240,2564,10889.038648670597,0.1415371289273113,0.8195547197486664,0.9394287372091306,0.6629318394024276,5916.111804678783,113.682083,22.64515,113.682083,22.64515,0.0,False,0,False,0,False,0
USJAC,USNYK,31.0,16,10884.534844452795,861.6231072499047,11.565781901550663,0.2859915603235927,629.6636259818749,27,2565,10884.534844452795,0.14017583728810734,0.8192685819789187,0.939332687448108,0.25806451612903225,2301.2535296812835,-81.377283,30.398817,-74.049568,40.663452,712.0963568180644,False,0,False,0,False,0
GBSOU,USSAV,5.0,4,10882.022453279482,3774.1747460131737,14.51880508988764,0.25092407887000356,630.6999999999999,3,2566,10882.022453279482,0.1415887109560805,0.8195655620738862,0.9394323767242746,0.6,5351.118509053588,-1.4,50.9,-81.0833,32.0833,3570.9802857940062,False,0,False,0,False,0
CNDCB,CNQIN,18.0,11,10869.58500214334,1219.8794186467915,14.744637497598779,0.33806403571383076,630.5344891868426,17,2569,10869.58500214334,0.14136338410575022,0.8195181993188666,0.9394164781544877,0.3333333333333333,2969.2742427666226,113.852567,22.533467,120.2667,36.0333,876.7832071721474,False,0,False,0,False,0
ESBAR,TRALI,26.0,15,10863.204323508235,1365.3128435975996,12.85057078807241,0.336113377002036,630.6999999999999,25,2571,10863.204323508235,0.1415887109560805,0.8195655620738862,0.9394323767242746,0.038461538461538464,342.4272368199807,2.166667,41.35,26.957016,38.82268,1144.8466907819743,False,0,False,0,False,0
CNYSN,INMUN,4.0,4,10861.38850611724,5044.264147799778,14.406893251965041,0.3731701766653879,630.7,3,2572,10861.38850611724,0.1415887109560806,0.8195655620738862,0.9394323767242746,0.5,4450.809987959412,122.066667,30.633333,69.7,22.766667,2823.5807697525956,False,0,False,0,True,1
BRIJI,BRRDJ,41.0,15,10816.534048480846,434.884617116174,10.622409106794475,0.2687191519693137,630.6999999999999,20,2577,10816.534048480846,0.1415887109560805,0.8195655620738862,0.9394323767242746,0.7804878048780488,6918.91419093427,-48.6646,-26.899129,-43.1667,-22.916667,383.06325490062,False,0,False,0,False,0
CNSTO,TWKAO,147.0,23,10807.95612474868,220.0192820556831,12.551791337675397,0.45940389969101375,630.7,114,2578,10807.95612474868,0.1415887109560806,0.8195655620738862,0.9394323767242746,0.46938775510204084,4157.75629864775,116.733333,23.333333,120.260382,22.620829,199.5960363903678,False,0,False,0,False,0
DJDJI,EGALE,5.0,5,10797.661942216328,9079.703751955292,16.34047050668044,0.4573152623102646,626.0588962297659,4,2581,10797.661942216328,0.13522513095748068,0.8182279643571505,0.9389833764362315,1.0,8834.948950796343,43.133333,11.583333,29.86702,31.187057,1388.2519407537197,False,0,True,1,True,1
CAHFX,JMKIN,37.0,9,10747.520253391305,1842.1912111251856,12.547105412290671,0.31979332029884616,630.2820350767624,16,2583,10747.520253391305,0.14101946450994352,0.819445908868178,0.9393922119399332,0.4864864864864865,4284.492082112135,-63.57595,44.655955,-76.7936,17.997,1732.9894523197258,False,0,False,0,False,0
BSFRE,USPHI,25.0,10,10743.012942951387,1063.5102909438428,10.715164504608277,0.2560769286691111,630.6999999999999,24,2584,10743.012942951387,0.1415887109560805,0.8195655620738862,0.9394323767242746,0.08,704.368275276559,-78.6966,26.5285,-75.1333,39.95,825.2556148657096,False,0,False,0,False,0
BRIJI,BRSAL,31.0,6,10716.105507347515,1130.7258127875534,14.290928794297551,0.3828194566924163,630.7,26,2585,10716.105507347515,0.1415887109560806,0.8195655620738862,0.9394323767242746,0.8387096774193549,7366.010544118731,-48.6646,-26.899129,-38.516667,-12.966667,1012.6570056954768,False,0,False,0,False,0
CNWGQ,KRPYT,102.0,18,10708.325128459208,518.1475997637036,12.565507350398716,0.4014331173391771,630.6999999999999,88,2586,10708.325128459208,0.1415887109560805,0.8195655620738862,0.9394323767242746,0.1568627450980392,1376.6548239647984,121.617967,31.353633,126.799736,36.993778,425.1904210564905,False,0,False,0,False,0
JPYOK,TWKAO,33.0,7,10668.268528198036,1410.7769562008323,14.300133335317799,0.4016228042626305,630.7000000000002,30,2589,10668.268528198036,0.14158871095608083,0.8195655620738862,0.9394323767242746,0.42424242424242425,3709.298087798449,139.679832,35.450183,120.260382,22.620829,1273.4924132537499,False,0,False,0,False,0
AEJAL,REREU,11.0,9,10666.898823671538,3248.474576828817,14.645288421128955,0.33488774318551534,630.7000000000002,7,2590,10666.898823671538,0.14158871095608083,0.8195655620738862,0.9394323767242746,0.09090909090909091,794.7475390916036,55.0606,25.0136,55.3,-20.916666,2757.7097103656174,False,0,False,0,False,0
PABAL,USNYK,6.0,6,10658.223881718659,2161.7322684818832,14.279566197638468,0.3189138223869784,630.7,5,2592,10658.223881718659,0.1415887109560806,0.8195655620738862,0.9394323767242746,0.8333333333333334,7279.261038608392,-79.57037,8.954178,-74.049568,40.663452,1926.4677791441159,False,0,False,0,False,0
CLSAN,MXLCS,5.0,5,10653.078486402708,3552.132922138839,17.01798804077569,0.3460542669883938,630.7,5,2593,10653.078486402708,0.1415887109560806,0.8195655620738862,0.9394323767242746,0.6,5238.537754515516,-71.616667,-33.5833,-102.166667,17.883333,3550.9046896071445,False,0,False,0,False,0
BSFRE,MXALT,19.0,13,10638.562311573003,1293.9589180546416,9.408577907118273,0.2768840028123698,630.7000000000003,18,2594,10638.562311573003,0.14158871095608094,0.8195655620738862,0.9394323767242746,0.05263157894736842,458.8947000285469,-78.6966,26.5285,-97.85,22.4833,1073.035435284357,False,0,False,0,False,0
DEHAM,PAMIT,4.0,4,10634.502254557829,5371.186540959046,16.51970332293122,0.4700515238119566,630.6999999999999,3,2595,10634.502254557829,0.1415887109560805,0.8195655620738862,0.9394323767242746,0.5,4357.835908816349,9.903145,53.539287,-79.88466,9.361132,4944.785889377995,False,0,False,0,True,1
ESALG,TGLOM,10.0,7,10631.645405877334,3055.784528680967,15.596372365553055,0.39122147764190096,630.7000000000002,7,2596,10631.645405877334,0.14158871095608083,0.8195655620738862,0.9394323767242746,0.6,5227.998265702864,-5.433333,36.116667,1.286945,6.137824,1837.5794665186384,False,0,False,0,False,0
BRSTS,CLSAN,7.0,5,10629.49871767939,3584.3362529396,14.402314332684082,0.3532346419694586,630.7,4,2597,10629.49871767939,0.1415887109560806,0.8195655620738862,0.9394323767242746,0.42857142857142855,3733.5304676222404,-46.306133,-23.95,-71.616667,-33.5833,1447.1622228398467,False,0,False,0,False,0
USBOS,USSAV,15.0,10,10620.32274083719,988.4601163140287,15.558347973400707,0.41413182919286173,629.6926206582385,14,2599,10620.32274083719,0.14021542854661906,0.8192769038947271,0.9393354809207256,0.9333333333333333,8120.919457910798,-71.083333,42.35,-81.0833,32.0833,778.9065061919267,False,0,False,0,False,0
CAVCR,CNLYG,5.0,3,10594.160537485868,5240.000982758911,15.780247777027093,0.2992329816816763,630.7,5,2602,10594.160537485868,0.1415887109560806,0.8195655620738862,0.9394323767242746,0.8,6946.087308484472,-123.116667,49.283333,119.483333,34.733333,4763.055347949738,False,0,False,0,True,1
ESVAL,ESVAL,215.0,97,10592.5041636778,39.1490375494394,3.238257650305387,0.20101843305590503,630.6405133949658,72,2603,10592.5041636778,0.14150773935304573,0.8195485421839243,0.9394266635450431,0.4697674418604651,4078.0846785458057,-0.316667,39.45,-0.316667,39.45,0.0,False,0,False,0,False,0
CNQIN,KRPYT,168.0,22,10587.513515454912,345.0233044240297,11.118057673052974,0.29945319896377465,630.7,92,2604,10587.513515454912,0.1415887109560806,0.8195655620738862,0.9394323767242746,0.4583333333333333,3977.032338243558,120.2667,36.0333,126.799736,36.993778,320.4167418454225,False,0,False,0,False,0
GUAPR,KRBUS,23.0,2,10583.589037869331,1636.7104046521733,15.107810077671179,0.44939722479410493,630.7000000000004,23,2605,10583.589037869331,0.14158871095608105,0.8195655620738863,0.9394323767242746,0.9565217391304348,8296.817050816035,144.642048,13.452902,129.052391,35.112607,1550.5831136616373,False,0,False,0,False,0
HKHKG,PHDAV,27.0,11,10568.544109592722,1432.6396670191973,15.623233130867554,0.523927459544595,630.35048917102,27,2607,10568.544109592722,0.1411127471131174,0.8194655164785237,0.9393987937564113,0.6666666666666666,5773.704971462306,114.181938,22.298785,125.627031,7.073807,1128.8117860923114,False,0,False,0,False,0
CNTJN,KRPYT,116.0,12,10564.22044892773,469.22914194857816,13.627775957845891,0.44935528223672466,630.7000000000002,93,2608,10564.22044892773,0.14158871095608083,0.8195655620738862,0.9394323767242746,0.7586206896551724,6568.191998005302,117.8143,38.97075,126.799736,36.993778,441.265875043674,False,0,False,0,False,0
CNNBO,JPNAH,39.0,7,10562.992711697168,469.1403334713638,13.598977170015036,0.3416883332033718,630.7,26,2609,10562.992711697168,0.1415887109560806,0.8195655620738862,0.9394323767242746,0.6923076923076923,5993.352733115391,121.683333,29.966667,127.675638,26.229272,388.5812385624679,False,0,False,0,False,0
CNSHE,TWTAP,35.0,30,10521.455061182602,496.3927842045657,13.60566417904068,0.35295664064579085,630.0818535716851,30,2614,10521.455061182602,0.14074656025877075,0.8193885455438643,0.939372956412791,0.8285714285714286,7143.246657943963,113.8943,22.467416,121.37318,25.14978,441.1621601207095,False,0,False,0,False,0
BSFRE,CRPMN,23.0,6,10512.431990514096,1375.6504682577927,12.74973417023104,0.2793404077019462,630.7000000000002,21,2616,10512.431990514096,0.14158871095608083,0.8195655620738862,0.9394323767242746,0.08695652173913043,749.184976788625,-78.6966,26.5285,-83.090115,10.006213,1022.8594086239857,False,0,False,0,False,0
AUMEL,MYPKE,4.0,4,10451.044594291472,4303.723594079191,16.14123528528129,0.35210032801252805,630.6999999999999,3,2620,10451.044594291472,0.1415887109560805,0.8195655620738862,0.9394323767242746,0.25,2141.329059294935,144.912243,-37.858862,101.34485,3.00525,3444.981763174322,False,0,False,0,False,0
CNQIZ,CNWGQ,39.0,19,10434.758932535331,1622.616795125179,12.029566086190735,0.37690214485364687,630.7,29,2622,10434.758932535331,0.1415887109560806,0.8195655620738862,0.9394323767242746,0.7435897435897436,6359.156487687586,108.6,21.683333,121.617967,31.353633,907.6203822286941,False,0,False,0,False,0
CNQIZ,VNHCM,60.0,16,10385.742472368562,846.132806352855,12.048400286317326,0.3617230038655341,630.4357667165577,52,2624,10385.742472368562,0.1412289267474065,0.8194899369483836,0.9394069911373308,0.16666666666666666,1418.5019073072435,108.6,21.683333,106.710033,10.776988,663.790107566152,False,0,False,0,False,0
LKCOL,LKCOL,136.0,88,10364.622824701757,693.1590212815346,4.6763536151270255,0.21570558292686334,630.5380529146175,53,2626,10364.622824701757,0.1413682370200866,0.819519219381023,0.9394168205655103,0.34558823529411764,2935.4290992976535,79.85,6.95,79.85,6.95,0.0,False,0,False,0,False,0
CNRIZ,CNZHA,67.0,5,10364.588075170157,1332.2573438104123,10.227105300192667,0.4087911716107293,630.6999999999999,41,2627,10364.588075170157,0.1415887109560805,0.8195655620738862,0.9394323767242746,1.0,8494.459451491128,119.533333,35.35,110.407368,21.182277,976.8022295349418,False,0,False,0,False,0
CNNBO,JPTOK,59.0,15,10324.082189891045,1054.7385469690537,13.408376851933232,0.4340148109545561,629.9706745898027,37,2630,10324.082189891045,0.1405949168149364,0.8193566707305869,0.9393622567830265,0.8813559322033898,7455.482911793556,121.683333,29.966667,139.75,35.6667,971.9009979499713,False,0,False,0,False,0
DEBHN,GBSOU,23.0,11,10297.896279142433,507.24496311763767,12.693490479334582,0.24286979280006038,630.7,18,2632,10297.896279142433,0.1415887109560806,0.8195655620738862,0.9394323767242746,1.0,8439.80115219395,8.548651,53.563407,-1.4,50.9,398.81969000797966,False,0,False,0,False,0
BRSUA,DOCUC,7.0,7,10296.153354156257,2748.931167068241,14.640425126693478,0.2952499022881267,629.7179822550664,3,2633,10296.153354156257,0.1402500559675829,0.8192841824327871,0.9393379241558213,0.2857142857142857,2410.1358808464306,-34.9681,-8.3911,-69.629288,18.426403,2609.2383193545697,False,0,False,0,False,0
CNNTG,CNTJN,135.0,10,10239.89589622658,751.8104595161711,9.498400190525176,0.22628513765211652,630.7,44,2635,10239.89589622658,0.1415887109560806,0.8195655620738862,0.9394323767242746,0.6962962962962963,5843.503758239169,120.81025,32.00315,117.8143,38.97075,443.15942827950875,False,0,False,0,False,0
PACOL,PRSJU,25.0,6,10232.9022287815,1014.520525413189,13.870225414501597,0.31462481108560536,630.7,15,2637,10232.9022287815,0.1415887109560806,0.8195655620738862,0.9394323767242746,0.28,2348.2295946979616,-79.892063,9.359918,-66.083333,18.45,971.4712017655612,False,0,False,0,False,0
CNHPU,CNNJG,19.0,2,10226.473308785253,1107.769091298386,9.8491007903933,0.72918758658024,630.6999999999999,11,2638,10226.473308785253,0.1415887109560805,0.8195655620738862,0.9394323767242746,1.0,8381.26534534818,113.470483,23.077133,118.764874,32.137024,612.3120882771616,False,0,False,0,False,0
JPYOK,USHNL,25.0,3,10191.750537295442,3547.1689891689316,10.902923481884708,0.2560191969893838,630.7,25,2641,10191.750537295442,0.1415887109560806,0.8195655620738862,0.9394323767242746,1.0,8352.80775761537,139.679832,35.450183,-157.868643,21.300094,3351.813151833016,False,0,False,0,False,0
JPSZU,SGSGP,5.0,5,10182.96413475978,2845.6699427354165,15.58460905922624,0.30180857312984655,630.6999999999999,5,2644,10182.96413475978,0.1415887109560805,0.8195655620738862,0.9394323767242746,0.4,3338.24268987305,138.501892,35.025498,103.802776,1.248823,2804.8884427591297,False,0,False,0,False,0
CNLYG,CNQUA,95.0,9,10148.210683974155,794.9990479072803,9.77228223967603,0.38615614807490245,630.7,44,2647,10148.210683974155,0.1415887109560806,0.8195655620738862,0.9394323767242746,1.0,8317.123993255496,119.483333,34.733333,118.682805,24.833576,595.8407846965101,False,0,False,0,False,0
BJCOT,NGONN,46.0,15,10130.489452731454,426.1758791270534,12.083100084868704,0.38382001131314525,630.7000000000003,14,2650,10130.489452731454,0.14158871095608094,0.8195655620738862,0.9394323767242746,0.9782608695652174,8122.1089719242245,2.428967,6.3469,7.166667,4.683333,300.2275517371557,False,0,False,0,False,0
AUSYD,KRBUS,4.0,4,10130.2779999936,4620.177006681348,14.88902118059879,0.3154279581370403,630.7,4,2651,10130.2779999936,0.1415887109560806,0.8195655620738862,0.9394323767242746,0.25,2075.6067457573695,151.2111,-33.86,129.052391,35.112607,4324.262750593732,False,0,False,0,False,0
KEMOM,SAJED,12.0,7,10114.84639777865,2831.3187564699083,9.107068847167788,0.21239462685221894,630.7000000000002,12,2653,10114.84639777865,0.14158871095608083,0.8195655620738862,0.9394323767242746,0.6666666666666666,5526.519848857654,39.647169,-4.053188,39.1667,21.466667,1532.4844524721584,False,0,False,0,False,0
CNXIA,TWTAP,177.0,19,10107.369358050517,209.50986996420895,13.32310099935593,0.3777981534488539,629.8039602704039,150,2654,10107.369358050517,0.14036742517853973,0.8193088529466528,0.939346205470669,0.192090395480226,1590.7115515920086,118.042517,24.44535,121.37318,25.14978,186.391509859494,False,0,False,0,False,0
CNQIN,INMUN,5.0,4,10101.575604150024,5419.438536000694,15.018551835773499,0.42323379097058883,630.7000000000002,1,2655,10101.575604150024,0.14158871095608083,0.8195655620738862,0.9394323767242746,0.6,4967.342092708243,120.2667,36.0333,69.7,22.766667,2730.067107822657,False,0,False,0,True,1
GRPIR,TRYAR,38.0,34,10087.573034531215,426.45138098512666,10.008353862913035,0.2785338914791364,628.2617977053948,37,2657,10087.573034531215,0.13825732843002836,0.8188653194963746,0.9391973216587127,0.42105263157894735,3478.0478803639644,23.65,37.933333,29.739117,40.7548,329.47820092059465,False,0,False,0,False,0
CNWGQ,SAJED,6.0,6,10068.047838183225,6714.852983259066,13.126666274369137,0.3808896620341578,630.6999999999999,5,2661,10068.047838183225,0.1415887109560805,0.8195655620738862,0.9394323767242746,0.6666666666666666,5500.95019032494,121.617967,31.353633,39.1667,21.466667,4374.145429299739,False,0,False,0,True,1
NGONN,TGLOM,56.0,14,10064.721075754376,474.5778726798354,10.433097779449202,0.36642856164705395,630.7,40,2663,10064.721075754376,0.1415887109560806,0.8195655620738862,0.9394323767242746,0.16071428571428573,1325.6837333947806,7.166667,4.683333,1.286945,6.137824,362.12484570780356,False,0,False,0,False,0
CNWGQ,INMUN,7.0,6,10025.121608908348,5082.348697094776,13.027324606726866,0.4384076842531813,629.952175634352,1,2666,10025.121608908348,0.14056967982558577,0.819351366021706,0.9393604761162493,0.8571428571428571,7040.654644108095,121.617967,31.353633,69.7,22.766667,2798.1313012042897,False,0,False,0,True,1
CNNSA,INMUN,7.0,7,9973.39328812176,4291.369805418171,14.694288963940604,0.3796267401864042,629.9712832096945,3,2670,9973.39328812176,0.14059574709251055,0.8193568452514365,0.9393623153655964,0.5714285714285714,4669.581749147026,113.682083,22.64515,69.7,22.766667,2426.685935787474,False,0,False,0,False,0
MATAN,TRMER,18.0,13,9971.034708039419,2034.0556379139246,13.779827835759178,0.36409102941039845,630.4950421291647,12,2671,9971.034708039419,0.14130966332152783,0.8195069074362575,0.9394126877334362,0.6111111111111112,4993.59166626526,-5.797516,35.789733,34.633333,36.783333,1942.9107475660398,False,0,False,0,False,0
CNSHE,TWKEE,86.0,16,9953.188013562256,519.4626144904042,14.243366852129885,0.49718046645799363,630.7000000000002,86,2675,9953.188013562256,0.14158871095608083,0.8195655620738862,0.9394323767242746,0.3023255813953488,2466.1574807885772,113.8943,22.467416,121.7559,25.15113,460.814430659784,False,0,False,0,False,0
KRINC,TWKEE,37.0,9,9914.729621467079,806.586556808926,15.88569087725114,0.5494217403772357,630.7000000000003,37,2676,9914.729621467079,0.14158871095608094,0.8195655620738862,0.9394323767242746,0.7297297297297297,5929.616642858471,126.607819,37.439929,121.7559,25.15113,778.35577436452,False,0,False,0,False,0
PKKAR,PKQAS,151.0,51,9868.762149039574,61.693629927356675,6.861732960737658,0.2040867015558733,630.4630671443806,126,2678,9868.762149039574,0.14126611341054895,0.8194977534283717,0.9394096149469578,0.6291390728476821,5088.117211751018,66.9833,24.7833,67.343788,24.775279,19.656988493262443,False,0,False,0,False,0
CNMWN,INCHN,13.0,6,9813.992559886543,3259.3223807901263,14.025260759954804,0.47392153540407445,629.5347369009361,8,2682,9813.992559886543,0.13999979943093277,0.8192315795626897,0.939320266601887,1.0,8039.932626652337,113.862187,22.508158,80.3,13.1,1994.735413045918,False,0,False,0,False,0
INNSA,REREU,5.0,5,9809.949497143843,2687.722244392489,15.526558797558732,0.33968788029614455,630.7,4,2684,9809.949497143843,0.1415887109560806,0.8195655620738862,0.9394323767242746,0.4,3215.958709417253,72.9428,18.953883,55.3,-20.916666,2608.9266119876684,False,0,False,0,False,0
MYPAG,THLCB,41.0,9,9801.74940889245,807.420622666952,14.033423460653733,0.3525639446099994,630.6065427353807,40,2686,9801.74940889245,0.14146149253134876,0.819538821296763,0.9394234004704424,0.6585365853658537,5289.967859626073,103.900833,1.426733,100.886078,13.056152,720.8743600966143,False,0,False,0,False,0
AUBRI,CNNBO,9.0,5,9793.695996530205,4094.3349370776546,14.291434905226966,0.31702781300630045,630.7,6,2688,9793.695996530205,0.1415887109560806,0.8195655620738862,0.9394323767242746,0.3333333333333333,2675.525321392349,153.169467,-27.350967,121.683333,29.966667,3887.1599319455036,False,0,False,0,False,0
CNHUM,CNTAI,78.0,6,9689.210031750481,944.4913415056512,10.276568076055915,0.3735993290126448,626.218281012002,62,2701,9689.210031750481,0.13544523305025713,0.8182742288901353,0.9389989063585515,0.9871794871794872,7826.78431770461,113.659717,22.81445,121.211133,31.6506,665.8439678634085,False,0,False,0,False,0
CLVAL,COBUE,7.0,6,9674.608321677464,2423.34447537709,16.385587229966415,0.40021143579506896,630.7,5,2704,9674.608321677464,0.1415887109560806,0.8195655620738862,0.9394323767242746,0.5714285714285714,4530.843318285879,-71.6167,-33.033333,-77.083333,3.883333,2238.1901959754696,False,0,False,0,False,0
MYPKE,TRYAR,6.0,5,9661.85708100024,5786.0324560607605,14.963396256819134,0.4022587107341189,630.7,4,2706,9661.85708100024,0.1415887109560806,0.8195655620738862,0.9394323767242746,0.8333333333333334,6598.771107722933,101.34485,3.00525,29.739117,40.7548,4452.669711827442,False,0,False,0,True,1
CNNBO,CNRIZ,78.0,19,9655.362671074183,482.35960512369564,11.162776046500564,0.42383909308855927,630.2822443237949,46,2707,9655.362671074183,0.1410197496823874,0.8194459688102248,0.9393922320610772,0.9743589743589743,7709.174992104452,121.683333,29.966667,119.533333,35.35,340.9706853514733,False,0,False,0,False,0
BSFRE,USNFK,17.0,16,9650.18107801077,838.4810674593793,11.330140455611764,0.2878672054490708,630.4868283375108,16,2709,9650.18107801077,0.14129847656360728,0.8195045560268536,0.939411898420262,0.35294117647058826,2791.1884799696327,-78.6966,26.5285,-76.316667,36.85,631.4545475848973,False,0,False,0,False,0
AUBRI,CNSHE,7.0,7,9623.738054569,4160.779144623701,15.530559089179086,0.38458520381476885,630.7,7,2714,9623.738054569,0.1415887109560806,0.8195655620738862,0.9394323767242746,0.5714285714285714,4507.019593111251,153.169467,-27.350967,113.8943,22.467416,3760.0511429988287,False,0,False,0,False,0
JPHKA,JPYOK,47.0,3,9622.359915588382,753.75615764867,13.358046662065288,0.38588567804338375,630.7,41,2715,9622.359915588382,0.1415887109560806,0.8195655620738862,0.9394323767242746,0.5106382978723404,4026.9726703130673,130.383333,33.616667,139.679832,35.450183,472.6048964239571,False,0,False,0,False,0
MYTPP,TWTCH,14.0,4,9617.620709500787,1774.262609386116,16.268747047667393,0.48935541222486706,630.7,14,2716,9617.620709500787,0.1415887109560806,0.8195655620738862,0.9394323767242746,0.5,3941.13536129773,103.549576,1.327854,120.5,24.283333,1693.7493189365116,False,0,False,0,False,0
HKHKG,IDJAK,16.0,13,9591.267129785238,1918.9574262202748,14.740219959578468,0.3820895341997603,630.6999999999999,15,2719,9591.267129785238,0.1415887109560805,0.8195655620738862,0.9394323767242746,0.3125,2456.4600738197587,114.181938,22.298785,106.788826,-6.09208,1759.1370727562046,False,0,False,0,False,0
USCHA,USPEV,52.0,12,9587.528529325837,444.6349004433727,12.860167064275485,0.27930147477804645,630.6999999999999,49,2720,9587.528529325837,0.1415887109560805,0.8195655620738862,0.9394323767242746,0.7884615384615384,6195.421856336351,-79.938165,32.87698,-80.1,26.083333,407.98118917400296,False,0,False,0,False,0
BRMAN,PACRI,10.0,9,9579.025388717455,3101.651562183094,14.501830867650868,0.3291606567054557,630.6999999999999,9,2725,9579.025388717455,0.1415887109560805,0.8195655620738862,0.9394323767242746,0.1,785.0639326824248,-60.033932,-3.131603,-79.916667,9.35,1405.9749235602576,False,0,False,0,False,0
PABAL,USCHA,15.0,13,9575.759124428601,1644.9618404023947,12.427669048576583,0.24802783665474443,630.7,3,2726,9575.759124428601,0.1415887109560806,0.8195655620738862,0.9394323767242746,0.26666666666666666,2092.789975759059,-79.57037,8.954178,-79.938165,32.87698,1436.481049619875,False,0,False,0,False,0
BEZEE,GBFEL,45.0,39,9570.869578823525,178.97394498708638,6.3359546955914805,0.21295951812161418,628.0393747434928,43,2728,9570.869578823525,0.13795213839718012,0.8188011698367179,0.939175788117422,0.8444444444444444,6617.606441884969,3.2,51.333333,1.3,51.933333,79.44036734503315,False,0,False,0,False,0
ESVAL,SAJED,7.0,6,9532.170713655225,2457.249386053063,12.99664010368399,0.2635816269767892,630.4193709089295,7,2734,9532.170713655225,0.14120659201918673,0.81948524228257,0.939405415247752,0.42857142857142855,3347.774240039387,-0.316667,39.45,39.1667,21.466667,2286.257312789078,False,0,False,0,False,0
CNNBO,SADMA,4.0,4,9529.150525551622,6113.373324206127,13.6014055769383,0.25841516288431576,630.6999999999999,3,2736,9529.150525551622,0.1415887109560805,0.8195655620738862,0.9394323767242746,0.25,1952.440901640096,121.683333,29.966667,50.206833,26.510212,3723.4168000568916,False,0,False,0,True,1
CNLYG,JPYOK,42.0,7,9512.869760597121,1185.4348621479087,11.621728357591541,0.3024003983809522,628.1745554888419,11,2739,9512.869760597121,0.13813764777739912,0.8188401631272035,0.9391888772535956,0.9047619047619048,7047.660795472789,119.483333,34.733333,139.679832,35.450183,991.4020192087039,False,0,False,0,False,0
ILASD,ITGOA,29.0,5,9511.22077769722,1539.1985365100688,13.254824504097586,0.3033320102119822,630.7000000000002,25,2740,9511.22077769722,0.14158871095608083,0.8195655620738862,0.9394323767242746,0.1724137931034483,1343.9774142555598,34.65,31.816667,8.923988,44.403373,1421.8376713666091,False,0,False,0,False,0
AUSYD,JPYOK,5.0,5,9505.79567243679,4355.841159691714,16.046983383291863,0.4064282964526386,630.7,5,2741,9505.79567243679,0.1415887109560806,0.8195655620738862,0.9394323767242746,0.4,3116.2491092960695,151.2111,-33.86,139.679832,35.450183,4211.487745717443,False,0,False,0,False,0
CNGLA,MYPKE,6.0,5,9480.051571476142,3079.433824110147,12.280726046145256,0.2835962488784325,630.3131188262576,2,2744,9480.051571476142,0.1410618249415907,0.8194548128525176,0.9393952007993512,0.5,3884.236943168099,113.212217,21.928867,101.34485,3.00525,1330.3362173026403,False,0,False,0,False,0
CNMWN,DJDJI,4.0,4,9479.431333327791,5301.51635107348,16.208609533077315,0.4027818264889382,630.6999999999999,4,2745,9479.431333327791,0.1415887109560805,0.8195655620738862,0.9394323767242746,0.5,3884.5077344198,113.862187,22.508158,43.133333,11.583333,4079.230894931242,False,0,False,0,True,1
HKHKG,JPNAG,15.0,8,9470.659713860838,1503.5694817746362,16.658114622550578,0.38737280593586193,630.7000000000003,15,2746,9470.659713860838,0.14158871095608094,0.8195655620738862,0.9394323767242746,0.8,6209.461241280695,114.181938,22.298785,136.866667,35.066667,1414.1296926381206,False,0,False,0,False,0
CNSHA,CNTAI,1148.0,97,9470.197738360346,145.0056971964379,3.528796287087261,0.2030919982708546,630.7000000000002,889,2747,9470.197738360346,0.14158871095608083,0.8195655620738862,0.9394323767242746,0.5984320557491289,4644.699241770059,121.46055,31.130717,121.211133,31.6506,33.73017627053765,False,0,False,0,False,0
EGDAM,MATAN,11.0,10,9340.788782026983,2114.9328536568014,13.86549647418069,0.31877689101032275,630.4813460701469,8,2760,9340.788782026983,0.14129100983780063,0.8195029865525336,0.9394113715844181,0.7272727272727273,5567.130402638193,31.757526,31.481673,-5.797516,35.789733,1883.507419040093,False,0,False,0,False,0
USHNL,USLSA,6.0,6,9336.8800422324,2325.7181989646,16.79658608725681,0.368194655717031,630.7000000000002,6,2761,9336.8800422324,0.14158871095608083,0.8195655620738862,0.9394323767242746,0.16666666666666666,1275.3642233047744,-157.868643,21.300094,-118.244,33.738045,2222.1828739439957,False,0,False,0,False,0
CNTAI,CNTAI,582.0,164,9330.582431892602,283.42478074847907,3.7526147532137437,0.21057551846167025,630.5782456008536,130,2763,9330.582431892602,0.14142296570329527,0.8195307231197544,0.9394206821017101,0.8127147766323024,6214.585243376632,121.211133,31.6506,121.211133,31.6506,0.0,False,0,False,0,False,0
CNHPU,CNSHE,1046.0,141,9327.31963516647,67.88212912427468,5.003986227068429,0.2074457002671576,630.595192154069,942,2764,9327.31963516647,0.14144603901812902,0.8195355730333637,0.9394223101043453,0.8824091778202677,6745.197737506685,113.470483,23.077133,113.8943,22.467416,43.48115371427647,False,0,False,0,False,0
NZAKL,USOAK,4.0,3,9324.927319301427,5806.669676581665,15.373130890268504,0.3989211807085675,630.7,4,2766,9324.927319301427,0.1415887109560806,0.8195655620738862,0.9394323767242746,0.75,5731.791974806058,174.769478,-36.840752,-122.320518,37.814824,5678.1151547807685,False,0,False,0,True,1
COCTA,ECPSJ,13.0,8,9323.76389508299,1115.1391801661882,11.717611645709763,0.3542966564877941,630.7,11,2767,9323.76389508299,0.1415887109560806,0.8195655620738862,0.9394323767242746,1.0,7641.435797317897,-75.540962,10.394286,-80.240917,-2.705467,835.1810662884519,False,0,False,0,False,0
VNCMP,VNDAN,110.0,14,9317.043815839224,483.3193547085174,11.90908639160758,0.3457473238093228,630.7,91,2768,9317.043815839224,0.1415887109560806,0.8195655620738862,0.9394323767242746,0.3,2290.7784755385896,107.012844,10.522075,108.230438,16.111792,343.0591883870963,False,0,False,0,False,0
USMIA,USPHI,43.0,9,9308.465145339273,963.9142858110657,14.038403166405656,0.41612576326446904,629.649692326378,41,2769,9308.465145339273,0.14015681005150715,0.8192645825339149,0.9393313449279046,0.6976744186046512,5320.531961391542,-80.1833,25.7833,-75.1333,39.95,887.4553222593296,False,0,False,0,False,0
CNNBO,KHSSK,29.0,8,9286.564706714365,1922.3126660569576,14.088004369704462,0.49065728825229743,630.1125756393068,23,2770,9286.564706714365,0.1407884544270519,0.8193973515216079,0.9393759123736856,0.5862068965517241,4460.674859726496,121.683333,29.966667,103.504086,10.605101,1544.1120638922196,False,0,False,0,False,0
CNYTN,TWKEE,29.0,13,9270.315811865488,524.8361061239926,11.046260067311573,0.24909987786734816,627.1722056353898,28,2772,9270.315811865488,0.13676021492134482,0.8185506325416495,0.9390916886036117,1.0,7588.222871663351,114.263091,22.566543,121.7559,25.15113,439.62317008842524,False,0,False,0,False,0
EGPSA,TRMER,46.0,22,9254.878062668622,404.53090255895205,10.539607060651644,0.23330722143181368,630.6999999999997,30,2774,9254.878062668622,0.14158871095608017,0.8195655620738861,0.9394323767242746,0.06521739130434782,494.6725657406274,32.319633,31.269083,34.633333,36.783333,350.48965397927327,False,0,False,0,False,0
BEANT,BEZEE,165.0,66,9249.12495999896,128.22999102915452,9.63205915131459,0.23449391916910559,629.3079435893432,159,2775,9249.12495999896,0.13968986802859706,0.819166433287134,0.9392983985199342,0.23030303030303031,1744.9076531597302,4.4,51.2167,3.2,51.333333,45.61254967062223,False,0,False,0,False,0
CNDCB,CNNSA,999.0,175,9223.958984373101,89.66512320744337,7.2203406690797705,0.2142868860485299,630.6805591863787,820,2777,9223.958984373101,0.1415622503118802,0.8195600001579091,0.9394305097190873,0.8258258258258259,6242.902859878606,113.852567,22.533467,113.682083,22.64515,11.587862871549415,False,0,False,0,False,0
IDJAK,VNCMP,20.0,14,9211.170219065814,1066.6418195920794,14.256207352191527,0.37045092883828595,630.5311606848708,17,2779,9211.170219065814,0.1413588514611367,0.8195172465760572,0.9394161583409963,0.75,5661.534641754145,106.788826,-6.09208,107.012844,10.522075,997.6114211223083,False,0,False,0,False,0
SAJED,TRALI,24.0,11,9205.520694954674,1421.3044807287292,12.773223923818405,0.3552547749320745,630.6999999999999,24,2780,9205.520694954674,0.1415887109560805,0.8195655620738862,0.9394323767242746,0.5833333333333334,4400.974516483603,39.1667,21.466667,26.957016,38.82268,1217.032376428133,False,0,False,0,False,0
JPNAG,TWKEE,26.0,10,9198.16328492384,1044.407826177584,16.777809589295664,0.531629546906801,630.4892443549089,26,2782,9198.16328492384,0.14130176708416564,0.8195052476804175,0.9394121305921964,1.0,7537.943081016434,136.866667,35.066667,121.7559,25.15113,983.0582258289688,False,0,False,0,False,0
EGDAM,LBBRT,83.0,30,9191.90013618519,258.7252066102598,12.902535195297968,0.28058660298175736,630.7000000000002,65,2784,9191.90013618519,0.14158871095608083,0.8195655620738862,0.9394323767242746,0.42168674698795183,3176.7200970769595,31.757526,31.481673,35.516567,33.904758,239.22020297983835,False,0,False,0,False,0
COCTA,GTSTC,25.0,10,9191.384878440758,1040.2595077465976,11.407301123471877,0.4041263988080158,630.7,24,2785,9191.384878440758,0.1415887109560806,0.8195655620738862,0.9394323767242746,0.44,3314.494706220156,-75.540962,10.394286,-88.616667,15.7,828.1236539325436,False,0,False,0,False,0
GHTEM,ZACPT,8.0,8,9141.65000396354,2643.275483071066,14.070868510388477,0.2868508529907751,630.7,5,2792,9141.65000396354,0.1415887109560806,0.8195655620738862,0.9394323767242746,0.75,5619.136142835841,0.016667,5.633333,18.437805,-33.905756,2594.251228641274,False,0,False,0,False,0
CNDAL,CNMWN,31.0,5,9136.762444952174,1316.3914036188814,13.647519587739536,0.39788356649910495,630.7000000000002,30,2793,9136.762444952174,0.14158871095608083,0.8195655620738862,0.9394323767242746,0.9354838709677419,7005.067729459718,121.737442,38.978628,113.862187,22.508158,1068.0065178845362,False,0,False,0,False,0
INMUN,REREU,6.0,6,9134.33966538447,2941.9760380845332,15.892528687280024,0.36135116920853155,630.7,6,2794,9134.33966538447,0.1415887109560806,0.8195655620738862,0.9394323767242746,0.3333333333333333,2495.396740678206,69.7,22.766667,55.3,-20.916666,2754.921793433732,False,0,False,0,False,0
CNZPU,JPYOK,49.0,10,9129.057447337651,1081.6842397055093,13.554288136394359,0.39428939399323554,629.3277507391235,9,2796,9129.057447337651,0.13971694500338727,0.8191721247532056,0.9393003090120602,0.7346938775510204,5494.2387326666885,121.066951,30.583181,139.679832,35.450183,979.777422210884,False,0,False,0,False,0
CNMWN,CNZOS,17.0,14,9107.251659224577,849.4403745415138,12.473910466716541,0.2934881993209392,630.7,10,2798,9107.251659224577,0.1415887109560806,0.8195655620738862,0.9394323767242746,0.6470588235294118,4829.640475026351,113.862187,22.508158,122.099218,30.006902,631.5586258454931,False,0,False,0,False,0
CNNTG,KRBUS,52.0,5,9097.389074931456,1403.2388271253997,13.15845809887972,0.4330027855294149,630.7,52,2799,9097.389074931456,0.1415887109560806,0.8195655620738862,0.9394323767242746,0.019230769230769232,143.38282289617368,120.81025,32.00315,129.052391,35.112607,452.4675398351633,False,0,False,0,False,0
JPYOK,USLGB,5.0,5,9067.786918469485,5486.000184566675,17.12386990812488,0.49117345220456593,630.7000000000002,5,2803,9067.786918469485,0.14158871095608083,0.8195655620738862,0.9394323767242746,0.8,5945.316706081341,139.679832,35.450183,-118.217354,33.74561,4780.442431998361,False,0,False,0,True,1
CNBYQ,CNWEN,78.0,17,9066.116909256018,879.7258774916584,10.424839144342108,0.3967278976783984,629.3494149209643,25,2804,9066.116909256018,0.13974655864581875,0.8191783494161325,0.9393023984859075,0.9871794871794872,7331.5517278337,122.0684,40.268517,120.666189,28.032743,737.9080249184257,False,0,False,0,False,0
BDCTG,CNSHE,13.0,6,9065.452273365232,3045.7014024727982,14.518891173236954,0.4532079888142358,630.6999999999999,4,2805,9065.452273365232,0.1415887109560805,0.8195655620738862,0.9394323767242746,0.23076923076923078,1714.5536510479767,91.883333,22.35,113.8943,22.467416,1220.6705750485585,False,0,False,0,False,0
BRIJI,BRSUA,17.0,9,9065.146510778435,1463.2040417412845,16.292338620114695,0.4584021115070297,630.7,12,2807,9065.146510778435,0.1415887109560806,0.8195655620738862,0.9394323767242746,1.0,7429.481895388257,-48.6646,-26.899129,-34.9681,-8.3911,1357.0869888403188,False,0,False,0,False,0
GTSTC,JMKIN,50.0,22,9060.045124427577,821.7901350875164,14.386169592485176,0.45855627303862484,630.6999999999999,42,2808,9060.045124427577,0.1415887109560805,0.8195655620738862,0.9394323767242746,0.44,3267.1324289191543,-88.616667,15.7,-76.7936,17.997,693.0911502731747,False,0,False,0,False,0
CNNJG,JPTOK,46.0,6,9041.311816338708,1239.7220823202517,13.127678257595806,0.43593632286130174,630.7,42,2810,9041.311816338708,0.1415887109560806,0.8195655620738862,0.9394323767242746,0.4782608695652174,3543.888078568345,118.764874,32.137024,139.75,35.6667,1064.8329175774666,False,0,False,0,False,0
CNTJN,JPKOB,46.0,11,9023.007298335673,1048.3352854560424,14.271611566433275,0.5273618204068807,630.6999999999999,33,2813,9023.007298335673,0.1415887109560805,0.8195655620738862,0.9394323767242746,0.2391304347826087,1768.356663665865,117.8143,38.97075,135.237233,34.685033,874.3546762936702,False,0,False,0,False,0
AUSYD,CNWGQ,7.0,7,9009.5000960903,4699.803615581512,14.904344761995764,0.43966070577217486,630.6999999999999,7,2816,9009.5000960903,0.1415887109560805,0.8195655620738862,0.9394323767242746,0.8571428571428571,6329.036580220267,151.2111,-33.86,121.617967,31.353633,4258.63842975608,False,0,False,0,False,0
CNQIN,JPHKA,108.0,20,8991.356913218719,546.7537697760786,13.104955650356816,0.4191913203238476,630.7,83,2820,8991.356913218719,0.1415887109560806,0.8195655620738862,0.9394323767242746,0.7685185185185185,5663.21794479897,120.2667,36.0333,130.383333,33.616667,519.0125927691593,False,0,False,0,False,0
CNNSA,EGSOK,6.0,6,8979.687131321129,6502.236009170288,13.1874058186493,0.4141801684394971,630.7,2,2822,8979.687131321129,0.1415887109560806,0.8195655620738862,0.9394323767242746,0.5,3679.721165514422,113.682083,22.64515,32.33,29.58,4316.657372160004,False,0,False,0,True,1
CNQIZ,CNTAI,37.0,11,8979.159392331405,1277.9716863100905,10.283056664463173,0.39881357994282307,630.7000000000002,31,2823,8979.159392331405,0.14158871095608083,0.8195655620738862,0.9394323767242746,0.9459459459459459,6961.225500039151,108.6,21.683333,121.211133,31.6506,901.9762419566096,False,0,False,0,False,0
ESVAL,TGLOM,4.0,4,8976.491761019395,3506.618567134916,14.821010160370824,0.39059988410580493,628.9422143370128,3,2824,8976.491761019395,0.13918959856955027,0.8190612787536291,0.9392631006009546,1.0,7352.2968205019615,-0.316667,39.45,1.286945,6.137824,2001.9610532013787,False,0,False,0,False,0
CNNJG,KRBUS,85.0,9,8963.640379818065,666.9962564697406,12.356653837373202,0.47218888534515996,630.6999999999999,69,2825,8963.640379818065,0.1415887109560805,0.8195655620738862,0.9394323767242746,0.4,2938.5163864455103,118.764874,32.137024,129.052391,35.112607,544.1379897432724,False,0,False,0,False,0
BEZEE,DEWVN,21.0,12,8947.317059062127,343.1892638616033,12.233597991625242,0.38706261408889336,625.7875504760242,20,2829,8947.317059062127,0.13485015867099348,0.8181491467616533,0.9389569192117324,1.0,7320.239817677664,3.2,51.333333,8.170278,53.541667,225.0292068842133,False,0,False,0,False,0
MXLCS,PACOL,7.0,7,8931.152495652479,1678.085705598555,13.902248623510923,0.35249730266702356,629.9856144720101,3,2832,8931.152495652479,0.14061529729730982,0.8193609546221534,0.9393636947852922,1.0,7317.837634713843,-102.166667,17.883333,-79.892063,9.359918,1395.1304523765257,False,0,False,0,False,0
CNWGQ,TWTCH,100.0,13,8923.265607067586,534.0646528914694,12.558724686245803,0.3751131120529284,630.7,77,2834,8923.265607067586,0.1415887109560806,0.8195655620738862,0.9394323767242746,0.11,804.4521312070016,121.617967,31.353633,120.5,24.283333,428.6254442043102,False,0,False,0,False,0
BEANT,BEANT,86.0,60,8920.842330862652,199.32853630284765,4.676548249292939,0.21283974053173782,629.7386792208517,80,2835,8920.842330862652,0.1402783124742304,0.8192901218314876,0.9393399178731355,0.2441860465116279,1784.6967209526865,4.4,51.2167,4.4,51.2167,0.0,False,0,False,0,False,0
CLSAN,ECGYL,14.0,13,8915.877956526347,2022.2236080018213,15.701152092736205,0.48128269110878463,630.7,12,2836,8915.877956526347,0.1415887109560806,0.8195655620738862,0.9394323767242746,0.5,3653.5732644113436,-71.616667,-33.5833,-79.930086,-2.257278,1937.9308021037448,False,0,False,0,False,0
BRIJI,BRIOA,51.0,41,8894.176159013603,187.51209437451902,6.58262344899449,0.2055274180648502,617.6478745997545,9,2838,8894.176159013603,0.12344877677943,0.8157526243027321,0.9381524626394057,0.7254901960784313,5263.75606040916,-48.6646,-26.899129,-48.601391,-26.181417,43.22530088235652,False,0,False,0,False,0
CNSHE,MXESE,4.0,4,8874.199930153689,6882.354254110575,17.006604730778193,0.47196499136425507,630.6999999999999,3,2841,8874.199930153689,0.1415887109560805,0.8195655620738862,0.9394323767242746,1.0,7272.988653712449,113.8943,22.467416,-116.6246,31.850733,6442.515064624959,False,0,False,0,True,1
CRPMN,PACOL,58.0,26,8871.760431262664,277.76706869054715,7.99192647535749,0.21834489914197627,630.6999999999999,35,2842,8871.760431262664,0.1415887109560805,0.8195655620738862,0.9394323767242746,0.08620689655172414,626.8094245200559,-83.090115,10.006213,-79.892063,9.359918,193.21187516153398,False,0,False,0,False,0
PABAL,USLGB,5.0,5,8851.745641124877,2976.2337935661453,15.620728909533803,0.3518164780947649,630.7,4,2847,8851.745641124877,0.1415887109560806,0.8195655620738862,0.9394323767242746,0.6,4352.751535022149,-79.57037,8.954178,-118.217354,33.74561,2598.7857964245277,False,0,False,0,False,0
EGDAM,GBLGP,5.0,5,8827.710459133474,3326.4256282630563,16.31877208135364,0.49126354415532386,630.7,4,2851,8827.710459133474,0.1415887109560806,0.8195655620738862,0.9394323767242746,0.4,2893.9549937061,31.757526,31.481673,0.486317,51.502973,1825.7079850635293,False,0,False,0,False,0
CRPMN,DOCUC,30.0,9,8827.167399322498,949.678276378557,14.066336850387447,0.4449540138079716,630.7000000000004,29,2852,8827.167399322498,0.14158871095608105,0.8195655620738863,0.9394323767242746,0.7,5064.10968780222,-83.090115,10.006213,-69.629288,18.426403,931.5987046988542,False,0,False,0,False,0
CNMWN,JPTOK,30.0,10,8810.829302476808,1661.6670268066016,14.54487951350336,0.5295636888538409,630.7,30,2855,8810.829302476808,0.1415887109560806,0.8195655620738862,0.9394323767242746,0.6666666666666666,4814.034846414314,113.862187,22.508158,139.75,35.6667,1563.9215350870536,False,0,False,0,False,0
ESALG,ESALG,168.0,53,8783.294206606219,67.20142504271244,3.5926924836016214,0.20577318173521475,630.6999999999999,25,2859,8783.294206606219,0.1415887109560805,0.8195655620738862,0.9394323767242746,0.5476190476190477,3942.0277482343645,-5.433333,36.116667,-5.433333,36.116667,0.0,False,0,False,0,False,0
DEBHN,MTMAL,6.0,5,8755.208660128295,2700.535953264955,15.141211130832847,0.5550800044830131,630.7,6,2863,8755.208660128295,0.1415887109560806,0.8195655620738862,0.9394323767242746,0.6666666666666666,4783.645004408135,8.548651,53.563407,14.539518,35.819159,1094.6720359642516,False,0,False,0,False,0
CNNJG,JPNAG,49.0,7,8748.901716199338,1110.5036440339832,13.82630736028227,0.5164907036788609,630.7000000000002,37,2865,8748.901716199338,0.14158871095608083,0.8195655620738862,0.9394323767242746,0.8775510204081632,6292.302811435555,118.764874,32.137024,136.866667,35.066667,920.7988795844882,False,0,False,0,False,0
MATAN,SAJED,7.0,7,8747.915731759465,2714.998804593123,13.277929703337552,0.3238811757900221,630.2343454479226,7,2866,8747.915731759465,0.14095446573097492,0.8194322463985684,0.9393876257682365,0.5714285714285714,4096.185279646305,-5.797516,35.789733,39.1667,21.466667,2495.885787648628,False,0,False,0,False,0
ESMAL,PTSNS,27.0,26,8742.437095924359,385.68988946052724,9.94417191454633,0.24489335719761524,625.5474728565118,25,2867,8742.437095924359,0.1345181245353918,0.8180793545846464,0.9389334916092574,0.8148148148148148,5827.561501202768,-4.383333,36.716667,-8.866667,37.95,226.44982602465578,False,0,False,0,False,0
CNSHE,MYTPP,15.0,9,8722.815972815966,1542.7210391647832,12.814678338475172,0.45253967995066,630.7,14,2870,8722.815972815966,0.1415887109560806,0.8195655620738862,0.9394323767242746,0.2,1429.783915125598,113.8943,22.467416,103.549576,1.327854,1405.5260981223919,False,0,False,0,False,0
CIABI,ESALG,7.0,6,8712.87004673717,3004.042391006658,12.398832672001562,0.28179303008802536,630.7000000000002,7,2871,8712.87004673717,0.14158871095608083,0.8195655620738862,0.9394323767242746,0.42857142857142855,3060.32924448466,-4.0267,5.3364,-5.433333,36.116667,1849.6900731423225,False,0,False,0,False,0
ESBAR,ESLPA,21.0,12,8692.326727751324,1254.2065521629509,14.76207250375324,0.4665492577318047,629.7416950770273,21,2873,8692.326727751324,0.1402824297130616,0.819290987257751,0.9393402083765034,0.14285714285714285,1017.3635637637597,2.166667,41.35,-15.4167,28.15,1170.6580040646245,False,0,False,0,False,0
BDCTG,VNHCM,14.0,6,8675.05790013558,2172.300919298942,14.865847614138827,0.45389698756903685,630.6999999999999,2,2877,8675.05790013558,0.1415887109560805,0.8195655620738862,0.9394323767242746,1.0,7109.778703948124,91.883333,22.35,106.710033,10.776988,1098.8171349191375,False,0,False,0,False,0
CNSTO,CNXIA,451.0,47,8667.986132819346,140.4616759631035,9.574631354873885,0.30154887002244074,630.7,304,2878,8667.986132819346,0.1415887109560806,0.8195655620738862,0.9394323767242746,0.9600886917960089,6820.4536749176405,116.733333,23.333333,118.042517,24.44535,98.09534056431742,False,0,False,0,False,0
CNBYQ,CNTJN,114.0,35,8661.394704675571,249.29846834826625,9.796869640330712,0.30859000945514004,630.7000000000002,44,2880,8661.394704675571,0.14158871095608083,0.8195655620738862,0.9394323767242746,0.9210526315789473,6538.166544259015,122.0684,40.268517,117.8143,38.97075,211.5856440231927,False,0,False,0,False,0
AUBRI,CNNSA,9.0,7,8638.883811546533,4226.646330849997,13.929983734038887,0.42917393789124025,630.7000000000002,6,2882,8638.883811546533,0.14158871095608083,0.8195655620738862,0.9394323767242746,0.8888888888888888,6293.450370401005,153.169467,-27.350967,113.682083,22.64515,3775.763371115759,False,0,False,0,False,0
ESLPA,USNYK,4.0,4,8607.52887938532,3070.865598542793,14.054866881330636,0.2738618959180132,630.6999999999999,4,2885,8607.52887938532,0.1415887109560805,0.8195655620738862,0.9394323767242746,0.25,1763.6085610251594,-15.4167,28.15,-74.049568,40.663452,2944.271647133679,False,0,False,0,False,0
CNRIZ,CNZOS,78.0,23,8584.605640177091,517.6074755514953,11.008175634425122,0.2908420667524151,630.7000000000004,54,2887,8584.605640177091,0.14158871095608105,0.8195655620738863,0.9394323767242746,0.3974358974358974,2796.218737780848,119.533333,35.35,122.099218,30.006902,345.9778800252936,False,0,False,0,False,0
CNYAN,KRGWA,83.0,2,8544.791181717397,489.9792918586027,14.29936717211131,0.4517694159658482,630.7,63,2890,8544.791181717397,0.1415887109560806,0.8195655620738862,0.9394323767242746,0.5903614457831325,4134.310997527254,121.4,37.55,127.728767,34.866497,346.24194185004717,False,0,False,0,False,0
INMUN,TRBAM,9.0,7,8542.895853070011,3853.9794847857543,14.755235340300999,0.4645116320426394,629.9640096633705,6,2891,8542.895853070011,0.14058582443574175,0.819354759550771,0.9393616152446349,0.3333333333333333,2333.220792519819,69.7,22.766667,28.678178,40.961688,2331.281085072749,False,0,False,0,False,0
LKCOL,PKQAS,10.0,10,8539.89751748894,1403.7092922730221,14.116336218406294,0.28271964814784645,630.7,9,2892,8539.89751748894,0.1415887109560806,0.8195655620738862,0.9394323767242746,0.2,1399.8011817948418,79.85,6.95,67.343788,24.775279,1289.0702371611087,False,0,False,0,False,0
INMUN,VNCMP,5.0,5,8537.8392665296,3521.162168040596,14.827445062716112,0.3052924484355514,630.7,5,2893,8537.8392665296,0.1415887109560806,0.8195655620738862,0.9394323767242746,0.4,2798.9276149479315,69.7,22.766667,107.012844,10.522075,2260.8006063193798,False,0,False,0,False,0
BRPAR,PAMIT,4.0,2,8451.744970083113,4733.958476717759,15.54209186456148,0.49003672603335424,630.6999999999999,4,2899,8451.744970083113,0.1415887109560805,0.8195655620738862,0.9394323767242746,0.25,1731.6897792278266,-48.515217,-25.502281,-79.88466,9.361132,2782.432889940371,False,0,False,0,False,0
IDJAK,IDJAK,294.0,79,8427.330167731867,1049.4315579013346,5.671770506221209,0.3635408356269914,630.7,35,2905,8427.330167731867,0.1415887109560806,0.8195655620738862,0.9394323767242746,0.47959183673469385,3312.420719672154,106.788826,-6.09208,106.788826,-6.09208,0.0,False,0,False,0,False,0
KRGWA,KRPYT,76.0,17,8416.85330307118,379.34387731534423,14.842202042159482,0.5220896487543849,630.7000000000003,69,2907,8416.85330307118,0.14158871095608094,0.8195655620738862,0.9394323767242746,0.8421052631578947,5808.979459557876,127.728767,34.866497,126.799736,36.993778,135.4715389728122,False,0,False,0,False,0
BRPAR,BRSAL,12.0,8,8408.981821823,1106.6821826385924,15.442482328480626,0.43815658532005275,628.6908836362492,5,2909,8408.981821823,0.13884547383822787,0.8189889451843191,0.9392388199124867,0.5833333333333334,4017.336838858544,-48.515217,-25.502281,-38.516667,-12.966667,941.222958550261,False,0,False,0,False,0
CNJIT,CNTJN,256.0,25,8408.856711176568,390.34121788943673,8.175777800816698,0.23183398346538578,630.7000000000002,76,2910,8408.856711176568,0.14158871095608083,0.8195655620738862,0.9394323767242746,0.93359375,6433.963441709813,118.997083,39.205083,117.8143,38.97075,56.88705035322849,False,0,False,0,False,0
PACOL,USHOU,8.0,7,8390.773831968076,1738.6736074851854,11.75699755566824,0.26097924241893206,630.7,6,2913,8390.773831968076,0.1415887109560806,0.8195655620738862,0.9394323767242746,0.125,859.5986589789715,-79.892063,9.359918,-94.97475,29.6069,1481.7703608691288,False,0,False,0,False,0
CAPRR,CNLYG,4.0,3,8370.139655681345,4731.675611130212,12.999176037706873,0.22195125896431495,630.7,4,2914,8370.139655681345,0.1415887109560806,0.8195655620738862,0.9394323767242746,1.0,6859.878211545406,-130.319567,54.320128,119.483333,34.733333,4365.140587335727,False,0,False,0,False,0
AEJAL,NGLAG,4.0,4,8359.052160592,7791.8795759951,15.376209051161213,0.3825554568722116,630.6999999999999,3,2916,8359.052160592,0.1415887109560805,0.8195655620738862,0.9394323767242746,0.75,5138.093461800387,55.0606,25.0136,3.3833,6.45,3164.6326947230377,False,0,False,0,True,1
CNZPU,VNHCM,19.0,3,8334.640274810325,1706.1809592882396,14.79212500653897,0.4859553097971794,624.6000000000001,7,2919,8334.640274810325,0.13320525136087114,0.8178033941722703,0.9388408581492155,1.0,6816.0971059447875,121.066951,30.583181,106.710033,10.776988,1433.4493018181631,False,0,False,0,False,0
ECGYL,USNYK,12.0,3,8296.097127356728,2819.492216404686,14.731568614506175,0.5103495556352108,630.7,12,2924,8296.097127356728,0.1415887109560806,0.8195655620738862,0.9394323767242746,0.5,3399.597752600835,-79.930086,-2.257278,-74.049568,40.663452,2597.0663158324487,False,0,False,0,False,0
CNBYQ,CNDAL,212.0,24,8285.623991074248,203.0060537207483,9.164814904238726,0.3484093306641239,628.8086320511721,107,2925,8285.623991074248,0.13900673049930223,0.819022840655376,0.9392501978298362,0.9952830188679245,6754.105319952285,122.0684,40.268517,121.737442,38.978628,78.94326857180003,False,0,False,0,False,0
JMKIN,PRSJU,68.0,10,8270.456005083352,653.7425081197503,12.159606899027894,0.31996153223217316,630.7,58,2928,8270.456005083352,0.1415887109560806,0.8195655620738862,0.9394323767242746,0.23529411764705882,1594.8660998619964,-76.7936,17.997,-66.083333,18.45,611.3124947609199,False,0,False,0,False,0
CNYAN,JPYOK,38.0,9,8214.328516761676,1161.6867894380807,14.545104575515433,0.540687996749746,630.7,38,2932,8214.328516761676,0.1415887109560806,0.8195655620738862,0.9394323767242746,0.9473684210526315,6377.855464325685,121.4,37.55,139.679832,35.450183,889.7699148743544,False,0,False,0,False,0
USCHA,USNOL,11.0,8,8148.156396268103,1279.59200634477,13.305118941384203,0.2841562540428444,630.7,9,2943,8148.156396268103,0.1415887109560806,0.8195655620738862,0.9394323767242746,0.5454545454545454,3642.5172964218536,-79.938165,32.87698,-90.061119,29.923919,547.9476773688266,False,0,False,0,False,0
NAWVB,ZACPT,15.0,15,8129.530589308223,970.9506760386987,10.667853647581852,0.3143487823722137,630.7,13,2945,8129.530589308223,0.1415887109560806,0.8195655620738862,0.9394323767242746,0.3333333333333333,2220.894435607748,14.5,-22.95,18.437805,-33.905756,689.6841045134092,False,0,False,0,False,0
USLGB,USSEA,11.0,11,8118.235521555131,1399.6793884367378,13.323282362519755,0.3289436401970768,630.1402809063103,10,2946,8118.235521555131,0.14082623123009697,0.8194052920465184,0.9393785778222935,0.6363636363636364,4233.170549008737,-118.217354,33.74561,-122.333333,47.6,852.351181931575,False,0,False,0,False,0
USBOS,USPHI,22.0,20,8102.330199612219,590.4161981122224,12.191120942127156,0.24309661175769812,630.6999999999999,20,2947,8102.330199612219,0.1415887109560805,0.8195655620738862,0.9394323767242746,0.18181818181818182,1207.3437825733474,-71.083333,42.35,-75.1333,39.95,232.95234454796582,False,0,False,0,False,0
BRIOA,BRSUA,13.0,7,8096.41351020896,1416.7251596863937,16.295333759824768,0.4350151075278094,630.7,10,2948,8096.41351020896,0.1415887109560806,0.8195655620738862,0.9394323767242746,0.8461538461538461,5614.689121695934,-48.601391,-26.181417,-34.9681,-8.3911,1321.0474701480673,False,0,False,0,False,0
NGLAG,ZAPLZ,6.0,6,8090.118782067203,3403.5728396551776,13.215088343983565,0.36001814076457034,630.6999999999999,1,2949,8090.118782067203,0.1415887109560805,0.8195655620738862,0.9394323767242746,1.0,6630.382746869411,3.3833,6.45,25.6372,-33.9618,2736.1417357379983,False,0,False,0,False,0
ECGYL,GTPQL,12.0,9,8088.3480335355325,1245.4780171084096,15.255541623574429,0.40797117678549116,629.506991903681,7,2950,8088.3480335355325,0.13996189563715278,0.8192236123448614,0.9393175921930905,0.9166666666666666,6073.985219440815,-79.930086,-2.257278,-90.783333,13.916667,1166.347660605547,False,0,False,0,False,0
CNSHE,TWTCH,53.0,14,8076.995929481891,426.6365109800995,14.883977148061579,0.3944154132636586,630.7,53,2953,8076.995929481891,0.1415887109560806,0.8195655620738862,0.9394323767242746,0.9622641509433962,6369.830436783588,113.8943,22.467416,120.5,24.283333,379.979918967357,False,0,False,0,False,0
CNXIA,KRPYT,45.0,3,8051.9223260316185,968.2727173182163,14.510618150694437,0.6035675253807895,630.6999999999999,38,2955,8051.9223260316185,0.1415887109560805,0.8195655620738862,0.9394323767242746,1.0,6599.0782469093765,118.042517,24.44535,126.799736,36.993778,877.5832769752823,False,0,False,0,False,0
CNNSA,QAHMD,4.0,4,8023.881835756467,5165.162226885314,15.222488207028816,0.27809861901639105,630.7,2,2960,8023.881835756467,0.1415887109560806,0.8195655620738862,0.9394323767242746,0.75,4932.072920052146,113.682083,22.64515,51.638489,25.021684,3380.038957847148,False,0,False,0,True,1
CNWGQ,TWTAP,59.0,13,8016.954849474545,544.5760396109993,13.348354661397726,0.3516505563848907,630.7,54,2962,8016.954849474545,0.1415887109560806,0.8195655620738862,0.9394323767242746,0.6440677966101694,4231.796001331555,121.617967,31.353633,121.37318,25.14978,372.7067022677531,False,0,False,0,False,0
CNNJG,MYPKE,15.0,4,7979.935370726198,2607.3799695680623,14.390146355784552,0.503036270586155,629.282388201422,10,2970,7979.935370726198,0.13965493051951183,0.8191590895698567,0.9392959334056988,1.0,6536.83659311037,118.764874,32.137024,101.34485,3.00525,2006.1568430583663,False,0,False,0,False,0
CNSHE,EGSOK,4.0,4,7932.288025653656,6379.0404293883585,13.988793149130437,0.47895270308788984,630.7,3,2979,7932.288025653656,0.1415887109560806,0.8195655620738862,0.9394323767242746,0.75,4875.772570707597,113.8943,22.467416,32.33,29.58,4331.855166284209,False,0,False,0,True,1
EGPSA,ESVAL,9.0,9,7913.20638360358,1717.3690568217644,13.311394802639224,0.29801164332492874,630.7,7,2981,7913.20638360358,0.1415887109560806,0.8195655620738862,0.9394323767242746,0.2222222222222222,1441.1980972410515,32.319633,31.269083,-0.316667,39.45,1661.4817827764152,False,0,False,0,False,0
FRLEH,PLGDA,5.0,5,7909.889591351425,1257.7588408097415,16.26002091293232,0.5288999392525824,630.6999999999999,5,2983,7909.889591351425,0.1415887109560805,0.8195655620738862,0.9394323767242746,1.0,6482.673108878313,0.094067,49.480233,18.666667,54.35,744.5494631115613,False,0,False,0,False,0
CNTJN,VNHCM,13.0,7,7857.26025063258,2316.452931519592,13.674374924090957,0.4684680322274624,630.6999999999998,9,2985,7857.26025063258,0.1415887109560804,0.8195655620738861,0.9394323767242746,0.9230769230769231,5944.190689541994,117.8143,38.97075,106.710033,10.776988,1794.109577649218,False,0,False,0,False,0
CNTAI,CNZOS,175.0,53,7846.570468279159,215.5162803398638,10.152225302304426,0.25913898022674403,630.5977858862874,129,2986,7846.570468279159,0.1414495703642893,0.819536315307455,0.9394225592684076,0.76,4887.217581524083,121.211133,31.6506,122.099218,30.006902,108.79122755812917,False,0,False,0,False,0
CNBYQ,CNTAI,102.0,19,7842.210896983576,706.9911871003645,10.311235581062887,0.3669600358176615,630.3290925906218,63,2987,7842.210896983576,0.14108359210444754,0.819459388218482,0.9393967366427594,0.9509803921568627,6111.355042749804,122.0684,40.268517,121.211133,31.6506,519.0901226740682,False,0,False,0,False,0
CNWEN,CNWEN,1205.0,14,7839.74728005444,20.29534498161192,5.173144453404747,0.20349042309019766,630.6961484205094,706,2988,7839.74728005444,0.1415834687497921,0.8195644601842008,0.9394320068456632,0.9975103734439834,6409.181953166113,120.666189,28.032743,120.666189,28.032743,0.0,False,0,False,0,False,0
CNXIA,VNDAN,55.0,21,7833.828902078974,790.1821576495349,13.311551303748661,0.44661899770474706,630.6999999999999,46,2989,7833.828902078974,0.1415887109560805,0.8195655620738862,0.9394323767242746,0.32727272727272727,2101.20099948753,118.042517,24.44535,108.230438,16.111792,744.8997869809696,False,0,False,0,False,0
ESMAL,ITGIT,15.0,14,7830.666284398478,997.0860354596293,14.986656306886568,0.346814629874777,630.7000000000002,15,2991,7830.666284398478,0.14158871095608083,0.8195655620738862,0.9394323767242746,0.2,1283.548882957214,-4.383333,36.716667,15.909341,38.462848,969.1360079709676,False,0,False,0,False,0
DEHAM,ESVAL,6.0,6,7825.5028945378135,2140.5308752443884,11.999600321025005,0.2632774306125346,630.7000000000002,6,2992,7825.5028945378135,0.14158871095608083,0.8195655620738862,0.9394323767242746,0.6666666666666666,4275.67511884847,9.903145,53.539287,-0.316667,39.45,943.3304795881744,False,0,False,0,False,0
CNQIN,TWTAP,37.0,10,7807.047675383121,777.7733296641427,14.387151449484781,0.4433426342598071,630.7,36,2996,7807.047675383121,0.1415887109560806,0.8195655620738862,0.9394323767242746,1.0,6398.387416212994,120.2667,36.0333,121.37318,25.14978,655.9337603982872,False,0,False,0,False,0
CANWE,USOAK,18.0,9,7794.722248620851,933.6194462015983,11.280721647548871,0.2514403213972661,630.7,15,2997,7794.722248620851,0.1415887109560806,0.8195655620738862,0.9394323767242746,0.6111111111111112,3903.95250721714,-122.912378,49.199261,-122.320518,37.814824,684.0066557085078,False,0,False,0,False,0
CNHUM,CNWEN,85.0,13,7776.108467230249,647.061036350003,10.672621043339628,0.4322981701389169,630.7,30,3001,7776.108467230249,0.1415887109560806,0.8195655620738862,0.9394323767242746,1.0,6373.0307066930645,113.659717,22.81445,120.666189,28.032743,492.2509330166563,False,0,False,0,False,0
BEZEE,NLROT,121.0,57,7774.2326587700845,203.98925211307437,8.355726483396175,0.24008200873351596,616.9786058425608,90,3002,7774.2326587700845,0.12249793611457382,0.8155527615992584,0.9380853734015085,0.8512396694214877,5397.11224925648,3.2,51.333333,4.03038,52.002215,50.68449553447362,False,0,False,0,False,0
LBBRT,SIKOP,15.0,10,7748.343464209771,1477.4337598604895,16.75341507565318,0.44845628129496046,630.7,10,3006,7748.343464209771,0.1415887109560806,0.8195655620738862,0.9394323767242746,0.26666666666666666,1693.4067910364276,35.516567,33.904758,13.726419,45.550429,1218.8401313807658,False,0,False,0,False,0
CNZOS,JPKOB,31.0,12,7742.191528884506,837.2290886230844,13.458915783337543,0.42867562838947854,630.5847809002414,25,3008,7742.191528884506,0.1414318638850094,0.8195325934800777,0.9394213099379523,0.8709677419354839,5526.271425094438,122.099218,30.006902,135.237233,34.685033,722.4247386325931,False,0,False,0,False,0
IDJAK,MYPAG,50.0,9,7741.700371608728,568.4061640374995,11.755219772803981,0.26003018045437465,630.7000000000002,41,3009,7741.700371608728,0.14158871095608083,0.8195655620738862,0.9394323767242746,0.14,888.276342305117,106.788826,-6.09208,103.900833,1.426733,483.49244968770483,False,0,False,0,False,0
CNRIZ,CNSTO,58.0,6,7735.440103537723,948.7585634084359,10.313292824664403,0.5305624580013569,630.7000000000002,31,3011,7735.440103537723,0.14158871095608083,0.8195655620738862,0.9394323767242746,1.0,6339.700316344774,119.533333,35.35,116.733333,23.333333,736.1138186126898,False,0,False,0,False,0
DOCUC,GBSOU,4.0,4,7727.661292742661,3851.111729316558,15.460951420199711,0.28335633269448157,630.7,4,3014,7727.661292742661,0.1415887109560806,0.8195655620738862,0.9394323767242746,0.5,3166.662535451627,-69.629288,18.426403,-1.4,50.9,3731.2814873958328,False,0,False,0,False,0
CNNJG,CNNJG,795.0,108,7725.813514975542,65.0444432038452,3.880664213751873,0.2083341285834115,630.7000000000002,281,3015,7725.813514975542,0.14158871095608083,0.8195655620738862,0.9394323767242746,0.8830188679245283,5591.108312587456,118.764874,32.137024,118.764874,32.137024,0.0,False,0,False,0,False,0
INMUN,MUPLO,4.0,4,7683.042754671887,2966.6062829668035,17.141198889070314,0.4267473312690475,630.7000000000002,3,3021,7683.042754671887,0.14158871095608083,0.8195655620738862,0.9394323767242746,0.5,3148.3786268351823,69.7,22.766667,57.486134,-20.150235,2674.266435410546,False,0,False,0,False,0
GRPIR,MATAN,11.0,8,7650.172206280003,1590.7372211851748,13.224841879110267,0.30720153221686763,630.7000000000002,9,3023,7650.172206280003,0.14158871095608083,0.8195655620738862,0.9394323767242746,0.36363636363636365,2279.933703346143,23.65,37.933333,-5.797516,35.789733,1414.5411114392666,False,0,False,0,False,0
FRFOS,LBBRT,18.0,8,7627.472240169576,1719.024311479622,14.095175798097962,0.36948035290217,630.7,18,3025,7627.472240169576,0.1415887109560806,0.8195655620738862,0.9394323767242746,0.05555555555555555,347.28964298430793,4.871235,43.408352,35.516567,33.904758,1535.1697607682333,False,0,False,0,False,0
CNDCB,CNQUA,99.0,11,7625.464159480888,374.60430833804827,10.309665921680605,0.3368185088552014,630.6999999999999,83,3026,7625.464159480888,0.1415887109560805,0.8195655620738862,0.9394323767242746,0.898989898989899,5618.29834317769,113.852567,22.533467,118.682805,24.833576,299.30748873397926,False,0,False,0,False,0
PACRI,USPEV,8.0,8,7604.103522610496,1425.2298036538152,11.564855506471591,0.2595144358547584,630.7000000000002,7,3029,7604.103522610496,0.14158871095608083,0.8195655620738862,0.9394323767242746,0.25,1558.0153443940724,-79.916667,9.35,-80.1,26.083333,1004.7312274351939,False,0,False,0,False,0
CAHFX,ESBAR,6.0,5,7587.41051267504,3725.335319404326,15.454513267781932,0.29497963065694727,630.6999999999999,6,3032,7587.41051267504,0.1415887109560805,0.8195655620738862,0.9394323767242746,0.5,3109.190180752916,-63.57595,44.655955,2.166667,41.35,2813.767401359655,False,0,False,0,False,0
ESBAR,PTSNS,17.0,13,7576.657544748803,826.3531554317176,14.148233348440483,0.38525709372189504,624.492457554502,16,3036,7576.657544748803,0.13305598258126317,0.817772018503413,0.9388303260705657,0.47058823529411764,2915.754604178043,2.166667,41.35,-8.866667,37.95,548.8776992458083,False,0,False,0,False,0
GHTEM,ZAPLZ,4.0,4,7576.487928471886,3044.0538633198917,16.829411805192855,0.46496106933239045,630.7,0,3037,7576.487928471886,0.1415887109560806,0.8195655620738862,0.9394323767242746,0.25,1552.3571469110188,0.016667,5.633333,25.6372,-33.9618,2786.864813391467,False,0,False,0,False,0
CNBYQ,CNJIN,349.0,66,7533.176534621778,141.75959073571184,7.757027420101006,0.28012017496511954,630.6999999999999,132,3045,7533.176534621778,0.1415887109560805,0.8195655620738862,0.9394323767242746,0.833810888252149,5147.891775623325,122.0684,40.268517,121.066667,40.783333,55.18470943265106,False,0,False,0,False,0
CNDAL,JPYOK,37.0,11,7518.916362971553,1191.1277601438007,12.88780527804343,0.44594382011533246,630.417557666606,34,3046,7518.916362971553,0.14120412190943865,0.8194847230759035,0.9394052409622101,0.2702702702702703,1665.3073225785465,121.737442,38.978628,139.679832,35.450183,882.0708164331893,False,0,False,0,False,0
CNSTO,PHMAN,56.0,5,7470.909413109448,628.528208654573,14.230534063265482,0.4852476243723258,630.7,17,3053,7470.909413109448,0.1415887109560806,0.8195655620738862,0.9394323767242746,0.8214285714285714,5029.525059437037,116.733333,23.333333,120.94162,14.596732,576.2790957407215,False,0,False,0,False,0
INNSA,INNSA,26.0,11,7444.454013983871,2257.6839745198863,9.230857592326723,0.3648724336513479,630.5606653521244,14,3054,7444.454013983871,0.1413990282795936,0.8195256915741,0.9394189931294431,0.19230769230769232,1173.2541008080225,72.9428,18.953883,72.9428,18.953883,0.0,False,0,False,0,False,0
ESALG,GBLGP,10.0,8,7442.160876447603,1452.7477003207707,13.24490877179292,0.2857743952483013,629.4963936704236,4,3055,7442.160876447603,0.1399474159919445,0.8192205687844168,0.9393165705409905,0.4,2438.708506475416,-5.433333,36.116667,0.486317,51.502973,957.9513353002561,False,0,False,0,False,0
USHOU,USPEV,28.0,5,7438.949019959211,1013.1241743631041,13.887010419824746,0.5944705247292899,630.7,28,3057,7438.949019959211,0.1415887109560806,0.8195655620738862,0.9394323767242746,0.03571428571428571,217.7395155279234,-94.97475,29.6069,-80.1,26.083333,816.8355892789,False,0,False,0,False,0
CNSHE,INNSA,6.0,6,7415.431284381437,3982.0017797380638,14.00569889880054,0.32040775622136525,630.6999999999998,4,3059,7415.431284381437,0.1415887109560804,0.8195655620738861,0.9394323767242746,0.3333333333333333,2025.810702868117,113.8943,22.467416,72.9428,18.953883,2302.6170023842474,False,0,False,0,False,0
INCOC,INPPV,33.0,7,7414.957183450917,794.9847215168983,11.126227941738417,0.20810051418321365,630.6999999999999,22,3060,7414.957183450917,0.1415887109560805,0.8195655620738862,0.9394323767242746,0.24242424242424243,1473.2226792263639,76.25,9.966667,71.516667,20.933333,712.9489900272405,False,0,False,0,False,0
DEHAM,FRDKK,18.0,15,7399.052984638912,448.94193627327,11.743005204018308,0.31323435134720107,630.6999999999999,16,3063,7399.052984638912,0.1415887109560805,0.8195655620738862,0.9394323767242746,0.7777777777777778,4716.45145857671,9.903145,53.539287,2.35,51.0667,314.3176440114991,False,0,False,0,False,0
CNNSA,CNZHA,112.0,38,7369.858890614314,304.5997195468435,11.80504864781159,0.29908422645868976,630.7000000000002,72,3070,7369.858890614314,0.14158871095608083,0.8195655620738862,0.9394323767242746,0.875,5285.072226080104,113.682083,22.64515,110.407368,21.182277,202.44407420626786,False,0,False,0,False,0
CNQIN,VNHPG,19.0,12,7369.374473338,1644.278374813557,14.361924735022919,0.503220779905702,630.6999999999999,10,3071,7369.374473338,0.1415887109560805,0.8195655620738862,0.9394323767242746,0.8421052631578947,5086.050974630911,120.2667,36.0333,106.828308,20.81389,1154.2929810708033,False,0,False,0,False,0
CNZOS,MXLCS,4.0,4,7367.746834671763,7263.313674285327,14.221531121062197,0.49715150239403877,630.6999999999999,3,3072,7367.746834671763,0.1415887109560805,0.8195655620738862,0.9394323767242746,0.75,4528.763681831895,122.099218,30.006902,-102.166667,17.883333,6957.883155551481,False,0,False,0,True,1
CNDAL,JPHKA,81.0,13,7364.24035292013,596.6460449585313,13.421867453395029,0.5347554291251397,630.7,61,3073,7364.24035292013,0.1415887109560806,0.8195655620738862,0.9394323767242746,0.08641975308641975,521.5844998594724,121.737442,38.978628,130.383333,33.616667,527.4715892852483,False,0,False,0,False,0
INMUN,ZADUR,8.0,7,7348.682513635018,4451.621924939622,10.31888157692128,0.2074339013957801,630.7,2,3074,7348.682513635018,0.1415887109560806,0.8195655620738862,0.9394323767242746,0.125,752.8408893487278,69.7,22.766667,31.041098,-29.877639,3868.5870925403074,False,0,False,0,False,0
CNFUN,KRBUS,44.0,7,7291.901991815809,898.4600547543856,12.797032667200376,0.48398777206151905,630.1609899885378,44,3081,7291.901991815809,0.14085446639620192,0.8194112269595267,0.9393805700338658,0.9772727272727273,5839.26939530099,119.308128,25.393912,129.052391,35.112607,771.033380081232,False,0,False,0,False,0
VNCMP,VNHCM,336.0,61,7283.317291432507,282.7569423609619,7.762405709725599,0.22807119650149413,630.6687027043187,321,3083,7283.317291432507,0.1415461118040786,0.8195566079115333,0.9394293710212704,0.15178571428571427,906.0227127952437,107.012844,10.522075,106.710033,10.776988,23.52662861666867,False,0,False,0,False,0
CNDAL,CNJIN,213.0,15,7279.841038534368,209.73707313459497,9.414382482759045,0.2701521359577914,630.7000000000002,134,3085,7279.841038534368,0.14158871095608083,0.8195655620738862,0.9394323767242746,0.9906103286384976,5910.285350465245,121.737442,38.978628,121.066667,40.783333,112.67542801094869,False,0,False,0,False,0
CNCGM,CNTJN,12.0,12,7231.908642441947,853.0980788311987,10.665239750915646,0.25136020447277563,624.2276186884826,7,3095,7231.908642441947,0.13268816727863708,0.8176947052757829,0.9388043738271961,0.5833333333333334,3449.5378201450576,121.382233,31.619333,117.8143,38.97075,474.6372377729185,False,0,False,0,False,0
CNYAN,JPOSK,49.0,5,7206.836799534335,852.6369437736788,14.03706199580866,0.49841933970013225,630.7000000000002,49,3099,7206.836799534335,0.14158871095608083,0.8195655620738862,0.9394323767242746,0.04081632653061224,241.0806225463316,121.4,37.55,135.433333,34.65,701.9422096621519,False,0,False,0,False,0
AEJAL,CNXIA,4.0,4,7196.116831552853,5342.104748113189,12.49847814406318,0.35981165996362235,629.8160143771876,1,3100,7196.116831552853,0.14038387776566852,0.8193123112111804,0.9393473663292363,1.0,5895.867113005244,55.0606,25.0136,118.042517,24.44535,3401.3399201503016,False,0,False,0,True,1
CNYSN,CNZPU,1334.0,4,7190.186297665275,51.972909607838915,6.460525059637129,0.24074396057806902,630.7000000000002,798,3101,7190.186297665275,0.14158871095608083,0.8195655620738862,0.9394323767242746,0.7616191904047976,4488.091708885598,122.066667,30.633333,121.066951,30.583181,51.747775977569866,False,0,False,0,False,0
JPHKA,JPTOK,42.0,4,7151.908049760354,625.5182741374166,13.003758063849737,0.36531648257095295,630.7,42,3109,7151.908049760354,0.1415887109560806,0.8195655620738862,0.9394323767242746,0.6666666666666666,3907.638360468397,130.383333,33.616667,139.75,35.6667,478.55493177219927,False,0,False,0,False,0
DOCUC,USPEV,14.0,12,7132.951427177824,1013.2068753467945,10.11126303249529,0.2329669642011864,630.7,14,3112,7132.951427177824,0.1415887109560806,0.8195655620738862,0.9394323767242746,0.14285714285714285,835.1316208086746,-69.629288,18.426403,-80.1,26.083333,740.9367143583081,False,0,False,0,False,0
PAMIT,USCHA,13.0,4,7128.901971020413,1600.3473950836913,13.27233534663819,0.2616472856461143,630.7000000000002,9,3114,7128.901971020413,0.14158871095608083,0.8195655620738862,0.9394323767242746,0.07692307692307693,449.4309654499216,-79.88466,9.361132,-79.938165,32.87698,1411.9054635731259,False,0,False,0,False,0
SGSGP,TWTCH,11.0,8,7124.173824128887,1750.4849769845014,15.428431680882687,0.44351899963301805,630.6999999999999,11,3115,7124.173824128887,0.1415887109560805,0.8195655620738862,0.9394323767242746,0.5454545454545454,3184.7604679005044,103.802776,1.248823,120.5,24.283333,1689.1915100950432,False,0,False,0,False,0
CNZOS,KRGWA,15.0,11,7120.833802660069,599.853531884562,9.763512497381468,0.24576108604152203,618.2736891471168,14,3117,7120.833802660069,0.12433601897755164,0.8159391188763305,0.938215064508575,0.7333333333333333,4260.789029645313,122.099218,30.006902,127.728767,34.866497,407.8992169561232,False,0,False,0,False,0
EGDAM,ILASD,70.0,28,7078.47561339525,208.93596606123236,8.389009204476313,0.24528687755776873,630.6999999999998,47,3119,7078.47561339525,0.1415887109560804,0.8195655620738861,0.9394323767242746,0.5142857142857142,2983.5127772838373,31.757526,31.481673,34.65,31.816667,149.1946033767776,False,0,False,0,False,0
PAMIT,USTAM,10.0,9,7063.323640673858,1293.8258257580774,13.401175812342398,0.27123008178784136,630.7,7,3120,7063.323640673858,0.1415887109560806,0.8195655620738862,0.9394323767242746,0.4,2315.5427238714556,-79.88466,9.361132,-82.466667,27.95,1125.5942165204979,False,0,False,0,False,0
OMSOH,PKKAR,49.0,13,7044.252876612029,594.4367894339117,11.91270843331293,0.29349746081544736,630.7,44,3124,7044.252876612029,0.1415887109560806,0.8195655620738862,0.9394323767242746,0.8979591836734694,5184.12226533244,56.625595,24.507768,66.9833,24.7833,565.3381102566392,False,0,False,0,False,0
BEANT,GHTEM,5.0,4,7034.925521794815,4269.392658043469,13.332602587681668,0.27845397703747543,630.7000000000002,4,3125,7034.925521794815,0.14158871095608083,0.8195655620738862,0.9394323767242746,0.6,3459.3496136506164,4.4,51.2167,0.016667,5.633333,2745.616722881308,False,0,False,0,False,0
FRFOS,GRPIR,8.0,8,7019.778800823824,1217.9169127594303,13.240549809850434,0.34047627044895573,630.7,7,3128,7019.778800823824,0.1415887109560806,0.8195655620738862,0.9394323767242746,0.75,4314.876718898646,4.871235,43.408352,23.65,37.933333,913.6592012950651,False,0,False,0,False,0
FRDKK,GBLGP,67.0,27,7011.667813677188,150.91909104606512,8.913737289086994,0.22216564594607094,630.542346081464,53,3130,7011.667813677188,0.14137408317687694,0.8195204482185604,0.9394172330575484,0.3582089552238806,2058.3421430773906,2.35,51.0667,0.486317,51.502973,74.72416481274838,False,0,False,0,False,0
GBFEL,GRPIR,5.0,5,6963.315354430301,2885.0246066642203,15.721972237405991,0.3041191488326707,630.7,4,3142,6963.315354430301,0.1415887109560806,0.8195655620738862,0.9394323767242746,0.2,1141.3786924702786,1.3,51.933333,23.65,37.933333,1259.0944929222585,False,0,False,0,False,0
CAHFX,DOCUC,7.0,6,6961.740847654464,1712.3428158370884,15.70496191474353,0.3296409773252493,630.7000000000002,7,3143,6961.740847654464,0.14158871095608083,0.8195655620738862,0.9394323767242746,0.2857142857142857,1630.1723002344754,-63.57595,44.655955,-69.629288,18.426403,1603.8750350826494,False,0,False,0,False,0
CGPNO,NAWVB,12.0,8,6961.439371082927,1230.8401182930559,13.37973313116403,0.3338565187678956,630.7,2,3144,6961.439371082927,0.1415887109560806,0.8195655620738862,0.9394323767242746,0.3333333333333333,1901.7853236682868,11.839142,-4.778824,14.5,-22.95,1101.8673476202039,False,0,False,0,False,0
CNQIN,CNYAN,133.0,28,6949.115985282103,261.71693498872963,11.825249245792236,0.3328387646787067,630.7,78,3146,6949.115985282103,0.1415887109560806,0.8195655620738862,0.9394323767242746,0.849624060150376,4838.826652395203,120.2667,36.0333,121.4,37.55,106.119195735927,False,0,False,0,False,0
CNFUN,CNWGQ,39.0,8,6924.896304237506,540.2012433013053,11.611279053386571,0.27375791222930657,630.4835468205555,31,3150,6924.896304237506,0.14129400722634555,0.8195036165909828,0.9394115830735988,0.6666666666666666,3783.3183772267776,119.308128,25.393912,121.617967,31.353633,378.02422222034556,False,0,False,0,False,0
CNNSA,THBKK,25.0,8,6919.956738561026,1511.288928331348,13.477726887525144,0.4832544142079164,629.4000372101398,5,3152,6919.956738561026,0.13981574834378174,0.8191928927992655,0.9393072803596831,0.92,5215.277028410972,113.682083,22.64515,100.574341,13.69736,919.7800210228901,False,0,False,0,False,0
AEKHA,DJDJI,14.0,10,6899.309058027993,1811.7458463493917,11.302875940132655,0.2588045204538981,630.052188837991,8,3154,6899.309058027993,0.14070610404749617,0.8193800418186278,0.939370101910998,0.6428571428571429,3634.171807169967,54.659214,24.802318,43.133333,11.583333,1029.2908088987645,False,0,False,0,False,0
CNTJN,TWKEE,19.0,4,6889.889200812798,1040.2908273241223,14.71661767724155,0.46530920519571506,630.7,15,3157,6889.889200812798,0.1415887109560806,0.8195655620738862,0.9394323767242746,0.3684210526315789,2080.369021496662,117.8143,38.97075,121.7559,25.15113,853.3798001771717,False,0,False,0,False,0
CANWE,USSEA,72.0,15,6883.787331634559,170.99013979523522,12.803846645186788,0.30143336778040425,630.1822413677484,67,3159,6883.787331634559,0.14088343901131728,0.8194173168812116,0.9393826142782274,0.9166666666666666,5170.63666649646,-122.912378,49.199261,-122.333333,47.6,98.7549252617608,False,0,False,0,False,0
MYPAG,MYPEN,40.0,15,6880.154509841519,455.8874164498876,10.455046900922584,0.21870872595293672,630.7,34,3160,6880.154509841519,0.1415887109560806,0.8195655620738862,0.9394323767242746,0.2,1127.7475396026896,103.900833,1.426733,100.35,5.416667,320.40420472237696,False,0,False,0,False,0
KEMOM,REREU,11.0,9,6868.6404169804655,1960.9229993081271,10.683699133783891,0.2979876912330168,630.6999999999999,10,3161,6868.6404169804655,0.1415887109560805,0.8195655620738862,0.9394323767242746,0.5454545454545454,3070.5278967414583,39.647169,-4.053188,55.3,-20.916666,1363.7617735430783,False,0,False,0,False,0
NAWVB,ZADUR,8.0,7,6858.584782826967,2182.7001000690902,10.901877182052045,0.2632905430199965,630.7,5,3162,6858.584782826967,0.1415887109560806,0.8195655620738862,0.9394323767242746,0.125,702.6324865711232,14.5,-22.95,31.041098,-29.877639,980.4908668176628,False,0,False,0,False,0
PAMIT,USMOB,7.0,7,6857.1784380055005,1492.4831237556864,13.270387231468739,0.2721533297937433,630.7,7,3163,6857.1784380055005,0.1415887109560806,0.8195655620738862,0.9394323767242746,0.5714285714285714,3211.3756004485203,-79.88466,9.361132,-88.1167,30.6833,1360.5153627011152,False,0,False,0,False,0
ESLPA,ITGIT,6.0,6,6840.090926405674,1766.5140514933926,16.307364308481674,0.3626616779403809,617.0918943470994,6,3167,6840.090926405674,0.12265903188889482,0.8155866232525975,0.9380967399670406,0.6666666666666666,3719.1244409386227,-15.4167,28.15,15.909341,38.462848,1679.273915884664,False,0,False,0,False,0
IDJAK,INNSA,8.0,5,6839.269772958199,2909.166047899494,14.085513981000675,0.35843298328597906,630.7,8,3168,6839.269772958199,0.1415887109560806,0.8195655620738862,0.9394323767242746,0.75,4203.92248173707,106.788826,-6.09208,72.9428,18.953883,2503.8891163591948,False,0,False,0,False,0
CNSTO,CNTJN,36.0,9,6830.217731514846,1266.1047245149198,11.05410890383776,0.43137528637970085,630.7000000000002,20,3170,6830.217731514846,0.14158871095608083,0.8195655620738862,0.9394323767242746,0.9722222222222222,5442.316477709988,116.733333,23.333333,117.8143,38.97075,940.49776911851,False,0,False,0,False,0
CNWEN,CNZOS,351.0,19,6812.591789986639,189.5605635771741,7.522716043890947,0.22854991952008435,630.7000000000002,154,3173,6812.591789986639,0.14158871095608083,0.8195655620738862,0.9394323767242746,0.886039886039886,4947.084637256542,120.666189,28.032743,122.099218,30.006902,140.3879350293959,False,0,False,0,False,0
USHOU,USMIA,15.0,13,6794.271139684799,1068.9062343070575,12.919599164027037,0.2822165017459774,630.7000000000002,15,3175,6794.271139684799,0.14158871095608083,0.8195655620738862,0.9394323767242746,0.5333333333333333,2969.787010921683,-94.97475,29.6069,-80.1833,25.7833,818.4552657538813,False,0,False,0,False,0
EGSOK,INMUN,11.0,9,6778.622558932105,3021.350768492699,12.591482306419197,0.38298935404906126,630.7,7,3178,6778.622558932105,0.1415887109560806,0.8195655620738862,0.9394323767242746,0.45454545454545453,2525.2389125445065,32.33,29.58,69.7,22.766667,2045.7130383394108,False,0,False,0,False,0
CNNBO,CNNTG,98.0,14,6739.196852617952,1693.1040949258713,10.503337002215238,0.3205006494433406,630.7,40,3187,6739.196852617952,0.1415887109560806,0.8195655620738862,0.9394323767242746,0.9897959183673469,5466.854333417474,121.683333,29.966667,120.81025,32.00315,130.26683265375001,False,0,False,0,False,0
USBAL,USHOU,7.0,7,6732.3262380620545,1990.4675736891434,14.786336061982016,0.3508934913282932,630.7,0,3188,6732.3262380620545,0.1415887109560806,0.8195655620738862,0.9394323767242746,0.5714285714285714,3152.904421349771,-76.583333,39.283333,-94.97475,29.6069,1076.8992492037996,False,0,False,0,False,0
AEKHA,KEMOM,7.0,5,6709.508064973405,2879.0725913437527,13.454305747403499,0.2940815940045615,630.6999999999999,7,3192,6709.508064973405,0.1415887109560805,0.8195655620738862,0.9394323767242746,0.5714285714285714,3142.2181420052575,54.659214,24.802318,39.647169,-4.053188,1941.400628848728,False,0,False,0,False,0
ESVAL,GBSOU,4.0,4,6666.395811168475,1617.8774200610158,14.649916408508444,0.5153648939592382,630.7,1,3198,6666.395811168475,0.1415887109560806,0.8195655620738862,0.9394323767242746,0.75,4097.661322490469,-0.316667,39.45,-1.4,50.9,688.9701221701237,False,0,False,0,False,0
COCTA,ESMAL,5.0,5,6630.177030457346,4230.598864023421,15.71068189363878,0.4421712500330439,630.6999999999999,5,3205,6630.177030457346,0.1415887109560805,0.8195655620738862,0.9394323767242746,0.4,2173.545905846458,-75.540962,10.394286,-4.383333,36.716667,4127.525053235164,False,0,False,0,False,0
DOCUC,USSAV,8.0,8,6612.812957349639,1275.2233078243187,12.411961638851242,0.3050200544382396,629.7818415461207,6,3214,6612.812957349639,0.14033723380963548,0.8193025068480542,0.9393440752337053,0.75,4063.4206749553905,-69.629288,18.426403,-81.0833,32.0833,1027.567706154609,False,0,False,0,False,0
BRMAN,COCTA,6.0,4,6606.519882891745,2914.2631613039985,13.410031529328508,0.29499742987387884,630.6999999999998,6,3215,6606.519882891745,0.1415887109560804,0.8195655620738861,0.9394323767242746,0.6666666666666666,3609.650787449651,-60.033932,-3.131603,-75.540962,10.394286,1232.3937158675892,False,0,False,0,False,0
CNXIA,TWKEE,159.0,7,6587.14325879938,245.9589192021977,11.605178935836175,0.4206189956277224,630.7,154,3219,6587.14325879938,0.1415887109560806,0.8195655620738862,0.9394323767242746,0.018867924528301886,101.86029749734197,118.042517,24.44535,121.7559,25.15113,206.7751166603662,False,0,False,0,False,0
CNNBO,JPHKA,74.0,22,6564.181291680052,527.2793448901402,12.881521162173293,0.3997907750632799,630.6119095973248,73,3223,6564.181291680052,0.141468799176804,0.8195403571228672,0.9394239160113667,0.7297297297297297,3925.6624313533316,121.683333,29.966667,130.383333,33.616667,494.87162235805715,False,0,False,0,False,0
PKQAS,SGSGP,5.0,5,6471.733265374946,2949.582245449202,14.829704043906013,0.35244908717767365,630.7,5,3243,6471.733265374946,0.1415887109560806,0.8195655620738862,0.9394323767242746,1.0,5304.009711229285,67.343788,24.775279,103.802776,1.248823,2541.8393740543524,False,0,False,0,False,0
PACOL,PAMIT,253.0,42,6464.238156453493,26.580172831056306,3.5912099224787295,0.2021172104550933,630.6366833765574,222,3248,6464.238156453493,0.1415025255092457,0.8195474462559146,0.9394262956676268,0.4624505928853755,2449.9475697788366,-79.892063,9.359918,-79.88466,9.361132,0.44457689127380196,False,0,False,0,False,0
PAMIT,USNFK,4.0,4,6455.634144182357,1820.104546828285,13.699504852900395,0.3322159285681694,630.7,3,3249,6455.634144182357,0.1415887109560806,0.8195655620738862,0.9394323767242746,1.0,5290.815425920185,-79.88466,9.361132,-76.316667,36.85,1661.8142812839142,False,0,False,0,False,0
EGALE,TRYAR,37.0,14,6401.9120667879015,972.4451477415926,10.834105782993893,0.3541485475543031,630.7,27,3263,6401.9120667879015,0.1415887109560806,0.8195655620738862,0.9394323767242746,0.16216216216216217,850.8302694104791,29.86702,31.187057,29.739117,40.7548,574.4851152872666,False,0,False,0,False,0
USLSA,USSEA,8.0,8,6397.6939178761695,1345.217368930891,12.796231293011616,0.2792400914538285,630.7,5,3264,6397.6939178761695,0.1415887109560806,0.8195655620738862,0.9394323767242746,0.625,3277.081007363041,-118.244,33.738045,-122.333333,47.6,852.5348508930808,False,0,False,0,False,0
BJCOT,CGPNO,14.0,6,6394.740927803931,1021.290843743092,14.148445849434873,0.2778060463009233,630.7,10,3265,6394.740927803931,0.1415887109560806,0.8195655620738862,0.9394323767242746,0.6428571428571429,3369.1560703794735,2.428967,6.3469,11.839142,-4.778824,874.2803634070534,False,0,False,0,False,0
ILASD,MTMAL,11.0,8,6381.529939276862,1037.656735442083,16.095773648138383,0.4890473179670352,630.7000000000002,10,3269,6381.529939276862,0.14158871095608083,0.8195655620738862,0.9394323767242746,0.5454545454545454,2852.7720935862403,34.65,31.816667,14.539518,35.819159,1029.5077907368416,False,0,False,0,False,0
PABAL,USMIA,7.0,7,6363.93324522888,1359.5303192593797,11.277529161845434,0.23736571627786587,630.7,1,3274,6363.93324522888,0.1415887109560806,0.8195655620738862,0.9394323767242746,0.2857142857142857,1490.1887220361994,-79.57037,8.954178,-80.1833,25.7833,1011.0327981026061,False,0,False,0,False,0
EGSOK,OMSAL,9.0,5,6356.666286388427,2190.128030259876,12.06971701705811,0.2306894871669555,630.7,7,3275,6356.666286388427,0.1415887109560806,0.8195655620738862,0.9394323767242746,0.7777777777777778,4051.9926050489307,32.33,29.58,54.002781,16.946141,1411.6526332677608,False,0,False,0,False,0
CNFUN,CNSTO,97.0,22,6337.3999374873465,258.5672712658096,12.165244754542753,0.28664228095035593,630.7,92,3278,6337.3999374873465,0.1415887109560806,0.8195655620738862,0.9394323767242746,0.5876288659793815,3052.094229749157,119.308128,25.393912,116.733333,23.333333,187.44006820210438,False,0,False,0,False,0
CNNTG,CNTAI,906.0,157,6326.101128842441,199.67527478545242,4.088671462516166,0.20785832057044887,630.6999999999999,651,3280,6326.101128842441,0.1415887109560805,0.8195655620738862,0.9394323767242746,0.7637969094922737,3960.0231811898816,120.81025,32.00315,121.211133,31.6506,29.432362307019137,False,0,False,0,False,0
NZAKL,NZTAU,131.0,35,6312.224409756226,160.3050586479233,10.25086871317392,0.2545268317918322,630.6360423284451,90,3283,6312.224409756226,0.14150165283761185,0.8195472628240122,0.9394262340938249,0.816793893129771,4225.4105908098445,174.769478,-36.840752,176.183333,-37.716667,85.60276013236198,False,0,False,0,False,0
AUBRI,CNMWN,5.0,5,6285.721449764667,4160.55590308885,13.866870449028275,0.308900340978554,630.7,4,3285,6285.721449764667,0.1415887109560806,0.8195655620738862,0.9394323767242746,0.6,3090.936499809757,153.169467,-27.350967,113.862187,22.508158,3763.072463559559,False,0,False,0,False,0
CNWGQ,JPNAH,54.0,13,6260.912496221377,493.69922805555075,13.868688829755477,0.4286918956893551,630.7,46,3287,6260.912496221377,0.1415887109560806,0.8195655620738862,0.9394323767242746,0.9074074074074074,4656.114540444323,121.617967,31.353633,127.675638,26.229272,442.83918749426505,False,0,False,0,False,0
ITGIT,LBBRT,16.0,12,6237.667511832702,1099.3148164057234,13.523093898931757,0.26455748744088065,630.6999999999999,16,3293,6237.667511832702,0.1415887109560805,0.8195655620738862,0.9394323767242746,0.0625,319.51109252282424,15.909341,38.462848,35.516567,33.904758,986.6050083804998,False,0,False,0,False,0
ITGIT,TRALI,24.0,21,6230.356608555703,702.225729415589,12.539323244751762,0.2882300067721287,630.7,23,3295,6230.356608555703,0.1415887109560806,0.8195655620738862,0.9394323767242746,0.20833333333333334,1063.7886907941056,15.909341,38.462848,26.957016,38.82268,518.2138171220408,False,0,False,0,False,0
CNWGQ,MYPEN,7.0,3,6224.911903003538,2687.8406853102665,14.864970762517189,0.44447781878539727,630.7,4,3296,6224.911903003538,0.1415887109560806,0.8195655620738862,0.9394323767242746,0.5714285714285714,2915.270527226011,121.617967,31.353633,100.35,5.416667,1964.187466902521,False,0,False,0,False,0
CNLYG,CNRIZ,261.0,45,6220.961737277159,74.25687349609933,9.239053676905352,0.22720920020073707,630.6865760319795,201,3298,6220.961737277159,0.14157043993822405,0.8195617215828775,0.939431087561212,0.7011494252873564,3574.7837791902157,119.483333,34.733333,119.533333,35.35,37.10646030324684,False,0,False,0,False,0
CNZPU,VNHPG,25.0,4,6217.391499081254,1287.0296310442448,14.026440375342105,0.5012299317095038,630.6999999999999,15,3300,6217.391499081254,0.1415887109560805,0.8195655620738862,0.9394323767242746,1.0,5095.559958577929,121.066951,30.583181,106.828308,20.81389,966.6649848542243,False,0,False,0,False,0
INMUN,QAHMD,27.0,12,6204.682106078097,1140.209878283223,13.453491829770243,0.35738898672904534,629.7016245848142,16,3302,6204.682106078097,0.1402277223645958,0.8192794880034928,0.9393363483456364,0.8148148148148148,4142.004190371338,69.7,22.766667,51.638489,25.021684,999.9090373408878,False,0,False,0,False,0
EGDAM,TRBAM,19.0,15,6191.012927402437,919.212695803548,10.751911537460153,0.28600020346989175,630.7,11,3309,6191.012927402437,0.1415887109560806,0.8195655620738862,0.9394323767242746,0.3157894736842105,1602.2971546273493,31.757526,31.481673,28.678178,40.961688,588.2884688767084,False,0,False,0,False,0
CNFUN,SGSGP,6.0,5,6128.525203052191,2000.0040438965202,15.616800112219076,0.35093224337280626,630.7000000000002,6,3320,6128.525203052191,0.14158871095608083,0.8195655620738862,0.9394323767242746,0.6666666666666666,3348.485468482297,119.308128,25.393912,103.802776,1.248823,1705.1947404655896,False,0,False,0,False,0
INNSA,THLCB,6.0,6,6121.715785716435,3665.375026706681,14.699065254469444,0.385050663089496,630.7,4,3323,6121.715785716435,0.1415887109560806,0.8195655620738862,0.9394323767242746,0.8333333333333334,4180.95619898106,72.9428,18.953883,100.886078,13.056152,1649.0266109493305,False,0,False,0,False,0
EGALE,EGALE,94.0,44,6111.462091795712,1310.465203897343,6.3036101594866665,0.2504329726425685,630.6999999999999,28,3326,6111.462091795712,0.1415887109560805,0.8195655620738862,0.9394323767242746,0.1702127659574468,852.5521471243916,29.86702,31.187057,29.86702,31.187057,0.0,False,0,False,0,False,0
JPNAH,JPYOK,14.0,5,6087.51731292145,896.1848706516593,15.847972195082395,0.5756285096012018,624.5999999999999,14,3331,6087.51731292145,0.1332052513608709,0.8178033941722702,0.9388408581492155,1.0,4978.39232058962,127.675638,26.229272,139.679832,35.450183,829.0773246133083,False,0,False,0,False,0
JMKIN,JMKIN,51.0,27,6073.241900440229,440.15116880750134,3.507878033417829,0.21356515786822475,630.7,6,3332,6073.241900440229,0.1415887109560806,0.8195655620738862,0.9394323767242746,0.45098039215686275,2244.7187837281253,-76.7936,17.997,-76.7936,17.997,0.0,False,0,False,0,False,0
JPKOB,JPNAH,45.0,7,6072.318086367101,706.5905381229525,14.840175136743499,0.5615529100890172,630.7,43,3333,6072.318086367101,0.1415887109560806,0.8195655620738862,0.9394323767242746,0.9777777777777777,4866.070279199437,135.237233,34.685033,127.675638,26.229272,640.5309892278306,False,0,False,0,False,0
CNSHE,CNSHE,1356.0,265,6067.148825323038,44.82930752682147,2.8138503402362205,0.20353713250762834,630.7,140,3334,6067.148825323038,0.1415887109560806,0.8195655620738862,0.9394323767242746,0.8311209439528023,4132.6875880071475,113.8943,22.467416,113.8943,22.467416,0.0,False,0,False,0,False,0
CNHUM,CNQIZ,72.0,7,6060.237761385354,459.681702490411,10.917294472611223,0.37174863649362927,630.7000000000002,33,3337,6060.237761385354,0.14158871095608083,0.8195655620738862,0.9394323767242746,1.0,4966.762167211177,113.659717,22.81445,108.6,21.683333,289.23612287801643,False,0,False,0,False,0
CNBYQ,CNQIN,51.0,29,6043.616581000577,442.4180928792922,10.326171406834511,0.3142489484586938,630.6999999999999,26,3343,6043.616581000577,0.1415887109560805,0.8195655620738862,0.9394323767242746,0.9411764705882353,4661.778842509925,122.0684,40.268517,120.2667,36.0333,268.11818658901734,False,0,False,0,False,0
CNNJG,CNXIA,36.0,5,6041.5456585715865,786.4981554049709,12.633935931469411,0.38038635988021285,629.7821915988961,30,3344,6041.5456585715865,0.1403377116372737,0.8193026072854115,0.9393441089481785,1.0,4949.854110101559,118.764874,32.137024,118.042517,24.44535,463.38361819169035,False,0,False,0,False,0
BSFRE,USBAL,6.0,6,6023.566393329427,1509.469480884087,7.962621495585456,0.23955903123141864,630.7,5,3347,6023.566393329427,0.1415887109560806,0.8195655620738862,0.9394323767242746,0.5,2468.353788419202,-78.6966,26.5285,-76.583333,39.283333,773.1106758228327,False,0,False,0,False,0
EGPSA,EGPSA,63.0,21,6015.591826849608,1204.702820049035,5.673519630526522,0.24463624861272257,630.7,38,3348,6015.591826849608,0.1415887109560806,0.8195655620738862,0.9394323767242746,0.07936507936507936,391.28348387135514,32.319633,31.269083,32.319633,31.269083,0.0,False,0,False,0,False,0
MYPKE,THBKK,30.0,11,5995.902219397359,1049.5078813589153,12.796667352009894,0.36656536520944577,630.7,20,3351,5995.902219397359,0.1415887109560806,0.8195655620738862,0.9394323767242746,0.06666666666666667,327.60233150536385,101.34485,3.00525,100.574341,13.69736,643.5838323149584,False,0,False,0,False,0
CNZOS,JPOSK,29.0,9,5995.853865879486,798.9922000085994,11.527878095635657,0.4664119087769803,630.6999999999999,27,3352,5995.853865879486,0.1415887109560805,0.8195655620738862,0.9394323767242746,0.7931034482758621,3897.306651901907,122.099218,30.006902,135.433333,34.65,730.8983528857634,False,0,False,0,False,0
BRRDJ,BRRGR,9.0,8,5992.400124204619,1084.5627060810782,11.126420491992551,0.2536596762267454,630.7000000000002,7,3355,5992.400124204619,0.14158871095608083,0.8195655620738862,0.9394323767242746,0.3333333333333333,1637.0549253217946,-43.1667,-22.916667,-52.083333,-32.05,724.7855053519881,False,0,False,0,False,0
INPPV,OMSAL,13.0,12,5949.384079806476,1046.7383495055587,14.037716102005785,0.2876074558397104,630.7,12,3361,5949.384079806476,0.1415887109560806,0.8195655620738862,0.9394323767242746,0.15384615384615385,750.1400472861577,71.516667,20.933333,54.002781,16.946141,1022.3512740507798,False,0,False,0,False,0
CNCGM,CNXIA,11.0,10,5947.552355588957,724.0603225321628,10.251816951327145,0.2524768382954254,630.7,8,3362,5947.552355588957,0.1415887109560806,0.8195655620738862,0.9394323767242746,0.5454545454545454,2658.7685941484337,121.382233,31.619333,118.042517,24.44535,465.5928823421855,False,0,False,0,False,0
EGAKI,SAJED,12.0,12,5929.786293736748,928.618590977872,10.991012182749085,0.24359474232083705,630.6999999999999,12,3366,5929.786293736748,0.1415887109560805,0.8195655620738862,0.9394323767242746,0.25,1214.962159201096,30.073013,31.322122,39.1667,21.466667,766.9452279056383,False,0,False,0,False,0
CNDAL,CNTAI,28.0,8,5921.977790190548,747.5532738370543,10.229448141445452,0.33994731788253557,630.7,21,3368,5921.977790190548,0.1415887109560806,0.8195655620738862,0.9394323767242746,0.6785714285714286,3293.411859568756,121.737442,38.978628,121.211133,31.6506,440.73052561462544,False,0,False,0,False,0
CNZPU,THLCB,10.0,3,5871.379755100143,2228.202779572322,14.926501772646942,0.5198410627328379,624.6,3,3375,5871.379755100143,0.13320525136087102,0.8178033941722702,0.9388408581492155,1.0,4801.634292195249,121.066951,30.583181,100.886078,13.056152,1534.9877404137144,False,0,False,0,False,0
CNWGQ,INNSA,6.0,6,5865.31305474943,4753.3197613283355,12.626236761272615,0.3835699622641148,630.7000000000002,6,3376,5865.31305474943,0.14158871095608083,0.8195655620738862,0.9394323767242746,0.5,2403.50429522751,121.617967,31.353633,72.9428,18.953883,2724.9834518435327,False,0,False,0,False,0
AEKFA,INNSA,32.0,10,5860.473481941931,1082.0019974617408,8.74225622996825,0.30032784026017234,630.7,21,3379,5860.473481941931,0.1415887109560806,0.8195655620738862,0.9394323767242746,0.09375,450.2852103043916,56.364756,25.359318,72.9428,18.953883,997.7682086115525,False,0,False,0,False,0
GBLGP,USNYK,4.0,4,5791.852841643078,3468.831826221774,14.88402996673934,0.42966204929540563,630.6999999999999,4,3394,5791.852841643078,0.1415887109560805,0.8195655620738862,0.9394323767242746,0.75,3560.102347207833,0.486317,51.502973,-74.049568,40.663452,3032.9312374360456,False,0,False,0,False,0
INNSA,VNHPG,7.0,3,5738.382893985199,3812.6671117220417,14.52149344662768,0.49569630327287434,630.7,6,3412,5738.382893985199,0.1415887109560806,0.8195655620738862,0.9394323767242746,1.0,4702.981001904153,72.9428,18.953883,106.828308,20.81389,1913.030101325014,False,0,False,0,False,0
BEZEE,PTSNS,5.0,5,5731.518496115391,1365.7481343600768,11.922286836546691,0.321394464113933,627.2482108420895,5,3416,5731.518496115391,0.13686481580686716,0.8185726192072802,0.9390990690133401,1.0,4691.664107400147,3.2,51.333333,-8.866667,37.95,951.9236868333053,False,0,False,0,False,0
IRBAB,IRBAB,64.0,20,5725.285695629226,51.18405260249066,6.492357860247219,0.2620867083130986,630.2631263048551,48,3419,5725.285695629226,0.14099369389709848,0.8194404919938859,0.9393903936218492,0.3125,1466.1034147599908,56.270599,27.172804,56.270599,27.172804,0.0,False,0,False,0,False,0
COCTA,PECAL,8.0,7,5724.559803697932,1805.1255192349774,10.751023080571922,0.34663871330294715,630.6999999999999,8,3420,5724.559803697932,0.1415887109560805,0.8195655620738862,0.9394323767242746,0.875,4105.1955640003625,-75.540962,10.394286,-77.15,-12.05,1350.978718164972,False,0,False,0,False,0
CNHUM,CNNSA,1024.0,172,5722.684162569467,49.2753397462472,4.210828189590571,0.21272554888811643,630.7,899,3421,5722.684162569467,0.1415887109560806,0.8195655620738862,0.9394323767242746,0.69921875,3279.4162513511537,113.659717,22.81445,113.682083,22.64515,10.240031265041859,False,0,False,0,False,0
DOCUC,USCHA,7.0,7,5708.665325181473,1278.9870512569082,9.841683384117777,0.23103751019652033,629.8918976523154,7,3424,5708.665325181473,0.14048743599042246,0.8193340787139085,0.9393546731711011,0.7142857142857143,3340.9314606382836,-69.629288,18.426403,-79.938165,32.87698,1030.1016275097024,False,0,False,0,False,0
ESBAR,ESMAL,15.0,14,5666.588270974222,484.1727993388404,11.588241122561566,0.25286652137998045,630.1481650719601,15,3429,5666.588270974222,0.14083698087389573,0.8194075515763748,0.9393793362936513,0.7333333333333333,3405.046495334286,2.166667,41.35,-4.383333,36.716667,412.9345284606416,False,0,False,0,False,0
CNDAL,CNQUA,36.0,5,5646.472598195586,954.0894968559132,10.516289633317609,0.4756392575025791,630.7000000000002,19,3431,5646.472598195586,0.14158871095608083,0.8195655620738862,0.9394323767242746,1.0,4627.6544886749625,121.737442,38.978628,118.682805,24.833576,863.2729619963836,False,0,False,0,False,0
INMUN,THLCB,4.0,4,5608.2941085264,3660.301979369726,15.47611647331312,0.44843070401653146,630.7,4,3440,5608.2941085264,0.1415887109560806,0.8195655620738862,0.9394323767242746,0.75,3447.273534997578,69.7,22.766667,100.886078,13.056152,1869.9259328876221,False,0,False,0,False,0
CNMWN,PHMAN,39.0,20,5600.096254067092,682.3280920954612,13.009709262561103,0.4102801640059996,630.6999999999999,24,3442,5600.096254067092,0.1415887109560805,0.8195655620738862,0.9394323767242746,0.3333333333333333,1529.8820113774536,113.862187,22.508158,120.94162,14.596732,622.6103300455138,False,0,False,0,False,0
INMUN,TZDRS,7.0,7,5595.298179354212,2914.6503101038893,13.369858217010108,0.44588774305424295,630.6999999999999,3,3443,5595.298179354212,0.1415887109560805,0.8195655620738862,0.9394323767242746,0.5714285714285714,2620.4078270476725,69.7,22.766667,39.293118,-6.823008,2519.0931462998706,False,0,False,0,False,0
CNZPU,JPTOK,28.0,10,5587.320650412584,1087.6756655429513,13.860820220526012,0.4396441096636655,628.2246164772018,10,3444,5587.320650412584,0.13820632652708653,0.8188545991111608,0.9391937230759784,0.8571428571428571,3921.602752542091,121.066951,30.583181,139.75,35.6667,985.9128736484847,False,0,False,0,False,0
CNQIZ,CNSHE,120.0,37,5582.437124371473,450.9176503595412,10.26689745279301,0.32130372770277665,630.3155450750126,78,3447,5582.437124371473,0.1410651312184137,0.819455507817982,0.9393954340830133,0.925,4231.466934967748,108.6,21.683333,113.8943,22.467416,298.28913523991395,False,0,False,0,False,0
EGALE,ITSPE,7.0,6,5577.51678252733,1342.572064411397,13.703895468310176,0.2683234166926445,630.7000000000002,7,3449,5577.51678252733,0.14158871095608083,0.8195655620738862,0.9394323767242746,0.14285714285714285,653.0200966926492,29.86702,31.187057,9.816667,44.083333,1222.3667684572492,False,0,False,0,False,0
ESBAR,TRYAR,7.0,7,5572.618273073309,1546.2221624467472,13.134321500462628,0.306064805396677,630.7,7,3450,5572.618273073309,0.1415887109560806,0.8195655620738862,0.9394323767242746,0.8571428571428571,3914.67945188103,2.166667,41.35,29.739117,40.7548,1243.6366331619956,False,0,False,0,False,0
MXVER,USPEV,5.0,5,5564.1205068815325,1457.2619216163027,9.34554172402975,0.27496414893164545,630.7,5,3451,5564.1205068815325,0.1415887109560806,0.8195655620738862,0.9394323767242746,0.2,912.0323101338399,-96.1333,19.2,-80.1,26.083333,978.7424865234068,False,0,False,0,False,0
REREU,ZADUR,11.0,9,5554.022952344279,1497.3744023962806,11.668655894007777,0.2589464008742774,630.6999999999999,11,3456,5554.022952344279,0.1415887109560805,0.8195655620738862,0.9394323767242746,0.09090909090909091,413.8078129735731,55.3,-20.916666,31.041098,-29.877639,1417.7119865634036,False,0,False,0,False,0
ITGOA,TRBAM,13.0,4,5548.136316287298,1372.2645725090138,13.057833022395702,0.3832600458723078,630.7,12,3458,5548.136316287298,0.1415887109560806,0.8195655620738862,0.9394323767242746,1.0,4547.061458520539,8.923988,44.403373,28.678178,40.961688,893.6475315341587,False,0,False,0,False,0
CNWEN,CNZPU,158.0,17,5535.771146824186,256.6829760296809,8.89278114136543,0.2359662590152077,630.4759776692706,66,3462,5535.771146824186,0.1412836980697737,0.8195014496496864,0.9394108556820564,0.9556962025316456,4335.585091407915,120.666189,28.032743,121.066951,30.583181,154.55982473270606,False,0,False,0,False,0
CNWGQ,CNYAN,65.0,5,5524.233779107873,659.78683977404,9.29225670304483,0.23129749888928167,630.7,19,3467,5524.233779107873,0.1415887109560806,0.8195655620738862,0.9394323767242746,0.9846153846153847,4457.818350475906,121.617967,31.353633,121.4,37.55,372.18884047086596,False,0,False,0,False,0
BJCOT,TGLOM,95.0,25,5523.641310887146,125.13561800189954,7.989296143319277,0.2464773099630495,630.7000000000002,49,3468,5523.641310887146,0.14158871095608083,0.8195655620738862,0.9394323767242746,0.12631578947368421,571.8298352402225,2.428967,6.3469,1.286945,6.137824,69.30721639060535,False,0,False,0,False,0
CNFUN,CNQUA,336.0,51,5500.033629133586,86.3525620200761,8.17955966400245,0.24918418260619477,630.091743848468,251,3473,5500.033629133586,0.14076004758728866,0.8193913805235195,0.9393739080491954,0.8511904761904762,3836.0432214709635,119.308128,25.393912,118.682805,24.833576,47.82797060670535,False,0,False,0,False,0
PKKAR,SADMA,19.0,4,5491.828099327105,1048.255276411299,12.774216665047712,0.2738166811846762,630.7000000000002,12,3477,5491.828099327105,0.14158871095608083,0.8195655620738862,0.9394323767242746,0.10526315789473684,473.78033505665053,66.9833,24.7833,50.206833,26.510212,913.2652557576081,False,0,False,0,False,0
TWKEE,VNHCM,19.0,12,5482.156053923256,1331.3207612152657,13.896519275877607,0.4097107928468831,630.2972455814274,16,3479,5482.156053923256,0.1410401936619965,0.8194502660486428,0.939393674543569,0.42105263157894735,1891.5175734347745,121.7559,25.15113,106.710033,10.776988,1215.6219763169106,False,0,False,0,False,0
ESBAR,ILASD,7.0,7,5448.168213334772,1776.1829809946296,13.791190539116828,0.2727961339082483,630.7,7,3489,5448.168213334772,0.1415887109560806,0.8195655620738862,0.9394323767242746,0.7142857142857143,3189.379317167709,2.166667,41.35,34.65,31.816667,1655.730409652926,False,0,False,0,False,0
CNLYG,CNNSA,18.0,9,5446.852269460442,1242.462362577732,10.748150674866562,0.29048400372335925,630.7,12,3490,5446.852269460442,0.1415887109560806,0.8195655620738862,0.9394323767242746,0.8888888888888888,3968.046703781128,119.483333,34.733333,113.682083,22.64515,787.0451845626833,False,0,False,0,False,0
CNQIN,VNDAN,13.0,5,5427.097665270506,1627.7942591387073,14.445036988823002,0.5584226498822668,630.7000000000002,8,3494,5427.097665270506,0.14158871095608083,0.8195655620738862,0.9394323767242746,1.0,4447.862348467298,120.2667,36.0333,108.230438,16.111792,1358.0750276454487,False,0,False,0,False,0
MXMAN,USOAK,4.0,4,5427.089490245084,1912.0158267804452,14.537282419477888,0.5966763826235958,628.8756347003417,4,3495,5427.089490245084,0.13909846378771495,0.8190421226062836,0.939256670330053,1.0,4445.014895664587,-104.293756,19.073908,-122.320518,37.814824,1467.9223509779004,False,0,False,0,False,0
CNCGM,CNZOS,9.0,8,5397.459605206023,314.71455452304093,7.944041134791195,0.20114085012770924,630.5706344861876,8,3501,5397.459605206023,0.14141260250542298,0.8195285448192042,0.9394199508971318,0.7777777777777778,3440.4006124249445,121.382233,31.619333,122.099218,30.006902,103.62959820730191,False,0,False,0,False,0
CNYTN,INNSA,4.0,4,5391.925430654372,3979.349830218687,14.424716461066966,0.6213213029048833,630.6999999999999,4,3503,5391.925430654372,0.1415887109560805,0.8195655620738862,0.9394323767242746,1.0,4419.036396234731,114.263091,22.566543,72.9428,18.953883,2322.7912598796484,False,0,False,0,False,0
AEJAL,TRALI,7.0,7,5374.305201122162,3687.4060963393526,12.237088657273246,0.3807053227288346,630.7,5,3510,5374.305201122162,0.1415887109560806,0.8195655620738862,0.9394323767242746,0.42857142857142855,1887.6837698204117,55.0606,25.0136,26.957016,38.82268,1644.8108119137923,False,0,False,0,False,0
CRPMN,USMIA,14.0,5,5373.419789290142,1215.9777217520834,15.783432958989097,0.5533184368575986,630.7,12,3512,5373.419789290142,0.1415887109560806,0.8195655620738862,0.9394323767242746,0.2857142857142857,1258.2485171052908,-83.090115,10.006213,-80.1833,25.7833,961.5934755238708,False,0,False,0,False,0
CNZOS,DJDJI,4.0,4,5373.030634064561,5960.59060646653,12.249845440835523,0.6918462289953933,627.7516288090619,2,3513,5373.030634064561,0.13755699682194977,0.8187181127416658,0.9391479077920178,1.0,4398.997500424493,122.099218,30.006902,43.133333,11.583333,4488.913125898136,False,0,False,0,True,1
KRULS,VNHCM,10.0,6,5359.639448115629,2042.5816265578776,14.851922486506723,0.5746318713703457,630.7000000000002,6,3518,5359.639448115629,0.14158871095608083,0.8195655620738862,0.9394323767242746,1.0,4392.575916808259,129.369164,35.462441,106.710033,10.776988,1929.02809506333,False,0,False,0,False,0
CNQIN,CNQIZ,7.0,3,5356.7410405588,1563.469148493655,12.3141730125892,0.2165791490510196,630.7,4,3519,5356.7410405588,0.1415887109560806,0.8195655620738862,0.9394323767242746,0.42857142857142855,1881.51449219564,120.2667,36.0333,108.6,21.683333,1055.748726631608,False,0,False,0,False,0
INKUP,VNHPG,11.0,3,5352.2495069425595,2909.379748415885,13.446611468736554,0.4104757672990663,630.6999999999999,5,3520,5352.2495069425595,0.1415887109560805,0.8195655620738862,0.9394323767242746,0.36363636363636365,1595.0979547334762,80.345767,13.304483,106.828308,20.81389,1583.0388619940375,False,0,False,0,False,0
CNHPU,CNWEN,48.0,11,5349.33132747085,658.3149615546088,8.928726892694012,0.41318672340915946,630.7,12,3521,5349.33132747085,0.1415887109560806,0.8195655620738862,0.9394323767242746,1.0,4384.127736118095,113.470483,23.077133,120.666189,28.032743,490.15394759142566,False,0,False,0,False,0
ESVAL,USMIA,4.0,3,5343.2799341234,4365.368775803515,14.95549308346968,0.39716987945188015,630.7,4,3523,5343.2799341234,0.1415887109560806,0.8195655620738862,0.9394323767242746,0.25,1094.7920556319905,-0.316667,39.45,-80.1833,25.7833,3992.8252988932813,False,0,False,0,False,0
LKCOL,REREU,8.0,6,5340.191581850942,2367.951954923996,11.565642526199904,0.25482247131025326,630.7,7,3526,5340.191581850942,0.1415887109560806,0.8195655620738862,0.9394323767242746,0.125,547.0796394202379,79.85,6.95,55.3,-20.916666,2212.454969202318,False,0,False,0,False,0
AEJAL,INCHN,7.0,4,5308.486528958467,2559.646849017835,15.653439795592798,0.4860335380773729,630.7,6,3531,5308.486528958467,0.1415887109560806,0.8195655620738862,0.9394323767242746,1.0,4350.652745867499,55.0606,25.0136,80.3,13.1,1596.7288956291056,False,0,False,0,False,0
CNNJG,CNNTG,306.0,71,5308.4864686048995,163.09735948666915,6.469047167428124,0.24367979607706117,630.7,165,3532,5308.4864686048995,0.1415887109560806,0.8195655620738862,0.9394323767242746,0.8856209150326797,3853.0290219785234,118.764874,32.137024,120.81025,32.00315,104.37348300988343,False,0,False,0,False,0
PAMIT,USHOU,7.0,7,5281.483979643529,1608.5796899470963,13.493495051678288,0.2820141387090298,630.7,5,3539,5281.483979643529,0.1415887109560806,0.8195655620738862,0.9394323767242746,0.14285714285714285,618.360340908682,-79.88466,9.361132,-94.97475,29.6069,1481.9467736958456,False,0,False,0,False,0
PHBAT,TWTCH,24.0,5,5273.50817578191,729.1680003355888,15.114125461912879,0.6353824374531639,629.7831176425133,24,3540,5273.50817578191,0.14033897569906373,0.8193028729858763,0.939344198137614,1.0,4320.600399132626,121.05,13.75,120.5,24.283333,633.1933490872867,False,0,False,0,False,0
THLCB,THLCB,526.0,54,5265.402151217423,381.19064111135015,4.664450099629529,0.26490016825255686,630.7000000000002,390,3543,5265.402151217423,0.14158871095608083,0.8195655620738862,0.9394323767242746,0.8326996197718631,3593.3838704184604,100.886078,13.056152,100.886078,13.056152,0.0,False,0,False,0,False,0
BRITA,BRSUA,11.0,5,5258.9292500624,1128.7441818408452,16.497356855775642,0.5488124084627412,630.7000000000002,11,3546,5258.9292500624,0.14158871095608083,0.8195655620738862,0.9394323767242746,1.0,4310.037306734192,-43.835878,-22.933812,-34.9681,-8.3911,1011.6435781052093,False,0,False,0,False,0
AEKFA,OMSOH,72.0,32,5243.880045799792,190.84380777611383,7.289160372339115,0.21594223203716703,630.7,52,3548,5243.880045799792,0.1415887109560806,0.8195655620738862,0.9394323767242746,0.3472222222222222,1492.2581587444247,56.364756,25.359318,56.625595,24.507768,53.06303904738283,False,0,False,0,False,0
CRPMN,MXVER,11.0,9,5242.3169970804065,1578.4189459990648,13.2415487611352,0.34172879986841664,630.7,10,3549,5242.3169970804065,0.1415887109560806,0.8195655620738862,0.9394323767242746,0.18181818181818182,781.1677229603073,-83.090115,10.006213,-96.1333,19.2,936.670112494444,False,0,False,0,False,0
MATAN,TRBAM,7.0,6,5224.287201491598,1842.204094331266,13.366131054043764,0.3567958279849571,630.6999999999999,6,3552,5224.287201491598,0.1415887109560805,0.8195655620738862,0.9394323767242746,0.42857142857142855,1834.9910900253735,-5.797516,35.789733,28.678178,40.961688,1641.1538979119784,False,0,False,0,False,0
BRSTS,BRSTS,56.0,32,5206.360404949302,234.1607057656936,7.652115096245007,0.22100091921155596,630.7,10,3558,5206.360404949302,0.1415887109560806,0.8195655620738862,0.9394323767242746,0.5535714285714286,2362.0636507301165,-46.306133,-23.95,-46.306133,-23.95,0.0,False,0,False,0,False,0
CNNTG,CNNTG,138.0,55,5168.579623850577,582.4777853995995,5.258773976360174,0.21544570486026213,630.0259968392262,42,3565,5168.579623850577,0.14067038072056304,0.8193725329257482,0.9393675813511738,0.6956521739130435,2946.0815151463366,120.81025,32.00315,120.81025,32.00315,0.0,False,0,False,0,False,0
BRIOA,BRPEC,5.0,4,5147.099417371157,1886.6393983372618,17.04309928891366,0.48467099319615736,630.7,4,3569,5147.099417371157,0.1415887109560806,0.8195655620738862,0.9394323767242746,0.6,2531.0312562287786,-48.601391,-26.181417,-38.795986,-3.528841,1472.5551308586682,False,0,False,0,False,0
MXLCS,USOAK,5.0,5,5138.922030243865,1790.3114849941003,11.653645761408468,0.37669845864059565,630.7,5,3573,5138.922030243865,0.1415887109560806,0.8195655620738862,0.9394323767242746,0.8,3369.346817736552,-102.166667,17.883333,-122.320518,37.814824,1597.7449438262931,False,0,False,0,False,0
EGDAM,EGPSA,137.0,25,5109.169357114711,71.81403178944663,7.360344982106437,0.2404351622664916,630.7,62,3577,5109.169357114711,0.1415887109560806,0.8195655620738862,0.9394323767242746,0.058394160583941604,244.5138251617164,31.757526,31.481673,32.319633,31.269083,31.514644503881353,False,0,False,0,False,0
ESBAR,LBBRT,9.0,8,5095.279541570504,1735.9658791887211,12.692209957310215,0.286281893279354,630.7,9,3583,5095.279541570504,0.1415887109560806,0.8195655620738862,0.9394323767242746,0.4444444444444444,1855.9625072936906,2.166667,41.35,35.516567,33.904758,1636.4448597275584,False,0,False,0,False,0
AEKHA,EGSOK,6.0,4,5028.3333931529805,3011.5612422891486,12.19975201818725,0.27650824908141175,630.7,4,3595,5028.3333931529805,0.1415887109560806,0.8195655620738862,0.9394323767242746,0.8333333333333334,3434.2074030452613,54.659214,24.802318,32.33,29.58,1224.3575884052098,False,0,False,0,False,0
KEMOM,SADMA,8.0,6,5026.419697771031,2734.8639569912657,13.728104851737621,0.25499188063256606,630.7,5,3596,5026.419697771031,0.1415887109560806,0.8195655620738862,0.9394323767242746,0.5,2059.740242411484,39.647169,-4.053188,50.206833,26.510212,1934.8707235382658,False,0,False,0,False,0
PHBAT,TWKAO,37.0,10,5002.724413790095,604.0245158070168,13.123379969286283,0.4096100199858455,630.6999999999998,35,3597,5002.724413790095,0.1415887109560804,0.8195655620738861,0.9394323767242746,0.8378378378378378,3435.185946722908,121.05,13.75,120.260382,22.620829,534.504730253016,False,0,False,0,False,0
CNNSA,KHSSK,13.0,7,4988.67068592441,1270.0321473140596,16.07037949146277,0.6472188022191852,628.2827484136376,12,3599,4988.67068592441,0.13828606408978983,0.818871359611042,0.9391993491840228,1.0,4085.0795472346704,113.682083,22.64515,103.504086,10.605101,929.3858810930205,False,0,False,0,False,0
USJAC,USPHI,10.0,8,4981.363780999539,818.5864221005363,12.243314298853306,0.2676915848271163,630.7000000000002,9,3603,4981.363780999539,0.14158871095608083,0.8195655620738862,0.9394323767242746,0.1,408.2554207069386,-81.377283,30.398817,-75.1333,39.95,649.756852115472,False,0,False,0,False,0
CNHPU,CNQIZ,28.0,7,4977.018801123526,452.0797972643042,9.750538177700305,0.5892999092919274,630.7,14,3605,4977.018801123526,0.1415887109560806,0.8195655620738862,0.9394323767242746,0.9285714285714286,3787.6365532525942,113.470483,23.077133,108.6,21.683333,283.03230337926504,False,0,False,0,False,0
KRULS,TWKAO,11.0,11,4943.564560379699,1024.0964982954545,13.607427208391346,0.43401345902502053,629.3491391982931,11,3614,4943.564560379699,0.13974618176220688,0.8191782701967845,0.9393023718938239,1.0,4049.6606651779693,129.369164,35.462441,120.260382,22.620829,906.1544631211458,False,0,False,0,False,0
AEJAL,TZDRS,7.0,6,4921.233898922245,2803.619073365146,13.490314052628205,0.2775161364294476,630.7,3,3616,4921.233898922245,0.1415887109560806,0.8195655620738862,0.9394323767242746,0.2857142857142857,1152.3639504192206,55.0606,25.0136,39.293118,-6.823008,2122.0385517278364,False,0,False,0,False,0
CNHPU,TWKAO,44.0,11,4907.483530682533,438.4985854284247,12.648457367427067,0.321259231780546,629.980317032465,34,3618,4907.483530682533,0.14060807081993354,0.8193594356470418,0.9393631849008524,0.18181818181818182,731.089624754035,113.470483,23.077133,120.260382,22.620829,376.6425528170364,False,0,False,0,False,0
CLSAN,CLVAL,26.0,22,4902.895037056716,378.6315414681089,7.73108410724609,0.21258609029671338,630.2383806476093,22,3621,4902.895037056716,0.14095996590420656,0.8194334025118188,0.9393880138484313,0.8076923076923077,3244.981354224908,-71.616667,-33.5833,-71.6167,-33.033333,33.020272109253284,False,0,False,0,False,0
CNWEN,TWKEE,126.0,5,4896.075526897138,190.0531446371396,12.572436465532315,0.39762851224687507,630.7000000000002,126,3626,4896.075526897138,0.14158871095608083,0.8195655620738862,0.9394323767242746,0.626984126984127,2515.870923821067,120.666189,28.032743,121.7559,25.15113,182.6342313875252,False,0,False,0,False,0
CNDAL,CNRIZ,83.0,13,4889.586334110948,349.98885498721563,10.590833101253594,0.28185702782357763,630.7000000000002,58,3630,4889.586334110948,0.14158871095608083,0.8195655620738862,0.9394323767242746,0.8313253012048193,3331.4002829335636,121.737442,38.978628,119.533333,35.35,242.0246833385636,False,0,False,0,False,0
CNRIZ,KRBUS,55.0,21,4877.629814258928,545.230111722402,11.496490716312827,0.366274608711065,630.6999999999997,38,3634,4877.629814258928,0.14158871095608017,0.8195655620738861,0.9394323767242746,0.6,2398.522452186877,119.533333,35.35,129.052391,35.112607,466.8794346833638,False,0,False,0,False,0
CNSTO,CNZHA,59.0,11,4860.291418458827,397.7646460027721,10.600770761715369,0.31718066925847455,630.6999999999999,40,3641,4860.291418458827,0.1415887109560805,0.8195655620738862,0.9394323767242746,1.0,3983.327468212094,116.733333,23.333333,110.407368,21.182277,374.4352191551595,False,0,False,0,False,0
DOCUC,USHOU,4.0,3,4853.756006358699,1856.7679508799283,10.273177537806413,0.22016568815221457,630.7,4,3644,4853.756006358699,0.1415887109560806,0.8195655620738862,0.9394323767242746,0.25,994.492817380217,-69.629288,18.426403,-94.97475,29.6069,1538.7045371182207,False,0,False,0,False,0
CNDCB,CNTJN,7.0,7,4817.234413581683,1553.5445334952572,12.12374057019825,0.3013342757152333,630.7,7,3650,4817.234413581683,0.1415887109560806,0.8195655620738862,0.9394323767242746,0.7142857142857143,2820.0281641490997,113.852567,22.533467,117.8143,38.97075,1007.5536396398359,False,0,False,0,False,0
CNXIA,KRGWA,7.0,6,4805.345169587867,895.433250182934,17.071324099867926,0.4311789441809105,630.7,7,3659,4805.345169587867,0.1415887109560806,0.8195655620738862,0.9394323767242746,0.7142857142857143,2813.0681534802243,118.042517,24.44535,127.728767,34.866497,803.3463452750761,False,0,False,0,False,0
KRBUS,KRPYT,43.0,19,4797.958914515559,438.93258621149585,12.632216107930626,0.45933618158463146,630.7000000000002,38,3662,4797.958914515559,0.14158871095608083,0.8195655620738862,0.9394323767242746,0.5581395348837209,2194.7396620924783,129.052391,35.112607,126.799736,36.993778,157.19455408420848,False,0,False,0,False,0
EGDAM,INNSA,7.0,6,4786.33215734322,3187.8446645777635,13.584896242627128,0.2836664610754051,630.7,5,3666,4786.33215734322,0.1415887109560806,0.8195655620738862,0.9394323767242746,0.2857142857142857,1120.7751442300894,31.757526,31.481673,72.9428,18.953883,2344.37974007854,False,0,False,0,False,0
BSFRE,CAHFX,8.0,6,4764.673330344456,1508.3275711099536,10.54290925509553,0.23675898731567477,630.7,7,3671,4764.673330344456,0.1415887109560806,0.8195655620738862,0.9394323767242746,0.25,976.2405440205524,-78.6966,26.5285,-63.57595,44.655955,1310.304400146158,False,0,False,0,False,0
CNDCB,CNWGQ,9.0,8,4754.566415322712,1080.2265549524384,11.29710152681778,0.29398136730005625,630.7,8,3674,4754.566415322712,0.1415887109560806,0.8195655620738862,0.9394323767242746,0.6666666666666666,2597.7859310610534,113.852567,22.533467,121.617967,31.353633,672.7021732393338,False,0,False,0,False,0
PACRI,PAMIT,96.0,33,4732.779270885307,67.79190371308835,3.6062917613905436,0.20035110707616355,630.7000000000002,86,3681,4732.779270885307,0.14158871095608083,0.8195655620738862,0.9394323767242746,0.3125,1212.1321572858606,-79.916667,9.35,-79.88466,9.361132,2.0105015929894314,False,0,False,0,False,0
CNQIZ,CNYSN,6.0,6,4724.835268136623,1430.9843386831965,11.68130814318405,0.3041012167653599,630.6999999999999,5,3685,4724.835268136623,0.1415887109560805,0.8195655620738862,0.9394323767242746,0.8333333333333334,3226.9268935307605,108.6,21.683333,122.066667,30.633333,901.733517520307,False,0,False,0,False,0
PACRI,PACRI,33.0,26,4723.333410033239,186.4811401548294,4.022151020678584,0.20587133000133784,630.7,25,3686,4723.333410033239,0.1415887109560806,0.8195655620738862,0.9394323767242746,0.2727272727272727,1055.7494730153426,-79.916667,9.35,-79.916667,9.35,0.0,False,0,False,0,False,0
KRINC,KRPYT,224.0,40,4704.593298144456,73.8493427600377,11.480080865856257,0.30564780513859285,630.7,201,3689,4704.593298144456,0.1415887109560806,0.8195655620738862,0.9394323767242746,0.7410714285714286,2857.36589294636,126.607819,37.439929,126.799736,36.993778,28.31520233249827,False,0,False,0,False,0
MXVER,PAMIT,9.0,8,4697.189759856118,1574.3722588812582,13.753291071741355,0.3682024672394925,630.7,6,3692,4697.189759856118,0.1415887109560806,0.8195655620738862,0.9394323767242746,0.2222222222222222,855.478881267596,-96.1333,19.2,-79.88466,9.361132,1113.464376089875,False,0,False,0,False,0
IRBAB,LKCOL,9.0,4,4690.684532089064,1951.743685764821,13.53814121491471,0.3130760323938875,630.7,3,3694,4690.684532089064,0.1415887109560806,0.8195655620738862,0.9394323767242746,0.1111111111111111,427.1470561169842,56.270599,27.172804,79.85,6.95,1810.840553334549,False,0,False,0,False,0
CNHUM,CNHUM,334.0,70,4683.507281514976,1214.3213138818928,5.910518110722469,0.37921419763514724,630.6999999999999,187,3696,4683.507281514976,0.1415887109560805,0.8195655620738862,0.9394323767242746,0.31736526946107785,1218.1879503925384,113.659717,22.81445,113.659717,22.81445,0.0,False,0,False,0,False,0
CNDCB,CNYSN,7.0,7,4682.473167143369,865.7300787837161,15.85294418228789,0.3199070580990144,630.7,7,3697,4682.473167143369,0.1415887109560806,0.8195655620738862,0.9394323767242746,0.2857142857142857,1096.4553580359272,113.852567,22.533467,122.066667,30.633333,656.0408078380303,False,0,False,0,False,0
CNMWN,VNDAN,42.0,6,4661.837455629613,549.112505618737,12.099393536200017,0.3263427117279627,630.6999999999999,38,3702,4661.837455629613,0.1415887109560805,0.8195655620738862,0.9394323767242746,1.0,3820.6814346201795,113.862187,22.508158,108.230438,16.111792,499.1644049941882,False,0,False,0,False,0
CNNSA,LKCOL,7.0,6,4645.35307820246,3127.3222130606828,14.260830942996018,0.49752787727806946,630.7,3,3705,4645.35307820246,0.1415887109560806,0.8195655620738862,0.9394323767242746,0.5714285714285714,2175.526518039232,113.682083,22.64515,79.85,6.95,2169.796128392191,False,0,False,0,False,0
SAJED,TZDRS,4.0,3,4568.619777698501,3260.7418447138334,11.032223264048755,0.21705064992908163,630.7,4,3727,4568.619777698501,0.1415887109560806,0.8195655620738862,0.9394323767242746,1.0,3744.2834360113447,39.1667,21.466667,39.293118,-6.823008,1698.5414471352744,False,0,False,0,False,0
CNQIN,IDJAK,5.0,5,4563.223773155858,2964.0271966651508,13.089155920845354,0.43598761680261866,630.0347047865868,5,3729,4563.223773155858,0.14068225783944754,0.8193750294461195,0.9393684193747079,0.8,2991.1932907990513,120.2667,36.0333,106.788826,-6.09208,2640.820170446211,False,0,False,0,False,0
CNNBO,JPOSK,25.0,12,4558.384844181554,1352.7433288571535,10.20874841578306,0.34804028167824286,630.5177141392145,22,3732,4558.384844181554,0.14134053990993478,0.8195133975651101,0.9394148663179895,0.4,1494.2629804258122,121.683333,29.966667,135.433333,34.65,751.4331008087945,False,0,False,0,False,0
ECGYL,ECPSJ,96.0,25,4541.292694673793,38.74502840106792,7.1997277305657414,0.2073586522350025,630.7,73,3739,4541.292694673793,0.1415887109560806,0.8195655620738862,0.9394323767242746,0.7604166666666666,2830.184982179399,-79.930086,-2.257278,-80.240917,-2.705467,32.73761916193741,False,0,False,0,False,0
CNTJN,IDJAK,4.0,3,4513.99745389162,3155.4725773316704,13.53476653870016,0.2196483878261329,630.6999999999998,3,3747,4513.99745389162,0.1415887109560804,0.8195655620738861,0.9394323767242746,0.25,924.8792151246942,117.8143,38.97075,106.788826,-6.09208,2774.2575935932045,False,0,False,0,False,0
JMKIN,USMOB,13.0,7,4512.05917444774,1150.0148768212541,13.74679092174853,0.33684155362033713,630.6999999999999,10,3748,4512.05917444774,0.1415887109560805,0.8195655620738862,0.9394323767242746,0.46153846153846156,1706.7361446539524,-76.7936,17.997,-88.1167,30.6833,980.3570607032296,False,0,False,0,False,0
USCHA,USMOB,6.0,4,4496.618912212366,1218.486719835865,12.327439611084612,0.2269472030065221,630.6999999999999,5,3753,4496.618912212366,0.1415887109560805,0.8195655620738862,0.9394323767242746,0.5,1842.6370031096972,-79.938165,32.87698,-88.1167,30.6833,437.56351904110954,False,0,False,0,False,0
BEANT,ESLPA,4.0,4,4488.873799744974,2084.7890056533206,10.670305845766855,0.24424340018425456,630.7,4,3754,4488.873799744974,0.1415887109560806,0.8195655620738862,0.9394323767242746,0.5,1839.4631893833655,4.4,51.2167,-15.4167,28.15,1648.6281310236127,False,0,False,0,False,0
BRMAN,BRPAR,4.0,4,4479.5270447093635,3420.266144932195,15.057870107359054,0.4388120244303313,630.7,2,3758,4479.5270447093635,0.1415887109560806,0.8195655620738862,0.9394323767242746,1.0,3671.266100222404,-60.033932,-3.131603,-48.515217,-25.502281,1498.7132502972545,False,0,False,0,False,0
ILASD,TRALI,34.0,17,4469.762857903096,702.8235651011759,11.47532574857842,0.3264343611926974,630.6999999999999,22,3762,4469.762857903096,0.1415887109560805,0.8195655620738862,0.9394323767242746,0.08823529411764706,323.2291507918527,34.65,31.816667,26.957016,38.82268,564.3230493202188,False,0,False,0,False,0
BRPEC,COCTA,5.0,4,4457.734894470137,2598.882658705968,14.921005189570018,0.41592113519189766,630.7,4,3768,4457.734894470137,0.1415887109560806,0.8195655620738862,0.9394323767242746,0.2,730.6812008725587,-38.795986,-3.528841,-75.540962,10.394286,2350.2506157325015,False,0,False,0,False,0
CNSHE,MYPEN,9.0,6,4427.448707916691,1884.007698340038,14.99445884106167,0.5158647164756462,628.2994669307511,9,3775,4427.448707916691,0.13830899356839477,0.8188761792908816,0.9392009670378882,0.6666666666666666,2417.0215212967805,113.8943,22.467416,100.35,5.416667,1290.469314486389,False,0,False,0,False,0
CNCGM,VNHPG,4.0,4,4390.389069047547,1833.9418693931623,12.412481931748983,0.28126434361328734,630.7,3,3783,4390.389069047547,0.1415887109560806,0.8195655620738862,0.9394323767242746,0.75,2698.6587638227493,121.382233,31.619333,106.828308,20.81389,1015.6987979998127,False,0,False,0,False,0
CNHUM,VNHPG,67.0,1,4390.198805077661,511.5113317015851,8.187771540045656,0.7758169371437603,630.7,42,3784,4390.198805077661,0.1415887109560806,0.8195655620738862,0.9394323767242746,1.0,3598.0557512995765,113.659717,22.81445,106.828308,20.81389,399.228853013934,False,0,False,0,False,0
CNBYQ,CNNJG,31.0,1,4387.724660037664,865.6861010237212,9.846988294943392,0.21074133776197154,630.7,19,3785,4387.724660037664,0.1415887109560806,0.8195655620738862,0.9394323767242746,1.0,3596.0280272292193,122.0684,40.268517,118.764874,32.137024,513.672088447362,False,0,False,0,False,0
TRBAM,TRBAM,129.0,37,4386.070476772752,188.09402912776406,3.45652259556657,0.20609389834806613,630.6999999999999,22,3786,4386.070476772752,0.1415887109560805,0.8195655620738862,0.9394323767242746,0.20930232558139536,752.3732753564523,28.678178,40.961688,28.678178,40.961688,0.0,False,0,False,0,False,0
CNBYQ,CNRIZ,33.0,13,4384.59865312498,500.6677094103394,12.032185003374018,0.4580908117030126,630.7,19,3787,4384.59865312498,0.1415887109560806,0.8195655620738862,0.9394323767242746,0.9393939393939394,3375.6802378218226,122.0684,40.268517,119.533333,35.35,318.81447769195074,False,0,False,0,False,0
MUPLO,MUPLO,31.0,20,4378.5441119538855,511.6165123643707,4.91426952049593,0.20326281225441126,630.7,17,3791,4378.5441119538855,0.1415887109560806,0.8195655620738862,0.9394323767242746,0.16129032258064516,578.7909622869017,57.486134,-20.150235,57.486134,-20.150235,0.0,False,0,False,0,False,0
CNJIN,CNTJN,81.0,30,4375.743270527821,255.15076527569292,9.77813936081516,0.2310029110806759,630.6999999999999,37,3793,4375.743270527821,0.1415887109560805,0.8195655620738862,0.9394323767242746,0.5308641975308642,1903.78969381543,121.066667,40.783333,117.8143,38.97075,185.18243984796652,False,0,False,0,False,0
CNBYQ,CNLYG,67.0,13,4356.937948251321,500.73131447562446,9.36579335124753,0.27755227509955593,630.7000000000002,40,3798,4356.937948251321,0.14158871095608083,0.8195655620738862,0.9394323767242746,0.9701492537313433,3464.2053641966645,122.0684,40.268517,119.483333,34.733333,354.3654549497946,False,0,False,0,False,0
CNZOS,JPNAG,28.0,8,4343.33937473017,924.6224516251873,13.833801379376487,0.4415034692360235,629.0993890125318,24,3803,4343.33937473017,0.13940466410274133,0.8191064846229996,0.9392782751546448,0.6071428571428571,2160.0063069613598,122.099218,30.006902,136.866667,35.066667,805.7993797301757,False,0,False,0,False,0
CNZPU,JPKOB,30.0,9,4338.021704227703,835.8489699285805,13.724633781261787,0.4011562688594517,629.8690559584343,6,3804,4338.021704227703,0.14045626645972664,0.8193275270098206,0.9393524739171806,0.6666666666666666,2369.507063359874,121.066951,30.583181,135.237233,34.685033,756.7950947270322,False,0,False,0,False,0
ZAPLZ,ZAPLZ,16.0,15,4331.931670668826,872.9003682142308,6.267578037760527,0.20076567470442871,627.9691579036904,12,3805,4331.931670668826,0.13785574787252097,0.8187809089543644,0.9391689870128007,0.625,2216.8143442740125,25.6372,-33.9618,25.6372,-33.9618,0.0,False,0,False,0,False,0
JMKIN,PACOL,38.0,10,4313.82802242641,624.078260025569,11.374713014918493,0.342988871036958,630.6999999999999,33,3813,4313.82802242641,0.1415887109560805,0.8195655620738862,0.9394323767242746,0.6842105263157895,2419.002291714198,-76.7936,17.997,-79.892063,9.359918,549.1075333529486,False,0,False,0,False,0
CNNBO,KRULS,10.0,10,4311.294828219011,842.6355174870251,6.408844604417084,0.21171314674606379,630.7,6,3816,4311.294828219011,0.1415887109560806,0.8195655620738862,0.9394323767242746,1.0,3533.3887691555524,121.683333,29.966667,129.369164,35.462441,509.2160879686103,False,0,False,0,False,0
CNNSA,MYPEN,7.0,6,4307.922186212605,1856.8413996463328,13.59298846488638,0.2928587770195819,630.7,6,3819,4307.922186212605,0.1415887109560806,0.8195655620738862,0.9394323767242746,0.14285714285714285,504.37495255912836,113.682083,22.64515,100.35,5.416667,1291.3175185787113,False,0,False,0,False,0
CNHPU,CNXIA,107.0,14,4307.457122717145,362.49615650597366,9.504796984499468,0.23841702801371897,630.7000000000002,91,3820,4307.457122717145,0.14158871095608083,0.8195655620738862,0.9394323767242746,0.9813084112149533,3464.2576577413865,113.470483,23.077133,118.042517,24.44535,264.3077225205593,False,0,False,0,False,0
MXLCS,MXLCS,31.0,17,4287.4305838586315,259.4646734517148,2.7043060669517596,0.20066624356903695,630.4655243607166,14,3821,4287.4305838586315,0.14126946029448295,0.8194984569292799,0.9394098510957688,0.25806451612903225,906.7207090744645,-102.166667,17.883333,-102.166667,17.883333,0.0,False,0,False,0,False,0
CNLYG,JPOSK,25.0,13,4284.837406908826,878.6696588793568,14.02707470630238,0.461563193484213,630.0286803080315,24,3822,4284.837406908826,0.14067404084636193,0.8193733022687772,0.9393678396016458,0.92,3230.0108657209757,119.483333,34.733333,135.433333,34.65,786.5897467846846,False,0,False,0,False,0
CNZOS,VNHPG,15.0,11,4240.200888708301,1355.3781372567657,10.65964948514407,0.274852685164738,630.6999999999999,10,3835,4240.200888708301,0.1415887109560805,0.8195655620738862,0.9394323767242746,0.9333333333333333,3243.4477830163833,122.099218,30.006902,106.828308,20.81389,993.627155848082,False,0,False,0,False,0
PHMAN,TWTCH,20.0,6,4230.565697864966,676.6482036614,15.99118641986815,0.6652021660284895,630.6777544014925,20,3839,4230.565697864966,0.14155843262018386,0.8195591976951919,0.9394302403511101,1.0,3467.199029139011,120.94162,14.596732,120.5,24.283333,582.123450262675,False,0,False,0,False,0
CNHUM,CNXIA,58.0,15,4226.673110157777,359.35226843556944,10.7260150055196,0.43426183857780487,630.7000000000002,49,3840,4226.673110157777,0.14158871095608083,0.8195655620738862,0.9394323767242746,1.0,3464.0357232290394,113.659717,22.81445,118.042517,24.44535,260.1882211166776,False,0,False,0,False,0
BRIOA,BRSAL,8.0,6,4220.529604395098,1120.8279464560464,13.918322457710605,0.2953641048045926,630.7,7,3846,4220.529604395098,0.1415887109560806,0.8195655620738862,0.9394323767242746,0.875,3026.6256277911025,-48.601391,-26.181417,-38.516667,-12.966667,976.1634410940025,False,0,False,0,False,0
CNCGM,HKHKG,8.0,8,4220.4095031172565,943.1368263688291,14.312586301599211,0.28625396685576265,630.7000000000002,7,3847,4220.4095031172565,0.14158871095608083,0.8195655620738862,0.9394323767242746,0.625,2161.8139291276657,121.382233,31.619333,114.181938,22.298785,678.9846460337179,False,0,False,0,False,0
CNGLA,CNNBO,34.0,5,4214.684846144945,821.2347909704104,10.857151955113904,0.4636708370986205,630.7,7,3851,4214.684846144945,0.1415887109560806,0.8195655620738862,0.9394323767242746,1.0,3454.2105548950726,113.212217,21.928867,121.683333,29.966667,664.3750028240879,False,0,False,0,False,0
AEKHA,AEKHA,42.0,27,4211.460887975054,271.7841171268744,5.302220430026235,0.20428541001752684,630.6999999999999,13,3853,4211.460887975054,0.1415887109560805,0.8195655620738862,0.9394323767242746,0.6190476190476191,2136.6851441652866,54.659214,24.802318,54.659214,24.802318,0.0,False,0,False,0,False,0
CNNBO,GUAPR,4.0,2,4204.093686348377,1626.323807375146,18.182594803849252,0.5442886129630549,630.6999999999999,2,3856,4204.093686348377,0.1415887109560805,0.8195655620738862,0.9394323767242746,0.75,2584.1478037975376,121.683333,29.966667,144.642048,13.452902,1613.470676142994,False,0,False,0,False,0
CNSTO,VNHPG,43.0,6,4172.423604240241,663.358551364057,12.729894026720123,0.4303000424129385,630.7,41,3868,4172.423604240241,0.1415887109560806,0.8195655620738862,0.9394323767242746,0.9767441860465116,3340.0497034795144,116.733333,23.333333,106.828308,20.81389,571.3370376235724,False,0,False,0,False,0
CNFUN,TWKAO,98.0,5,4169.823642891133,215.24173545564764,11.973658366372122,0.3677125771024874,630.5745946310847,66,3871,4169.823642891133,0.1414179946200591,0.8195296782189928,0.9394203313529483,0.45918367346938777,1569.1657170712585,119.308128,25.393912,120.260382,22.620829,174.49412374607354,False,0,False,0,False,0
JPNAH,KRBUS,16.0,6,4158.922381855654,615.807029094457,12.587971773804043,0.39898558187108996,624.6720306272725,15,3876,4158.922381855654,0.13330520104070265,0.8178244031740524,0.9388479103800422,1.0,3401.2682147883083,127.675638,26.229272,129.052391,35.112607,538.0579386548828,False,0,False,0,False,0
KEMOM,ZAPLZ,4.0,4,4150.650800492022,2276.446213131381,13.320645620039148,0.28528491382809196,630.7,4,3879,4150.650800492022,0.1415887109560806,0.8195655620738862,0.9394323767242746,0.5,1700.865228138835,39.647169,-4.053188,25.6372,-33.9618,1958.8561794464374,False,0,False,0,False,0
CNHPU,CNYTN,409.0,34,4139.3014282678405,102.69417189948707,6.259326521738352,0.216660933387049,630.6999999999999,383,3880,4139.3014282678405,0.1415887109560805,0.8195655620738862,0.9394323767242746,0.9633251833740831,3268.0121937670406,113.470483,23.077133,114.263091,22.566543,53.51393479280372,False,0,False,0,False,0
ESLPA,MATAN,12.0,10,4107.764149354322,813.5412176715537,11.842811081404417,0.29211165239538306,630.6999999999999,12,3885,4107.764149354322,0.1415887109560805,0.8195655620738862,0.9394323767242746,0.16666666666666666,561.0970056554223,-15.4167,28.15,-5.797516,35.789733,670.4570367209942,False,0,False,0,False,0
OMSOH,QAHMD,47.0,8,4093.585317153137,441.2894337734936,11.716766425425918,0.27933592943796637,630.7,35,3892,4093.585317153137,0.1415887109560806,0.8195655620738862,0.9394323767242746,0.723404255319149,2426.9934626787367,56.625595,24.507768,51.638489,25.021684,273.6201774534306,False,0,False,0,False,0
CNHPU,CNHUM,757.0,141,4063.8285882709533,58.627197459850116,4.56707900263346,0.20264033838696272,630.7000000000002,686,3905,4063.8285882709533,0.14158871095608083,0.8195655620738862,0.9394323767242746,0.6367239101717305,2120.6560756393364,113.470483,23.077133,113.659717,22.81445,18.926469557381413,False,0,False,0,False,0
BEZEE,DEHAM,10.0,10,4056.1771581670373,446.1904499662742,9.782907635975526,0.2360311906456543,628.9037730753256,9,3909,4056.1771581670373,0.1391369821927353,0.8190502190128062,0.9392593881044745,0.9,2989.9915107763086,3.2,51.333333,9.903145,53.539287,278.66424520327416,False,0,False,0,False,0
CNZOS,VNHCM,12.0,11,4028.2052774741132,1644.2862447853538,12.577296401101991,0.3854985273151436,630.0824747644789,9,3914,4028.2052774741132,0.14074740738921188,0.8193887236071155,0.9393730161844623,0.9166666666666666,3025.6104823422133,122.099218,30.006902,106.710033,10.776988,1439.6344032828297,False,0,False,0,False,0
AEJAL,VNHCM,4.0,3,4024.385222804228,4226.986905246224,14.402223931000742,0.47886699562133367,627.9073632733752,1,3917,4024.385222804228,0.13777090114439705,0.8187630745294281,0.9391630004132175,1.0,3295.018018113987,55.0606,25.0136,106.710033,10.776988,3052.7465337046547,False,0,False,0,False,0
ESALG,ESLPA,18.0,10,4015.3120827301127,902.795055226026,9.798727741491977,0.26226613052130104,630.6999999999998,13,3920,4015.3120827301127,0.1415887109560804,0.8195655620738861,0.9394323767242746,0.2777777777777778,914.1143066624364,-5.433333,36.116667,-15.4167,28.15,696.6648200524944,False,0,False,0,False,0
DJDJI,INNSA,9.0,8,4008.127085809171,1881.0158367044328,14.217248293326236,0.35255223437847516,630.7,4,3925,4008.127085809171,0.1415887109560806,0.8195655620738862,0.9394323767242746,0.2222222222222222,729.9828728766134,43.133333,11.583333,72.9428,18.953883,1779.6442239160153,False,0,False,0,False,0
CNQIN,MYPAG,4.0,3,4000.707513076012,2595.783444180874,13.562336477933803,0.3049469153106141,630.7,2,3931,4000.707513076012,0.1415887109560806,0.8195655620738862,0.9394323767242746,0.25,819.7105254118403,120.2667,36.0333,103.900833,1.426733,2268.6282833635432,False,0,False,0,False,0
CNZOS,JPTOK,20.0,9,4000.4047503810643,1068.741576571618,12.942420922318796,0.3550101420959307,630.0892075759843,13,3932,4000.4047503810643,0.1407565889236233,0.8193906535269825,0.939373664013451,0.7,2294.52598395103,122.099218,30.006902,139.75,35.6667,951.3334402324929,False,0,False,0,False,0
CNWEN,CNXIA,48.0,17,3976.322293868605,331.8534483009602,11.905878489434194,0.3098887809484259,630.6999999999999,41,3935,3976.322293868605,0.1415887109560805,0.8195655620738862,0.9394323767242746,0.9166666666666666,2987.285414447902,120.666189,28.032743,118.042517,24.44535,257.57423262580403,False,0,False,0,False,0
DJDJI,OMSOH,8.0,7,3973.2286093275516,1543.345458829247,14.21986064731972,0.3790306512563831,630.7,6,3937,3973.2286093275516,0.1415887109560806,0.8195655620738862,0.9394323767242746,0.25,814.0803346128951,43.133333,11.583333,56.625595,24.507768,1091.709250675676,False,0,False,0,False,0
CNWGQ,INCHN,4.0,4,3964.2931989397807,3818.5904344527744,14.862880655399447,0.5768607731559794,630.6999999999999,2,3939,3964.2931989397807,0.1415887109560805,0.8195655620738862,0.9394323767242746,1.0,3248.998183814766,121.617967,31.353633,80.3,13.1,2524.388922696342,False,0,False,0,False,0
CNYSN,TWTAP,9.0,7,3958.8609843230392,454.2963364526134,13.011641885232487,0.4338797072148061,626.2535656608474,8,3942,3958.8609843230392,0.1354939441682964,0.8182844677620098,0.939002343308513,1.0,3239.4744535005643,122.066667,30.633333,121.37318,25.14978,331.2824846523955,False,0,False,0,False,0
CNLYG,KRGWA,51.0,5,3950.8988374474,483.0060912685882,13.345689035408922,0.3735309769308849,630.7,39,3947,3950.8988374474,0.1415887109560806,0.8195655620738862,0.9394323767242746,0.8235294117647058,2666.6052217491165,119.483333,34.733333,127.728767,34.866497,406.4822704488377,False,0,False,0,False,0
CNZOS,JPYOK,19.0,8,3944.495826035451,1042.5135548423245,13.642014558593507,0.3568055542076618,629.9010823667286,16,3951,3944.495826035451,0.14049996871604553,0.8193367130400554,0.939355557452813,0.8947368421052632,2891.6733768405147,122.099218,30.006902,139.679832,35.450183,944.5384090506532,False,0,False,0,False,0
MXMAN,MXMAN,28.0,20,3935.8143873843933,67.04062671789045,2.512873235827575,0.20088419747968658,628.5202214251844,10,3955,3935.8143873843933,0.1386116443917068,0.8189397952193872,0.9392223214181071,0.8928571428571429,2877.852703951869,-104.293756,19.073908,-104.293756,19.073908,0.0,False,0,False,0,False,0
PACRI,PECAL,4.0,4,3933.190638849152,1419.3496511798185,12.92650921190929,0.33825649413477055,630.7,4,3957,3933.190638849152,0.1415887109560806,0.8195655620738862,0.9394323767242746,0.5,1611.7537983360764,-79.916667,9.35,-77.15,-12.05,1295.42898018655,False,0,False,0,False,0
CNDAL,CNYAN,273.0,30,3923.9360934019796,95.92663577436488,10.014900781710121,0.2932643129624998,630.7,206,3959,3923.9360934019796,0.1415887109560806,0.8195655620738862,0.9394323767242746,0.8205128205128205,2638.7059609690277,121.737442,38.978628,121.4,37.55,87.23786429452345,False,0,False,0,False,0
CNSHA,CNTJN,45.0,11,3880.0825616608536,710.6285502596155,9.71809988606147,0.3405173430211166,630.6999999999999,29,3976,3880.0825616608536,0.1415887109560805,0.8195655620738862,0.9394323767242746,0.9777777777777777,3109.31577786198,121.46055,31.130717,117.8143,38.97075,503.55575165755994,False,0,False,0,False,0
JMKIN,USBAL,5.0,5,3864.4913424094075,1450.610390233492,15.801615846829495,0.5289659507177193,630.7,4,3981,3864.4913424094075,0.1415887109560806,0.8195655620738862,0.9394323767242746,1.0,3167.204019171433,-76.7936,17.997,-76.583333,39.283333,1278.0882140943322,False,0,False,0,False,0
CNHUM,HKHKG,549.0,78,3835.1423417195256,45.23130204317001,3.9250089501485883,0.20228524985376584,630.7000000000002,516,3996,3835.1423417195256,0.14158871095608083,0.8195655620738862,0.9394323767242746,0.6375227686703097,2003.830065799004,113.659717,22.81445,114.181938,22.298785,42.39101648731522,False,0,False,0,False,0
CNQUA,CNSHE,17.0,8,3830.0931766304207,483.4946919277416,10.253788744438209,0.2333492260030357,630.7000000000002,11,3999,3830.0931766304207,0.14158871095608083,0.8195655620738862,0.9394323767242746,0.23529411764705882,738.5911687295217,118.682805,24.833576,113.8943,22.467416,299.1941621801199,False,0,False,0,False,0
CNFUN,MYTPP,6.0,5,3829.2164981150327,1904.665342191798,12.496579150217958,0.26795214678302565,630.7,6,4001,3829.2164981150327,0.1415887109560806,0.8195655620738862,0.9394323767242746,0.3333333333333333,1046.0979905267482,119.308128,25.393912,103.549576,1.327854,1708.8873630819603,False,0,False,0,False,0
CNGLA,CNYSN,27.0,6,3827.9723486828366,860.121836750436,10.828715896310035,0.4566009244912473,630.7000000000002,15,4002,3827.9723486828366,0.14158871095608083,0.8195655620738862,0.9394323767242746,0.9629629629629629,3021.078964753338,113.212217,21.928867,122.066667,30.633333,706.7544241649364,False,0,False,0,False,0
CNGLA,CNNSA,280.0,41,3823.8825334418175,129.9602479798642,7.079175501474352,0.23241266132212918,630.6999999999999,218,4003,3823.8825334418175,0.1415887109560805,0.8195655620738862,0.9394323767242746,0.9928571428571429,3111.5372775545825,113.212217,21.928867,113.682083,22.64515,50.30796228138429,False,0,False,0,False,0
PABAL,PABAL,72.0,42,3814.6598767470105,39.72800126226468,5.1910301286930665,0.20121303810299954,630.7,16,4006,3814.6598767470105,0.1415887109560806,0.8195655620738862,0.9394323767242746,0.3333333333333333,1042.121288668955,-79.57037,8.954178,-79.57037,8.954178,0.0,False,0,False,0,False,0
CNCGM,CNSHE,6.0,6,3813.997360265074,954.0419938964519,11.582338947724464,0.22939603699438177,630.3795908304414,5,4007,3813.997360265074,0.14115239789604017,0.8194738509061126,0.9394015914289411,0.5,1562.735552081084,121.382233,31.619333,113.8943,22.467416,679.4241998880815,False,0,False,0,False,0
USBOS,USNFK,10.0,10,3793.6936317074315,619.4184479788429,11.731006468229861,0.2400061117182987,630.7000000000002,8,4012,3793.6936317074315,0.14158871095608083,0.8195655620738862,0.9394323767242746,0.4,1243.6722614425696,-71.083333,42.35,-76.316667,36.85,409.2766413866322,False,0,False,0,False,0
CNJIN,CNQUA,16.0,7,3783.6309817625715,1107.3578151166666,10.824528064970234,0.3396755676378159,630.7,7,4020,3783.6309817625715,0.1415887109560806,0.8195655620738862,0.9394323767242746,1.0,3100.933652248412,121.066667,40.783333,118.682805,24.833576,965.0474859861206,False,0,False,0,False,0
CNNJG,CNWGQ,200.0,47,3782.302632338241,202.49792023340075,6.083070614456601,0.24210403460912824,630.7000000000002,121,4021,3782.302632338241,0.14158871095608083,0.8195655620738862,0.9394323767242746,0.935,2898.355058923451,118.764874,32.137024,121.617967,31.353633,153.0724177092567,False,0,False,0,False,0
DOCUC,GTSTC,22.0,7,3780.392080699378,1244.887307168292,9.708868130202076,0.2442380780403421,630.6999999999999,13,4023,3780.392080699378,0.1415887109560805,0.8195655620738862,0.9394323767242746,0.18181818181818182,563.3234837232825,-69.629288,18.426403,-88.616667,15.7,1101.4949943671866,False,0,False,0,False,0
JPNAH,TWKAO,45.0,2,3769.7006966252416,606.7424752759956,12.80546156973181,0.3916435271233126,630.7,32,4026,3769.7006966252416,0.1415887109560806,0.8195655620738862,0.9394323767242746,1.0,3089.5168702799865,127.675638,26.229272,120.260382,22.620829,459.49524760298794,False,0,False,0,False,0
CNDAL,TWKEE,15.0,2,3758.6279476024715,898.5727488787508,13.8627114148714,0.4432172991207462,630.7000000000002,13,4033,3758.6279476024715,0.14158871095608083,0.8195655620738862,0.9394323767242746,0.4666666666666667,1437.5396123682706,121.737442,38.978628,121.7559,25.15113,830.2098762770864,False,0,False,0,False,0
INMUN,INMUN,47.0,45,3749.164213193587,53.118021489679855,3.6832631012542487,0.20000312986141464,630.6999999999999,1,4034,3749.164213193587,0.1415887109560805,0.8195655620738862,0.9394323767242746,0.3191489361702128,980.6444284127557,69.7,22.766667,69.7,22.766667,0.0,False,0,False,0,False,0
CNGLA,CNZOS,6.0,6,3747.932223870149,919.896195266859,14.384147865860902,0.2897556431839795,629.1130826414102,1,4036,3747.932223870149,0.13942339630442246,0.819110422052906,0.9392795968578296,0.5,1534.985172859982,113.212217,21.928867,122.099218,30.006902,681.6250201304573,False,0,False,0,False,0
MATAN,PTSNS,7.0,7,3735.9964852705816,304.05260756815846,12.63661928473177,0.45427698690848695,629.5298997607476,7,4038,3735.9964852705816,0.13999319141829702,0.8192301905862619,0.9393198003549666,0.7142857142857143,2186.1722233270166,-5.797516,35.789733,-8.866667,37.95,196.33249094838934,False,0,False,0,False,0
EGAKI,EGPSA,21.0,18,3727.327486453829,197.6856237870081,8.640307095063518,0.25348433469384274,630.3837337107077,19,4043,3727.327486453829,0.14115804224025819,0.8194750373234971,0.9394019896815254,0.3333333333333333,1018.1506103595494,30.073013,31.322122,32.319633,31.269083,115.30368819747592,False,0,False,0,False,0
CNLYG,JPNAG,20.0,13,3718.108212802294,1059.1403744966847,12.081360897238728,0.32846889919889766,630.6999999999999,8,4044,3718.108212802294,0.1415887109560805,0.8195655620738862,0.9394323767242746,0.7,2133.063413093791,119.483333,34.733333,136.866667,35.066667,855.145541234018,False,0,False,0,False,0
ITGOA,SAJED,4.0,2,3710.4607773089047,2175.887043917108,11.19660520526014,0.20278509524532728,630.7,2,4050,3710.4607773089047,0.1415887109560806,0.8195655620738862,0.9394323767242746,1.0,3040.9658725082813,8.923988,44.403373,39.1667,21.466667,2032.6913443396259,False,0,False,0,False,0
CNSHE,JPYOK,8.0,6,3703.7862674978487,1644.0447972456136,14.64233610038639,0.5016282279998634,629.8941530529804,8,4051,3703.7862674978487,0.14049051356337516,0.8193347256067826,0.9393548903179182,1.0,3034.6407051865194,113.8943,22.467416,139.679832,35.450183,1555.6481179684138,False,0,False,0,False,0
CNYSN,VNHPG,4.0,4,3699.182653848993,1390.1712788139732,11.05380671843399,0.2824764374643771,630.6999999999999,2,4055,3699.182653848993,0.1415887109560805,0.8195655620738862,0.9394323767242746,0.75,2273.79203318679,122.066667,30.633333,106.828308,20.81389,1011.6242533618796,False,0,False,0,False,0
CNYTN,CNYTN,237.0,52,3693.60023965399,487.5612078796902,7.255295913423047,0.2143410170367145,630.0471864188273,145,4058,3693.60023965399,0.14069928146603716,0.819378607740737,0.9393696205245707,0.5611814345991561,1698.3914933129354,114.263091,22.566543,114.263091,22.566543,0.0,False,0,False,0,False,0
IDJAK,VNHPG,8.0,5,3668.779021235283,1703.2247119034932,14.493810580793335,0.4901169407085656,630.6999999999999,5,4069,3668.779021235283,0.1415887109560805,0.8195655620738862,0.9394323767242746,1.0,3006.804940663577,106.788826,-6.09208,106.828308,20.81389,1615.4485128077295,False,0,False,0,False,0
GRPIR,SAJED,4.0,4,3660.961904897144,1344.1058612528436,13.385576920452642,0.29381157298951355,630.7,4,4072,3660.961904897144,0.1415887109560806,0.8195655620738862,0.9394323767242746,0.75,2250.2987259885845,23.65,37.933333,39.1667,21.466667,1273.7318975630506,False,0,False,0,False,0
CNGLA,KRINC,22.0,2,3649.8474718547336,1284.6183637138256,10.470609262897142,0.3630978872393655,630.7,14,4075,3649.8474718547336,0.1415887109560806,0.8195655620738862,0.9394323767242746,0.45454545454545453,1359.6769521611716,113.212217,21.928867,126.607819,37.439929,1161.492178272099,False,0,False,0,False,0
CNHUM,THLCB,6.0,1,3642.51717572427,1559.8540892814997,17.53224753658597,0.6720823511713443,630.7,5,4080,3642.51717572427,0.1415887109560806,0.8195655620738862,0.9394323767242746,1.0,2985.281636486246,113.659717,22.81445,100.886078,13.056152,934.760718933808,False,0,False,0,False,0
JPKOB,THLCB,4.0,2,3629.2719862426547,2822.0856035443403,15.38803239206705,0.35441857126237813,630.7000000000002,4,4084,3629.2719862426547,0.14158871095608083,0.8195655620738862,0.9394323767242746,0.5,1487.2131676619854,135.237233,34.685033,100.886078,13.056152,2271.038665402615,False,0,False,0,False,0
PACOL,PACOL,42.0,23,3621.2823119758223,189.1564150770667,4.860746161617244,0.21050071544245597,630.7,13,4086,3621.2823119758223,0.1415887109560806,0.8195655620738862,0.9394323767242746,0.2619047619047619,777.3014525683228,-79.892063,9.359918,-79.892063,9.359918,0.0,False,0,False,0,False,0
CNTJN,JPYOK,14.0,11,3608.5199914785235,1376.3001441430586,13.539187078025174,0.392847226480855,630.6999999999999,10,4094,3608.5199914785235,0.1415887109560805,0.8195655620738862,0.9394323767242746,0.5714285714285714,1689.953551469115,117.8143,38.97075,139.679832,35.450183,1063.9699162460067,False,0,False,0,False,0
CNJIT,JPOSK,25.0,4,3583.4467043665063,1003.7549345446613,12.289939877963153,0.40608462205495666,630.7000000000002,13,4096,3583.4467043665063,0.14158871095608083,0.8195655620738862,0.9394323767242746,0.12,352.4243414911141,118.997083,39.205083,135.433333,34.65,833.4809049847254,False,0,False,0,False,0
CNZPU,JPHKA,38.0,8,3578.1864667540362,541.3780763932634,13.650780443020079,0.40933283996895503,627.4782834226683,36,4100,3578.1864667540362,0.13718129486990727,0.8186391417735417,0.9391213990839129,0.868421052631579,2543.8167221638014,121.066951,30.583181,130.383333,33.616667,507.3934258335919,False,0,False,0,False,0
BRITA,BRRDJ,24.0,9,3576.2633138049023,371.4108388660523,4.805196287000019,0.20344785626503717,630.6999999999999,9,4103,3576.2633138049023,0.1415887109560805,0.8195655620738862,0.9394323767242746,0.75,2198.2366896770504,-43.835878,-22.933812,-43.1667,-22.916667,37.01855439429344,False,0,False,0,False,0
MTMAL,TRYAR,8.0,8,3572.5017938244673,889.7702191055885,11.928053080946599,0.2852544229815628,630.7,6,4106,3572.5017938244673,0.1415887109560806,0.8195655620738862,0.9394323767242746,0.375,1097.9622902496435,14.539518,35.819159,29.739117,40.7548,773.8498312560714,False,0,False,0,False,0
AEKFA,SADMA,12.0,8,3551.551653618981,489.63840313379706,14.212350001963411,0.2816814360921032,630.7,11,4114,3551.551653618981,0.1415887109560806,0.8195655620738862,0.9394323767242746,0.5833333333333334,1697.9254992190636,56.364756,25.359318,50.206833,26.510212,339.55568439815914,False,0,False,0,False,0
CNMWN,CNMWN,112.0,81,3528.312118024867,26.472053056333056,2.7738673667208236,0.20139374036392751,630.7,64,4121,3528.312118024867,0.1415887109560806,0.8195655620738862,0.9394323767242746,0.8035714285714286,2323.673923002713,113.862187,22.508158,113.862187,22.508158,0.0,False,0,False,0,False,0
CNNBO,VNDAN,16.0,10,3515.4375306254497,1237.7154419672843,13.587383916305782,0.4620639691456179,630.7,10,4125,3515.4375306254497,0.1415887109560806,0.8195655620738862,0.9394323767242746,0.3125,900.3536049133379,121.683333,29.966667,108.230438,16.111792,1113.510072362779,False,0,False,0,False,0
ITGOA,MATAN,8.0,7,3513.8634190826037,968.4523843560071,10.694197875943276,0.26925793620009386,630.7000000000002,7,4126,3513.8634190826037,0.14158871095608083,0.8195655620738862,0.9394323767242746,0.375,1079.9405430417382,8.923988,44.403373,-5.797516,35.789733,849.0470070040296,False,0,False,0,False,0
CNHPU,CNQUA,65.0,6,3507.8158346971104,392.50142345250794,9.149439417195019,0.28560652916735707,630.7,48,4130,3507.8158346971104,0.1415887109560806,0.8195655620738862,0.9394323767242746,1.0,2874.8850562152156,113.470483,23.077133,118.682805,24.833576,304.78517359184474,False,0,False,0,False,0
CNDAL,CNNTG,31.0,8,3491.6970458314095,586.7073974942798,10.558771383201886,0.5562680273573557,630.6999999999999,22,4138,3491.6970458314095,0.1415887109560805,0.8195655620738862,0.9394323767242746,0.9032258064516129,2584.7383953173976,121.737442,38.978628,120.81025,32.00315,421.24887332666594,False,0,False,0,False,0
CNNSA,PHBAT,21.0,9,3458.7941585122485,756.4291705803744,12.166291216025044,0.38401335720910673,630.2557803306993,17,4142,3458.7941585122485,0.14098368171106035,0.819438387474545,0.9393896871838983,1.0,2834.2687078576528,113.682083,22.64515,121.05,13.75,679.2230132540712,False,0,False,0,False,0
BJCOT,NAWVB,4.0,4,3456.3368748769726,1951.3332644217353,13.713812029111786,0.32994897595493405,630.7,2,4144,3456.3368748769726,0.1415887109560806,0.8195655620738862,0.9394323767242746,1.0,2832.6946735752454,2.428967,6.3469,14.5,-22.95,1896.4060149512688,False,0,False,0,False,0
CAPRR,USSEA,8.0,6,3436.4205107245366,618.2367074870169,12.14449193727583,0.2188579375041048,630.7,8,4151,3436.4205107245366,0.1415887109560806,0.8195655620738862,0.9394323767242746,0.25,704.0929768485465,-130.319567,54.320128,-122.333333,47.6,503.32793822593834,False,0,False,0,False,0
CNBYQ,CNYAN,76.0,9,3406.7462874671933,203.39240681796795,8.885495264986398,0.2307400331719922,630.7,44,4161,3406.7462874671933,0.1415887109560806,0.8195655620738862,0.9394323767242746,0.9868421052631579,2755.3144104583967,122.0684,40.268517,121.4,37.55,166.17978075239114,False,0,False,0,False,0
CNCGM,VNCMP,4.0,4,3400.1644389656267,1754.537999753929,11.92267885895558,0.24435205262844326,630.7,4,4165,3400.1644389656267,0.1415887109560806,0.8195655620738862,0.9394323767242746,0.75,2089.993259673378,121.382233,31.619333,107.012844,10.522075,1497.173454542098,False,0,False,0,False,0
CNDCB,CNSHE,1257.0,218,3383.6820806802657,8.960650436714683,2.6612877322909188,0.20194011894703914,630.7000000000003,1157,4170,3383.6820806802657,0.14158871095608094,0.8195655620738862,0.9394323767242746,0.8265712012728719,2292.205353443921,113.852567,22.533467,113.8943,22.467416,4.591941534263796,False,0,False,0,False,0
JPNAG,VNHCM,6.0,5,3371.9622103473866,2324.21305407071,14.72849001210204,0.49065169853341695,630.6999999999999,6,4175,3371.9622103473866,0.1415887109560805,0.8195655620738862,0.9394323767242746,1.0,2763.5441042152597,136.866667,35.066667,106.710033,10.776988,2198.425429714129,False,0,False,0,False,0
JMKIN,PABAL,14.0,10,3357.6916946968095,684.9573782344803,10.293890019099276,0.29599576115839005,630.4195192493081,4,4179,3357.6916946968095,0.14120679409690695,0.819485284758456,0.939405429505914,0.7857142857142857,2161.9548771540635,-76.7936,17.997,-79.57037,8.954178,566.5686620763618,False,0,False,0,False,0
JPNAG,KRGWA,31.0,4,3357.4433324790875,625.1820902405613,14.273457829001478,0.5683130705665501,630.7,29,4180,3357.4433324790875,0.1415887109560806,0.8195655620738862,0.9394323767242746,0.5161290322580645,1420.2038358268103,136.866667,35.066667,127.728767,34.866497,449.60943317876814,False,0,False,0,False,0
CNDAL,VNDAN,8.0,3,3324.913718836641,1761.1382821980912,14.398566194875173,0.4769425763026198,630.7000000000002,7,4193,3324.913718836641,0.14158871095608083,0.8195655620738862,0.9394323767242746,1.0,2724.9847808255267,121.737442,38.978628,108.230438,16.111792,1545.6024043664793,False,0,False,0,False,0
EGAKI,LBBRT,27.0,10,3306.7723762253754,352.8053250925178,12.206683744008748,0.2464215865005369,630.7,23,4201,3306.7723762253754,0.1415887109560806,0.8195655620738862,0.9394323767242746,0.037037037037037035,100.37469485820554,30.073013,31.322122,35.516567,33.904758,315.89481782725585,False,0,False,0,False,0
MXALT,USMOB,6.0,5,3305.714398291785,817.6985460465634,14.884160106004918,0.3270021057444296,630.7,6,4202,3305.714398291785,0.1415887109560806,0.8195655620738862,0.9394323767242746,0.5,1354.6248394458726,-97.85,22.4833,-88.1167,30.6833,717.3319741495249,False,0,False,0,False,0
EGDAM,TRYAR,10.0,10,3251.3740644904406,830.6823951035253,12.596453893996763,0.26969679670776425,630.7,9,4230,3251.3740644904406,0.1415887109560806,0.8195655620738862,0.9394323767242746,0.2,532.9428425353128,31.757526,31.481673,29.739117,40.7548,565.2551684056273,False,0,False,0,False,0
MXVER,USCHA,4.0,3,3245.6043339685207,1592.660888105848,15.108836838573723,0.31192089001789514,630.7,4,4233,3245.6043339685207,0.1415887109560806,0.8195655620738862,0.9394323767242746,0.5,1329.992770119176,-96.1333,19.2,-79.938165,32.87698,1195.9885169508934,False,0,False,0,False,0
EGDAM,MTMAL,5.0,5,3232.9691843422274,916.7583427875272,16.284145007770423,0.3320348871400834,630.7,4,4240,3232.9691843422274,0.1415887109560806,0.8195655620738862,0.9394323767242746,0.2,529.9260413465983,31.757526,31.481673,14.539518,35.819159,897.6770038195999,False,0,False,0,False,0
MTMAL,PTSNS,4.0,4,3227.877293855361,1325.769246819214,13.947172931653819,0.2754847248793556,630.7,4,4243,3227.877293855361,0.1415887109560806,0.8195655620738862,0.9394323767242746,0.25,661.364267161026,14.539518,35.819159,-8.866667,37.95,1128.2964589867465,False,0,False,0,False,0
CNYSN,KRULS,8.0,8,3220.8238490507506,732.7607281905272,6.417355131263367,0.238882805838923,630.6999999999999,7,4248,3220.8238490507506,0.1415887109560805,0.8195655620738862,0.9394323767242746,1.0,2639.676308188256,122.066667,30.633333,129.369164,35.462441,467.8620838509722,False,0,False,0,False,0
DEHAM,GBSOU,8.0,8,3220.163033155351,672.6818482367555,10.10880396783236,0.2366542196971676,630.7000000000002,6,4249,3220.163033155351,0.14158871095608083,0.8195655620738862,0.9394323767242746,0.5,1319.5673631187578,9.903145,53.539287,-1.4,50.9,444.338056619777,False,0,False,0,False,0
MYPAG,MYTPP,61.0,20,3195.0700502070317,92.48156556795814,8.124987365268938,0.20914602508405178,630.7,46,4254,3195.0700502070317,0.1415887109560806,0.8195655620738862,0.9394323767242746,0.9672131147540983,2532.714647741616,103.900833,1.426733,103.549576,1.327854,21.90343360804694,False,0,False,0,False,0
INCHN,INKUP,68.0,21,3188.511664380454,77.31927306754397,5.864240918078119,0.20558808079281546,630.7,54,4256,3188.511664380454,0.1415887109560806,0.8195655620738862,0.9394323767242746,0.4411764705882353,1152.8798622340187,80.3,13.1,80.345767,13.304483,12.565344544673213,False,0,False,0,False,0
CNDCB,CNFUN,31.0,9,3175.517832286003,436.09228560049627,9.880634696629832,0.43165319621170767,630.7000000000002,20,4257,3175.517832286003,0.14158871095608083,0.8195655620738862,0.9394323767242746,1.0,2602.5450570931266,113.852567,22.533467,119.308128,25.393912,345.03221250742484,False,0,False,0,False,0
JPOSK,KRULS,30.0,10,3169.2816266158643,445.7099015195786,13.32255050359568,0.39110869953328775,626.1534211974617,28,4260,3169.2816266158643,0.13535567854181574,0.8182554049096022,0.9389925875882847,0.7333333333333333,1901.740001816693,135.433333,34.65,129.369164,35.462441,301.9584290881059,False,0,False,0,False,0
PAMIT,PRSJU,9.0,7,3157.261662600273,997.633346064952,13.226984153784448,0.3230430990664588,630.6999999999999,6,4264,3157.261662600273,0.1415887109560805,0.8195655620738862,0.9394323767242746,0.5555555555555556,1437.546071735181,-79.88466,9.361132,-66.083333,18.45,971.0723947445559,False,0,False,0,False,0
GTSTC,PAMIT,21.0,9,3157.156200992656,835.8957102877181,12.84951985803563,0.34202344554340197,630.6999999999999,19,4265,3157.156200992656,0.1415887109560805,0.8195655620738862,0.9394323767242746,0.47619047619047616,1232.141188772191,-88.616667,15.7,-79.88466,9.361132,637.5275521672299,False,0,False,0,False,0
CNLYG,CNYSN,50.0,5,3155.4858862802753,416.27506142410516,9.615602714461094,0.24621842142724348,630.7,20,4266,3155.4858862802753,0.1415887109560806,0.8195655620738862,0.9394323767242746,0.12,310.33530768066106,119.483333,34.733333,122.066667,30.633333,278.608941826874,False,0,False,0,False,0
CRPMN,USNFK,6.0,5,3128.8804552544343,1933.4539229345173,15.421607689795406,0.48375853022466025,630.7,6,4272,3128.8804552544343,0.1415887109560806,0.8195655620738862,0.9394323767242746,0.8333333333333334,2136.935557477165,-83.090115,10.006213,-76.316667,36.85,1653.1240091803647,False,0,False,0,False,0
CNNJG,JPKOB,24.0,4,3128.3338286550756,990.0745374055826,12.02942853687994,0.5201113999365269,630.7,17,4273,3128.3338286550756,0.1415887109560806,0.8195655620738862,0.9394323767242746,0.041666666666666664,106.82811135985204,118.764874,32.137024,135.237233,34.685033,838.6144677062522,False,0,False,0,False,0
CNGLA,HKHKG,449.0,39,3124.381826226757,85.12354410559014,4.944532655993111,0.207637748011695,630.6999999999999,313,4274,3124.381826226757,0.1415887109560805,0.8195655620738862,0.9394323767242746,0.8418708240534521,2155.724526886409,113.212217,21.928867,114.181938,22.298785,58.332951654718784,False,0,False,0,False,0
ILASD,ILASD,30.0,22,3113.957585732287,48.283991303638665,10.42932659917104,0.27810384314966274,630.6339699295656,27,4278,3113.957585732287,0.14149883162737342,0.8195466698175011,0.9394260350354002,0.5333333333333333,1361.0845703145822,34.65,31.816667,34.65,31.816667,0.0,False,0,False,0,False,0
CNRIZ,CNWGQ,34.0,21,3111.9441388878263,423.23048572972965,11.263197348863232,0.31494986518051127,630.7000000000002,23,4280,3111.9441388878263,0.14158871095608083,0.8195655620738862,0.9394323767242746,0.5882352941176471,1500.2601454883159,119.533333,35.35,121.617967,31.353633,261.7117069326331,False,0,False,0,False,0
EGDAM,ITGOA,4.0,4,3079.421182705136,1460.882133041756,13.994195303442703,0.2596136109246495,630.6999999999999,3,4289,3079.421182705136,0.1415887109560805,0.8195655620738862,0.9394323767242746,0.5,1261.893776232983,31.757526,31.481673,8.923988,44.403373,1323.2042281331342,False,0,False,0,False,0
CNCGM,KRBUS,6.0,6,3067.2132294888943,600.5856153880545,9.505773119352472,0.21450103130506887,629.7484870705067,5,4301,3067.2132294888943,0.1402917019800879,0.8192929362492316,0.939340862607387,0.6666666666666666,1675.297421926963,121.382233,31.619333,129.052391,35.112607,437.8879537320015,False,0,False,0,False,0
CNHUM,CNSHE,306.0,128,3058.8728721324474,46.77754896298251,5.5375240368936085,0.21214581216586398,630.7000000000002,263,4303,3058.8728721324474,0.14158871095608083,0.8195655620738862,0.9394323767242746,0.7222222222222222,1810.572735661294,113.659717,22.81445,113.8943,22.467416,24.55843974569828,False,0,False,0,False,0
CNNTG,CNSHA,281.0,45,3047.9343823583727,149.25240276598726,3.7953504918574743,0.2047958370196144,630.7,223,4307,3047.9343823583727,0.1415887109560806,0.8195655620738862,0.9394323767242746,0.7366548042704626,1840.1504819753222,120.81025,32.00315,121.46055,31.130717,62.05187957833337,False,0,False,0,False,0
JPTOK,KRULS,26.0,6,3041.569917479103,694.2119887157526,14.073626071591768,0.503449572734666,630.7,25,4312,3041.569917479103,0.1415887109560806,0.8195655620738862,0.9394323767242746,0.9615384615384616,2396.89034519787,139.75,35.6667,129.369164,35.462441,506.9183382468862,False,0,False,0,False,0
MYTPP,PHBAT,5.0,3,3033.6257178087435,1365.4427861595498,15.829444493272412,0.3256745830631115,630.7,5,4313,3033.6257178087435,0.1415887109560806,0.8195655620738862,0.9394323767242746,1.0,2486.2551665377196,103.549576,1.327854,121.05,13.75,1279.3237199119346,False,0,False,0,False,0
CNNSA,KRINC,5.0,5,3024.4868536307235,1282.354355485048,15.051343355197224,0.33183544086978223,630.7000000000002,5,4315,3024.4868536307235,0.14158871095608083,0.8195655620738862,0.9394323767242746,0.4,991.5061072723774,113.682083,22.64515,126.607819,37.439929,1111.2367428378595,False,0,False,0,False,0
JPYOK,KRULS,18.0,5,3018.898680306848,1378.291193422802,12.318506008997556,0.3622462648480916,630.7,16,4319,3018.898680306848,0.1415887109560806,0.8195655620738862,0.9394323767242746,0.8888888888888888,2199.2759055731512,139.679832,35.450183,129.369164,35.462441,504.0292021053722,False,0,False,0,False,0
NGLAG,NGLAG,33.0,24,2989.5338958510897,357.61402021860937,6.490643692353856,0.22059606703124515,630.7,14,4332,2989.5338958510897,0.1415887109560806,0.8195655620738862,0.9394323767242746,0.42424242424242425,1039.444435990602,3.3833,6.45,3.3833,6.45,0.0,False,0,False,0,False,0
CNNBO,CNZHA,16.0,6,2981.2744839901493,969.7760686652913,10.577387927452046,0.3650554359329422,630.7,4,4333,2981.2744839901493,0.1415887109560806,0.8195655620738862,0.9394323767242746,1.0,2443.3498981679218,121.683333,29.966667,110.407368,21.182277,806.005882669827,False,0,False,0,False,0
CNMWN,IDJAK,4.0,3,2973.3083332966976,1813.2767520668358,16.5748755446601,0.5064986861421177,630.6999999999999,4,4339,2973.3083332966976,0.1415887109560805,0.8195655620738862,0.9394323767242746,0.5,1218.410557698639,113.862187,22.508158,106.788826,-6.09208,1766.7591416737466,False,0,False,0,False,0
OMSOH,SAJED,4.0,4,2934.870532091732,2162.019847588641,10.58192011406052,0.4695585892789028,630.7,2,4355,2934.870532091732,0.1415887109560806,0.8195655620738862,0.9394323767242746,0.75,1803.9891129358844,56.625595,24.507768,39.1667,21.466667,981.3878631728983,False,0,False,0,False,0
CNSTO,MYTPP,8.0,8,2930.1783961372203,1657.6153008933575,12.683624484531602,0.29119537014893204,630.7000000000002,8,4356,2930.1783961372203,0.14158871095608083,0.8195655620738862,0.9394323767242746,0.75,1801.1049781552194,116.733333,23.333333,103.549576,1.327854,1528.085576310881,False,0,False,0,False,0
DEBHN,DEBHN,35.0,21,2904.1058230553417,83.46425364436575,4.3722355459343705,0.22969092367010085,630.7000000000002,23,4362,2904.1058230553417,0.14158871095608083,0.8195655620738862,0.9394323767242746,0.2571428571428571,612.0270311642734,8.548651,53.563407,8.548651,53.563407,0.0,False,0,False,0,False,0
CNGLA,KRBUS,16.0,2,2883.276143868311,1241.6625134935587,10.309935285240002,0.46126439626868265,630.7,16,4368,2883.276143868311,0.1415887109560806,0.8195655620738862,0.9394323767242746,0.5,1181.5169167318297,113.212217,21.928867,129.052391,35.112607,1148.0411533758138,False,0,False,0,False,0
CNBYQ,CNWGQ,25.0,8,2851.442153397012,712.601626802774,9.785464652683181,0.22251573920566498,630.7,23,4387,2851.442153397012,0.1415887109560806,0.8195655620738862,0.9394323767242746,0.96,2243.466039523195,122.0684,40.268517,121.617967,31.353633,535.7005417199736,False,0,False,0,False,0
CNJIT,CNNBO,35.0,7,2849.273888199453,705.049831337347,9.456241960489452,0.23910523554354232,630.7,6,4388,2849.273888199453,0.1415887109560806,0.8195655620738862,0.9394323767242746,1.0,2335.166755684632,118.997083,39.205083,121.683333,29.966667,570.2678940864441,False,0,False,0,False,0
JPTOK,VNHPG,4.0,3,2838.9837676378966,2171.6471836127084,15.911770685442468,0.4742069665524422,630.7,4,4391,2838.9837676378966,0.1415887109560806,0.8195655620738862,0.9394323767242746,1.0,2326.733327242792,139.75,35.6667,106.828308,20.81389,1943.3187657869903,False,0,False,0,False,0
KRGWA,TWTCH,13.0,8,2820.8208673159825,782.6534697307202,14.613258937584092,0.5544176864817266,630.2814120627994,12,4395,2820.8208673159825,0.1410186154338684,0.8194457303959627,0.9393921520309823,1.0,2311.509615933918,127.728767,34.866497,120.5,24.283333,738.5093497994069,False,0,False,0,False,0
CNFUN,CNSHA,28.0,6,2782.9696974277113,515.6140398170227,9.59185975103464,0.4389206179453038,630.6999999999999,14,4412,2782.9696974277113,0.1415887109560805,0.8195655620738862,0.9394323767242746,1.0,2280.826124306935,119.308128,25.393912,121.46055,31.130717,362.73283093096177,False,0,False,0,False,0
CNRIZ,JPNAG,21.0,9,2755.2020001591336,1016.1079765035646,11.883732313220355,0.37944441770551796,630.7000000000002,7,4429,2755.2020001591336,0.14158871095608083,0.8195655620738862,0.9394323767242746,1.0,2258.068675887516,119.533333,35.35,136.866667,35.066667,849.4006779777576,False,0,False,0,False,0
LBBRT,TRBAM,8.0,7,2747.918935207569,922.4689341688252,11.788019616543373,0.33710291483786026,630.7,7,4434,2747.918935207569,0.1415887109560806,0.8195655620738862,0.9394323767242746,0.25,563.0249316667166,35.516567,33.904758,28.678178,40.961688,534.2267745694384,False,0,False,0,False,0
CNJIN,CNZPU,30.0,6,2736.906430435644,749.7405867650648,9.953380588175445,0.3504011380182303,630.7,5,4440,2736.906430435644,0.1415887109560806,0.8195655620738862,0.9394323767242746,0.9,2018.7668313032598,121.066667,40.783333,121.066951,30.583181,612.4218257782999,False,0,False,0,False,0
EGAKI,TRMER,12.0,11,2720.789840916662,467.54995079991517,13.162566390083208,0.3105444009369164,630.7,9,4448,2720.789840916662,0.1415887109560806,0.8195655620738862,0.9394323767242746,0.08333333333333333,185.82213793798195,30.073013,31.322122,34.633333,36.783333,398.59175934260367,False,0,False,0,False,0
CNDCB,CNZPU,12.0,5,2707.7441956970565,860.7701985674971,10.05662054208254,0.5345384497528751,630.6999999999999,12,4452,2707.7441956970565,0.1415887109560805,0.8195655620738862,0.9394323767242746,1.0,2219.173893698761,113.852567,22.533467,121.066951,30.583181,619.0566240584268,False,0,False,0,False,0
CNJIT,CNNJG,31.0,1,2706.938614841551,838.9065282576215,9.628112435342679,0.22932327878089254,630.6999999999999,13,4453,2706.938614841551,0.1415887109560805,0.8195655620738862,0.9394323767242746,1.0,2218.5136673721227,118.997083,39.205083,118.764874,32.137024,424.5201468303635,False,0,False,0,False,0
JPKOB,KRGWA,43.0,8,2704.7218709267827,445.7163967105343,11.856854210343228,0.4620034377424766,630.6999999999998,43,4454,2704.7218709267827,0.1415887109560804,0.8195655620738861,0.9394323767242746,0.046511627906976744,103.1021814139368,135.237233,34.685033,127.728767,34.866497,370.36612904290183,False,0,False,0,False,0
BRPEC,BRPEC,7.0,7,2699.730650246976,2731.256024685413,11.120081570639451,0.35866209086610584,630.4892539874518,0,4458,2699.730650246976,0.14130178020325923,0.8195052504379957,0.939412131517851,0.8571428571428571,1896.3800936963837,-38.795986,-3.528841,-38.795986,-3.528841,0.0,False,0,False,0,False,0
CNXIA,CNZHA,47.0,5,2698.0994273313154,515.3262559846617,9.647075184154295,0.34772979999821046,630.7,38,4460,2698.0994273313154,0.1415887109560806,0.8195655620738862,0.9394323767242746,1.0,2211.26937369202,118.042517,24.44535,110.407368,21.182277,465.6424137767655,False,0,False,0,False,0
CNDAL,CNSHE,8.0,7,2691.768727904594,1341.0713964177917,15.073794739286736,0.4629091257972226,630.6999999999999,8,4465,2691.768727904594,0.1415887109560805,0.8195655620738862,0.9394323767242746,0.875,1930.3208316507835,121.737442,38.978628,113.8943,22.467416,1069.6806742215565,False,0,False,0,False,0
CNYSN,JPOSK,4.0,4,2681.7676463320017,991.7388301094371,10.259911683077258,0.2817552775892507,630.7,4,4470,2681.7676463320017,0.1415887109560806,0.8195655620738862,0.9394323767242746,0.25,549.4711021044125,122.066667,30.633333,135.433333,34.65,716.8167166997029,False,0,False,0,False,0
CNCGM,CNYTN,4.0,4,2675.1626058708343,942.3736569715861,9.746748662275962,0.20422381778811471,630.7,3,4473,2675.1626058708343,0.1415887109560806,0.8195655620738862,0.9394323767242746,1.0,2192.4711447195723,121.382233,31.619333,114.263091,22.566543,663.0666515079205,False,0,False,0,False,0
DOCUC,DOCUC,8.0,7,2673.072956703693,207.8763674164846,3.0551175572004827,0.2090426728989425,629.850322398858,7,4475,2673.072956703693,0.14043070115767298,0.8193221532909922,0.939350670085377,0.625,1368.817431743993,-69.629288,18.426403,-69.629288,18.426403,0.0,False,0,False,0,False,0
CNHPU,CNMWN,315.0,92,2669.534679990698,65.65760341954753,5.803914776496685,0.20760394463640294,630.7,300,4477,2669.534679990698,0.1415887109560806,0.8195655620738862,0.9394323767242746,0.9174603174603174,2007.2735287282128,113.470483,23.077133,113.862187,22.508158,40.46104764596542,False,0,False,0,False,0
CNNSA,CNQUA,20.0,15,2661.167376829187,390.99636759168925,10.540607684825051,0.2616694009403669,630.6999999999999,12,4483,2661.167376829187,0.1415887109560805,0.8195655620738862,0.9394323767242746,0.85,1853.850966419147,113.682083,22.64515,118.682805,24.833576,304.5973583565438,False,0,False,0,False,0
CNSTO,CNSTO,669.0,58,2661.139736113896,26.783835313144355,5.577272948477549,0.22162644075254806,630.6999999999999,487,4484,2661.139736113896,0.1415887109560805,0.8195655620738862,0.9394323767242746,0.9745889387144993,2125.557505676593,116.733333,23.333333,116.733333,23.333333,0.0,False,0,False,0,False,0
CNTAI,MYPKE,5.0,4,2655.474063840329,2459.086861877993,13.947568131074052,0.5611191512680873,628.159741570656,3,4486,2655.474063840329,0.1381173224405009,0.8188358908269837,0.939187443142274,1.0,2174.3974706326467,121.211133,31.6506,101.34485,3.00525,2053.795466489285,False,0,False,0,False,0
TZDRS,TZDRS,20.0,17,2602.5408534829144,3343.54114351741,12.444710014605354,0.6291384573023927,630.7,1,4512,2602.5408534829144,0.1415887109560806,0.8195655620738862,0.9394323767242746,0.5,1066.4764287024882,39.293118,-6.823008,39.293118,-6.823008,0.0,False,0,False,0,False,0
CNLYG,CNLYG,113.0,13,2577.0227308384224,32.03687474864813,5.759240537715845,0.204060920558905,630.6999999999999,67,4523,2577.0227308384224,0.1415887109560805,0.8195655620738862,0.9394323767242746,0.9911504424778761,2093.348471523881,119.483333,34.733333,119.483333,34.733333,0.0,False,0,False,0,False,0
CNNBO,CNSTO,38.0,8,2573.7927507450386,586.8563291172009,9.742339524857545,0.2985299542223252,630.7000000000003,27,4524,2573.7927507450386,0.14158871095608094,0.8195655620738862,0.9394323767242746,0.9736842105263158,2053.881589204313,121.683333,29.966667,116.733333,23.333333,478.5686673684314,False,0,False,0,False,0
CNQUA,TWTCH,92.0,10,2564.36357713979,114.44935449141545,11.255392697282192,0.28023831333668087,630.7,73,4529,2564.36357713979,0.1415887109560806,0.8195655620738862,0.9394323767242746,0.2391304347826087,502.5718443709589,118.682805,24.833576,120.5,24.283333,104.58879249379083,False,0,False,0,False,0
IDJAK,PHMAN,5.0,5,2560.7365213170915,1700.1926016348366,15.480167617062886,0.5245537709382116,630.7,2,4531,2560.7365213170915,0.1415887109560806,0.8195655620738862,0.9394323767242746,0.8,1678.9531731330962,106.788826,-6.09208,120.94162,14.596732,1501.0282687144888,False,0,False,0,False,0
CNXIA,IDSUR,4.0,4,2558.6681985361733,2204.170293342623,15.420136634130646,0.689124990425102,629.0458104129918,4,4532,2558.6681985361733,0.13933136341127395,0.8190910771263447,0.9392731032181578,1.0,2095.782290747918,118.042517,24.44535,112.731533,-7.1937,1924.9004778181202,False,0,False,0,False,0
CNJIN,CNJIT,67.0,16,2534.1740841212068,193.78400556781753,9.211509690290722,0.2652247571350709,630.6999999999998,27,4544,2534.1740841212068,0.1415887109560804,0.8195655620738861,0.9394323767242746,0.7014925373134329,1456.9451486471046,121.066667,40.783333,118.997083,39.205083,134.31044276928702,False,0,False,0,False,0
CNZPU,JPOSK,16.0,5,2529.030729500063,849.4030948365895,14.00090082298627,0.4431498093692386,630.3523760253469,8,4548,2529.030729500063,0.1411153180483452,0.8194660568782817,0.9393989751559786,0.9375,1942.926412150707,121.066951,30.583181,135.433333,34.65,765.6189637790021,False,0,False,0,False,0
GBFEL,GBLGP,39.0,17,2526.0336657609473,105.77397068226418,9.287261305547416,0.2274753914699069,630.4346910006483,31,4555,2526.0336657609473,0.14122746141924591,0.8194896289425752,0.9394068877469804,0.1282051282051282,265.392101468063,1.3,51.933333,0.486317,51.502973,39.795471947445726,False,0,False,0,False,0
JPNAH,TWKEE,48.0,2,2513.467132331308,351.926528770773,12.728757327534225,0.3911137904095143,630.7,47,4561,2513.467132331308,0.1415887109560806,0.8195655620738862,0.9394323767242746,1.0,2059.9511030633475,127.675638,26.229272,121.7559,25.15113,326.73231824649383,False,0,False,0,False,0
IDJAK,INMUN,4.0,3,2502.932235035963,3810.751544614734,15.469964980464221,0.42570152476302553,630.7000000000003,3,4563,2502.932235035963,0.14158871095608094,0.8195655620738862,0.9394323767242746,0.5,1025.6585320200486,106.788826,-6.09208,69.7,22.766667,2782.5073107178573,False,0,False,0,False,0
CNNTG,JPTOK,18.0,3,2493.4209388289273,1112.0436153739097,11.767907873738224,0.5561485179423393,630.7,13,4569,2493.4209388289273,0.1415887109560806,0.8195655620738862,0.9394323767242746,0.05555555555555555,113.52899628989593,120.81025,32.00315,139.75,35.6667,968.1654146460346,False,0,False,0,False,0
CNMWN,CNSTO,94.0,23,2491.569172198522,206.88902104387765,10.300235382438492,0.3671446302955279,630.7000000000003,80,4572,2491.569172198522,0.14158871095608094,0.8195655620738862,0.9394323767242746,0.7127659574468085,1455.4711422015203,113.862187,22.508158,116.733333,23.333333,166.32007663128485,False,0,False,0,False,0
OMSAL,OMSAL,24.0,21,2483.345791201639,235.3969149053317,4.530567943549616,0.23110533140483686,630.6412235191638,5,4576,2483.345791201639,0.14150870604552535,0.8195487453786124,0.9394267317527504,0.2916666666666667,593.6066871934969,54.002781,16.946141,54.002781,16.946141,0.0,False,0,False,0,False,0
LBBRT,LBBRT,54.0,38,2471.2094087659875,117.44569248313589,10.787762190985577,0.34059720876168637,630.6299685947404,53,4580,2471.2094087659875,0.1414933844542392,0.8195455248446479,0.9394256506947763,0.25925925925925924,525.069640124336,35.516567,33.904758,35.516567,33.904758,0.0,False,0,False,0,False,0
VNHCM,VNHCM,45.0,27,2454.78593100494,933.6480499152021,7.664279431339314,0.2957125766955617,630.0560734574995,39,4586,2454.78593100494,0.1407114020359964,0.8193811554334991,0.9393704757254804,0.1111111111111111,223.48948138763615,106.710033,10.776988,106.710033,10.776988,0.0,False,0,False,0,False,0
CNJIT,CNWGQ,49.0,2,2454.3901251623265,668.3021990022121,9.50935438914278,0.2865028890977146,630.6999999999999,15,4587,2454.3901251623265,0.1415887109560805,0.8195655620738862,0.9394323767242746,1.0,2011.533622477258,118.997083,39.205083,121.617967,31.353633,488.52692731656083,False,0,False,0,False,0
CNJIN,CNTAI,40.0,5,2450.366917041926,716.6087584380458,10.5833961990246,0.2516036860286545,630.7,14,4590,2450.366917041926,0.1415887109560806,0.8195655620738862,0.9394323767242746,0.95,1907.8245226700858,121.066667,40.783333,121.211133,31.6506,548.3779022580162,False,0,False,0,False,0
ECGYL,ECGYL,31.0,30,2449.0056893293686,140.1834670141443,5.58085774335434,0.21444620570732648,630.1283635767542,7,4592,2449.0056893293686,0.14080998206954454,0.8194018765414004,0.9393774313170605,0.6451612903225806,1294.6579725787421,-79.930086,-2.257278,-79.930086,-2.257278,0.0,False,0,False,0,False,0
CNSHA,CNYSN,158.0,14,2448.996303296936,179.72871242985485,4.93995069342124,0.21623672987169826,630.6999999999999,131,4593,2448.996303296936,0.1415887109560805,0.8195655620738862,0.9394323767242746,1.0,2007.1130318284227,121.46055,31.130717,122.066667,30.633333,43.211593708036894,False,0,False,0,False,0
PECAL,PECAL,14.0,14,2442.210361156,362.3297183486047,3.9032136745946535,0.2265846238395123,628.0485403361366,2,4595,2442.210361156,0.13796471892086826,0.8188038142098167,0.9391766757716609,0.7857142857142857,1571.1859104992811,-77.15,-12.05,-77.15,-12.05,0.0,False,0,False,0,False,0
OMSOH,PKQAS,19.0,5,2429.794573690468,602.334071325647,12.070032065137124,0.277550012098087,629.0246074237587,19,4602,2429.794573690468,0.13930235222853227,0.8190849790979072,0.9392710562525488,0.47368421052631576,942.7302178121678,56.625595,24.507768,67.343788,24.775279,584.9930774450202,False,0,False,0,False,0
CNJIT,CNXIA,15.0,7,2424.8672553150946,1133.9905255353806,10.46362353203635,0.40356852133686044,630.6999999999999,1,4604,2424.8672553150946,0.1415887109560805,0.8195655620738862,0.9394323767242746,1.0,1987.3376950568772,118.997083,39.205083,118.042517,24.44535,887.5021174770527,False,0,False,0,False,0
JPSZU,TWKEE,6.0,5,2403.501491835623,1119.8687993965398,16.910565578794756,0.4682088775136149,630.7,6,4618,2403.501491835623,0.1415887109560806,0.8195655620738862,0.9394323767242746,1.0,1969.8270511016863,138.501892,35.025498,121.7559,25.15113,1050.3235319040828,False,0,False,0,False,0
CNYSN,JPTOK,15.0,2,2402.851590694459,1024.7834425474614,13.166768387054551,0.42223017577134137,630.6999999999999,15,4619,2402.851590694459,0.1415887109560805,0.8195655620738862,0.9394323767242746,0.7333333333333333,1444.1492373055994,122.066667,30.633333,139.75,35.6667,937.2549434211282,False,0,False,0,False,0
CNTAI,CNZPU,73.0,9,2396.6652278720894,163.86246931962296,10.505131465797655,0.27796817055509,630.7,58,4624,2396.6652278720894,0.1415887109560806,0.8195655620738862,0.9394323767242746,0.9726027397260274,1910.409920622724,121.211133,31.6506,121.066951,30.583181,64.51539378563662,False,0,False,0,False,0
JPOSK,JPSZU,29.0,11,2388.9155254882126,302.5055103828399,12.954689060634525,0.34489498671866725,630.6999999999999,29,4628,2388.9155254882126,0.1415887109560805,0.8195655620738862,0.9394323767242746,0.4827586206896552,945.1800184659628,135.433333,34.65,138.501892,35.025498,152.88223097887138,False,0,False,0,False,0
CNLYG,CNXIA,8.0,7,2387.75755561646,903.2554889226327,11.99127740558066,0.23630565029673611,630.6999999999999,6,4629,2387.75755561646,0.1415887109560805,0.8195655620738862,0.9394323767242746,0.75,1467.6928973737295,119.483333,34.733333,118.042517,24.44535,622.2348934381528,False,0,False,0,False,0
CNLYG,JPTOK,10.0,4,2376.81207805036,1198.0993210400743,12.94140154060196,0.3816046463288478,630.6999999999999,5,4636,2376.81207805036,0.1415887109560805,0.8195655620738862,0.9394323767242746,0.9,1753.1579940222102,119.483333,34.733333,139.75,35.6667,994.1353676197419,False,0,False,0,False,0
ESMAL,MATAN,22.0,16,2352.5094404269803,230.53896605143134,6.027909147075044,0.23158153507508,630.7000000000002,21,4645,2352.5094404269803,0.14158871095608083,0.8195655620738862,0.9394323767242746,0.5454545454545454,1051.6558482696335,-4.383333,36.716667,-5.797516,35.789733,88.23399672970461,False,0,False,0,False,0
CNJIN,CNXIA,6.0,5,2348.909707098479,1209.7143232530461,11.412835220045785,0.2710284554760652,629.5144680057413,4,4648,2348.909707098479,0.13997210943361138,0.8192257592418637,0.9393183128562319,0.8333333333333334,1603.5727818236126,121.066667,40.783333,118.042517,24.44535,992.6116498212261,False,0,False,0,False,0
MXVER,USNOL,4.0,4,2336.3882425388015,841.1498616036491,13.037254167205242,0.26236357225326196,630.7,3,4662,2336.3882425388015,0.1415887109560806,0.8195655620738862,0.9394323767242746,1.0,1914.823343219132,-96.1333,19.2,-90.061119,29.923919,723.862118491697,False,0,False,0,False,0
CNRIZ,CNYTN,6.0,5,2335.574543988062,1169.4976887595396,13.251792567563612,0.5876313977816542,630.6999999999999,4,4663,2335.574543988062,0.1415887109560805,0.8195655620738862,0.9394323767242746,1.0,1914.1564639090366,119.533333,35.35,114.263091,22.566543,815.5515354536042,False,0,False,0,False,0
CNDAL,KRGWA,22.0,4,2335.358591315275,541.326752438349,12.559872914248846,0.39579105887496907,630.7,20,4665,2335.358591315275,0.1415887109560806,0.8195655620738862,0.9394323767242746,0.09090909090909091,173.9981342304893,121.737442,38.978628,127.728767,34.866497,378.8608934360901,False,0,False,0,False,0
CNDCB,THBKK,8.0,2,2333.6307827327682,1541.1585004516226,12.383849726878942,0.3060091408746189,630.7,3,4667,2333.6307827327682,0.1415887109560806,0.8195655620738862,0.9394323767242746,0.5,956.2817120616521,113.852567,22.533467,100.574341,13.69736,924.0292301751387,False,0,False,0,False,0
DEWVN,GBLGP,10.0,10,2314.62525585829,381.68386552644034,12.89021469636733,0.2893067962752555,630.7000000000002,9,4683,2314.62525585829,0.14158871095608083,0.8195655620738862,0.9394323767242746,0.8,1517.58971904633,8.170278,53.541667,0.486317,51.502973,306.03099181380145,False,0,False,0,False,0
GRPIR,GRPIR,37.0,20,2302.6199008514327,356.39956283892263,3.315978249068601,0.20121898470372662,630.6999999999999,9,4688,2302.6199008514327,0.1415887109560805,0.8195655620738862,0.9394323767242746,0.10810810810810811,204.0159971117644,23.65,37.933333,23.65,37.933333,0.0,False,0,False,0,False,0
CNNSA,VNDAN,22.0,13,2287.7292958847097,542.9780848177431,11.266919117580741,0.2819559554773708,630.7000000000003,13,4699,2287.7292958847097,0.14158871095608094,0.8195655620738862,0.9394323767242746,0.2727272727272727,511.3484035239949,113.682083,22.64515,108.230438,16.111792,499.0644226437421,False,0,False,0,False,0
MYTPP,PHMAN,6.0,5,2284.0155006910168,1419.1116766610467,11.767853067430543,0.34039902055197785,630.7,3,4702,2284.0155006910168,0.1415887109560806,0.8195655620738862,0.9394323767242746,1.0,1871.9004476093019,103.549576,1.327854,120.94162,14.596732,1303.4318290330843,False,0,False,0,False,0
BEANT,PLGDA,6.0,5,2275.2127728360233,1025.3765928281218,14.700171910651012,0.3302841944866435,630.7,4,4706,2275.2127728360233,0.1415887109560806,0.8195655620738862,0.9394323767242746,0.5,932.3430175035203,4.4,51.2167,18.666667,54.35,550.0068592595173,False,0,False,0,False,0
VNHPG,VNHPG,35.0,27,2264.7688531724543,1136.2491918584014,7.153677508451065,0.2643302569876553,630.6661342774513,17,4717,2264.7688531724543,0.14154261569748428,0.8195558730446504,0.9394291243436348,0.4,742.441845882433,106.828308,20.81389,106.828308,20.81389,0.0,False,0,False,0,False,0
CNFUN,CNHPU,45.0,4,2245.1866579441066,455.4018544984331,9.029181508595427,0.21858254800013863,630.6999999999999,37,4725,2245.1866579441066,0.1415887109560805,0.8195655620738862,0.9394323767242746,1.0,1840.0776652787517,119.308128,25.393912,113.470483,23.077133,348.5090662239379,False,0,False,0,False,0
ITGOA,ITGOA,47.0,15,2233.520671808053,77.13705219814335,4.358569641670834,0.2052695305805274,630.7,20,4728,2233.520671808053,0.1415887109560806,0.8195655620738862,0.9394323767242746,0.14893617021276595,272.6301356076186,8.923988,44.403373,8.923988,44.403373,0.0,False,0,False,0,False,0
EGAKI,EGALE,39.0,26,2227.270999101048,53.82017168280007,4.3369599330715785,0.20918545824340795,630.6999999999999,29,4734,2227.270999101048,0.1415887109560805,0.8195655620738862,0.9394323767242746,0.1282051282051282,234.0249497780918,30.073013,31.322122,29.86702,31.187057,13.324759068349712,False,0,False,0,False,0
ESBAR,NLROT,5.0,4,2205.0412088683997,1962.3114036899078,14.09514157499712,0.3580477799181101,630.7000000000002,2,4749,2205.0412088683997,0.14158871095608083,0.8195655620738862,0.9394323767242746,0.4,722.8703350969247,2.166667,41.35,4.03038,52.002215,644.0976695338989,False,0,False,0,False,0
KRINC,KRULS,22.0,13,2204.984953133605,451.8130838851113,13.896355853919378,0.4637408584091445,630.7,22,4750,2204.984953133605,0.1415887109560806,0.8195655620738862,0.9394323767242746,0.8636363636363636,1560.7029507776676,126.607819,37.439929,129.369164,35.462441,178.5355899476097,False,0,False,0,False,0
CNQUA,CNQUA,222.0,25,2196.4296677201482,36.93733202046159,6.719412639988503,0.2207805803392784,630.7,160,4755,2196.4296677201482,0.1415887109560806,0.8195655620738862,0.9394323767242746,0.8198198198198198,1475.7725088419354,118.682805,24.833576,118.682805,24.833576,0.0,False,0,False,0,False,0
CNNSA,TWTCH,14.0,8,2189.752804694617,509.1997557912461,11.49520711093742,0.41204826143477397,630.0703760766171,14,4759,2189.752804694617,0.14073090791660192,0.8193852554874571,0.939371852017758,0.42857142857142855,768.9647834267462,113.682083,22.64515,120.5,24.283333,388.1157207038877,False,0,False,0,False,0
CNHUM,CNYTN,181.0,28,2185.651879140396,88.12343472844236,5.838933903880237,0.2228731364974312,630.7,143,4762,2185.651879140396,0.1415887109560806,0.8195655620738862,0.9394323767242746,0.16022099447513813,287.00146582287726,113.659717,22.81445,114.263091,22.566543,36.587396794448615,False,0,False,0,False,0
INCHN,INCOC,9.0,5,2173.0511076285843,940.7295155843423,12.869559088434537,0.35717077626093313,630.7,4,4770,2173.0511076285843,0.1415887109560806,0.8195655620738862,0.9394323767242746,0.3333333333333333,593.6526174796338,80.3,13.1,76.25,9.966667,303.5453830663836,False,0,False,0,False,0
CNNJG,VNHCM,6.0,3,2158.703993793014,1886.7149186362094,13.89344537107011,0.48287502050675074,628.2872488844973,4,4780,2158.703993793014,0.13829223661432366,0.8188726570497045,0.9391997847038551,1.0,1767.703675181094,118.764874,32.137024,106.710033,10.776988,1445.8606893118176,False,0,False,0,False,0
ESBAR,ESBAR,100.0,27,2147.7136640215267,39.30570488437845,3.2623641949203694,0.20632689777939509,630.1743642233341,12,4790,2147.7136640215267,0.14087270010220931,0.8194150596077419,0.939381856564286,0.06,105.59213520147365,2.166667,41.35,2.166667,41.35,0.0,False,0,False,0,False,0
CNYTN,PHDAV,5.0,4,2143.230919819432,1430.3749623893439,13.219846028033952,0.3464057175237957,630.7,4,4793,2143.230919819432,0.1415887109560806,0.8195655620738862,0.9394323767242746,0.2,351.303650691189,114.263091,22.566543,125.627031,7.073807,1138.8656380566906,False,0,False,0,False,0
PHBAT,THLCB,6.0,6,2137.759095904257,1438.2205281488264,14.99890582638892,0.5817455019010278,629.7096646178128,6,4795,2137.759095904257,0.14023869980050285,0.8192817954142911,0.9393371228895072,1.0,1751.4271102556713,121.05,13.75,100.886078,13.056152,1178.0751498502455,False,0,False,0,False,0
CNNSA,JPTOK,5.0,5,2111.5018048666134,1673.4793223712913,15.450819581335688,0.5054918574923439,630.7,5,4815,2111.5018048666134,0.1415887109560806,0.8195655620738862,0.9394323767242746,0.8,1384.411330820425,113.682083,22.64515,139.75,35.6667,1567.1775666607043,False,0,False,0,False,0
CNNSA,JPOSK,7.0,5,2110.0620660152726,1451.6540080903233,14.941440577813355,0.5485297630973595,630.6999999999999,7,4816,2110.0620660152726,0.1415887109560805,0.8195655620738862,0.9394323767242746,1.0,1729.3342031445925,113.682083,22.64515,135.433333,34.65,1349.1558201739363,False,0,False,0,False,0
ESVAL,TRBAM,7.0,4,2108.1633031856204,1555.8926860883225,14.412294243949269,0.45982833921926536,630.7000000000002,2,4820,2108.1633031856204,0.14158871095608083,0.8195655620738862,0.9394323767242746,0.14285714285714285,246.82543464555192,-0.316667,39.45,28.678178,40.961688,1326.5440237746259,False,0,False,0,False,0
CNSTO,CNTAI,42.0,6,2108.0553790732747,700.2509175276479,8.58909789080387,0.33096498250986395,630.7000000000002,37,4821,2108.0553790732747,0.14158871095608083,0.8195655620738862,0.9394323767242746,1.0,1727.6895916330677,116.733333,23.333333,121.211133,31.6506,553.2294299719434,False,0,False,0,False,0
COCTA,COCTA,30.0,28,2104.5631806155275,160.29618960193167,4.697482235547512,0.21388104596616037,630.7,13,4822,2104.5631806155275,0.1415887109560806,0.8195655620738862,0.9394323767242746,0.5333333333333333,919.9080032219575,-75.540962,10.394286,-75.540962,10.394286,0.0,False,0,False,0,False,0
CNSTO,CNYTN,96.0,31,2102.979033799686,187.6469957633761,9.455024423903266,0.31330922443943166,630.7000000000002,66,4824,2102.979033799686,0.14158871095608083,0.8195655620738862,0.9394323767242746,0.8125,1400.3674700158308,116.733333,23.333333,114.263091,22.566543,144.1226449965812,False,0,False,0,False,0
PTSNS,PTSNS,9.0,9,2100.8322363979587,349.78413358999586,2.6464017222365617,0.20000000000000007,630.7,1,4826,2100.8322363979587,0.1415887109560806,0.8195655620738862,0.9394323767242746,0.1111111111111111,191.30775029404802,-8.866667,37.95,-8.866667,37.95,0.0,False,0,False,0,False,0
CNYAN,KRBUS,17.0,5,2092.600321712003,544.3817558532381,13.614845585224556,0.39296901760872976,630.7000000000002,14,4834,2092.600321712003,0.14158871095608083,0.8195655620738862,0.9394323767242746,0.23529411764705882,403.53486090821,121.4,37.55,129.052391,35.112607,397.8594113282208,False,0,False,0,False,0
EGSOK,TRBAM,6.0,6,2075.0040813096466,1176.9164826465615,11.045428827621091,0.3191885456444533,630.7000000000002,4,4843,2075.0040813096466,0.14158871095608083,0.8195655620738862,0.9394323767242746,0.16666666666666666,283.4336477006914,32.33,29.58,28.678178,40.961688,706.2291495235538,False,0,False,0,False,0
JPHKA,KRULS,49.0,10,2074.8147389999726,156.47115638613323,9.86407201414408,0.29245642866155286,630.1490639969618,49,4844,2074.8147389999726,0.14083820649361423,0.8194078091964782,0.9393794227706983,0.9795918367346939,1665.423085491458,130.383333,33.616667,129.369164,35.462441,121.64134566905787,False,0,False,0,False,0
DJDJI,KEMOM,5.0,4,2054.1739195912196,2219.7462339529625,11.76762218503002,0.3365394849285697,629.0141240481373,5,4852,2054.1739195912196,0.1392880075319778,0.8190819639031013,0.9392700441221307,0.8,1346.029446605846,43.133333,11.583333,39.647169,-4.053188,961.6328838643224,False,0,False,0,False,0
CNHUM,CNZHA,69.0,12,2051.4637246898537,259.62687939041064,8.791464133520458,0.2590952472297506,630.7,53,4854,2051.4637246898537,0.1415887109560806,0.8195655620738862,0.9394323767242746,0.855072463768116,1437.641046599682,113.659717,22.81445,110.407368,21.182277,205.86379191622862,False,0,False,0,False,0
CNMWN,CNYTN,57.0,27,2046.698886019572,89.16898636860127,8.940605559852552,0.22118530053539548,626.565161050933,29,4855,2046.698886019572,0.13592386928773093,0.8183748362115696,0.9390326778847272,0.7894736842105263,1322.342262332107,113.862187,22.508158,114.263091,22.566543,22.5068538756487,False,0,False,0,False,0
CNLYG,CNSHE,5.0,4,2034.5611897907881,1225.159585494911,14.819033431535903,0.6079327752134022,629.7705392964606,3,4867,2034.5611897907881,0.14032180577259545,0.8192992639396405,0.9393429866651517,1.0,1666.914485235752,119.483333,34.733333,113.8943,22.467416,792.7914188585419,False,0,False,0,False,0
DJDJI,TRALI,4.0,3,2030.4555565721862,2011.8150593352948,12.917162312934584,0.2726074360263067,630.7,4,4872,2030.4555565721862,0.1415887109560806,0.8195655620738862,0.9394323767242746,0.75,1248.068587116097,43.133333,11.583333,26.957016,38.82268,1849.7462827718114,False,0,False,0,False,0
CNJIT,CNQUA,16.0,4,2027.528716923025,1070.093599192394,9.766320707649324,0.3390702839883297,630.7,5,4873,2027.528716923025,0.1415887109560806,0.8195655620738862,0.9394323767242746,1.0,1661.6927125059644,118.997083,39.205083,118.682805,24.833576,863.0185128293855,False,0,False,0,False,0
CNGLA,CNXIA,42.0,6,2027.2147888668023,370.34421111458914,9.937466869674243,0.311846453529355,630.7,31,4874,2027.2147888668023,0.1415887109560806,0.8195655620738862,0.9394323767242746,1.0,1661.4354278821154,113.212217,21.928867,118.042517,24.44535,306.38696305831655,False,0,False,0,False,0
CNQUA,CNWGQ,8.0,6,2021.7725711535384,567.2026082012637,13.760906734961143,0.32451245135919576,630.7000000000002,7,4875,2021.7725711535384,0.14158871095608083,0.8195655620738862,0.9394323767242746,0.375,621.3656901236309,118.682805,24.833576,121.617967,31.353633,421.14892408542283,False,0,False,0,False,0
CNWGQ,VNDAN,7.0,7,2020.8379892757293,1368.7128164385456,14.224482479851783,0.498650700022821,630.7000000000002,4,4876,2020.8379892757293,0.14158871095608083,0.8195655620738862,0.9394323767242746,0.7142857142857143,1183.0065875293037,121.617967,31.353633,108.230438,16.111792,1171.9307027651473,False,0,False,0,False,0
BRIJI,BRITA,16.0,3,2013.951094473963,376.14046599398904,11.011794871416367,0.25469643088820404,630.7000000000002,7,4878,2013.951094473963,0.14158871095608083,0.8195655620738862,0.9394323767242746,0.875,1444.2443406403877,-48.6646,-26.899129,-43.835878,-22.933812,354.6312614495564,False,0,False,0,False,0
KRBUS,TWTAP,9.0,9,2005.1248431931465,738.0807410524922,15.939653965852298,0.4905240810441539,627.4099506833559,9,4882,2005.1248431931465,0.13708732319223893,0.818619389322639,0.9391147686478455,0.8888888888888888,1459.0525108003785,129.052391,35.112607,121.37318,25.14978,718.3007729978002,False,0,False,0,False,0
CNDAL,TWTAP,6.0,5,1983.9694914265247,892.2568447391421,16.297992847272507,0.5198635139399916,628.0269842615548,4,4891,1983.9694914265247,0.13793513086609233,0.8187975949253072,0.9391745881032226,1.0,1624.4694479852233,121.737442,38.978628,121.37318,25.14978,830.495052062733,False,0,False,0,False,0
GHTEM,NGONN,7.0,6,1970.9657473915302,565.1059087003366,9.272198385077402,0.24049410238588148,630.6999999999999,5,4896,1970.9657473915302,0.1415887109560805,0.8195655620738862,0.9394323767242746,0.8571428571428571,1384.5734147908427,0.016667,5.633333,7.166667,4.683333,431.3313873778266,False,0,False,0,False,0
CNQIZ,CNSHA,11.0,3,1959.134070239864,1257.9488567575265,10.313503865073931,0.3579063142436607,630.7000000000002,8,4904,1959.134070239864,0.14158871095608083,0.8195655620738862,0.9394323767242746,1.0,1605.6388154542346,108.6,21.683333,121.46055,31.130717,893.1662202630612,False,0,False,0,False,0
JPKOB,KRULS,17.0,7,1955.8703868072764,449.9220275247373,12.814977155577157,0.38528588777414474,625.5368942173734,16,4907,1955.8703868072764,0.13450348811582002,0.8180762780708909,0.9389324588955011,0.7058823529411765,1129.4478821847322,135.237233,34.685033,129.369164,35.462441,292.0515180117259,False,0,False,0,False,0
VNCMP,VNCMP,73.0,11,1947.4438943521498,377.60167165894063,5.075356284628531,0.2219069286701134,630.6999999999999,59,4914,1947.4438943521498,0.1415887109560805,0.8195655620738862,0.9394323767242746,0.0136986301369863,21.8638075326312,107.012844,10.522075,107.012844,10.522075,0.0,False,0,False,0,False,0
ITSPE,MATAN,6.0,5,1929.4665023354403,902.1691789625526,14.556457837557033,0.33892048877117104,630.7000000000002,4,4921,1929.4665023354403,0.14158871095608083,0.8195655620738862,0.9394323767242746,0.3333333333333333,527.1080994964268,9.816667,44.083333,-5.797516,35.789733,872.0855416469991,False,0,False,0,False,0
CNBYQ,CNYSN,8.0,7,1928.7074596328407,727.8739226815095,11.56697282855344,0.2897883597784458,630.7,3,4922,1928.7074596328407,0.1415887109560806,0.8195655620738862,0.9394323767242746,0.75,1185.5266599225647,122.0684,40.268517,122.066667,30.633333,578.5008927760617,False,0,False,0,False,0
CNNSA,CNSHA,13.0,2,1911.5899329779245,922.8422996803869,11.103928287617945,0.4341857725560126,630.7,12,4933,1911.5899329779245,0.1415887109560806,0.8195655620738862,0.9394323767242746,1.0,1566.673277875835,113.682083,22.64515,121.46055,31.130717,657.6099478114489,False,0,False,0,False,0
CNHPU,CNYSN,4.0,4,1911.2454312399682,927.1823654401737,14.155660318384971,0.2911656988904377,630.7,4,4934,1911.2454312399682,0.1415887109560806,0.8195655620738862,0.9394323767242746,1.0,1566.3909361153314,113.470483,23.077133,122.066667,30.633333,645.9237032077268,False,0,False,0,False,0
INCHN,VNHCM,6.0,4,1895.2082684783231,2256.610553455614,13.61570203436335,0.39054605777982365,629.2329594675297,5,4952,1895.2082684783231,0.13958734701668485,0.8191448838021772,0.9392911648615393,0.16666666666666666,258.7416928106002,80.3,13.1,106.710033,10.776988,1556.9118939276866,False,0,False,0,False,0
CNJIN,CNQIN,10.0,8,1894.2091521283924,440.20276054796125,10.37507054265457,0.3653546054416951,630.7000000000002,4,4953,1894.2091521283924,0.14158871095608083,0.8195655620738862,0.9394323767242746,0.7,1086.7000119147235,121.066667,40.783333,120.2667,36.0333,287.66280575787323,False,0,False,0,False,0
BDCTG,BDCTG,74.0,18,1869.1702769908156,1494.8003578590526,7.358975750013735,0.2534891040162827,630.0929584282662,18,4974,1869.1702769908156,0.14076170387541886,0.8193917286683093,0.9393740249132637,0.8783783783783784,1345.3090971423007,91.883333,22.35,91.883333,22.35,0.0,False,0,False,0,False,0
CNTJN,JPTOK,9.0,8,1868.914681452583,1324.564893893746,12.758496686544252,0.41653700133820265,629.6908707018575,8,4975,1868.914681452583,0.14021303914323546,0.8192764016521984,0.9393353123296483,0.8888888888888888,1361.0290624137215,117.8143,38.97075,139.75,35.6667,1063.2994015637473,False,0,False,0,False,0
CNSTO,CNZOS,9.0,7,1856.8165689375048,686.2551983653108,13.22900668647089,0.29321008212678135,630.7,7,4983,1856.8165689375048,0.1415887109560806,0.8195655620738862,0.9394323767242746,0.6666666666666666,1014.5219433262473,116.733333,23.333333,122.099218,30.006902,493.20712209896027,False,0,False,0,False,0
CNWEN,PHBAT,8.0,7,1853.3354586276625,935.5837332080204,13.153689602021455,0.38978314841021733,630.6999999999999,8,4988,1853.3354586276625,0.1415887109560805,0.8195655620738862,0.9394323767242746,1.0,1518.929916861644,120.666189,28.032743,121.05,13.75,857.8106657248068,False,0,False,0,False,0
OMSAL,PKKAR,4.0,3,1852.5456269495892,1231.0222087651,12.383769521578484,0.2679098298491153,630.7000000000002,4,4991,1852.5456269495892,0.14158871095608083,0.8195655620738862,0.9394323767242746,1.0,1518.28259801846,54.002781,16.946141,66.9833,24.7833,866.1885887523711,False,0,False,0,False,0
JPSZU,KRULS,20.0,3,1850.574886989983,593.1293275277015,13.434915607310765,0.48678506404023997,630.7000000000002,19,4993,1850.574886989983,0.14158871095608083,0.8195655620738862,0.9394323767242746,0.4,606.6669789663056,138.501892,35.025498,129.369164,35.462441,448.43218826758306,False,0,False,0,False,0
BEZEE,GBLGP,8.0,8,1833.537206101411,202.94303942118225,8.031678322463176,0.2240276330414574,629.8599259210084,5,5002,1833.537206101411,0.14044380707608684,0.8193249080998498,0.9393515948103186,0.875,1314.4798650258572,3.2,51.333333,0.486317,51.502973,102.11206276987436,False,0,False,0,False,0
KEMOM,KEMOM,9.0,9,1828.6323432306017,323.46606570004843,2.892544555893233,0.20200988339759132,630.6999999999999,8,5004,1828.6323432306017,0.1415887109560805,0.8195655620738862,0.9394323767242746,0.4444444444444444,666.0818196472336,39.647169,-4.053188,39.647169,-4.053188,0.0,False,0,False,0,False,0
MTMAL,MTMAL,17.0,15,1790.0966559351455,117.88300396493081,2.6185985296842214,0.20126924473684688,628.5629298765872,8,5026,1790.0966559351455,0.1386701724419238,0.8189520975690634,0.9392264510293341,0.17647058823529413,258.70648433460946,14.539518,35.819159,14.539518,35.819159,0.0,False,0,False,0,False,0
BRITA,BRPAR,6.0,5,1772.9909816335764,396.1627389610981,8.506209815605644,0.22399458461307067,630.7,4,5044,1772.9909816335764,0.1415887109560806,0.8195655620738862,0.9394323767242746,0.8333333333333334,1210.901958678711,-43.835878,-22.933812,-48.515217,-25.502281,299.01180127284044,False,0,False,0,False,0
CNJIN,CNLYG,34.0,7,1766.7911143840731,506.0791967350612,9.79110162266391,0.327258934458329,630.7,18,5051,1766.7911143840731,0.1415887109560806,0.8195655620738862,0.9394323767242746,0.9705882352941176,1405.412883529468,121.066667,40.783333,119.483333,34.733333,370.9186185892018,False,0,False,0,False,0
KEMOM,MUPLO,5.0,5,1755.3704527259515,1540.6230870241043,11.781088055357714,0.29310118477815245,630.7,4,5061,1755.3704527259515,0.1415887109560806,0.8195655620738862,0.9394323767242746,0.4,575.4564686944947,39.647169,-4.053188,57.486134,-20.150235,1422.036059763456,False,0,False,0,False,0
CNFUN,CNYTN,9.0,8,1754.2037611123044,617.7411027746425,12.761224978993152,0.2798405123535424,630.7000000000003,8,5062,1754.2037611123044,0.14158871095608094,0.8195655620738862,0.9394323767242746,0.1111111111111111,159.74277682979232,119.308128,25.393912,114.263091,22.566543,324.6245480283851,False,0,False,0,False,0
CNFUN,CNQIN,7.0,6,1753.34956723341,825.0631753765496,12.916577100388285,0.3772869744257936,630.6999999999999,5,5064,1753.34956723341,0.1415887109560805,0.8195655620738862,0.9394323767242746,1.0,1436.9849235816548,119.308128,25.393912,120.2667,36.0333,640.6958946201029,False,0,False,0,False,0
CNTJN,JPHKA,11.0,8,1743.7618650617192,774.4666450339159,14.58006317110419,0.5116882612566754,630.7000000000002,10,5070,1743.7618650617192,0.14158871095608083,0.8195655620738862,0.9394323767242746,0.45454545454545453,649.6032604828708,117.8143,38.97075,130.383333,33.616667,687.0740928515444,False,0,False,0,False,0
GTPQL,GTPQL,24.0,14,1735.7484702488327,12.479580933018125,2.2649904325557673,0.20001390575962133,630.4581468717446,2,5076,1735.7484702488327,0.1412594116098589,0.8194963447380901,0.9394091420825574,0.375,533.4148225326187,-90.783333,13.916667,-90.783333,13.916667,0.0,False,0,False,0,False,0
CNQUA,CNZPU,49.0,2,1735.3241908175478,492.07922380513986,9.350538926699457,0.47008331894120825,630.7000000000002,34,5077,1735.3241908175478,0.14158871095608083,0.8195655620738862,0.9394323767242746,0.9387755102040817,1335.1377450628283,118.682805,24.833576,121.066951,30.583181,367.7017700533702,False,0,False,0,False,0
USMIA,USNYK,4.0,4,1714.5037785651193,1007.5307851280069,13.631868609001266,0.3514104989238626,630.6999999999999,3,5085,1714.5037785651193,0.1415887109560805,0.8195655620738862,0.9394323767242746,0.25,351.2870632393809,-80.1833,25.7833,-74.049568,40.663452,944.37368322483,False,0,False,0,False,0
INCHN,THLCB,6.0,2,1712.24041702561,2435.497535641899,12.545444279696664,0.4334292511575392,630.6999999999999,6,5089,1712.24041702561,0.1415887109560805,0.8195655620738862,0.9394323767242746,0.16666666666666666,233.88221329753654,80.3,13.1,100.886078,13.056152,1203.6062587567137,False,0,False,0,False,0
CNHPU,CNZPU,26.0,2,1702.634479010549,875.4947024730808,8.981380055628941,0.3188502878632563,630.7,25,5093,1702.634479010549,0.1415887109560806,0.8195655620738862,0.9394323767242746,1.0,1395.420583796659,113.470483,23.077133,121.066951,30.583181,606.8586630691605,False,0,False,0,False,0
CNQIZ,CNQIZ,62.0,33,1689.8104457172776,62.22889359140092,5.57602623242884,0.273259838078753,630.6999999999999,29,5099,1689.8104457172776,0.1415887109560805,0.8195655620738862,0.9394323767242746,0.8870967741935484,1228.5495907394074,108.6,21.683333,108.6,21.683333,0.0,False,0,False,0,False,0
SIKOP,TRBAM,4.0,4,1686.1118272744284,1237.6223280718307,11.279622789020344,0.2381459979958192,630.6999999999999,3,5103,1686.1118272744284,0.1415887109560805,0.8195655620738862,0.9394323767242746,0.25,345.46979685989857,13.726419,45.550429,28.678178,40.961688,708.085083093076,False,0,False,0,False,0
COBUE,COBUE,6.0,6,1668.2639032359882,401.2069566754333,7.150398861375158,0.2519554578722647,630.7000000000002,2,5115,1668.2639032359882,0.14158871095608083,0.8195655620738862,0.9394323767242746,0.8333333333333334,1139.376369619315,-77.083333,3.883333,-77.083333,3.883333,0.0,False,0,False,0,False,0
CNZOS,JPHKA,19.0,13,1655.5700517107264,538.8582069197066,13.138307537388357,0.3987533565466104,630.3766256392245,17,5121,1655.5700517107264,0.14114835801374936,0.8194730017398683,0.9394013063836816,0.6842105263157895,928.2649725399069,122.099218,30.006902,130.383333,33.616667,474.77002488960926,False,0,False,0,False,0
CNJIN,CNZHA,4.0,2,1647.1434851297822,1643.0861374197905,10.530718176306415,0.28993381187913797,630.7,3,5126,1647.1434851297822,0.1415887109560806,0.8195655620738862,0.9394323767242746,1.0,1349.9420762067298,121.066667,40.783333,110.407368,21.182277,1296.014852977129,False,0,False,0,False,0
CNJIT,CNZPU,21.0,5,1643.7756894230076,706.6873343984521,9.252526154315674,0.2137305974027295,630.6999999999999,7,5131,1643.7756894230076,0.1415887109560805,0.8195655620738862,0.9394323767242746,0.9523809523809523,1283.030425547959,118.997083,39.205083,121.066951,30.583181,527.5571044628773,False,0,False,0,False,0
EGAKI,ILASD,5.0,5,1629.3531993109782,264.50266316891333,11.84730674254334,0.3099035099155747,630.7000000000002,5,5140,1629.3531993109782,0.14158871095608083,0.8195655620738862,0.9394323767242746,0.6,801.2170623661119,30.073013,31.322122,34.65,31.816667,235.9920111719433,False,0,False,0,False,0
BSFRE,BSFRE,7.0,6,1628.9802733048493,283.7155182141352,3.3724644496225067,0.20044618718046764,630.6999999999998,6,5141,1628.9802733048493,0.1415887109560804,0.8195655620738861,0.9394323767242746,0.14285714285714285,190.72230475690876,-78.6966,26.5285,-78.6966,26.5285,0.0,False,0,False,0,False,0
CNHPU,CNSTO,49.0,9,1628.8062253696526,248.06842324263056,9.063441829356794,0.2731197737815732,630.7,46,5143,1628.8062253696526,0.1415887109560806,0.8195655620738862,0.9394323767242746,1.0,1334.9134896045243,113.470483,23.077133,116.733333,23.333333,180.7062174106775,False,0,False,0,False,0
CNFUN,CNWEN,35.0,9,1624.215007049609,236.15488678412234,9.918816052467147,0.4244884010332961,629.9590027429487,7,5148,1624.215007049609,0.14057899380332328,0.8193533237806025,0.9393611332901495,1.0,1330.805964560432,119.308128,25.393912,120.666189,28.032743,174.37175580857408,False,0,False,0,False,0
JMKIN,USPHI,5.0,3,1616.5923467024586,1467.6412874025677,14.726818985007796,0.4822107507647626,629.3747636276399,5,5155,1616.5923467024586,0.13978120622530854,0.8191856321914298,0.9393048431433446,0.4,529.7156894117123,-76.7936,17.997,-75.1333,39.95,1320.8819912427725,False,0,False,0,False,0
BRSUA,BRSUA,7.0,5,1613.2054532228417,151.50867704928731,4.186129333277246,0.21038849286067743,628.1578199676972,2,5162,1613.2054532228417,0.1381146858478315,0.8188353366263081,0.9391872571100612,0.5714285714285714,754.8283601926408,-34.9681,-8.3911,-34.9681,-8.3911,0.0,False,0,False,0,False,0
USPEV,USPEV,65.0,20,1601.3589088973877,490.1395766369607,7.305925361015367,0.2934858420678237,630.7,16,5171,1601.3589088973877,0.1415887109560806,0.8195655620738862,0.9394323767242746,0.26153846153846155,343.2479452660418,-80.1,26.083333,-80.1,26.083333,0.0,False,0,False,0,False,0
DEWVN,GBFEL,7.0,6,1596.9991034501577,370.59563926674264,8.514776590025095,0.23015578724455885,630.6999999999999,3,5172,1596.9991034501577,0.1415887109560805,0.8195655620738862,0.9394323767242746,0.7142857142857143,934.8896198933007,8.170278,53.541667,1.3,51.933333,267.6346312113237,False,0,False,0,False,0
JPYOK,KRGWA,14.0,4,1587.6468608593893,724.3849856940042,13.498856922448999,0.5156863322246743,630.7000000000002,13,5178,1587.6468608593893,0.14158871095608083,0.8195655620738862,0.9394323767242746,0.35714285714285715,464.70738996252373,139.679832,35.450183,127.728767,34.866497,587.3273659437891,False,0,False,0,False,0
KRGWA,VNHPG,6.0,4,1586.835910164285,1595.7744877871746,13.636695862817312,0.5229572503429091,630.7,6,5179,1586.835910164285,0.1415887109560806,0.8195655620738862,0.9394323767242746,0.6666666666666666,867.0107097552127,127.728767,34.866497,106.828308,20.81389,1388.7904038807403,False,0,False,0,False,0
HKHKG,KRPYT,6.0,5,1575.423814802965,1259.4628894857344,15.37394495569286,0.6775894944788627,630.7,5,5185,1575.423814802965,0.1415887109560806,0.8195655620738862,0.9394323767242746,0.8333333333333334,1075.9692535696483,114.181938,22.298785,126.799736,36.993778,1098.548758328591,False,0,False,0,False,0
BEZEE,DEBHN,7.0,7,1550.397695811911,378.95938957221006,13.255254518296306,0.27946014384015583,630.7,6,5209,1550.397695811911,0.1415887109560806,0.8195655620738862,0.9394323767242746,0.7142857142857143,907.6089707186763,3.2,51.333333,8.548651,53.563407,237.04208179876937,False,0,False,0,False,0
DEWVN,GBSOU,4.0,4,1548.2553693250823,660.1237955704473,7.974471631045592,0.24238774388814394,630.7,4,5214,1548.2553693250823,0.1415887109560806,0.8195655620738862,0.9394323767242746,1.0,1268.8967819948234,8.170278,53.541667,-1.4,50.9,385.69187833654195,False,0,False,0,False,0
INNSA,IQUMQ,4.0,1,1542.7558988140493,1646.119345961122,13.15927080572559,0.47764340850875503,630.7,2,5220,1542.7558988140493,0.1415887109560806,0.8195655620738862,0.9394323767242746,1.0,1264.38960535434,72.9428,18.953883,47.95,30.033333,1514.1228359462173,False,0,False,0,False,0
CAHFX,CAHFX,7.0,6,1526.6041369899615,558.9937707074698,4.859389397029473,0.2169655584292657,627.916897825342,4,5229,1526.6041369899615,0.1377839935905134,0.8187658265064655,0.9391639241875833,0.5714285714285714,714.2464559833,-63.57595,44.655955,-63.57595,44.655955,0.0,False,0,False,0,False,0
EGSOK,ILASD,33.0,1,1521.9974386217864,300.38592065787975,8.923705188850718,0.23586363573785613,630.7000000000002,10,5232,1521.9974386217864,0.14158871095608083,0.8195655620738862,0.9394323767242746,1.0,1247.3766862590794,32.33,29.58,34.65,31.816667,179.9320611565037,False,0,False,0,False,0
CGPNO,NGLAG,4.0,4,1519.1752031488109,1046.9137068617624,11.767003049180332,0.3025323314844569,630.7,1,5234,1519.1752031488109,0.1415887109560806,0.8195655620738862,0.9394323767242746,0.75,933.7977594430241,11.839142,-4.778824,3.3833,6.45,843.4420548949025,False,0,False,0,False,0
USBAL,USPEV,4.0,3,1514.4956831929308,891.5790421396325,14.739278750609227,0.32829575665195904,630.7000000000002,4,5240,1514.4956831929308,0.14158871095608083,0.8195655620738862,0.9394323767242746,1.0,1241.2285058544885,-76.583333,39.283333,-80.1,26.083333,812.0195449930532,False,0,False,0,False,0
CNGLA,CNQIN,8.0,4,1512.5742241358473,1291.709266133747,10.966093552611651,0.48828742110827206,630.7,2,5244,1512.5742241358473,0.1415887109560806,0.8195655620738862,0.9394323767242746,1.0,1239.653744182368,113.212217,21.928867,120.2667,36.0333,923.6009229841394,False,0,False,0,False,0
CNJIT,JPHKA,14.0,4,1512.3514019719732,719.6154547191252,11.550980715851896,0.3537524316710638,630.7000000000002,2,5245,1512.3514019719732,0.14158871095608083,0.8195655620738862,0.9394323767242746,0.07142857142857142,88.53365191502786,118.997083,39.205083,130.383333,33.616667,643.655266576827,False,0,False,0,False,0
PAMIT,PAMIT,29.0,20,1507.3879255527843,742.517031705147,6.957918228408901,0.3055898643514067,630.6276536370195,4,5250,1507.3879255527843,0.14149023298045493,0.8195448624181303,0.9394254283336781,0.1724137931034483,212.99517759619096,-79.88466,9.361132,-79.88466,9.361132,0.0,False,0,False,0,False,0
LBBRT,TRYAR,4.0,4,1503.5199065943289,947.2736454548075,11.28181930351141,0.3294231513051349,630.7,4,5253,1503.5199065943289,0.1415887109560806,0.8195655620738862,0.9394323767242746,0.5,616.116568668629,35.516567,33.904758,29.739117,40.7548,494.932130647211,False,0,False,0,False,0
CNQUA,JPOSK,4.0,4,1503.3645631043678,1090.6472769668724,16.387716491424975,0.505852536823882,630.7,4,5254,1503.3645631043678,0.1415887109560806,0.8195655620738862,0.9394323767242746,0.5,616.0529115812968,118.682805,24.833576,135.433333,34.65,1051.118783395235,False,0,False,0,False,0
FRDKK,GBSOU,11.0,7,1494.3626283290182,230.6098647673155,8.522873077591253,0.23509646257191844,583.8195382349129,6,5261,1494.3626283290182,0.07265864784717857,0.8050767530938473,0.9345688222160367,0.6363636363636364,765.594208119945,2.35,51.0667,-1.4,50.9,142.0808283711083,False,0,False,0,False,0
TGLOM,TGLOM,38.0,14,1488.1278071523875,43.42074909416758,3.426811690795791,0.2021179053415841,630.7000000000002,4,5267,1488.1278071523875,0.14158871095608083,0.8195655620738862,0.9394323767242746,0.02631578947368421,32.095218492279635,1.286945,6.137824,1.286945,6.137824,0.0,False,0,False,0,False,0
CNDCB,HKHKG,328.0,124,1484.994576021857,36.292805398832414,4.269420971071283,0.20320240812086526,630.7,313,5270,1484.994576021857,0.1415887109560806,0.8195655620738862,0.9394323767242746,0.8201219512195121,998.1297605689417,113.852567,22.533467,114.181938,22.298785,23.081281817039233,False,0,False,0,False,0
JPOSK,PHMAN,6.0,3,1475.361921815371,1672.8103210429806,11.41649480751624,0.26324265217342263,630.7,6,5279,1475.361921815371,0.1415887109560806,0.8195655620738862,0.9394323767242746,0.16666666666666666,201.5259704525039,135.433333,34.65,120.94162,14.596732,1436.733786799789,False,0,False,0,False,0
JPSZU,TWTAP,5.0,4,1452.355877064916,1144.3980981996783,12.525761446080885,0.3610819429162214,630.7000000000002,5,5295,1452.355877064916,0.14158871095608083,0.8195655620738862,0.9394323767242746,0.2,238.060172143604,138.501892,35.025498,121.37318,25.14978,1066.7570797789938,False,0,False,0,False,0
EGDAM,EGSOK,5.0,5,1444.1010717030065,595.6348638947361,5.5030091568951764,0.20536896249159325,630.7000000000002,2,5301,1444.1010717030065,0.14158871095608083,0.8195655620738862,0.9394323767242746,0.4,473.4142026087104,31.757526,31.481673,32.33,29.58,117.95262100623103,False,0,False,0,False,0
CNQIN,KRULS,10.0,10,1433.6099182235344,570.5019547525587,11.565055571246976,0.3060772059340287,630.6999999999999,5,5312,1433.6099182235344,0.1415887109560805,0.8195655620738862,0.9394323767242746,1.0,1174.937318423569,120.2667,36.0333,129.369164,35.462441,444.708775197603,False,0,False,0,False,0
BEZEE,FRLEH,11.0,10,1430.6394259449196,242.64755372100058,9.752270135970187,0.24617381181518633,618.419458977765,10,5315,1430.6394259449196,0.1245424248212963,0.815982504515448,0.938229628053516,0.36363636363636365,424.50063339675575,3.2,51.333333,0.094067,49.480233,162.77545119027818,False,0,False,0,False,0
CNNJG,JPYOK,8.0,4,1424.0570377092113,1230.3496589932997,13.307386303308538,0.4468791768754084,630.7,6,5320,1424.0570377092113,0.1415887109560806,0.8195655620738862,0.9394323767242746,0.75,875.3310799015674,118.764874,32.137024,139.679832,35.450183,1060.2593071591803,False,0,False,0,False,0
CNYTN,PHMAN,9.0,6,1420.309648747935,695.4975945722408,12.401131996072978,0.3160312949241597,630.7,3,5324,1420.309648747935,0.1415887109560806,0.8195655620738862,0.9394323767242746,0.2222222222222222,258.6748612433478,114.263091,22.566543,120.94162,14.596732,610.8224966580985,False,0,False,0,False,0
EGSOK,EGSOK,8.0,3,1416.0261961525644,2661.6157645440785,9.060188795119887,0.31613837790414656,630.7,0,5328,1416.0261961525644,0.1415887109560806,0.8195655620738862,0.9394323767242746,0.5,580.2631526805617,32.33,29.58,32.33,29.58,0.0,False,0,False,0,False,0
CNFUN,TWTCH,62.0,8,1408.153411902485,112.18463914514994,10.471244268673434,0.31519574901419717,630.5835399205125,48,5338,1408.153411902485,0.1414301742347326,0.8195322383227052,0.9394211907199239,0.1935483870967742,223.36008726932857,119.308128,25.393912,120.5,24.283333,93.07654389276661,False,0,False,0,False,0
CNBYQ,CNZPU,13.0,6,1395.432840208072,740.2419197195788,10.243555127469799,0.37066211690835293,630.7,3,5351,1395.432840208072,0.1415887109560806,0.8195655620738862,0.9394323767242746,0.9230769230769231,1055.6757230967582,122.0684,40.268517,121.066951,30.583181,583.5601104775212,False,0,False,0,False,0
COCTA,USMIA,4.0,3,1394.1528705847809,1259.5761281125006,13.69243397561763,0.4398588190254407,630.7,4,5352,1394.1528705847809,0.1415887109560806,0.8195655620738862,0.9394323767242746,0.25,285.64992024943444,-75.540962,10.394286,-80.1833,25.7833,960.9089957062725,False,0,False,0,False,0
CLSAN,CLSAN,11.0,9,1392.3378262110393,260.7070910198476,4.669165498844584,0.2015660460798116,630.6999999999998,7,5353,1392.3378262110393,0.1415887109560804,0.8195655620738861,0.9394323767242746,0.5454545454545454,622.4247998920272,-71.616667,-33.5833,-71.616667,-33.5833,0.0,False,0,False,0,False,0
CNRIZ,JPYOK,8.0,6,1383.8792389573773,1125.171846086036,12.99141551157655,0.4303218435382163,630.7,7,5360,1383.8792389573773,0.1415887109560806,0.8195655620738862,0.9394323767242746,0.75,850.6348247388636,119.533333,35.35,139.679832,35.450183,984.2819893759759,False,0,False,0,False,0
DEBHN,FRDKK,4.0,4,1358.1212719296398,360.09420696575694,14.229072925340988,0.2443505120186228,630.7,3,5376,1358.1212719296398,0.1415887109560806,0.8195655620738862,0.9394323767242746,1.0,1113.0694235935164,8.548651,53.563407,2.35,51.0667,272.31034963802443,False,0,False,0,False,0
CNJIT,CNSTO,6.0,5,1357.0835497221476,1222.546381746158,11.224068491303177,0.5498857369357847,630.7,5,5378,1357.0835497221476,0.1415887109560806,0.8195655620738862,0.9394323767242746,1.0,1112.2189422092565,118.997083,39.205083,116.733333,23.333333,959.9070388959034,False,0,False,0,False,0
PKKAR,QAHMD,4.0,4,1346.8904549677736,949.5031864186735,14.291459386589672,0.2960867606931966,630.7000000000002,3,5390,1346.8904549677736,0.14158871095608083,0.8195655620738862,0.9394323767242746,0.5,551.9325163888078,66.9833,24.7833,51.638489,25.021684,835.3276885820568,False,0,False,0,False,0
CNNTG,CNQIN,4.0,4,1345.956483349216,406.8910540977606,8.481438903218338,0.27926808379560575,625.8461354124012,2,5391,1345.956483349216,0.13493114462831257,0.8181661696688252,0.9389626334037708,0.75,825.9120453920623,120.81025,32.00315,120.2667,36.0333,243.47783575540228,False,0,False,0,False,0
JMKIN,PACRI,6.0,5,1341.8475169592748,597.5112745053635,13.9853366494871,0.5326613969246887,630.1722147457003,5,5396,1341.8475169592748,0.14086976967323683,0.8194144436439127,0.9393816497996262,0.5,549.7646182820749,-76.7936,17.997,-79.916667,9.35,550.1436646292864,False,0,False,0,False,0
ITSPE,MTMAL,6.0,6,1340.8692334392408,619.1280861284014,11.055368554132526,0.2802625633631076,630.6999999999999,6,5398,1340.8692334392408,0.1415887109560805,0.8195655620738862,0.9394323767242746,0.16666666666666666,183.1550411618687,9.816667,44.083333,14.539518,35.819159,541.4665865668645,False,0,False,0,False,0
CNWEN,VNHCM,4.0,3,1308.29583931523,1468.9660533009828,13.470843582139192,0.4205829957894288,630.6999999999999,3,5416,1308.29583931523,0.1415887109560805,0.8195655620738862,0.9394323767242746,1.0,1072.2342149073133,120.666189,28.032743,106.710033,10.776988,1300.447899241546,False,0,False,0,False,0
CNTAI,KRBUS,18.0,8,1260.9299388229067,532.6217567604444,11.377814808553245,0.3482433835711948,630.7,15,5447,1260.9299388229067,0.1415887109560806,0.8195655620738862,0.9394323767242746,0.1111111111111111,114.82386156079849,121.211133,31.6506,129.052391,35.112607,444.4892114894997,False,0,False,0,False,0
PHMAN,VNHPG,5.0,4,1254.876474207626,1024.8379033388926,13.971824145747794,0.481488972467323,630.7,5,5455,1254.876474207626,0.1415887109560806,0.8195655620738862,0.9394323767242746,0.4,411.3814171669078,120.94162,14.596732,106.828308,20.81389,888.7185310463092,False,0,False,0,False,0
CNNJG,CNZOS,19.0,10,1248.7183423122387,314.67461330932866,8.64045700695858,0.2393933120753436,630.7000000000002,9,5459,1248.7183423122387,0.14158871095608083,0.8195655620738862,0.9394323767242746,0.9473684210526315,969.5430474528329,118.764874,32.137024,122.099218,30.006902,213.8923014188785,False,0,False,0,False,0
FRLEH,FRLEH,23.0,22,1226.6810146053747,132.2179616961567,9.955899850083807,0.20905115923027626,629.7921609133697,23,5484,1226.6810146053747,0.14035131968803338,0.8193054676403735,0.9393450691024804,0.30434782608695654,305.87761896599005,0.094067,49.480233,0.094067,49.480233,0.0,False,0,False,0,False,0
THBKK,VNCMP,9.0,3,1223.7507995028282,680.2188043024411,12.409535991401786,0.33825809331154655,630.7,9,5488,1223.7507995028282,0.1415887109560806,0.8195655620738862,0.9394323767242746,0.6666666666666666,668.6293412219353,100.574341,13.69736,107.012844,10.522075,423.27028930207484,False,0,False,0,False,0
CNRIZ,PHMAN,4.0,4,1200.1987021973066,1463.557791542363,14.813455747463674,0.5630882558042636,630.7,1,5512,1200.1987021973066,0.1415887109560806,0.8195655620738862,0.9394323767242746,1.0,983.6415239666843,119.533333,35.35,120.94162,14.596732,1248.34830254897,False,0,False,0,False,0
CNHUM,CNMWN,101.0,69,1195.9743393947315,168.38594022001502,4.468751862436275,0.23844774879297664,630.7,96,5520,1195.9743393947315,0.1415887109560806,0.8195655620738862,0.9394323767242746,0.8316831683168316,815.1986936844255,113.659717,22.81445,113.862187,22.508158,21.54134880684778,False,0,False,0,False,0
CNBYQ,CNBYQ,12.0,12,1190.2254239525523,1926.8021326796713,9.52007535088814,0.43280752121445637,630.6063612218895,2,5525,1190.2254239525523,0.14146124540995675,0.819538769352887,0.9394233830340974,0.9166666666666666,894.1495559320435,122.0684,40.268517,122.0684,40.268517,0.0,False,0,False,0,False,0
CNGLA,CNYTN,177.0,17,1184.6499776725852,101.92203180534419,6.203310591210621,0.21312376159781654,630.7000000000002,147,5529,1184.6499776725852,0.14158871095608083,0.8195655620738862,0.9394323767242746,0.9943502824858758,965.4130235419245,113.212217,21.928867,114.263091,22.566543,69.8290286545332,False,0,False,0,False,0
UYMON,UYMON,24.0,4,1181.7057339524604,1405.134572736769,4.157578539789351,0.26963896488534056,630.7,6,5533,1181.7057339524604,0.1415887109560806,0.8195655620738862,0.9394323767242746,0.041666666666666664,40.35355516886177,-56.216667,-34.916667,-56.216667,-34.916667,0.0,False,0,False,0,False,0
AUFRE,AUFRE,4.0,4,1181.0778321754894,813.6397983861076,12.582655210436723,0.24609589133446763,630.6999999999999,4,5536,1181.0778321754894,0.1415887109560805,0.8195655620738862,0.9394323767242746,1.0,967.970717379912,115.75,-32.05,115.75,-32.05,0.0,False,0,False,0,False,0
CNLYG,CNSTO,7.0,4,1169.4530846787684,969.864948095415,11.678376837919195,0.3323586042973059,630.7,3,5545,1169.4530846787684,0.1415887109560806,0.8195655620738862,0.9394323767242746,1.0,958.4434746637949,119.483333,34.733333,116.733333,23.333333,699.424311644434,False,0,False,0,False,0
CNQIN,TWKEE,5.0,4,1168.9760798694174,748.8012695530026,14.388818137308899,0.35970118484324404,630.6999999999999,5,5546,1168.9760798694174,0.1415887109560805,0.8195655620738862,0.9394323767242746,0.4,383.2210151796429,120.2667,36.0333,121.7559,25.15113,657.8603995542946,False,0,False,0,False,0
EGAKI,TRBAM,7.0,6,1158.5241840155757,742.3187995930355,11.565756458607542,0.3351587801229818,629.8175468751004,2,5558,1158.5241840155757,0.14038596941890957,0.819312750867883,0.9393475139117147,0.42857142857142855,406.7972726369017,30.073013,31.322122,28.678178,40.961688,582.6778031777062,False,0,False,0,False,0
CNXIA,KHSSK,4.0,3,1158.116597599509,1426.659234631643,14.14853372552016,0.48778965883643133,630.7,4,5559,1158.116597599509,0.1415887109560806,0.8195655620738862,0.9394323767242746,1.0,949.1524802587384,118.042517,24.44535,103.504086,10.605101,1174.156166956496,False,0,False,0,False,0
KRINC,TWTCH,4.0,3,1152.6586471336889,888.2279291524626,15.888596138676428,0.5250367071973225,630.6999999999999,3,5566,1152.6586471336889,0.1415887109560805,0.8195655620738862,0.9394323767242746,0.5,472.3396660087235,126.607819,37.439929,120.5,24.283333,849.7949371267217,False,0,False,0,False,0
CNHUM,CNJIN,5.0,5,1152.020395354883,1482.3817406068306,10.781587788617381,0.4746849976003476,630.6999999999999,5,5567,1152.020395354883,0.1415887109560805,0.8195655620738862,0.9394323767242746,1.0,944.1562428396053,113.659717,22.81445,121.066667,40.783333,1142.01884021001,False,0,False,0,False,0
DJDJI,DJDJI,31.0,24,1150.5448552276325,42.571325446684995,4.493613665402567,0.20056709922020882,630.7,12,5568,1150.5448552276325,0.1415887109560806,0.8195655620738862,0.9394323767242746,0.1935483870967742,182.50585954177794,43.133333,11.583333,43.133333,11.583333,0.0,False,0,False,0,False,0
AUSYD,AUSYD,7.0,5,1150.075931827576,848.5363152845667,7.291988003135771,0.21850721467379033,630.6999999999999,6,5569,1150.075931827576,0.1415887109560805,0.8195655620738862,0.9394323767242746,0.2857142857142857,269.3036078559759,151.2111,-33.86,151.2111,-33.86,0.0,False,0,False,0,False,0
CNJIT,CNWEN,9.0,5,1130.9982383477327,843.9397314198378,9.719443684445944,0.28571956881713334,630.7000000000002,2,5585,1130.9982383477327,0.14158871095608083,0.8195655620738862,0.9394323767242746,1.0,926.9272069160346,118.997083,39.205083,120.666189,28.032743,675.9253959776623,False,0,False,0,False,0
CNDCB,CNHPU,199.0,58,1113.8549052018723,46.5279245706546,4.504908098036682,0.20549589817207617,630.6999999999999,171,5600,1113.8549052018723,0.1415887109560805,0.8195655620738862,0.9394323767242746,0.8844221105527639,807.3687104286074,113.852567,22.533467,113.470483,23.077133,38.893381776126795,False,0,False,0,False,0
CNNSA,CNTAI,6.0,6,1101.884436291932,952.9835788241929,11.698227425474917,0.36409526186531055,628.7905492458902,4,5608,1101.884436291932,0.1389819699909579,0.8190176361007961,0.9392484507825167,0.8333333333333334,752.0523218900637,113.682083,22.64515,121.211133,31.6506,673.427087265433,False,0,False,0,False,0
CNHPU,CNZOS,14.0,4,1099.7646878046962,863.3721519298996,8.967607185799846,0.36236234883656526,630.7,10,5612,1099.7646878046962,0.1415887109560806,0.8195655620738862,0.9394323767242746,0.8571428571428571,772.5679410082867,113.470483,23.077133,122.099218,30.006902,622.3969654681351,False,0,False,0,False,0
AEKFA,QAHMD,6.0,6,1098.722546924451,548.8979151699125,9.99915067953658,0.22097898207128155,630.7000000000002,6,5614,1098.722546924451,0.14158871095608083,0.8195655620738862,0.9394323767242746,0.3333333333333333,300.15838724446314,56.364756,25.359318,51.638489,25.021684,257.5654778108998,False,0,False,0,False,0
JPHKA,KRGWA,34.0,4,1097.091523775612,170.55782472693923,10.721244935825087,0.32997878729692237,630.6999999999999,32,5615,1097.091523775612,0.1415887109560805,0.8195655620738862,0.9394323767242746,0.8235294117647058,740.4669434479516,130.383333,33.616667,127.728767,34.866497,151.61833537863598,False,0,False,0,False,0
JPTOK,KRGWA,9.0,4,1087.0493818027637,740.3199629590102,14.094938175825442,0.5516537974441031,630.7,9,5622,1087.0493818027637,0.1415887109560806,0.8195655620738862,0.9394323767242746,0.4444444444444444,395.9592167107789,139.75,35.6667,127.728767,34.866497,590.8819826367597,False,0,False,0,False,0
TRALI,TRALI,15.0,11,1077.7767713196754,92.98375711223325,1.774234462985223,0.20121454164928054,630.7000000000002,6,5630,1077.7767713196754,0.14158871095608083,0.8195655620738862,0.9394323767242746,0.2,176.66174507535763,26.957016,38.82268,26.957016,38.82268,0.0,False,0,False,0,False,0
JPHKA,JPSZU,11.0,5,1077.2346698392998,546.9735082786137,13.28620803560932,0.4380933074302213,630.7,11,5632,1077.2346698392998,0.1415887109560806,0.8195655620738862,0.9394323767242746,0.9090909090909091,802.6040342475663,130.383333,33.616667,138.501892,35.025498,411.2357123157147,False,0,False,0,False,0
FRFOS,FRFOS,7.0,7,1067.2320738881458,68.21358098023585,4.007188741533706,0.2000512668035495,630.7,6,5642,1067.2320738881458,0.1415887109560806,0.8195655620738862,0.9394323767242746,0.7142857142857143,624.7618960710125,4.871235,43.408352,4.871235,43.408352,0.0,False,0,False,0,False,0
GHTEM,GHTEM,14.0,14,1066.325094724357,27.118530587146346,3.7717746719640997,0.2000335476198499,630.7,3,5644,1066.325094724357,0.1415887109560806,0.8195655620738862,0.9394323767242746,0.5,436.9616628056288,0.016667,5.633333,0.016667,5.633333,0.0,False,0,False,0,False,0
AUBRI,AUBRI,5.0,5,1056.912110004697,578.780251852941,6.2478039851101475,0.20933434468723924,630.7,1,5654,1056.912110004697,0.1415887109560806,0.8195655620738862,0.9394323767242746,0.8,692.9670139989573,153.169467,-27.350967,153.169467,-27.350967,0.0,False,0,False,0,False,0
CNZOS,TWTCH,7.0,7,1049.0526737359914,415.49386444682455,11.387647320630185,0.28532978316400087,630.6999999999999,6,5660,1049.0526737359914,0.1415887109560805,0.8195655620738862,0.9394323767242746,0.2857142857142857,245.64784119872883,122.099218,30.006902,120.5,24.283333,354.0928101897343,False,0,False,0,False,0
CNQIZ,CNYTN,34.0,17,1048.9046363274877,457.55953771894787,8.831336184167801,0.30748264944819886,630.7,18,5662,1048.9046363274877,0.1415887109560806,0.8195655620738862,0.9394323767242746,1.0,859.6461178336426,108.6,21.683333,114.263091,22.566543,319.38762408614883,False,0,False,0,False,0
CNYAN,CNYAN,75.0,6,1048.6758894833436,72.18804755980608,6.1489671552691,0.24420092280669337,630.7000000000002,44,5664,1048.6758894833436,0.14158871095608083,0.8195655620738862,0.9394323767242746,1.0,859.458644797749,121.4,37.55,121.4,37.55,0.0,False,0,False,0,False,0
CNFUN,CNNTG,11.0,7,1021.7846475272972,516.4321694133129,9.95175882359,0.4806941267083678,630.7,3,5688,1021.7846475272972,0.1415887109560806,0.8195655620738862,0.9394323767242746,1.0,837.4195089691771,119.308128,25.393912,120.81025,32.00315,404.6139655353328,False,0,False,0,False,0
JPNAG,JPNAG,9.0,6,1020.6456086665106,1606.5003702346532,10.784723016423143,0.43259662601221055,630.6999999999999,3,5690,1020.6456086665106,0.1415887109560805,0.8195655620738862,0.9394323767242746,0.5555555555555556,464.71443996945135,136.866667,35.066667,136.866667,35.066667,0.0,False,0,False,0,False,0
CNSHE,KRPYT,5.0,5,1014.4512182338151,1245.7234054379344,13.650601543043004,0.4686529184277369,630.7,5,5698,1014.4512182338151,0.1415887109560806,0.8195655620738862,0.9394323767242746,0.8,665.1274262946682,113.8943,22.467416,126.799736,36.993778,1099.1453009023876,False,0,False,0,False,0
CNQIZ,TWKAO,4.0,4,1006.4630557022026,733.7973713454022,12.177261400574299,0.311222015630646,630.7,2,5703,1006.4630557022026,0.1415887109560806,0.8195655620738862,0.9394323767242746,0.5,412.4312299765884,108.6,21.683333,120.260382,22.620829,650.6867656136184,False,0,False,0,False,0
AEKFA,AEKFA,23.0,9,1002.777865239359,695.7547498007665,4.899784543956881,0.2447403479994984,630.7,14,5707,1002.777865239359,0.1415887109560806,0.8195655620738862,0.9394323767242746,0.13043478260869565,107.19680931654091,56.364756,25.359318,56.364756,25.359318,0.0,False,0,False,0,False,0
CNZHA,CNZHA,167.0,33,990.949713918876,20.212358041719124,4.791993678701083,0.20899852822685505,630.7000000000002,25,5724,990.949713918876,0.14158871095608083,0.8195655620738862,0.9394323767242746,0.9401197604790419,763.5166269829714,110.407368,21.182277,110.407368,21.182277,0.0,False,0,False,0,False,0
EGDAM,EGDAM,7.0,7,973.782308259506,311.77121435774524,7.547340314456181,0.2301695532035332,630.7,5,5738,973.782308259506,0.1415887109560806,0.8195655620738862,0.9394323767242746,0.5714285714285714,456.04482560360475,31.757526,31.481673,31.757526,31.481673,0.0,False,0,False,0,False,0
CNSHA,CNZOS,8.0,6,961.7152187221237,147.82949782864733,9.422649786809972,0.21842759910104897,630.7,5,5753,961.7152187221237,0.1415887109560806,0.8195655620738862,0.9394323767242746,1.0,788.1886737870077,121.46055,31.130717,122.099218,30.006902,75.11863883453586,False,0,False,0,False,0
CNFUN,CNLYG,6.0,4,956.9023814201067,796.1194478396667,10.805865496655219,0.2516021130591459,630.6999999999999,2,5756,956.9023814201067,0.1415887109560805,0.8195655620738862,0.9394323767242746,1.0,784.24423807841,119.308128,25.393912,119.483333,34.733333,560.8167142864453,False,0,False,0,False,0
USLSA,USLSA,7.0,7,955.7968016660145,84.72522967821924,4.451303032077844,0.19999999999999998,630.7,3,5761,955.7968016660145,0.1415887109560806,0.8195655620738862,0.9394323767242746,0.2857142857142857,223.8108979959514,-118.244,33.738045,-118.244,33.738045,0.0,False,0,False,0,False,0
CNHPU,VNHPG,4.0,4,947.5366259696264,546.1885608805511,10.886443979759322,0.259373008731127,630.7,4,5768,947.5366259696264,0.1415887109560806,0.8195655620738862,0.9394323767242746,0.75,582.4262905862929,113.470483,23.077133,106.828308,20.81389,394.01109086242406,False,0,False,0,False,0
CNDCB,CNZHA,16.0,5,942.467215118885,252.10864114982664,7.889064755954267,0.2760053148353489,630.6999999999999,11,5775,942.467215118885,0.1415887109560805,0.8195655620738862,0.9394323767242746,0.625,482.75854555944943,113.852567,22.533467,110.407368,21.182277,208.4082801744141,False,0,False,0,False,0
CNFUN,CNFUN,14.0,9,941.2267067669329,129.02656871175472,7.182672956707383,0.2305691633834834,630.7,4,5777,941.2267067669329,0.1415887109560806,0.8195655620738862,0.9394323767242746,0.8571428571428571,661.1974242603379,119.308128,25.393912,119.308128,25.393912,0.0,False,0,False,0,False,0
DEHAM,DEHAM,17.0,9,939.7936687783083,37.3187679485174,4.313823313251106,0.20805610598150776,630.7,15,5780,939.7936687783083,0.1415887109560806,0.8195655620738862,0.9394323767242746,0.29411764705882354,226.53603717228646,9.903145,53.539287,9.903145,53.539287,0.0,False,0,False,0,False,0
CNLYG,JPHKA,9.0,8,932.3449196158177,571.6910761804987,13.731863451820997,0.426012968690796,630.7000000000002,7,5790,932.3449196158177,0.14158871095608083,0.8195655620738862,0.9394323767242746,0.6666666666666666,509.41185872777993,119.483333,34.733333,130.383333,33.616667,545.294611540297,False,0,False,0,False,0
EGAKI,TRYAR,5.0,4,924.0636281479575,827.1634513628122,11.88199600424704,0.3217976835325878,630.7,4,5799,924.0636281479575,0.1415887109560806,0.8195655620738862,0.9394323767242746,0.4,302.93229071804615,30.073013,31.322122,29.739117,40.7548,566.572930185064,False,0,False,0,False,0
CNHUM,CNQIN,4.0,4,918.0842195306996,1198.2845775401681,11.258537352371366,0.523929343864921,628.5512850243849,4,5810,918.0842195306996,0.13865421501923092,0.818948743386015,0.9392253251084866,1.0,751.8639179071968,113.659717,22.81445,120.2667,36.0333,864.9959099193651,False,0,False,0,False,0
REREU,REREU,6.0,5,917.0333179246556,197.61710473447886,4.486980115284789,0.21407864540632845,630.7000000000002,6,5815,917.0333179246556,0.14158871095608083,0.8195655620738862,0.9394323767242746,0.6666666666666666,501.0459510969341,55.3,-20.916666,55.3,-20.916666,0.0,False,0,False,0,False,0
CGPNO,CGPNO,13.0,8,914.0102807865848,451.40780814850314,4.202160207253194,0.2310552446820469,630.6999999999999,2,5818,914.0102807865848,0.1415887109560805,0.8195655620738862,0.9394323767242746,0.3076923076923077,230.48964600435934,11.839142,-4.778824,11.839142,-4.778824,0.0,False,0,False,0,False,0
CNQIZ,CNSTO,9.0,7,913.0378177107714,599.3333377812767,10.658068976015576,0.47161865534007497,630.6999999999999,5,5819,913.0378177107714,0.1415887109560805,0.8195655620738862,0.9394323767242746,1.0,748.2943522668428,108.6,21.683333,116.733333,23.333333,461.80196045314295,False,0,False,0,False,0
CNTJN,TWTCH,4.0,2,905.6465484714452,1121.8794608562423,13.45503738555316,0.29047302523050217,630.7,4,5829,905.6465484714452,0.1415887109560806,0.8195655620738862,0.9394323767242746,0.25,185.55918063456875,117.8143,38.97075,120.5,24.283333,892.3395388216179,False,0,False,0,False,0
CNDCB,CNMWN,443.0,167,884.9024729942558,12.851717525850205,2.6704543128822777,0.2059630806397097,630.7,437,5850,884.9024729942558,0.1415887109560806,0.8195655620738862,0.9394323767242746,0.8329571106094809,604.090143773319,113.852567,22.533467,113.862187,22.508158,1.610509997803467,False,0,False,0,False,0
JPYOK,JPYOK,165.0,19,884.6315276600965,13.575894418057546,4.032128057673574,0.20704016431511907,630.7,25,5851,884.6315276600965,0.1415887109560806,0.8195655620738862,0.9394323767242746,0.6181818181818182,448.19018539328977,139.679832,35.450183,139.679832,35.450183,0.0,False,0,False,0,False,0
JPKOB,JPKOB,163.0,21,882.8667784639551,570.6926004788886,7.160171964404913,0.32592150285248295,630.7000000000002,27,5852,882.8667784639551,0.14158871095608083,0.8195655620738862,0.9394323767242746,0.5644171779141104,408.39376130424466,135.237233,34.685033,135.237233,34.685033,0.0,False,0,False,0,False,0
CNYAN,JPKOB,7.0,3,879.658714901342,829.469294143265,13.643576302817715,0.49087834654023466,630.7,5,5857,879.658714901342,0.1415887109560806,0.8195655620738862,0.9394323767242746,0.42857142857142855,308.9734239048475,121.4,37.55,135.237233,34.685033,692.0899033506606,False,0,False,0,False,0
CNFUN,TWKEE,37.0,2,878.2091078678815,146.57151552212676,12.329656209872644,0.45002555377034537,630.7000000000002,34,5859,878.2091078678815,0.14158871095608083,0.8195655620738862,0.9394323767242746,0.02702702702702703,19.452701111030986,119.308128,25.393912,121.7559,25.15113,133.69394666752845,False,0,False,0,False,0
CNRIZ,CNTAI,11.0,6,877.841039206628,438.7169338007814,11.130186687654684,0.39518351671808505,630.6999999999999,5,5863,877.841039206628,0.1415887109560805,0.8195655620738862,0.9394323767242746,0.8181818181818182,588.6395056709218,119.533333,35.35,121.211133,31.6506,237.45522500098278,False,0,False,0,False,0
CIABI,CIABI,6.0,3,876.7519437966672,523.2839019828302,7.40234431395797,0.27759753619371264,630.6999999999999,5,5865,876.7519437966672,0.1415887109560805,0.8195655620738862,0.9394323767242746,0.16666666666666666,119.75928326951464,-4.0267,5.3364,-4.0267,5.3364,0.0,False,0,False,0,False,0
ITGIT,ITGIT,6.0,6,867.0751712647063,144.1146724605633,2.8736307428379186,0.20102051778064306,629.2201416119914,6,5877,867.0751712647063,0.139569819534076,0.8191411995991464,0.9392899281606977,0.3333333333333333,236.75233197746894,15.909341,38.462848,15.909341,38.462848,0.0,False,0,False,0,False,0
CNLYG,KRPYT,13.0,4,861.4471429870939,400.12614899150316,13.739607481523777,0.4741168955159417,630.6999999999999,12,5888,861.4471429870939,0.1415887109560805,0.8195655620738862,0.9394323767242746,1.0,706.012411939161,119.483333,34.733333,126.799736,36.993778,380.85869607384683,False,0,False,0,False,0
CNQIN,CNWEN,8.0,7,857.8364135099409,603.8622468163961,11.854268425719521,0.40250676899173876,630.7000000000002,7,5895,857.8364135099409,0.14158871095608083,0.8195655620738862,0.9394323767242746,1.0,703.0531824057214,120.2667,36.0333,120.666189,28.032743,480.7857741139081,False,0,False,0,False,0
CNGLA,TWTCH,12.0,5,855.167228863813,468.66394408481364,10.709953162356792,0.27467445829168574,630.7,10,5898,855.167228863813,0.1415887109560806,0.8195655620738862,0.9394323767242746,1.0,700.8656105909386,113.212217,21.928867,120.5,24.283333,426.4845805281411,False,0,False,0,False,0
CNNTG,JPOSK,6.0,4,854.8629965461613,861.223975253606,14.150322676661293,0.5692585983489282,630.6999999999999,5,5899,854.8629965461613,0.1415887109560805,0.8195655620738862,0.9394323767242746,0.3333333333333333,233.53875742017377,120.81025,32.00315,135.433333,34.65,749.8748665134348,False,0,False,0,False,0
KRPYT,KRPYT,40.0,3,846.5471057916841,154.32644344431847,9.530513832573408,0.24400998557624332,630.6999999999999,2,5911,846.5471057916841,0.1415887109560805,0.8195655620738862,0.9394323767242746,0.05,34.690042729009164,126.799736,36.993778,126.799736,36.993778,0.0,False,0,False,0,False,0
ESALG,ESMAL,5.0,5,842.2203504856461,163.8238407406826,3.901562285148945,0.20212479086444984,630.7,5,5917,842.2203504856461,0.1415887109560806,0.8195655620738862,0.9394323767242746,0.2,138.0509589871668,-5.433333,36.116667,-4.383333,36.716667,62.220241107363975,False,0,False,0,False,0
TRMER,TRMER,10.0,9,838.971220707982,111.79197781062757,3.2996322443968022,0.20444165012519366,630.6999999999999,7,5924,838.971220707982,0.1415887109560805,0.8195655620738862,0.9394323767242746,0.5,343.79596003167586,34.633333,36.783333,34.633333,36.783333,0.0,False,0,False,0,False,0
USLGB,USLGB,6.0,6,835.7062674686907,10.6805521097046,1.521908424089308,0.19999999999999998,630.6999999999999,1,5928,835.7062674686907,0.1415887109560805,0.8195655620738862,0.9394323767242746,0.6666666666666666,456.6107178844313,-118.217354,33.74561,-118.217354,33.74561,0.0,False,0,False,0,False,0
CNHUM,CNSHA,6.0,3,830.4951125419136,920.1808330974138,10.663386445765394,0.41703576682014465,630.7000000000002,5,5936,830.4951125419136,0.14158871095608083,0.8195655620738862,0.9394323767242746,1.0,680.6451937100288,113.659717,22.81445,121.46055,31.130717,650.347172545262,False,0,False,0,False,0
USNYK,USNYK,7.0,7,827.6932024501009,62.56293616328525,6.093751450780969,0.20149654843746734,630.7,1,5943,827.6932024501009,0.1415887109560806,0.8195655620738862,0.9394323767242746,0.42857142857142855,290.7209334388936,-74.049568,40.663452,-74.049568,40.663452,0.0,False,0,False,0,False,0
CNZHA,VNHPG,9.0,6,824.9393775605301,391.82405094057543,11.319582280516883,0.35924854864518174,630.7,8,5949,824.9393775605301,0.1415887109560806,0.8195655620738862,0.9394323767242746,0.7777777777777778,525.8492591701049,110.407368,21.182277,106.828308,20.81389,201.82910806330153,False,0,False,0,False,0
PHMAN,VNDAN,4.0,4,818.3601870754327,764.1506115565313,13.164496076456926,0.34269014724620356,630.7000000000002,1,5958,818.3601870754327,0.14158871095608083,0.8195655620738862,0.9394323767242746,0.75,503.02487002452574,120.94162,14.596732,108.230438,16.111792,741.4137506005198,False,0,False,0,False,0
CNHPU,TWTCH,5.0,4,802.6738988832285,512.4504426673773,11.451286398036048,0.3879464120485529,630.7,4,5985,802.6738988832285,0.1415887109560806,0.8195655620738862,0.9394323767242746,0.4,263.13755404010834,113.470483,23.077133,120.5,24.283333,393.19543528793935,False,0,False,0,False,0
CNZPU,JPNAG,6.0,4,797.4203834594757,978.9977544776416,11.572100926130474,0.37793338565082335,630.7,5,5993,797.4203834594757,0.1415887109560806,0.8195655620738862,0.9394323767242746,0.6666666666666666,435.6921898527594,121.066951,30.583181,136.866667,35.066667,840.2400584592576,False,0,False,0,False,0
CNHUM,CNSTO,26.0,8,792.7109827689703,231.20774033186993,10.290390925683127,0.40189444040947225,630.6999999999999,22,6003,792.7109827689703,0.1415887109560805,0.8195655620738862,0.9394323767242746,1.0,649.6786221551939,113.659717,22.81445,116.733333,23.333333,172.60877624512528,False,0,False,0,False,0
CNXIA,PHBAT,4.0,4,792.3166777669599,719.8084926351844,14.578315684028313,0.5011079861014118,630.7,2,6005,792.3166777669599,0.1415887109560806,0.8195655620738862,0.9394323767242746,1.0,649.3554633545926,118.042517,24.44535,121.05,13.75,664.3500964663427,False,0,False,0,False,0
JPHKA,JPNAG,11.0,3,787.6035181712969,490.7238029553971,11.771603460476474,0.39887860766914623,630.7000000000002,7,6011,787.6035181712969,0.14158871095608083,0.8195655620738862,0.9394323767242746,0.09090909090909091,58.68115636922084,130.383333,33.616667,136.866667,35.066667,332.91868258841606,False,0,False,0,False,0
CNSHA,CNSTO,10.0,6,760.8997627662593,704.5647336109197,9.610461231379398,0.33557386101721404,630.7,6,6050,760.8997627662593,0.1415887109560806,0.8195655620738862,0.9394323767242746,1.0,623.607241753416,121.46055,31.130717,116.733333,23.333333,531.6733688282358,False,0,False,0,False,0
JPNAH,JPOSK,6.0,2,745.6905633121753,677.8012277836064,16.845053391628003,0.7581276701163293,630.7000000000002,5,6080,745.6905633121753,0.14158871095608083,0.8195655620738862,0.9394323767242746,1.0,611.1423056541357,127.675638,26.229272,135.433333,34.65,645.153221156991,False,0,False,0,False,0
CNMWN,CNQIZ,23.0,16,737.3838752111312,439.13230060929146,8.918532796371403,0.29214910288812257,630.7,10,6095,737.3838752111312,0.1415887109560806,0.8195655620738862,0.9394323767242746,0.9130434782608695,551.7836101384457,113.862187,22.508158,108.6,21.683333,296.88136592918175,False,0,False,0,False,0
CNSHE,CNZHA,34.0,23,715.945259356891,260.3024250619235,7.821990957019499,0.25497634839926225,630.7000000000002,13,6125,715.945259356891,0.14158871095608083,0.8195655620738862,0.9394323767242746,0.9705882352941176,569.5063118725245,113.8943,22.467416,110.407368,21.182277,209.0984907860591,False,0,False,0,False,0
TWKEE,TWTAP,36.0,4,694.69999134711,51.171577022140774,10.114809272050008,0.25021749944960386,630.7000000000002,35,6158,694.69999134711,0.14158871095608083,0.8195655620738862,0.9394323767242746,0.6388888888888888,363.7527873407143,121.7559,25.15113,121.37318,25.14978,20.800339426645284,False,0,False,0,False,0
QAHMD,QAHMD,6.0,6,678.5775929984381,285.4351863927256,5.542440112254219,0.2103148675164706,630.6999999999999,3,6183,678.5775929984381,0.1415887109560805,0.8195655620738862,0.9394323767242746,0.6666666666666666,370.75921761100653,51.638489,25.021684,51.638489,25.021684,0.0,False,0,False,0,False,0
CNWEN,JPTOK,4.0,3,671.6614865941757,1132.0453475459574,13.303298008933423,0.4008268142654789,627.337998582927,4,6194,671.6614865941757,0.13698835201605752,0.8185985859982035,0.9391077854580964,0.5,274.91057159772174,120.666189,28.032743,139.75,35.6667,1073.2542368939176,False,0,False,0,False,0
CNCGM,CNLYG,4.0,4,668.6638335345626,470.38888140640086,10.877754191160301,0.2664764670316214,628.4807421444864,3,6198,668.6638335345626,0.1385575345512603,0.8189284215587984,0.9392185035460993,1.0,547.5878177499145,121.382233,31.619333,119.483333,34.733333,209.8976731519617,False,0,False,0,False,0
CNJIN,CNSHA,7.0,7,648.8341726714995,707.8448886282919,10.781699708126183,0.3271907186482693,630.6999999999998,3,6238,648.8341726714995,0.1415887109560804,0.8195655620738861,0.9394323767242746,0.8571428571428571,455.7961229299391,121.066667,40.783333,121.46055,31.130717,579.8616439813082,False,0,False,0,False,0
CNNTG,CNYAN,5.0,3,628.3366005445412,548.4881574706669,10.1377168192353,0.484922559442804,630.7,1,6269,628.3366005445412,0.1415887109560806,0.8195655620738862,0.9394323767242746,1.0,514.9630391968818,120.81025,32.00315,121.4,37.55,334.30056754171994,False,0,False,0,False,0
AUMEL,AUMEL,8.0,8,620.1713079681384,320.75553350186016,8.929249897127304,0.26978875709809674,630.7,1,6280,620.1713079681384,0.1415887109560806,0.8195655620738862,0.9394323767242746,0.5,254.13552329850228,144.912243,-37.858862,144.912243,-37.858862,0.0,False,0,False,0,False,0
CAVCR,CAVCR,6.0,5,609.9220279127411,39.63180965648907,8.256470610332665,0.2419856817901585,630.7,2,6300,609.9220279127411,0.1415887109560806,0.8195655620738862,0.9394323767242746,0.5,249.9355448137751,-123.116667,49.283333,-123.116667,49.283333,0.0,False,0,False,0,False,0
CNGLA,CNHPU,62.0,15,597.5838774444036,110.71525832752212,4.939747672933391,0.20771515764690596,630.7,56,6324,597.5838774444036,0.1415887109560806,0.8195655620738862,0.9394323767242746,1.0,489.75916640401493,113.212217,21.928867,113.470483,23.077133,70.41501053952753,False,0,False,0,False,0
CNZPU,CNZPU,75.0,11,594.7023608709588,129.60301683889745,3.546887944153996,0.2315402772296305,630.7,43,6334,594.7023608709588,0.1415887109560806,0.8195655620738862,0.9394323767242746,0.8266666666666667,402.9153283805362,121.066951,30.583181,121.066951,30.583181,0.0,False,0,False,0,False,0
CNLYG,CNTAI,8.0,5,574.7286549927193,543.6916523131679,10.925484513192686,0.3340802502155384,630.7,7,6362,574.7286549927193,0.1415887109560806,0.8195655620738862,0.9394323767242746,0.125,58.87847664613457,119.483333,34.733333,121.211133,31.6506,204.42567000445428,False,0,False,0,False,0
CNNJG,CNSHA,37.0,14,566.8319155466921,181.59121725758132,4.638090436444617,0.20332098678015328,630.7000000000003,26,6381,566.8319155466921,0.14158871095608094,0.8195655620738862,0.9394323767242746,0.8918918918918919,414.33365611871886,118.764874,32.137024,121.46055,31.130717,150.45838681141188,False,0,False,0,False,0
MXVER,MXVER,7.0,7,566.5994506765871,134.8649182644742,5.450020296092725,0.20195058372824204,630.7000000000002,5,6382,566.5994506765871,0.14158871095608083,0.8195655620738862,0.9394323767242746,0.42857142857142855,199.01374168479097,-96.1333,19.2,-96.1333,19.2,0.0,False,0,False,0,False,0
CNNTG,CNXIA,5.0,3,566.2048801405947,632.4114952831846,10.510446201545086,0.4217292939169803,630.7,2,6384,566.2048801405947,0.1415887109560806,0.8195655620738862,0.9394323767242746,0.8,371.23361667312315,120.81025,32.00315,118.042517,24.44535,476.7494224657976,False,0,False,0,False,0
CNLYG,CNZOS,5.0,5,560.0472522263938,546.4956000248893,8.03708878271526,0.30008907444564786,630.7,3,6393,560.0472522263938,0.1415887109560806,0.8195655620738862,0.9394323767242746,0.8,367.19635284708795,119.483333,34.733333,122.099218,30.006902,313.2146201341702,False,0,False,0,False,0
EGAKI,EGDAM,7.0,7,548.761547174742,128.77669536428212,9.636008038854937,0.2334349717148378,630.0757851224416,5,6410,548.761547174742,0.14073828453066073,0.8193868060206672,0.9393723724955139,0.2857142857142857,128.47084897327755,30.073013,31.322122,31.757526,31.481673,86.85446902766266,False,0,False,0,False,0
CNFUN,CNTAI,13.0,3,538.9028312833091,526.5638104129613,8.326107690343484,0.31086102707966806,630.7,11,6422,538.9028312833091,0.1415887109560806,0.8195655620738862,0.9394323767242746,1.0,441.66620182391387,119.308128,25.393912,121.211133,31.6506,388.8126911417524,False,0,False,0,False,0
CNNTG,CNZOS,7.0,4,533.3313370418963,662.0568409197895,10.510702080597063,0.3296070209453928,630.6999999999999,2,6436,533.3313370418963,0.1415887109560805,0.8195655620738862,0.9394323767242746,0.8571428571428571,374.65714029802194,120.81025,32.00315,122.099218,30.006902,136.98339695792066,False,0,False,0,False,0
CNTJN,KRULS,4.0,4,525.3218448893147,773.0739475097055,12.954945697105382,0.4261925190711954,630.7,3,6451,525.3218448893147,0.1415887109560806,0.8195655620738862,0.9394323767242746,1.0,430.535693076402,117.8143,38.97075,129.369164,35.462441,590.7302453426904,False,0,False,0,False,0
CNNBO,CNSHA,24.0,9,520.8168023736141,142.17111073008337,8.20584989497779,0.22580222442813633,630.6999999999999,12,6459,520.8168023736141,0.1415887109560805,0.8195655620738862,0.9394323767242746,0.9583333333333334,409.05836890090285,121.683333,29.966667,121.46055,31.130717,70.8329896112884,False,0,False,0,False,0
CNJIT,CNYAN,17.0,4,519.8359225882758,158.85427960528963,8.208656745616109,0.2163446658448064,630.7,7,6460,519.8359225882758,0.1415887109560806,0.8195655620738862,0.9394323767242746,1.0,426.03962008225744,118.997083,39.205083,121.4,37.55,150.54295928542015,False,0,False,0,False,0
CNSHA,CNZPU,11.0,4,519.5547124783467,150.77515532013155,9.358817459290027,0.3906323956007208,630.7000000000002,4,6461,519.5547124783467,0.14158871095608083,0.8195655620738862,0.9394323767242746,1.0,425.80914996045254,121.46055,31.130717,121.066951,30.583181,38.629876101167284,False,0,False,0,False,0
CNDCB,CNYTN,28.0,20,508.6300187021742,83.95271810430424,8.62805643777348,0.21414362797119088,630.7,24,6479,508.6300187021742,0.1415887109560806,0.8195655620738862,0.9394323767242746,0.8928571428571429,372.1925421118738,113.852567,22.533467,114.263091,22.566543,22.850041385927458,False,0,False,0,False,0
CNZOS,KRINC,5.0,5,506.31092926645255,500.4881028440512,12.582252715205467,0.4643382079682366,630.7,2,6487,506.31092926645255,0.1415887109560806,0.8195655620738862,0.9394323767242746,1.0,414.9550013284118,122.099218,30.006902,126.607819,37.439929,499.68480621286835,False,0,False,0,False,0
KRGWA,KRGWA,4.0,4,503.3671239494165,338.9416982449315,3.760337885027616,0.26529787899340834,630.7,2,6493,503.3671239494165,0.1415887109560806,0.8195655620738862,0.9394323767242746,0.75,309.4067699018393,127.728767,34.866497,127.728767,34.866497,0.0,False,0,False,0,False,0
EGSOK,TRMER,4.0,2,492.035902303941,473.9025387280235,11.766958850546674,0.286567233209168,630.7,1,6516,492.035902303941,0.1415887109560806,0.8195655620738862,0.9394323767242746,0.75,302.44176062419587,32.33,29.58,34.633333,36.783333,447.66553078547724,False,0,False,0,False,0
CNGLA,TWKAO,8.0,3,488.69484742938977,428.4528807451513,9.791689089765546,0.2249986707046291,630.7,7,6521,488.69484742938977,0.1415887109560806,0.8195655620738862,0.9394323767242746,1.0,400.5174673160799,113.212217,21.928867,120.260382,22.620829,393.7549561514363,False,0,False,0,False,0
CNNSA,CNWEN,5.0,4,482.6813826074816,627.4078434379943,10.494278333651133,0.5315916110867199,630.7,3,6532,482.6813826074816,0.1415887109560806,0.8195655620738862,0.9394323767242746,1.0,395.5890386393012,113.682083,22.64515,120.666189,28.032743,498.0520480002511,False,0,False,0,False,0
JPNAG,KRULS,5.0,2,461.53968657896667,548.7944258729167,14.340860818200035,0.5097350045536221,630.7,5,6562,461.53968657896667,0.1415887109560806,0.8195655620738862,0.9394323767242746,0.6,226.95721959029765,136.866667,35.066667,129.369164,35.462441,368.22626446698047,False,0,False,0,False,0
CNTAI,KRINC,6.0,3,454.8143175472928,547.7118316602213,10.910040397870947,0.40199669778633074,630.6999999999999,3,6582,454.8143175472928,0.1415887109560805,0.8195655620738862,0.9394323767242746,0.3333333333333333,124.25005059996599,121.211133,31.6506,126.607819,37.439929,438.0489853606899,False,0,False,0,False,0
EGPSA,EGSOK,5.0,5,451.87146325633455,504.36318672543166,7.296716548034176,0.21033667477675985,630.7,4,6589,451.87146325633455,0.1415887109560806,0.8195655620738862,0.9394323767242746,0.6,222.20297386129633,32.319633,31.269083,32.33,29.58,101.414741625316,False,0,False,0,False,0
CNCGM,CNNTG,6.0,4,449.3881468232414,313.55329862106163,9.92998533200942,0.23918597982892487,630.6999999999999,6,6593,449.3881468232414,0.1415887109560805,0.8195655620738862,0.9394323767242746,0.5,184.15152457026596,121.382233,31.619333,120.81025,32.00315,37.18498464265768,False,0,False,0,False,0
INKUP,INKUP,6.0,5,442.71468628730935,891.2256000236013,6.276319857639963,0.24638529783945495,630.6999999999999,2,6606,442.71468628730935,0.1415887109560805,0.8195655620738862,0.9394323767242746,0.16666666666666666,60.47228511757048,80.345767,13.304483,80.345767,13.304483,0.0,False,0,False,0,False,0
CNFUN,CNHUM,4.0,4,441.5720711227457,464.88517410285414,11.296454285877159,0.4834446215927169,628.869826814429,4,6612,441.5720711227457,0.13909051298821518,0.819040451381712,0.9392561093390281,1.0,361.6653884499311,119.308128,25.393912,113.659717,22.81445,346.0856747867544,False,0,False,0,False,0
CNDCB,CNDCB,43.0,25,439.2849562163218,61.46502330253157,5.925890194041368,0.23029501991250573,630.6999999999999,18,6623,439.2849562163218,0.1415887109560805,0.8195655620738862,0.9394323767242746,0.7906976744186046,284.66920813416505,113.852567,22.533467,113.852567,22.533467,0.0,False,0,False,0,False,0
CNFUN,CNZOS,7.0,5,430.1100820061679,254.3517225873587,8.2847936568996,0.2668106684704269,627.9628625653128,1,6646,430.1100820061679,0.13784710486173002,0.8187790922298945,0.9391683771808609,0.7142857142857143,251.546530359954,119.308128,25.393912,122.099218,30.006902,314.16848232103393,False,0,False,0,False,0
CNBYQ,CNZOS,6.0,4,421.749926608286,734.1433058231412,9.94977699863412,0.25388509227414374,630.7,3,6666,421.749926608286,0.1415887109560806,0.8195655620738862,0.9394323767242746,0.6666666666666666,230.4344771035601,122.0684,40.268517,122.099218,30.006902,616.1139381951693,False,0,False,0,False,0
ARBNA,ARBNA,16.0,2,392.2504094867181,43.56765303019192,7.5122185640797925,0.2225405136650366,630.7,5,6726,392.2504094867181,0.1415887109560806,0.8195655620738862,0.9394323767242746,0.0625,20.092182957793387,-58.362293,-34.592025,-58.362293,-34.592025,0.0,False,0,False,0,False,0
CNHPU,CNZHA,19.0,4,386.3144103878498,271.6976775359648,7.5336171565417605,0.22249502778414998,630.7,19,6732,386.3144103878498,0.1415887109560806,0.8195655620738862,0.9394323767242746,0.47368421052631576,149.97315168320213,113.470483,23.077133,110.407368,21.182277,204.84553839476752,False,0,False,0,False,0
CNQUA,CNWEN,13.0,7,362.48965589211997,269.2626449951196,8.865567511191363,0.3136068789131236,630.6999999999999,5,6783,362.48965589211997,0.1415887109560805,0.8195655620738862,0.9394323767242746,0.46153846153846156,137.1157101125515,118.682805,24.833576,120.666189,28.032743,219.68131995693696,False,0,False,0,False,0
BRIOA,BRIOA,4.0,4,361.04495162411473,18.214495242466644,4.559144364376218,0.20007309744777324,630.7,0,6785,361.04495162411473,0.1415887109560806,0.8195655620738862,0.9394323767242746,1.0,295.90000871175664,-48.601391,-26.181417,-48.601391,-26.181417,0.0,False,0,False,0,False,0
VNDAN,VNDAN,5.0,4,344.9567434892135,814.3260519980134,11.723962320214763,0.2981461607020142,630.7,1,6820,344.9567434892135,0.1415887109560806,0.8195655620738862,0.9394323767242746,0.2,56.54293347378294,108.230438,16.111792,108.230438,16.111792,0.0,False,0,False,0,False,0
TWKEE,TWKEE,4.0,4,344.3727143058249,695.0545830723997,11.566455145884776,0.43375212835531446,630.7,4,6822,344.3727143058249,0.1415887109560806,0.8195655620738862,0.9394323767242746,0.75,211.6770128722224,121.7559,25.15113,121.7559,25.15113,0.0,False,0,False,0,False,0
ESLPA,ESLPA,10.0,6,343.3807557796631,484.12762668214435,4.788905279728889,0.3420276653369675,630.7000000000002,7,6824,343.3807557796631,0.14158871095608083,0.8195655620738862,0.9394323767242746,0.4,112.56921684636619,-15.4167,28.15,-15.4167,28.15,0.0,False,0,False,0,False,0
CNQIN,CNSHA,4.0,4,334.1119418880853,431.8085427898037,11.190569630106864,0.5432599767310303,628.178800250908,1,6848,334.1119418880853,0.1381434715979698,0.8188413872697616,0.9391892881696388,1.0,273.58468599903375,120.2667,36.0333,121.46055,31.130717,300.34106684838576,False,0,False,0,False,0
CNQIN,CNZPU,7.0,7,329.7688619006009,489.99779945687607,9.496623555345659,0.28759361530415756,630.7000000000002,3,6858,329.7688619006009,0.14158871095608083,0.8195655620738862,0.9394323767242746,0.42857142857142855,115.82880113915644,120.2667,36.0333,121.066951,30.583181,329.67792082444896,False,0,False,0,False,0
CNDCB,CNHUM,62.0,30,327.0138683696861,69.87463558381995,4.323423596124026,0.22644717758870822,630.0465085780327,54,6867,327.0138683696861,0.1406983569801873,0.8193784134177047,0.939369555294871,0.8548387096774194,229.0524120227096,113.852567,22.533467,113.659717,22.81445,19.96883507410562,False,0,False,0,False,0
THBKK,THBKK,80.0,18,323.0739633291894,115.14357867768886,5.429251824622239,0.2046834505556022,630.6999999999999,28,6871,323.0739633291894,0.1415887109560805,0.8195655620738862,0.9394323767242746,0.8875,234.9925112332511,100.574341,13.69736,100.574341,13.69736,0.0,False,0,False,0,False,0
CNYTN,CNZHA,8.0,7,296.3749486853508,305.5564510968893,12.272722951858754,0.423453275660582,630.7,6,6928,296.3749486853508,0.1415887109560806,0.8195655620738862,0.9394323767242746,1.0,242.8987014039287,114.263091,22.566543,110.407368,21.182277,230.33598570081463,False,0,False,0,False,0
CNDCB,CNGLA,30.0,13,294.18598858071715,113.10160424216234,3.80479478301872,0.22748962845764362,630.7000000000002,28,6936,294.18598858071715,0.14158871095608083,0.8195655620738862,0.9394323767242746,0.9333333333333333,225.03105807972284,113.852567,22.533467,113.212217,21.928867,50.8357920566576,False,0,False,0,False,0
ZACPT,ZACPT,7.0,6,289.5982166996195,46.23362498024609,4.535033771785299,0.202265569778327,630.7,2,6950,289.5982166996195,0.1415887109560806,0.8195655620738862,0.9394323767242746,0.42857142857142855,101.71916796215089,18.437805,-33.905756,18.437805,-33.905756,0.0,False,0,False,0,False,0
USLGB,USLSA,8.0,8,277.22178724277916,6.8520928442001505,4.589548437364004,0.2,630.6999999999999,8,6977,277.22178724277916,0.1415887109560805,0.8195655620738862,0.9394323767242746,0.625,142.00089367547224,-118.217354,33.74561,-118.244,33.738045,1.4057443215231333,False,0,False,0,False,0
CNJIT,CNJIT,5.0,4,271.31321174047946,23.719876624976596,4.680558008427701,0.20144115152674302,630.7,0,6992,271.31321174047946,0.1415887109560806,0.8195655620738862,0.9394323767242746,0.6,133.4153789268944,118.997083,39.205083,118.997083,39.205083,0.0,False,0,False,0,False,0
CNLYG,CNYAN,5.0,4,266.3148952845058,320.7936936771412,12.235095187785294,0.41707164620886816,630.7,4,7007,266.3148952845058,0.1415887109560806,0.8195655620738862,0.9394323767242746,0.6,130.95751010549648,119.483333,34.733333,121.4,37.55,192.9536900705203,False,0,False,0,False,0
CLVAL,CLVAL,4.0,4,259.9407726790144,15.846504811604111,2.466625220739427,0.2007595218058604,628.3356521025524,1,7023,259.9407726790144,0.13835861742310218,0.81888661001616,0.9392044683885529,1.0,212.86201814409938,-71.6167,-33.033333,-71.6167,-33.033333,0.0,False,0,False,0,False,0
GBFEL,GBFEL,4.0,4,254.1097768615223,135.42265312413738,7.84285354049554,0.20675898250632457,630.0078509705083,3,7042,254.1097768615223,0.14064562978701078,0.8193673303837492,0.9393658349794307,0.5,104.10462474571787,1.3,51.933333,1.3,51.933333,0.0,False,0,False,0,False,0
CNRIZ,CNRIZ,9.0,7,246.6221025527028,20.53863057542538,5.03848741589079,0.20233715549369097,630.7,0,7054,246.6221025527028,0.1415887109560806,0.8195655620738862,0.9394323767242746,0.5555555555555556,112.29054561024972,119.533333,35.35,119.533333,35.35,0.0,False,0,False,0,False,0
CNSTO,CNWEN,4.0,3,243.678434915688,435.66247664339966,11.109630768498093,0.2717990513992058,630.7,1,7064,243.678434915688,0.1415887109560806,0.8195655620738862,0.9394323767242746,1.0,199.71045347696074,116.733333,23.333333,120.666189,28.032743,353.34070945508836,False,0,False,0,False,0
CNGLA,CNSHE,32.0,15,243.61403735237593,102.96888427814724,5.319654014185654,0.2314221321928269,630.7,23,7066,243.61403735237593,0.1415887109560806,0.8195655620738862,0.9394323767242746,0.96875,193.4183730939203,113.212217,21.928867,113.8943,22.467416,49.83209073197079,False,0,False,0,False,0
PKKAR,PKKAR,4.0,4,216.5719408999105,19.43825226375972,8.997713785110207,0.2000264178663785,630.7,4,7154,216.5719408999105,0.1415887109560806,0.8195655620738862,0.9394323767242746,0.75,133.1211783548007,66.9833,24.7833,66.9833,24.7833,0.0,False,0,False,0,False,0
CNGLA,CNHUM,25.0,8,216.50640586442492,101.41374552787522,5.143565961140925,0.2123753697570017,630.6999999999999,21,7155,216.50640586442492,0.1415887109560805,0.8195655620738862,0.9394323767242746,1.0,177.44119421487434,113.212217,21.928867,113.659717,22.81445,58.68929265678663,False,0,False,0,False,0
CNHUM,CNQUA,4.0,4,203.01493545847703,388.07987283977553,9.6968255187302,0.3795229976976516,630.7,2,7201,203.01493545847703,0.1415887109560806,0.8195655620738862,0.9394323767242746,1.0,166.38404968842045,113.659717,22.81445,118.682805,24.833576,301.31635028962415,False,0,False,0,False,0
CNLYG,CNSHA,4.0,4,192.48299216163207,411.2120268866577,9.319554495308422,0.38444061362220927,630.7000000000002,1,7240,192.48299216163207,0.14158871095608083,0.8195655620738862,0.9394323767242746,0.75,118.31432374545857,119.483333,34.733333,121.46055,31.130717,238.13204283259262,False,0,False,0,False,0
NZTAU,NZTAU,4.0,3,188.34854106174254,28.73434312286995,7.0747714681312885,0.20115421699778718,630.6999999999999,0,7252,188.34854106174254,0.1415887109560805,0.8195655620738862,0.9394323767242746,0.5,77.18198896053173,176.183333,-37.716667,176.183333,-37.716667,0.0,False,0,False,0,False,0
CNSHA,CNWEN,4.0,4,186.6739869661282,326.5061687707787,9.907103848261418,0.36510784786326567,630.7,4,7256,186.6739869661282,0.1415887109560806,0.8195655620738862,0.9394323767242746,1.0,152.99157105246817,121.46055,31.130717,120.666189,28.032743,190.56999027455072,False,0,False,0,False,0
CNWEN,TWTCH,4.0,2,183.8263321251574,248.12799937624092,12.991834164482317,0.3501414741734748,630.6999999999999,4,7264,183.8263321251574,0.1415887109560805,0.8195655620738862,0.9394323767242746,0.75,112.99329840910163,120.666189,28.032743,120.5,24.283333,225.29428109665787,False,0,False,0,False,0
KRINC,KRINC,13.0,9,173.26841963077365,47.4477080168752,5.927995710983024,0.3415285427480737,630.7,6,7299,173.26841963077365,0.1415887109560806,0.8195655620738862,0.9394323767242746,0.46153846153846156,65.54069064200722,126.607819,37.439929,126.607819,37.439929,0.0,False,0,False,0,False,0
JPTOK,JPTOK,41.0,12,159.61001717092734,10.833025409379884,4.1479766221173175,0.20865016430652011,630.6999999999999,17,7342,159.61001717092734,0.1415887109560805,0.8195655620738862,0.9394323767242746,0.6829268292682927,89.33425502899472,139.75,35.6667,139.75,35.6667,0.0,False,0,False,0,False,0
JPOSK,JPOSK,6.0,5,138.34269577414778,208.28444304329847,5.442817520903919,0.22366208460053444,630.7,3,7397,138.34269577414778,0.1415887109560806,0.8195655620738862,0.9394323767242746,0.6666666666666666,75.58727281397071,135.433333,34.65,135.433333,34.65,0.0,False,0,False,0,False,0
PLGDA,PLGDA,4.0,3,134.56163901457643,20.989436511307453,5.094909444099468,0.20071084965805247,630.7000000000002,1,7408,134.56163901457643,0.14158871095608083,0.8195655620738862,0.9394323767242746,0.75,82.71156398442352,18.666667,54.35,18.666667,54.35,0.0,False,0,False,0,False,0
CNGLA,CNMWN,20.0,7,127.53491779007338,70.5027110770135,5.799803597571296,0.2170120122691122,630.7,8,7431,127.53491779007338,0.1415887109560806,0.8195655620738862,0.9394323767242746,1.0,104.52322658266836,113.212217,21.928867,113.862187,22.508158,50.1482091328312,False,0,False,0,False,0
CNQUA,HKHKG,5.0,2,87.68131666187436,333.3091636706472,6.710518690059609,0.2804551360789057,630.7,4,7575,87.68131666187436,0.1415887109560806,0.8195655620738862,0.9394323767242746,1.0,71.86058757336747,118.682805,24.833576,114.181938,22.298785,290.6793618141053,False,0,False,0,False,0
CNCGM,CNTAI,7.0,3,82.66805623284601,30.456139789759746,6.754246050945791,0.20257681447092213,630.7000000000002,6,7589,82.66805623284601,0.14158871095608083,0.8195655620738862,0.9394323767242746,1.0,67.75189197202808,121.382233,31.619333,121.211133,31.6506,8.945633791059421,False,0,False,0,False,0
CNNSA,CNZPU,5.0,2,67.2967643671008,862.4362401881566,8.446779389007437,0.32497306008681676,630.7,2,7636,67.2967643671008,0.1415887109560806,0.8195655620738862,0.9394323767242746,1.0,55.15411051427685,113.682083,22.64515,121.066951,30.583181,619.5215949712657,False,0,False,0,False,0
