corridor_id,origin_port,dest_port,E_e,dE_e,energy_kwh_e,dC_fuel_usd,C_infra_usd,p_star_usd
0,MATAN,SGSGP,3186539.1807995965,2606732.0575134675,5101353230.740817,835357272.7591664,21746331.354276553,328.80387596530517
1,NLROT,SGSGP,2341846.812303471,1629799.1560328386,3724605798.547731,609911998.1005464,21410333.919307277,387.36204377267035
2,MYTPP,NLROT,2083470.5995070843,1594357.6982258956,3305173489.389994,541229079.2676145,21616187.17888334,353.0232061931885
3,ESVAL,SGSGP,1745877.505838655,1377518.8740439333,2802595599.1959276,458930897.449571,21424724.249531463,348.71073692728396
4,BRSTS,SGSGP,1720793.4869570662,1294375.539754408,2743384878.379582,449235017.9403483,24499999.880393147,365.99503256267263
5,EGPSA,SGSGP,1517405.0130149361,1243595.5637646175,2406059906.665887,393997347.5304139,18697592.397614487,331.8562336124106
6,KRBUS,USLGB,1251079.2534023072,712916.6983007938,1984517316.9840648,324968865.84315276,11790773.782460406,472.3688481813727
7,KRBUS,MXMAN,1158471.0287188366,804364.3402870694,1846494623.1957483,302367360.74307597,11225751.111998249,389.86451306774245
8,CNSHE,SGSGP,1107960.476158061,602304.1986353706,1766485581.4850352,289265712.63982755,10372465.296102898,497.4864505590615
9,GRPIR,SGSGP,1080479.2070073474,876652.9261719931,1713280767.245767,280553312.90778255,19687148.62202163,342.484981874
10,CNYTN,SGSGP,1035466.535007759,792200.4142870479,1663470904.5150654,272396843.5936228,10348690.460867466,356.91162104345926
11,ESALG,SGSGP,991727.5930074215,801285.5382094437,1589352672.7891648,260259827.95957917,21189933.37549122,351.24777362636456
12,SGSGP,USNYK,961148.5030470471,313438.63061049476,1524907553.2757592,249706804.70391664,18043921.90569906,854.2365249877106
13,CNYTN,USLSA,875273.8811929516,616061.1492409271,1394329583.5135055,228324388.7508883,12064527.286880871,390.2030120450895
14,KRBUS,USHOU,858034.6960484636,453687.54061022913,1360448225.8577192,222776245.49388716,16037166.056885358,526.3830063077295
15,KRBUS,PABAL,848150.5638338559,394480.7725717661,1345463347.3238995,220322440.25860038,18397817.556185216,605.150553367861
16,ESALG,MYTPP,842305.9444114325,557104.3413931164,1335509662.9323487,218692503.5984362,21143402.429626282,430.5044642594593
17,CNNBO,CNYSN,839052.5385140642,574636.1851588688,1335645156.302194,218714690.92144474,9600767.602595791,397.32175665359205
18,GBFEL,SGSGP,792891.8021761689,648730.1280109168,1266818632.0900068,207444203.47256127,21141706.524237037,352.35901668027924
19,ESALG,OMSAL,785984.5999237399,147093.00316629632,1246209925.3587122,204069484.5947533,21987657.400185414,1536.8313728652975
20,LKCOL,MATAN,715563.6352843776,429036.23085949477,1135457231.7614048,185933499.1239446,23898816.354488086,489.07831177351255
21,LKCOL,USNYK,708770.767922743,387215.93573598313,1124318310.4294128,184109477.43313134,22233031.892681163,532.8874415605244
22,AEJAL,SGSGP,700420.5125458671,445992.17639599775,1110829247.7407773,181900615.17443615,9540739.69786448,429.24823574106665
23,ILASD,SGSGP,695710.0888035056,570156.6215232229,1103283756.4683678,180665025.1798118,18187061.537680026,348.76747758579256
24,MATAN,OMSAL,691006.6673869805,340841.5846038857,1095652925.375449,179415460.6108943,22244074.015387584,591.6517929015135
25,KRBUS,USNYK,653656.3092541696,419254.5916933322,1036398143.7358007,169712366.04960114,18046896.646648932,447.8406830033919
26,GBFEL,MYTPP,650091.097430476,523950.67822194647,1031712398.2717077,168945065.41883105,21721656.88249542,363.9020431242952
27,LKCOL,NLROT,646963.2365946696,505771.54171850154,1033998936.5249059,169319490.84535143,23928870.545420777,382.08626909722193
28,CNQIN,SGSGP,641002.2456064165,378779.1299028615,1022181795.3560457,167384409.23619267,9864543.654635614,467.9480438541692
29,INNSA,MYPKE,631740.0993023245,255511.39455276632,1001699306.5728084,164030358.81165454,11103443.526890766,685.4246271290182
30,EGDAM,SGSGP,607032.0743585847,497441.74126227334,963013121.1440625,157695414.94647163,19735547.49575151,356.6869197425748
31,CNQIN,KRBUS,589076.7135303138,340805.3432984473,935807313.7301555,153240407.01886097,10502001.794007903,480.45728164971194
32,LKCOL,SGSGP,582838.4715734911,307386.6181036926,928905329.8120302,152110192.70087785,11526451.59719874,532.3479769795184
33,FRLEH,SGSGP,582650.3518907363,281127.87093945575,935606514.2468266,153207525.68303144,21523006.87511596,621.5340086141005
34,CNNBO,CNWGQ,581093.9681094631,287665.87453588605,921463537.211856,150891583.58095652,9561721.003917497,557.7766387610137
35,CNNSA,SGSGP,559306.4221603577,276109.20254760847,889308074.486258,145626059.2324566,10370398.478902452,564.9810157430778
36,HKHKG,SGSGP,558551.5060491528,360108.42621871934,888877403.0370822,145555535.88091317,10370989.063186262,432.9988236637212
37,KRBUS,MXLCS,553253.0009200337,346790.46759631316,879285153.259453,143984784.89555132,11454953.383050263,448.2237916053207
38,BEANT,CNYSN,550957.3852266399,451459.7432136186,874326946.3739212,143172868.13654026,20545094.99681874,362.64133312965646
39,FRDKK,SGSGP,547017.4780811607,436987.05984079716,971154256.1251016,159028542.84554428,23376516.585193295,417.41524222065357
40,SGSGP,THLCB,529276.6604257323,204336.4246158794,840428370.9522741,137621905.43432885,10472646.27178004,724.758456474432
41,CNYSN,KRBUS,528838.255823414,346068.3727055903,840936931.1738253,137705183.23543245,10137933.745039811,427.2078255074942
42,CNQIN,CNYSN,520497.6833307874,316722.09731321456,830075348.2229038,135926576.2852112,9925726.685977573,460.5056110971371
43,MYTPP,PTSNS,514487.15368446294,421079.9719486156,820819161.025522,134410856.25101346,22719797.773435257,373.1610726990914
44,INMUN,MATAN,514112.40673043235,292603.34971610084,815145721.7860034,133481818.6964819,21885135.669773534,530.9814618219532
45,CNWGQ,USLGB,505894.1084001927,128990.8322269378,802115282.0678495,131348056.90946896,11175452.07575178,1104.9119268761244
46,CNYSN,USLGB,488767.91403771256,264525.1545270983,775055839.5290207,126917016.5366115,11214498.674430076,522.1866913110193
47,CNWGQ,USLSA,470416.26359038695,130489.43582337482,745863744.39573,122136749.8360579,11177265.833002632,1021.6460422858211
48,JPYOK,MXMAN,462521.68765103444,374313.9931513948,737239236.4626225,120724468.60399662,11931761.514251146,354.3982660156488
49,CAHFX,LKCOL,455390.1801952907,333818.7487355142,730419072.3261949,119607652.44658093,23510068.244906615,428.7288273460046
50,MYTPP,USSAV,454867.66307225125,62132.31199250744,721210818.2531334,118099781.56185314,15799220.638592336,2155.062284123475
51,CAVCR,KRBUS,453109.5723189485,249213.3216200243,718646405.41078,117679853.58954415,12542648.121635118,522.5342725046199
52,INMUN,USNYK,447763.5345905436,276838.2041197232,709946939.2588292,116255297.79219958,19635455.538499285,490.8670526988779
53,KRBUS,USLSA,443814.84964763914,282539.74318548926,704309827.560728,115332208.9486378,11792587.539711256,449.9359808821329
54,AEKHA,MATAN,443597.1267893509,223704.8484682194,703665097.8681003,115226633.11153348,21471110.1665886,611.062943937677
55,TWKAO,USLGB,443418.8685929173,318452.79291921936,703058298.0702667,115127268.3741194,11882432.36231277,398.8336844910329
56,ESALG,USNYK,437474.72535184544,89262.87614342842,693633621.9309424,113583957.92289604,15703982.646369418,1448.3954153742973
57,CNNBO,SGSGP,429571.71503997344,256033.40751976013,683897513.2195187,111989649.73591314,9539584.571253832,474.66162906021395
58,CNTJN,SGSGP,421292.4559074931,280072.0771842232,668248336.576674,109427064.29436457,10152274.084432587,426.95915844599307
59,CNQIN,CNWGQ,419456.7882358336,234367.3000727178,665173819.6578095,108923605.71146978,9886680.087299276,506.9405406040239
60,CNNBO,USLGB,417783.978483863,267383.96358968015,662585754.2650207,108499804.58450323,11253607.640016386,447.870585119644
61,GHTEM,SGSGP,409791.84370078245,247271.3269559824,650191005.5065502,106470138.52314967,22866185.932333574,523.0542742163827
62,BRRDJ,SGSGP,409712.87037132855,284029.1315592218,668651970.4989691,109493160.19427004,25309870.690152094,474.60987591096756
63,INMUN,INNSA,405382.6732110117,169034.88214741604,643272855.6885881,105337277.00522007,11902009.86264341,693.5804336859809
64,CNNBO,KRBUS,402158.3193223175,229618.6655127184,638540313.8801104,104562313.3750747,10177042.710626122,499.69524833487674
65,CNMWN,SGSGP,400646.45523419447,245265.5261014619,635643100.5174888,104087888.62075329,10371175.128328951,466.67407999986347
66,MYPKE,SGSGP,389963.2894412713,157848.87042496228,618673403.8164176,101309065.25476211,9695986.679707762,703.2362767983134
67,CNYSN,MYTPP,389146.9633002585,259227.0465917531,617131915.008076,101056643.2348233,9523019.328648906,426.57455700453954
68,CNNBO,CNYTN,388521.4592938375,252422.88738961788,624089446.9160765,102195953.65245502,10448982.457795735,446.2548435094235
69,AEJAL,MYPKE,387005.4036540582,224949.8033887764,616311874.0430226,100922359.80979212,9797433.803246677,492.19777899376027
70,CNYSN,MXMAN,386544.7263837518,271429.1412612605,614045947.1132278,100551309.5306351,10649476.003967918,409.6862445125898
71,CNNBO,CNSHE,383057.21060374484,211185.1533795545,608898024.468857,99708326.41888689,10472757.293031165,521.7274128825433
72,COCTA,KRBUS,380975.0917368336,312222.38887988817,604154788.1230611,98931611.5358634,18816664.46198503,377.12950829783745
73,OMSAL,USNYK,380743.9571439371,31204.463524290648,603684726.7225894,98854637.9973205,19118016.71127234,3780.6339665720834
74,CLSAN,HKHKG,371184.94183653564,239022.45359898955,588528526.7742757,96372778.52169713,25094639.128131904,508.18413007179726
75,CNQIN,MYPKE,370663.2238685389,201809.2501605311,604787170.2833673,99035165.4386968,10121237.760017809,540.8889984571326
76,BRSTS,MATAN,367443.1314484607,301143.7365557465,582595737.1943249,95401271.80589145,20050007.66121347,383.3759944256156
77,KRBUS,USOAK,365683.8070347949,271216.66286882176,580444587.1480461,95049016.48173031,12123519.383480115,395.15468825396664
78,CNYTN,USLGB,365481.32743353123,238870.40887811445,579485218.6991141,94891917.88948977,12062713.529630018,447.7516990130588
79,CNSHE,MYPKE,358342.2081278011,172217.31739756983,568860419.4836994,93152084.77173612,10629159.401485093,602.6179349527231
80,BEZEE,SGSGP,355809.7398326695,291249.3785791061,567327328.9004812,92901037.97874548,22698017.494473822,396.9074750895013
81,CNQIN,CNTJN,353957.55242325354,178492.29415471046,561887698.466009,92010287.10558969,10577525.164742636,574.7464491739516
82,ESBAR,SGSGP,353172.0696010328,281387.79672372784,560147737.4182546,91725364.84088539,21414394.00692118,402.0777026051682
83,JPYOK,MXESE,347033.3775075061,239941.37190735165,550604542.9091862,90162646.7584624,13081556.596391035,430.2892933141977
84,CNYTN,MYTPP,345029.25316079013,228144.32432178766,547923290.7616432,89723586.10529019,10371234.18384885,438.7346500365253
85,CNNBO,CNNSA,336254.45269729896,195704.65602265374,533261462.8213616,87322681.08109935,10470690.475830719,499.69874781931617
86,CNNBO,CNXIA,333985.17963126046,219842.24616959027,531884179.41020054,87097148.0387625,10163232.480592515,442.4098744166151
87,CLSAN,PECAL,332680.25342125964,210729.5284236201,527993733.2727191,86460079.33792466,19432913.57390367,502.50666673991884
88,JMKIN,KRBUS,330513.98295771563,263731.59642202465,524206322.732411,85839882.93186015,17833281.658169057,393.1010390735696
89,CNYSN,SGSGP,327578.2386433292,235409.2069962959,523022297.8352882,85645996.37584218,9500475.605667524,404.1748120030277
90,JPYOK,MXLCS,327114.09339714533,258222.92534448343,521532117.80582136,85401976.27587454,12160963.78530316,377.82447058495455
91,LKCOL,MYTPP,325864.40922239865,170279.31859426468,517936008.5273489,84813105.85198262,11548995.320180124,565.9060769544822
92,CNYTN,ESALG,324249.6959892812,255522.96571705956,514110822.87820065,84186723.69275193,21397346.66130673,413.2077524138157
93,GBLGP,LKCOL,323877.5852989634,125727.87066715704,513639792.8003279,84109591.53125638,23808493.03663317,858.3465543100157
94,KRBUS,USSEA,321384.6349639576,214254.05314339502,509939128.20391977,83503599.95513433,12430239.248098271,447.75740666631134
95,CNNBO,CNQIN,321144.59483065625,178907.55151121347,509514752.7680903,83434107.58895898,9964835.651563881,522.0514307618192
96,AEJAL,MATAN,320702.701472971,141034.42866850737,508486921.6314745,83265798.0882629,21442256.892221794,742.429036434745
97,CAHFX,SGSGP,318451.3385663589,253894.93063298496,508576526.7445467,83280471.11314386,18335065.833813865,400.22672644002864
98,ESVAL,INMUN,317683.9530345188,152718.00936232094,505442531.97766244,82767272.90810098,22615939.20986396,690.0509806145064
99,MYPKE,USCHA,316110.1271440622,243750.05604461173,506566670.5917444,82951352.95988096,16711884.012481079,408.8747243369718
100,SGSGP,ZADUR,316058.4069641223,193820.0887890552,501123207.49028426,82059974.47948106,14554410.163410291,498.4745660086966
101,BSFRE,MYTPP,315666.9694952144,58418.336805727085,500502567.77424186,81958343.42648222,17939110.87284497,1710.0359195699264
102,LKCOL,MYPKE,314968.67661126744,121985.45792799625,500288795.5055255,81923337.76988305,11783145.702580936,768.1774947943029
103,GBSOU,SGSGP,312802.71139420423,256362.3299820266,495961172.3389951,81214680.41517615,22340259.034807466,403.93976547663533
104,INNSA,MATAN,309887.2462941656,199936.12472294568,491338586.1648416,80457722.25037675,22504063.33871926,514.9733982879363
105,AUMEL,AUSYD,309558.3767999748,137384.50455419743,490817150.4676943,80372336.06318559,18884582.419136826,722.4753534207063
106,USHNL,USLGB,305741.1538776846,97321.50935061979,484764791.3075703,79381249.57827148,16212157.824488632,982.2433708705252
107,CNYSN,MXLCS,303474.701736653,220176.0718560044,481171241.0601759,78792798.20107672,10878678.275019933,407.2716699875633
108,CNWGQ,SGSGP,302888.96602996514,150543.95080574646,480242533.7402333,78640720.43290655,9461429.006989228,585.2254372782995
109,THLCB,VNHCM,301576.06587965245,210228.70765339502,478499668.1377907,78355322.54129049,11319029.743263382,426.5561696378801
110,CNXIA,USLSA,300878.3791708972,99367.38965878283,477154210.120877,78135000.97389773,11778777.309677651,904.862033634272
111,USNFK,USSAV,300715.2301792193,149050.7272182475,477478696.5289198,78188136.30262513,11933269.312731395,604.6357994845357
112,CNYSN,USSAV,300649.73516386363,225868.6550880255,476692143.90972507,78059336.66434628,16376449.631290527,418.10044983370227
113,CNGLA,IRBAB,300487.01432296797,166419.69528620248,478704538.69823205,78388870.52452122,11083321.60943223,537.6298278883546
114,CNWGQ,VNHCM,299082.0750036108,193351.32892564754,474370521.79248273,77679166.18163,10307812.47847257,455.06270450273246
115,CNQIN,USOAK,295888.9217983222,115805.16702223479,469438994.8959559,76871618.32668117,11911312.324417874,766.6577660913227
116,FRLEH,MYPKE,293148.67774880154,234479.4691060955,517896194.0366726,84806586.14577071,22203557.255320817,456.37319040786633
117,CNNBO,USLSA,291529.28952860215,217142.7169157167,462854949.84725356,75793467.16426718,11255421.397267237,400.8832983116914
118,DOCUC,SGSGP,284626.67232192867,148444.68461628992,451286938.83292955,73899181.13954304,12325881.864095144,580.8565205720816
119,DEWVN,SGSGP,282971.3795315321,231552.68766925985,451842342.85121244,73990129.7104431,22260575.99964016,415.6751825207217
120,KRBUS,USMOB,281046.6683347053,56408.85813127979,445610699.75377405,72969685.10540864,17220692.719833095,1598.8690573268216
121,BEANT,DEHAM,280212.6377915975,112239.00394096017,444386625.47640634,72769240.37952007,17230165.16997659,801.8549914861865
122,PRSJU,USJAC,278367.5748986847,228140.47798498513,441362890.2785551,72274097.40976809,12868539.244814955,373.202674977242
123,AUBRI,SGSGP,277043.8444997631,105146.55030484933,439264062.9455575,71930410.03946014,14146405.483527947,818.6366102684992
124,CNYSN,CNYTN,276911.4637084781,192670.04350034165,440323003.90607303,72103813.83895762,10409873.492209425,428.2642274434361
125,MXMAN,PABAL,275718.00224328274,209634.69287617685,437529239.31382036,71646329.03738539,12729943.488950074,402.49193188731067
126,BRRDJ,COCTA,272371.9575945812,81716.90836862384,431856599.9596974,70717422.46576218,18781710.30625493,1095.2339553558215
127,MATAN,MYPKE,271765.0020754016,220455.76756323336,453074761.91817254,74191940.91309975,20446282.81514005,429.2844082706737
128,CNWGQ,KRBUS,266871.4870153068,139329.27868071335,423250764.90185326,69308198.95612258,10098887.146361517,569.9239015257747
129,INMUN,LKCOL,264811.3049475213,113366.68281494381,420173974.25784916,68804368.04597543,12581712.03833358,717.9012216240029
130,USNFK,USNYK,263288.45601366163,130758.35573923204,417850776.30374295,68423939.51667322,12623530.578906635,619.8263173116884
131,CNNSA,CNTJN,262325.563193666,194173.22557986557,415938283.45793056,68110764.80878943,11083379.989009472,407.8530629611727
132,MYPKE,NLROT,262015.43601232755,214543.48139654903,417378868.5893148,68346663.64035414,22243062.351499878,422.2441315959328
133,ESALG,MYPKE,258543.19224585037,200968.05435572367,423385855.6109736,69330320.34259427,20920434.5923497,449.0801049165533
134,SGSGP,TWKAO,257540.99520935927,149248.20878295865,408350762.6515466,66868292.389975205,10168409.293550218,516.1649999803655
135,JPTOK,USOAK,257505.95052120136,100110.14533105529,408285952.94308126,66857679.66451529,12837807.22647787,796.0780261325895
136,CNTJN,KRBUS,256934.02761885757,152300.8136172541,407873095.40449584,66790073.37812984,10789732.223804874,509.3853654445988
137,BDCTG,SGSGP,256089.33898078036,109171.40116021983,406204237.9877964,66516794.48188774,11485963.024868323,714.4980890396314
138,JPYOK,USNFK,255420.53026487547,135054.10996886628,404979435.9677746,66316230.58661583,18705422.21449864,629.5376928603973
139,GHTEM,MYTPP,253671.6259667568,202502.10224936483,409155753.11820525,67000111.26438148,22081474.616415557,439.90449921897766
140,DEBHN,MXVER,253177.8231111572,31124.37373541077,401423534.34462845,65733944.25047048,15125100.675644869,2597.9332343680394
141,CNNSA,MYPKE,253100.85958787336,110537.31194273011,401739110.28600353,65785620.4716243,10627092.584284646,691.2843429329884
142,INNSA,SGSGP,252103.54862492686,115489.21407276987,399775608.7855134,65464092.98973499,10846749.42150857,660.7616392917872
143,CNYTN,VNCMP,250941.4006533899,169062.34615884937,398944408.8220176,65327982.25534413,11182345.478866313,452.5568790008514
144,BEANT,USNFK,250060.3842231625,3903.635797109869,396480710.67569757,64924546.525387265,14901717.360127144,20449.208900229703
145,SGSGP,VNCMP,248644.17837578017,138252.6295853215,394913744.14157534,64667952.47450654,10272947.592324413,542.057683037282
146,AEJAL,INMUN,246641.18701439814,81202.62396492707,391077992.4482033,64039840.10341099,10596000.138999319,919.1308925515376
147,USLSA,USOAK,244887.2524780469,151020.37002257194,388872886.5286133,63678749.39202218,13201898.07012123,509.07468608805954
148,DEHAM,NLROT,244278.17804852463,115114.73043631167,387715289.47117585,63489190.45008736,17264689.113295857,701.5077849490433
149,CAVCR,JPTOK,242014.97251842494,74640.0176035371,383883573.98240924,62861739.01594695,13256935.964632874,1019.8105175282361
150,BEANT,LKCOL,241135.71512518165,138315.51864496164,382622262.8712464,62655196.68055787,23841119.28065822,625.3551069944735
151,CNXIA,PABAL,241119.61636601324,98806.66695702572,382304766.71319675,62603206.01990304,17898378.468226485,814.7383872703886
152,CNNBO,MXMAN,239999.60581196967,174714.79341395566,381970381.6558166,62548449.76662083,10688584.969554227,419.18050157694955
153,BRSTS,COCTA,237898.226908683,68447.35089153545,377214445.96190107,61769655.33875285,17727841.465053406,1161.440081585938
154,IDJAK,SGSGP,236946.72824027002,76251.50165950078,375718899.69466764,61524756.506115094,10112851.567595685,939.4911118420563
155,AEJAL,ESVAL,236444.1296564124,113509.37481149692,376399635.80843174,61636228.47007084,21564480.05811684,732.9853473896554
156,AEKHA,EGPSA,235287.4021977711,192833.4520311208,373057558.58216435,61088956.326620415,18647288.08335366,413.49798787559786
157,INMUN,MYPKE,234951.65783804553,82918.92866542639,372543932.66057247,61004849.006528586,10751247.1208426,865.3765464928201
158,HKHKG,TWKAO,232860.1496694718,129536.19122418993,369691497.51243776,60537756.77858613,11100105.782410914,553.0335721930599
159,CNYTN,USHOU,232457.82268959135,65694.62969347129,368571147.43870515,60354297.1082208,15944737.607528023,1161.419663551759
160,KRBUS,PACRI,231727.46881911473,49977.85611334123,367413142.253234,60164671.33446593,18285930.95411221,1569.7072341531737
161,CNNBO,HKHKG,231208.01838533304,127211.29407718698,367304658.0725048,60146906.82272709,10471281.060114529,555.125143526904
162,JPYOK,KRBUS,229813.27876243394,146842.80455912292,365129573.7064931,59790732.20359592,11420219.25532304,484.94682237049955
163,CNQIN,HKHKG,229263.53542050236,118231.95559609015,363827702.00690305,59577547.986926034,10796240.143496308,595.2179998682992
164,CGPNO,SGSGP,229173.8215984881,79920.52648117294,363450589.8551269,59515795.08247439,15325835.093924044,936.4506650744979
165,HKHKG,THLCB,228079.49027131675,128506.17275974138,361700330.47353655,59229186.444041766,11404342.760640735,549.6508664742577
166,CNNSA,CNQIN,227895.5435177851,163989.20033574515,361658327.2201534,59222308.32335377,10795649.5592125,426.9668840339133
167,FRFOS,REREU,227261.74215394835,103475.49858127294,360332554.54883194,59005210.27251895,26721093.636301216,828.4695902333634
168,USHNL,USOAK,226446.83270567964,54265.50459832795,359040483.12300557,58793630.8711977,16544903.42550834,1388.3319588449453
169,AEJAL,ESALG,225350.06626317385,166205.91078402507,357442717.41195714,58531993.39060792,20982378.400422975,478.4088087839139
170,LKCOL,USBAL,225253.06738876633,116919.44929611612,357147720.6100623,58483687.04663265,20583786.28986232,676.255950678015
171,EGPSA,MATAN,223669.58090242784,142178.48702824142,354637039.6423463,58072557.781299464,15877050.729944546,520.1181279735741
172,CNYTN,PACOL,223619.50674588265,183148.07688331595,355643697.7581608,58237400.15550721,18777804.194195576,420.5078516809616
173,AEJAL,CNNBO,223150.7853200916,126112.43039085418,354024414.9261832,57972239.20131268,9641031.694792747,536.1348654256752
174,AUFRE,SGSGP,223002.44248819628,91840.72001244457,353597802.7986755,57902380.57219182,12428986.371962033,765.7972077595192
175,COBUE,PECAL,222533.65063684812,152198.63610235436,354307616.2509974,58018614.01121861,16360581.11813896,488.6981712460102
176,JPKOB,SGSGP,221660.9397600337,121486.85202913848,351575583.84401,57571237.98423856,10466909.510550248,560.0453576529412
177,CNQIN,PACOL,221654.22823423208,181557.0806880113,352354013.3758336,57698707.449952245,18623777.003962424,420.377350003042
178,MXMAN,TWKAO,221463.45338143603,151887.32205966438,351872771.6482355,57619903.109433,11317409.691850612,453.8714085314089
179,KRBUS,SGSGP,221099.1791420113,144287.2269105529,351007022.2633148,57478134.834944144,10076750.713697854,468.1972687057107
180,GBFEL,INMUN,221067.2711751716,60387.64037622206,350654671.6150515,57420436.67853842,22710945.00934148,1326.9500379324645
181,AEJAL,INNSA,219370.76201647555,68262.44429729425,347860958.6311455,56962960.32794101,10948196.545047484,994.8538698266378
182,FRLEH,USNYK,217024.21045540352,87450.57143754937,344100539.80561835,56347183.87168719,15369810.32416563,820.0860556648015
183,KEMOM,SGSGP,214768.75332130762,57422.54304833979,340564315.49282193,55768119.73631202,12281458.43435863,1185.0673021113805
184,AEJAL,SAJED,213144.21261999794,61465.949886790906,338199185.4229065,55380824.73524848,10918808.609354641,1078.6400188513312
185,ITGOA,SGSGP,212172.09505093936,162996.88107805143,336634340.92427444,55124578.1721224,20994223.21405358,466.9954472915731
186,CNMWN,CNNBO,211080.47691394258,120094.28518770955,334804661.81428057,54824964.38687449,10471467.125257216,543.7097311505888
187,BEANT,GRPIR,209844.32364394848,56841.23780640184,332716542.9585357,54483030.552138105,16031134.0559457,1240.5459016964269
188,AEKHA,SGSGP,208639.54505376637,139858.4741079614,331352284.72506845,54259630.40992076,9574570.7202672,456.4199741011919
189,KRBUS,PACOL,208188.65813388364,161078.33516675184,330717779.2805074,54155728.8148449,18976161.67249876,454.0144421758265
190,CNYSN,USNYK,205162.49703580106,168144.11719962832,325293320.17726505,53267462.27894377,17331322.205822296,419.8706779669727
191,AUMEL,SGSGP,204094.5761195597,86221.07525446314,323600088.97979975,52990192.125067376,14068488.95609392,777.7527812457904
192,NZTAU,PABAL,203489.15529472684,15565.227338277116,322661562.1391042,52836506.38981378,18829214.19792577,4604.21933006422
193,ESALG,NLROT,202572.0551153264,113131.29386150159,322141033.7074306,52751268.76924358,18016693.370909195,625.5383433233677
194,INMUN,PTSNS,201829.6538224774,159426.12910283386,322936216.1991584,52881481.56721897,23616030.37344064,479.8304542119115
195,BDCTG,LKCOL,200654.53486994136,50782.71151582005,318145766.40231705,52097035.382731184,13573122.047741495,1293.159728385414
196,MXLCS,MXMAN,199631.36384107807,138804.0764797371,317606898.8458512,52008794.69207774,11966495.64197837,460.90354085094435
197,CNYSN,USLSA,199592.63719507222,157124.801272734,316827183.72980464,51881114.709255785,11216312.431680925,401.57522319734545
198,TWKEE,USLSA,199180.87056940462,131982.71747697963,315809212.8894952,51714419.85272538,11663940.703930106,480.2019671076246
199,MATAN,NLROT,198233.47412742538,124987.0075120976,318484885.65029913,52152566.86963692,18044852.611376945,561.6377324196629
200,JPTOK,USTAC,197505.21439790577,98907.46069030781,313328870.7647991,51308258.63646024,13134858.277905291,651.5496046971153
201,AUBRI,TWKAO,197356.04412103118,123581.3794556601,312915877.7882213,51240630.17181996,14875522.2027526,535.0009254290161
202,CNNSA,THLCB,197028.78881728678,116316.68157024175,313037032.7574977,51260469.55171353,11403752.176356925,538.738045842793
203,CNWGQ,USTAM,196280.5187996837,59579.53841267287,311210589.5032245,50961385.64461512,16808736.794293813,1137.4731030895985
204,CNNSA,MYTPP,196162.91404175226,115703.52006783067,311036301.30390364,50932845.587051295,10392942.201883834,530.0252555236276
205,CNXIA,CNYTN,195999.1414732736,106983.51452101982,311062321.68475395,50937106.478897065,10972338.37020615,578.6821000065333
206,CLVAL,HKHKG,194039.966487851,158805.55847965766,309623558.66483927,50701506.021900654,28694284.816913247,499.95599397727744
207,CNBYQ,CNNSA,192843.63696620328,156755.5908800559,305765456.92521113,50069733.78393407,11148337.769793667,390.53198173052556
208,MYTPP,TGLOM,192721.0335467295,154656.94880339009,305566883.69546455,50037217.00178998,22788873.97023236,470.8879331675137
209,CGPNO,LKCOL,191436.84305776394,156686.33548810505,305654413.59903276,50051550.206769586,17412994.11679722,430.57069471567564
210,PKQAS,USNFK,191297.2739123132,123184.80257061559,303309456.0207915,49667558.4934549,19291852.42292358,559.8045333298932
211,GRPIR,MYPKE,190851.4680572079,136837.47046053267,302865123.23474044,49594798.069394015,19824546.347682953,507.31239172606047
212,CNDAL,CNTJN,190679.32084247362,90213.77388538624,302576917.1493351,49547603.71946231,10819709.357805256,669.1584940672401
213,AEKHA,BSFRE,190488.0106633663,40726.281789823886,302026336.8691395,49457445.045774,19437830.305473432,1691.6662244492454
214,SGSGP,TGLOM,188772.50065726833,104637.19683697917,299575538.93166625,49056121.75202629,22178688.902023915,680.7790423230791
215,MYTPP,SGSGP,187583.79093867677,71181.50861798617,297556127.4582167,48725438.89500045,9461836.29730695,817.4493112331229
216,CNYTN,PABAL,185883.07076123863,121767.82521743435,295905612.8213313,48455163.66735905,18335750.530364823,548.5103645274017
217,TWKAO,USOAK,184809.8879845162,147408.3502439797,295582244.4201344,48402211.41459354,12215177.96333248,411.2208655588132
218,ESBAR,ESVAL,183021.0373226126,62882.8453671077,291154348.8374333,47677134.241788074,17872452.176265262,1042.408084993249
219,ESALG,ZAPLZ,182229.02665192125,137156.90937626848,288931388.3810389,47313119.81261367,19585034.726669006,487.7490666967282
220,AUSYD,CNYTN,181796.51979630362,65789.63215087992,288245631.5146719,47200825.689906746,15164783.923910374,947.9549827971337
221,ESVAL,VNCMP,181498.13551555522,113333.04491365208,287772531.3390759,47123354.54557464,21254238.795700923,603.3332413628535
222,TWKEE,USOAK,181263.09483825756,120702.55454104955,287399864.97266144,47062329.64778456,11994872.547698963,489.2788095499573
223,CNQIN,JMKIN,180315.00061230894,147753.40071091088,286132139.28171873,46854736.91152567,17581507.211210914,436.1066737733521
224,CNYTN,USNYK,180135.8400165183,124322.63660866482,285612557.50201094,46769654.30719697,18061243.208118703,521.4729938473425
225,THLCB,VNCMP,179988.60972294232,95368.25102072461,286056442.8383908,46842341.460437335,11306301.289778886,609.7274735339317
226,AUBRI,CNQIN,179889.97279397858,78741.89151391589,285222725.2163922,46705818.45419515,14571656.563837996,778.2067948825398
227,MYPKE,SAJED,179783.92048914227,77999.71529793057,285160253.6667536,46695588.607138745,11074055.591197925,740.6391674338505
228,AUBRI,AUMEL,177919.82851099886,71488.18702244689,282098982.89360845,46194299.10834031,18775601.8652963,908.8200957346481
229,SGSGP,VNHPG,176788.15520486372,62168.749083340685,280346253.8954326,45907286.06502093,10857964.69802181,913.0833674479398
230,CNWGQ,CNXIA,176610.93241288903,92007.21993885798,280054029.13894016,45859433.64928441,10085076.91632791,608.0447882545458
231,AUBRI,MYTPP,175792.32553521878,47478.713028191676,278725742.0885029,45641923.86360476,14168949.206509331,1259.7408239477738
232,CNWGQ,HKHKG,175456.57325027205,97565.5549486378,278247823.34371066,45563663.66847765,10393125.495849924,573.5301684471056
233,BEANT,NLROT,175183.7417115763,71339.52541413394,278862642.3571166,45664341.56923236,17480140.986483026,885.1261932169381
234,MXMAN,PECAL,174186.66117494646,115041.88969389324,277112405.36887306,45377736.597757176,14891147.082735453,523.8864194673592
235,GHTEM,LKCOL,172430.69110086074,129011.02917462455,273577183.6863873,44798836.64519468,16394189.730616115,474.32399204398394
236,ESALG,LKCOL,172416.41385851108,141300.19572422927,273429516.0762069,44774655.764840856,23433145.543683928,482.7155472710286
237,BDCTG,MYPKE,172214.67803008622,109472.63890007745,273059316.88960195,44714034.872910365,11742657.130250517,515.7150916467123
238,AUMEL,TWKAO,171411.49501205358,73209.42895003826,271779760.6025901,44504504.851774216,14797605.67531857,810.0337808612533
239,NAWVB,SGSGP,171400.87881073405,52176.15281634871,271762928.19206285,44501748.50930665,15734672.252667045,1154.4818372101097
240,ZADUR,ZAPLZ,171240.60842822638,59624.49173725285,271528910.07326376,44463427.55236561,20160437.696908463,1083.8476499565306
241,JPTOK,USLSA,170988.41807941545,62614.055285085014,271108955.25513786,44394659.07159511,12506875.382709011,908.7661579373594
242,AUBRI,KRBUS,170891.60059692178,75152.4672032266,270955447.2759184,44369521.81858256,14783863.622900235,787.1116896471377
243,DEBHN,USNYK,169637.44197109898,45226.30298676072,268966928.7634358,44043897.7485988,15016932.141216801,1305.8955959125096
244,ESBAR,LKCOL,168915.8085200862,53588.740472101694,267822750.15076292,43856536.105089754,23621262.70945996,1259.1786673858974
245,ITGIT,SGSGP,168489.00096323882,138037.23475774968,267593806.18732482,43819046.05171336,20601178.540515456,466.6873014754603
246,IDJAK,IDSUR,166998.58353698833,50959.87043357076,264806300.75591987,43362586.20083539,11156233.634663971,1069.8382741488306
247,HKHKG,MYPKE,166595.22341517487,81795.00576170161,264450998.7107753,43304404.74701071,10627683.168568458,659.3567347217116
248,CNXIA,CNYSN,166057.53040746073,112350.14614551562,263954383.88208726,43223083.02899975,10124123.515006205,474.82988117265813
249,AUFRE,MYPKE,165958.1100766738,77877.12513428663,263158026.213631,43092677.793374486,12685680.47734423,716.2354564904376
250,ESLPA,ZAPLZ,165338.1575403443,77843.56213731813,262150241.85879865,42927650.995169446,20658040.56811172,816.8394381941861
251,CNSHE,THLCB,164549.44176221325,103040.60534450934,261083811.44256523,42753020.78161672,11405818.993557371,525.6067702057616
252,JPYOK,USLSA,163559.23019761266,30092.298708613558,259329681.6198076,42465778.35033902,12498597.941964153,1826.5263423219405
253,INNSA,LKCOL,163449.4439713685,71118.66624784452,259245277.54711893,42451957.0067108,12933908.444381744,778.7809920123634
254,FRDKK,MYPKE,163283.77836514494,132517.00964759028,271612102.3824305,44477050.46717991,23890238.919765543,515.9133123269105
255,MXLCS,PABAL,162321.53956997473,119500.35546585228,257728907.97201833,42203648.3138099,12959145.760002088,461.6119664144011
256,CNQIN,CNYTN,161683.19454721123,124334.2397212216,257181731.56755108,42114047.031899154,10773941.541177515,425.36946131379807
257,USLGB,VNCMP,161337.9487676855,132212.52080880312,255936400.10144377,41910121.39684614,11986970.661086963,407.65497645926786
258,CNWGQ,MYPKE,160783.30753645493,92019.04248236924,254938930.60715336,41746783.678652115,9718123.112371424,559.2853979205897
259,CNNBO,TWKAO,160713.6599917161,88674.48341316178,255133670.0819092,41778672.67538936,10268701.290478487,586.9487135703184
260,INMUN,TGLOM,160634.87354752948,91040.03767021674,256175478.19254392,41949270.93484606,15247002.884838395,628.2540658305978
261,KRBUS,MXESE,159811.05730613667,86320.09668716985,253450820.74452117,41503102.57283817,12375546.194138138,624.172711045915
262,DEWVN,MXVER,158556.26830235784,30939.823131323763,251397286.03513214,41166831.96447993,15614502.463568097,1835.2184557435974
263,KRBUS,USPTD,158360.00020603387,0.0,251086095.14195952,41115873.80415069,13787814.780349916,
264,AUSYD,SGSGP,156871.66374977023,65242.7589751428,248726278.34116095,40729448.86202998,14255386.037368475,842.7729875793178
265,AUSYD,MUPLO,156727.2649856551,67792.14198292098,248497328.34256396,40691957.820383675,19053440.34554532,881.3027058649479
266,HKHKG,VNHCM,155781.32706039253,91927.03741641722,247191256.08999577,40478085.75436849,11217372.534669604,562.3531415992942
267,CNNBO,MYPKE,155649.9680617756,94650.18255420495,247836885.55481708,40583808.93105347,9796278.676636029,532.2767082761565
268,VNHCM,VNHPG,155032.42296512375,12803.091797823421,245926894.25651446,40271043.85681215,11704348.169505153,4059.5969197966174
269,MTMAL,MYPKE,154693.18842003492,125333.27201807544,259363421.4747013,42471303.32222244,20778766.80554608,504.65506173529604
270,BRSTS,INKUP,154536.35199317962,56290.07652539474,245023548.4274292,40123119.08587182,30773361.80817348,1259.4845356456574
271,CNDCB,TRBAM,154370.8434324259,84344.68471034401,244761128.00448054,40080147.192157485,20462850.038072187,717.8045354979517
272,KRBUS,PAMIT,154332.42531756856,121800.8912385962,244700214.5514009,40070172.486674964,18268555.97418487,478.9679933177163
273,MXESE,MXMAN,154130.9567598924,98237.41756440487,244515337.74176413,40039898.522001445,12887088.453066247,538.7660657953323
274,HKHKG,USOAK,154118.99354210644,126289.46674058103,244549359.84494695,40045469.71263319,12417757.732968522,415.4204527078229
275,PABAL,PECAL,153789.4027623,91027.33207550329,243862776.91106114,39933040.319640435,15883797.20075917,613.1876684477792
276,KRBUS,USNFK,152148.54939066336,117753.89430846232,241371657.78731653,39525114.34721619,17694110.451844264,485.9221441048207
277,PKKAR,SGSGP,152077.39447060696,77580.41950979737,241124773.22119382,39484686.482586116,10257884.548965424,641.1742981780309
278,AEJAL,CNWGQ,151334.8568208833,80706.63673604945,240091110.71670124,39315422.08319048,9562876.130528143,605.6292293975127
279,MYTPP,ZADUR,150754.20922553173,111197.66239703444,239026810.25135833,39141140.653555766,14576953.886391675,483.0865450043855
280,BRRDJ,BRSTS,150747.44087820756,72883.80870903278,239802228.9482148,39268117.0887395,22578843.870676864,848.5692783471595
281,DJDJI,SGSGP,149172.94268495508,83951.68559673175,236622264.81858042,38747391.30429552,11717855.848583268,601.1225003306354
282,EGAKI,SGSGP,149055.8397334029,121970.21930579445,238242147.3747674,39012650.46458503,21123476.156641457,493.0394235863245
283,CNNSA,CNZOS,148339.0200697133,64552.97271669748,235310595.47973606,38532602.70368341,10712740.814722233,762.8671685582605
284,CIABI,MATAN,147320.06344091677,60369.225299357764,233581835.16872802,38249514.58307345,19429172.39350814,955.4319554469287
285,CNYSN,HKHKG,147217.35586927767,88550.17888286895,233754886.6279595,38277852.12185816,10432172.094528219,550.0838601446337
286,CNYSN,PABAL,147048.62559761308,27811.382190023127,233151459.64422557,38179039.689814895,18169122.602743085,2026.0827709876266
287,BRPAR,BRSTS,146655.9071170541,88314.38485362334,233637535.4789674,38258635.62550059,22214042.526521694,684.7432414578068
288,AEJAL,OMSAL,146532.51826471556,33505.5721214464,232333150.88745132,38045039.91751632,10264796.109005364,1441.8448325972415
289,CIABI,LKCOL,146308.4251763522,87565.91394444184,234354122.20499086,38375978.202277906,16948457.557068296,631.8033269709036
290,HKHKG,KRBUS,144222.46043443563,94700.62931826203,228712172.56402847,37452097.13544292,11008447.20255855,511.72357234437465
291,CNNBO,THLCB,144167.47905696378,81569.32076946179,229412969.39592892,37566854.08399667,10572938.268708305,590.1703225991274
292,JPTOK,SGSGP,143169.2437706426,64392.02656604998,227000545.06206214,37171814.54818626,10791038.556695608,744.8570213221054
293,CNYTN,KRBUS,142865.47777614754,96940.12428642479,226555276.0375324,37098900.81311418,10986148.600239756,496.0283449944743
294,USBOS,VNCMP,142510.453111225,110307.95629408838,225956006.20140323,37000769.122695446,19453639.10300372,511.78908686503036
295,KEMOM,MYTPP,142261.7280354616,49765.22510322548,225561642.67553765,36936191.26961568,12304002.157340014,989.4498281645317
296,BRSAL,MATAN,142201.0509275706,114600.69949376919,225465436.70139623,36920437.339913726,20350467.19295527,499.74306252801534
297,MATAN,PAMIT,142187.2234718592,4161.784288939668,225459409.0752659,36919450.303514235,16105445.810112521,12740.904485257775
298,CNTJN,USSAV,142183.14233240695,116528.40696309046,225437041.90963522,36915787.63330978,16701604.050977718,460.12292694664944
299,USCHA,USSAV,140959.07035689102,69659.97893621642,223660979.33549085,36624953.66806966,11600588.106366254,692.2991150857688
300,PABAL,TWKAO,140956.45821359556,92418.44712301577,223492085.3236016,36597296.91999212,18078984.009009097,591.6165292868756
301,LKCOL,TGLOM,140262.0126248504,78000.1652254398,222446930.4785526,36426150.62576768,16278901.46657673,675.7043647281226
302,CNQIN,TWKAO,140038.10825445896,67905.07018234978,222799085.34756434,36483816.72291104,10593660.373860266,693.2836822103442
303,GBFEL,MATAN,139970.32705993459,50138.059787493294,221973391.61687404,36348607.64567103,18183271.49304764,1087.6344112605927
304,CNNBO,VNHCM,138738.48993555736,98901.17969546729,220442451.58343613,36097913.009709746,10385968.042737175,470.00330224147274
305,AUBRI,AUSYD,138490.29235071747,58581.61253790585,219581881.00636983,35956992.775850445,18962498.946570855,937.4868553999784
306,CNWGQ,THLCB,137632.81881332572,90233.81049300864,218283134.78173754,35744320.36224902,10494782.7044437,512.436555810478
307,GBLGP,USCHA,137097.85012505282,0.0,217374108.33209577,35595465.37779847,14777393.772556884,
308,BEANT,FRLEH,136518.8065377821,48355.55329696803,217979263.05555862,35694560.730839886,17647997.105386138,1103.1319920719568
309,MYPKE,PKKAR,136383.28669693682,55365.20921514698,216241139.5226523,35409939.363039345,10514578.654347619,829.4833284008038
310,ESVAL,MXVER,136268.97571582213,28427.9824629234,216059894.9037928,35380260.177210696,15450419.778977072,1788.0509115440261
311,THLCB,USCHA,136118.6790290871,111558.18168722867,215821593.51369447,35341237.82562608,17362874.928374797,472.4361042542388
312,CNMWN,MYPKE,136071.5509774456,89452.07363702724,216130431.19114,35391810.64195284,10627869.233711146,514.4618565512482
313,BRSTS,USPEV,135846.67529620114,27154.940681707267,215390320.7486937,35270616.007357284,17346633.261823647,1937.6676195292214
314,CNSHE,IDJAK,135733.94363999143,88646.65869378988,215211580.21244872,35241346.87029981,11046024.289373016,522.155847064267
315,DOCUC,NLROT,135699.8865863928,111214.95382353962,215157581.39589787,35232504.45102676,16363568.04183351,463.9310696898344
316,PKQAS,USSAV,134882.63136373952,63999.82923494252,213861790.65124387,35020316.00345997,18067225.762766305,829.4950533593242
317,CNQIN,MXESE,134464.11130493978,89089.04895304046,213314103.37925574,34930631.06592302,12163339.135075899,528.6168250131677
318,ESALG,INMUN,133346.65149451158,46836.995735472854,211426433.31934607,34621521.14120481,22086080.184537154,1210.7437813906033
319,SGSGP,USNOL,132743.61552651247,95193.08388686778,210470295.74522352,34464951.61147915,10510812.983313788,472.4688260782094
320,BEANT,DEBHN,132722.86363863116,40245.4889954454,210468412.92559257,34464643.29582233,17295118.92243731,1286.100964610402
321,HKHKG,NZTAU,132486.93840895506,58308.84582144355,210122224.7371189,34407954.25511012,17619260.17046235,892.2696666796145
322,CAVCR,JPYOK,132270.11852819152,33355.08739604211,209719547.37306407,34342014.99361934,13248658.523888014,1426.7890517700885
323,USNYK,USSAV,131951.45165770914,61966.69808969306,209330080.85239786,34278239.03539433,12198982.2145475,750.0354655442325
324,BEANT,CRPMN,131856.730656949,8104.892668056556,209064104.41881874,34234684.83749367,16537396.951707372,6264.374356159796
325,FRLEH,USHOU,131722.73513498096,22081.789934756656,208851649.17548907,34199894.84655915,13644834.870967042,2166.705229009482
326,SGSGP,TZDRS,131337.2479547708,45577.079421086375,208240443.87945265,34099808.6995901,12976112.555823753,1032.8858683655371
327,ESLPA,ZACPT,130302.6977205776,77423.91268040393,206600123.22907498,33831202.75858354,20934306.362238314,707.3461831732388
328,CIABI,SNDAK,130184.87282006201,25546.699351083884,206413307.15088314,33800611.23462368,21467816.139949314,2163.427322450878
329,AUBRI,CNYTN,129690.44010399086,38103.897176401915,205629364.36339122,33672238.961750634,15055803.37006985,1278.8204341995286
330,CNWGQ,TWKAO,129612.30714697835,55196.44446198284,205557123.78846475,33660409.416348934,10190545.72621388,794.4525334918201
331,MYTPP,USMIA,129601.51840639212,16341.067888979058,205488375.46597764,33649151.734596275,10620682.10417419,2709.115104321148
332,NZTAU,PAMIT,129302.8183199252,55591.94070772831,205014774.56782177,33571598.59589658,18785843.058075596,941.8171229034557
333,DEBHN,NLROT,128580.17619629308,62465.47564840021,203887266.78380576,33386966.835485514,17329642.865756575,811.9142482274684
334,DEBHN,PLGDA,126830.67941498963,79154.40160267107,201108769.47745332,32931982.083946127,17659336.96195247,639.1472618269581
335,DEBHN,USNFK,126807.0347596896,1960.8807305235441,201057610.21038464,32923604.646846235,14751219.239400694,24312.964651102477
336,CNXIA,VNHCM,126757.69029680245,92637.37733768427,201221519.34036183,32950445.110073324,10909323.955147592,473.45650671156307
337,BRIJI,SGSGP,126750.56947562919,46169.067429101866,200968082.25087866,32908944.25602328,25059662.501319535,1255.5723991254654
338,GUAPR,USHNL,126287.18914230527,69704.50669430147,200233374.25448748,32788634.2832809,18267035.57100414,732.4586640889173
339,EGALE,SGSGP,126113.01839755841,90829.65810384999,199957219.5934016,32743413.37931481,18663151.024639968,565.9667280171763
340,INCHN,MYPKE,126023.10797378725,50636.66942323348,199827695.36650512,32722203.51596238,11869384.872146845,880.6185101828477
341,OMSOH,SGSGP,125470.67390285905,94079.83117834885,198938756.7827161,32576637.961605236,10207263.027002722,454.7616683909832
342,COCTA,ESALG,124733.88346489624,102227.59531156629,197770546.16282895,32385341.026596583,16224714.856323782,475.5081613214911
343,CNYTN,TWKAO,124125.77349569144,78098.45386592741,197031796.47244677,32264369.218000665,11077807.180092119,554.9684309051603
344,DEBHN,ESALG,123972.81697909905,92572.39796897094,196563844.9010608,32187741.168388113,17831671.306863476,540.3275012063255
345,ESVAL,USNYK,123451.04168904647,42156.759321037556,195736549.3721999,32052269.793343823,15342251.244549,1124.2448850721184
346,MATAN,USCHA,123254.77068067528,16070.62631541748,195425353.86186028,32001310.876943823,15133747.778655924,2932.994503791079
347,CIABI,SGSGP,123217.7918905471,56102.810482377434,195366722.5155337,31991709.87122039,23101553.524176046,982.0054097414941
348,CNSHE,KRBUS,122590.6222904295,75200.61180020196,194399245.5581527,31833283.493743733,11009923.435475186,569.71886137107
349,BEANT,CAMTL,122493.26029393585,23346.804121642414,194217948.77744702,31803595.766303554,15408997.754820889,2022.2293927312526
350,ECGYL,PECAL,122213.10398999706,58061.27090128236,194026541.24918845,31772252.38278168,16714368.27726072,835.0940292450869
351,AEJAL,PKKAR,121723.82375482787,46830.26432238099,193032380.1875984,31609456.42736955,10359331.672504338,896.1894344853458
352,AUADE,AUFRE,121429.033214246,46832.49593332806,192530574.3051308,31527284.663433146,17259647.70242269,1041.7324849674928
353,ESVAL,LKCOL,121275.55187620377,74544.94937943127,192287223.52339268,31487435.46339509,23396739.533499118,736.2561173331222
354,ESALG,MATAN,121205.73958596117,34901.54881341785,192305643.32532972,31490451.744529705,18546881.05248385,1433.670839781665
355,AUSYD,CNNBO,121181.6338819574,72831.94884936542,192138312.79841033,31463051.020389605,14355678.03429674,629.1020599963742
356,MYTPP,THLCB,121175.43700074346,38485.94652901722,192140244.87564325,31463367.402081884,10495189.994761422,1090.2306213310317
357,GBLGP,MATAN,121134.29046820097,84328.25286727479,192107538.36064422,31458011.641769815,18218686.28685256,589.0872422888816
358,LKCOL,OMSAL,120992.40657101679,45614.15646110187,191838285.3512237,31413920.897714622,12250508.008339625,957.2560865679872
359,CAPRR,JPYOK,120967.67543292769,29291.64163219238,191799073.14559644,31407499.816940553,14737612.818715934,1575.3679228733172
360,KRBUS,USSAV,120936.01276033248,93608.60286884675,191748870.71560562,31399279.063915588,17372970.802310165,521.0231578240691
361,MYTPP,NZPCH,120912.38994776516,54052.16227049293,191711415.80428913,31393145.743764333,16782130.111157555,891.2737961127
362,BSFRE,PTSNS,120789.3311643202,9428.07391316332,191516301.19600475,31361195.31812634,17091411.285681546,5139.183999836823
363,CNQIN,KRGWA,119672.31162429723,63179.062341331024,190254420.35227132,31154559.68783592,10412598.996061064,657.9261727457488
364,CLVAL,CNNBO,119546.79641852167,82300.20741673766,189546212.80881822,31038589.219748862,21763609.616005126,641.5803859203329
365,USHOU,USNFK,119042.71568809377,995.5439815685141,188746972.7098363,30907711.98008978,10898555.125708047,41993.39042754354
366,CNNSA,CNXIA,118537.36379090342,76018.91213410508,189050425.422502,30957402.99715879,10994046.388241135,551.8554292304698
367,KEMOM,MYPKE,118033.26696305159,44552.620078092885,187361077.68846563,30680768.768550083,12538152.539740827,970.0646389041939
368,CNDAL,KRBUS,118032.95402741326,36810.752942719286,187184534.06022176,30651859.37977769,10744185.987070523,1124.563940087399
369,CNNBO,CNTJN,117447.85158636836,84128.00203033717,186324238.23747915,30510984.137514174,10252566.081360854,484.5419983250689
370,CNSHE,USOAK,117367.26244661347,96124.448180192,186671799.5704692,30567898.03351603,12419233.965885159,447.20290012816304
371,MYPKE,USMIA,117333.79892380799,51779.93738898348,186037417.03473598,30464016.565018073,16506361.327741168,907.1153860211599
372,JMKIN,SGSGP,117074.31163434571,81188.52416993649,185625989.58989328,30396644.459477335,11159832.502734756,511.85161187595713
373,IDJAK,MYPKE,116879.58356288554,39066.10824616059,185454731.49303463,30368600.587536126,10369545.672977882,1042.8002196640036
374,MYPKE,USBAL,116575.21447997534,95487.74191140023,185306300.74394277,30344294.74158768,11692726.371369971,440.2347387370658
375,CAPRR,CNTJN,116574.5037129876,35486.452359064206,184833524.20007545,30266876.592628773,14107125.78719777,1250.449099020523
376,HKHKG,VNHPG,116196.41662146432,62824.505464869675,184242102.02523676,30170029.973177798,11789661.186882507,667.887329149346
377,IDJAK,MYTPP,115899.67846017815,62023.943758421476,183824095.97360355,30101580.60700081,10135395.290577069,648.7329482674921
378,MYTPP,TWKAO,115731.82235227365,92556.00036808115,184743213.2882073,30252087.991717163,10190953.016531602,436.95752676663784
379,CNNSA,CNYSN,115528.95348471531,61208.92184755938,183538432.36279052,30054802.59260704,10431581.51024441,661.4457971287692
380,IEDUB,NLROT,115280.09518527369,41628.23848901397,183148702.59654552,29990983.52736732,18053492.200207353,1154.131845868376
381,MYPKE,VNHCM,115026.30155113143,70885.91271020216,182836095.9926044,29939793.541435525,10542370.151191104,571.0889815036589
382,MUPLO,SGSGP,115005.41795138519,57083.699157878524,182345676.1556765,29859486.266296376,14237346.882502414,772.4943162292011
383,CNSHE,VNHCM,114778.75258440633,67914.31494806171,182283127.0717196,29849243.72283301,11218848.76758624,604.7045092308826
384,GBLGP,INMUN,114698.72150854627,78298.53388337122,182256775.94331363,29844928.67038248,22457473.66366309,667.9869946473339
385,CNYTN,HKHKG,114123.10816439976,78764.71968346431,181083196.37968203,29652752.559594166,11280386.949728163,519.6887600669737
386,HKHKG,MATAN,113876.65557275053,93303.5339344684,180785073.00224027,29603934.23232665,20670959.164631493,538.8316098752341
387,CNYSN,CNZOS,113860.21173491565,67950.27897801716,181446081.11851048,29712175.695386242,9842817.941487305,582.1167216939627
388,CAVCR,TWKAO,113835.19320255371,17650.481856915743,180490238.1521384,29555654.40829657,12634306.701487482,2390.300811717123
389,CNWGQ,CNZOS,113515.3601400865,55938.08254634733,180034726.83300793,29481063.476038285,9803771.34280901,702.2914091897585
390,AEJAL,LKCOL,113176.65465675273,53512.89726196364,179446099.027672,29384674.440444246,11627898.720737655,766.4053949538846
391,KRBUS,MYTPP,113036.46943983663,45811.383434162984,179223829.77617985,29348277.385124527,10099294.436679237,861.0866746361227
392,KRINC,VNHCM,112967.48567092483,89762.8598307968,179128874.17773095,29332728.207060266,10932237.601391545,448.5704431025411
393,GRPIR,ITGOA,112824.45376089157,65023.60321833293,178907898.9449846,29296543.050019592,15657845.79908438,691.3549330411362
394,CNNBO,KRGWA,112498.89522066127,46739.72357101787,178558223.08658874,29239282.896055136,10087639.912679283,841.4025544883635
395,KRBUS,KRGWA,112302.7051865865,54623.12507472717,178119143.21467867,29167382.647683397,10624806.055123305,728.4861246654965
396,SGSGP,SGSGP,112172.35397219204,23703.172958627685,177877914.86375773,29127881.000135604,9439292.574325567,1627.0890670113074
397,MXLCS,PECAL,112161.0487118248,87399.62178836596,178539903.00948632,29236282.945070993,15120349.353787467,507.5151515674284
398,SGSGP,VNHCM,112044.41713827763,42451.815683244524,177686990.2948174,29096616.702213313,10285676.04580891,927.6939540554487
399,CLSVE,CNYTN,111875.09194870884,91562.28554768486,178499523.89482763,29229670.78049975,17431335.38475517,509.60945203747957
400,MUPLO,MYTPP,111709.06962577022,77989.512890433,177119184.43914732,29003637.304474108,14259890.605483796,554.7351984457009
401,SAJED,SGSGP,111582.65480576656,68571.81851281943,177097894.24957213,29000150.99135372,17026733.63966455,671.2215838699624
402,NZAKL,SGSGP,111518.56197684912,39737.72736009906,176817126.96503744,28954174.760639966,16106254.026994267,1133.9457936107272
403,CLSAN,CNTJN,111331.36469622866,49423.48259534695,176520318.21187356,28905571.70585052,22286585.20043432,1035.786112553396
404,CNYTN,NLROT,111245.35947068814,78024.5290286364,177654760.62298205,29091339.025967717,22009432.312603466,654.932134480636
405,KRBUS,USTAC,111078.59047223051,70023.1319909354,176173784.96511185,28848826.161121164,12420570.434907535,589.3680477098779
406,MUPLO,ZADUR,110963.47181636859,55214.68866180297,175937009.3806383,28810053.66340235,19352464.47158714,872.2772744403409
407,BEANT,MATAN,110884.66962984428,70267.14862851049,177355876.73610216,29042396.163687352,18010328.668057676,669.6262158082455
408,SGSGP,USCHA,110651.11518251461,83043.35619344136,176263935.5557216,28863588.50909103,16308950.856898552,543.9633155091249
409,PACOL,USSAV,110547.96027244741,88597.05153450658,175783073.02089146,28784846.26218149,13044000.984696345,472.12459695215057
410,COCTA,DOCUC,110520.07239296488,57983.92896761583,175233981.91369092,28694931.443689156,14571589.527248098,746.1812564495536
411,CNYTN,USTAC,110255.86368783208,53142.13083148127,174994890.41887486,28655779.710802693,12692510.182077149,778.0698524114358
412,SGSGP,USSAV,109504.75807718179,69023.58817585239,173763039.521372,28454061.547084298,15914643.551430967,642.8049637969627
413,MXALT,USHOU,109347.58602690397,25647.118009572067,173374958.0258506,28390512.389626727,10555345.502502032,1518.527652018964
414,TWKAO,USSEA,108919.81204602306,15302.901768082445,172696705.32110837,28279447.08909808,12521897.827950636,2666.2488941900456
415,MTMAL,PACOL,108799.66367890307,89168.45751644998,172506205.29396394,28248252.310783777,15177770.11837524,487.0110310156222
416,DEHAM,USNYK,108691.70930500267,47266.92913392806,172335039.32932088,28220223.52568578,14951978.38875608,913.3701449509438
417,BSFRE,ESALG,108562.01539101024,9125.506580903302,172129404.4569688,28186550.38477935,16406558.547613664,4886.64476180553
418,CANWE,KRBUS,108113.51449954993,79732.60887303625,171545308.92253876,28090903.51803583,13237192.178941697,518.3336690109703
419,ESALG,USMIA,108057.97973253387,34560.23371553668,171330235.82136336,28055684.847397793,15137853.00003807,1249.8045644875965
420,CNWGQ,JPYOK,108001.49392767946,72304.58539971955,171298539.4276582,28050494.49656259,10804897.548614413,537.384895167765
421,GBFEL,TRALI,107873.99498543916,55932.73778235322,171038520.6682086,28007915.88027483,16016907.133324288,787.1029518510168
422,CAPRR,KRBUS,107719.17363679722,46243.436950739946,170793045.24622992,27967718.765948806,14031602.416463038,908.2223111390039
423,BRSTS,ESALG,106812.49625610608,14324.701668651891,169355472.10417962,27732313.153944053,20021848.42074572,3333.6932718951316
424,INPPV,MYPKE,106795.4745370803,51234.66914103197,169328483.4899006,27727893.71184704,11641712.695203843,768.4173054514996
425,CNXIA,TWKAO,106400.7235634205,53029.79548219415,168765849.74893537,27635761.258720137,10792057.202888899,724.6457979365953
426,GHTEM,MATAN,106334.81402282284,38260.2519318894,168598087.87509567,27608289.900618684,18874904.567055956,1214.9212856837341
427,BEANT,ESVAL,105758.67679971392,16201.153158046358,167684599.33361965,27458704.239287533,17620438.02576951,2782.465039698013
428,CNQIN,USSAV,105752.28645338719,74289.37036094475,167674467.18469507,27457045.078686416,16999533.580254268,598.4244911882078
429,NLROT,ZACPT,105729.81980348943,83319.72999540146,167638845.4153947,27451211.939378537,19359272.079688694,561.8175193516682
430,INNSA,PKKAR,105706.09167002155,55850.331270210554,167615354.44540778,27447365.24385773,11665341.396148428,700.312885357371
431,BEANT,USCHA,105358.4147140967,56863.40161239149,167049967.83589137,27354782.00274161,14569036.153762003,737.272427743185
432,CNWGQ,JPTOK,104573.40894405605,68762.278299739,165836237.04970372,27156031.045191016,10813174.989359273,552.1807446379275
433,CLSAN,CNNSA,104539.41647445974,42825.44251010994,165981980.51161346,27179896.84223674,16061165.36837106,1009.7049715341468
434,AUBRI,HKHKG,104449.40557498253,54729.873700744436,165608697.59787938,27118770.983532142,15078101.972388644,771.0025640959377
435,BRSTS,LKCOL,104194.35996598823,75506.99930707016,174883714.75246733,28637574.46264859,27831111.98110231,747.8602905951185
436,AEKHA,ESALG,103979.08411882565,78662.47063363684,164862984.17445,26996658.84906907,20532504.638298504,604.2165101669669
437,SGSGP,ZACPT,103827.28645901251,81472.27824132796,164622302.93168303,26957246.791627027,15321585.901950331,518.9351961945115
438,MYPKE,VNHPG,103346.84857802092,49141.701506318364,163860549.5132724,26832508.074401192,11114658.803404007,772.198880271294
439,MYPKE,THLCB,103238.24090877885,34948.2417720276,163808690.9884859,26824016.132385902,10729340.377162235,1074.5420829612567
440,GBFEL,LKCOL,103167.95852333186,67584.8084405733,164212397.29509658,26890123.88537461,23777509.193616476,749.6896750627425
441,AEJAL,ZADUR,102775.48444447748,23886.47322159595,162954628.89563575,26684161.676444475,14655857.286949202,1730.687430491741
442,BRITA,MATAN,102649.6330988725,84128.10424735563,162755086.56868955,26651486.202604845,20831477.05136691,564.4126142954692
443,VNCMP,VNHPG,102460.3628167924,26315.828594652055,162485104.21989486,26607276.027700037,11691619.716020657,1455.355874734032
444,BSFRE,INMUN,102441.99152458862,4938.701668459868,162425862.57267895,26597575.083928134,19820787.50235944,9398.899893615788
445,CNNSA,IDJAK,102348.75164611207,47317.7760961267,162278027.0272904,26573366.703832347,11043957.47217257,794.9934946136271
446,ZACPT,ZADUR,102148.24027183402,60694.12207409791,161970307.3706502,26522976.965753373,20436703.491035055,773.7105151543027
447,CNNBO,CNZOS,102104.02628985349,80335.3915392443,161921046.32151243,26514910.365814164,9881926.907073617,453.0610553520202
448,CNXIA,VNCMP,102087.53138559396,53098.90267888864,162027564.1612654,26532352.885101017,10896595.501663096,704.8911841570941
449,USHOU,USMOB,101773.39906722648,37972.63362743993,161365782.5705192,26423984.76397648,10895530.190354047,982.8002798142122
450,MTMAL,PACRI,101514.8073258337,79580.7340324357,160955775.0528519,26356845.174483754,14705396.902867978,515.9821981613727
451,BRSTS,BRSUA,101461.59082839054,69756.17379778158,160883561.1125086,26345019.990550824,22058370.897405233,693.8940061172822
452,CNQIN,SIKOP,100997.27216663423,8277.388613117684,160135202.42053944,26222474.687825687,20409690.515918177,5633.680787904897
453,AEKHA,MYPKE,100912.97387733392,80469.53334128877,160001544.12134755,26200587.861478955,9831264.825649396,447.7701210756304
454,GBLGP,NLROT,100694.73291231606,52455.17030986248,159699838.89373603,26151182.99874646,17688498.605277907,835.7552047787699
455,TWKAO,USTAC,100688.26497730434,79118.43458482256,160576837.02842972,26294793.2795633,12512229.0147599,490.49279725976305
456,AEJAL,CNQIN,100528.96064411945,52852.48477819177,159413767.0166299,26104338.12989236,9965990.778174529,682.4717713735645
457,BJCOT,SGSGP,100505.92203745035,82371.19248637719,159356147.19747955,26094902.76386198,23283785.894989323,599.4655069127197
458,PKQAS,USCHA,100432.43698562245,47034.838096326755,159239633.7174924,26075823.437557887,18486870.638028696,947.4401503056681
459,ECGYL,PABAL,100407.44940171024,14806.549239763513,159202170.09899166,26069688.69158698,14553164.683475342,2743.5733145686777
460,CGPNO,INNSA,100379.46620503551,80397.8365128019,159155646.43259156,26062070.343802597,16733291.941107048,532.2949489828032
461,KRBUS,USCHA,100172.60675560929,61563.71054937308,158943563.05912703,26027341.247337118,17452457.922392454,706.2569617999145
462,COCTA,PAMIT,100130.5593952391,42609.92444560305,158760994.7601698,25997445.30612094,13783279.613952458,933.6023341430356
463,CNXIA,SGSGP,100052.43331551555,34526.117367196006,158637122.74538696,25977161.004336733,10062940.48366425,1043.8504018480642
464,LKCOL,PTSNS,100026.74258197751,64399.10623032995,158738009.58887932,25993681.436195716,24857439.51074737,789.6246380356412
465,CNYSN,MYPKE,99980.0484435921,74348.00070918526,166658464.58450446,27290672.525596578,9757169.71104972,498.3031404107313
466,AEJAL,KEMOM,99670.57379081254,34353.66318701244,158042253.51430854,25879749.92220905,12382905.557897544,1113.7867677113386
467,NGONN,SGSGP,99553.1240073173,70854.74466046983,157845447.9266169,25847522.595152546,22357321.77794525,680.333329886255
468,TWKAO,USMOB,99381.05342927699,16289.857782652061,157572623.1635912,25802846.96896596,16810141.44117183,2615.921451169367
469,CNWGQ,VNHPG,99014.47385617088,64008.50114763198,156991396.6325842,25707669.90754009,10880101.130685473,571.6079955354359
470,IDSUR,SGSGP,98799.79763652771,25842.418622159697,156651018.92584068,25651932.345377196,10482674.641393853,1398.2672254904915
471,SADMA,SGSGP,98485.83411952882,54483.02864762884,156153217.24992678,25570416.278647978,9924009.383058237,651.4767358339756
472,FRLEH,MATAN,98200.14838342457,57945.42614448773,156205074.0384192,25578907.936341476,18212708.730280057,755.7389699305435
473,CNSHE,HKHKG,98195.4892842774,61281.98058163495,155810088.19688773,25514228.177768417,11304161.784963593,600.8028724477255
474,EGSOK,SAJED,97923.47152247188,33851.77575479286,155272454.19407105,25426189.484107852,13374492.267778521,1146.1933941941827
475,USLGB,USOAK,97901.33566098411,50891.5221132918,155293660.4834423,25429662.05839417,13200084.31287038,759.0605422504207
476,CNYSN,PACOL,97840.87900390956,80187.01499464223,155130615.19567078,25402963.051136978,18069275.20602418,542.1356345546195
477,INMUN,PKKAR,97728.95439211772,39632.61455145703,154961336.12226003,25375243.24842905,11313144.990100263,925.7120342362202
478,CNTAI,RUNVS,97515.52755741093,30936.91670458878,154614757.50342622,25318490.273927886,17586778.10965832,1386.8631057607042
479,COBUE,MXLCS,97434.34179136393,73695.03533340117,156632747.91489434,25648940.429078847,13435929.677381879,530.3596087529942
480,ESVAL,INCOC,97337.83862432464,31909.89616928074,154333024.61443576,25272355.923462715,23704692.106059503,1534.8545093879627
481,JPKOB,JPNAG,96930.98674908219,52069.629933980126,153703338.33669123,25169243.477043442,11612544.945420662,706.3961942710231
482,CNWGQ,IDJAK,96903.49190935011,69402.15200010725,153756949.23242873,25178022.373471078,10134988.000259347,508.81722476956986
483,ESALG,PKKAR,96846.46851008953,18675.77185866881,153553937.7042802,25144778.81067074,21090231.40746036,2475.66797067453
484,BRMAN,BRPEC,96544.33276548998,68914.80901277166,153074889.43315357,25066333.653241362,20904148.571350526,667.0624628165536
485,CNWGQ,JPNAG,96465.0153819189,45176.80260111339,152949128.55861565,25045740.046717364,10607064.441859644,789.1838827854174
486,GTPQL,USPHU,95882.1084778053,37767.93640233639,152024906.4179567,24894396.73604598,14487425.080692662,1042.7316281517149
487,CNNSA,CNSHE,95597.11362213432,62840.668568649024,152287366.81914696,24937375.176281083,11303571.200679785,576.7116614516947
488,FRLEH,PTSNS,95464.69620661826,44862.57420362483,151657087.77480707,24834165.663090687,18869402.227880187,974.1654077317679
489,TWKAO,TWTCH,95264.18677220566,38888.995654007806,151126657.40513158,24747306.57943997,10754974.099652603,912.9132825890758
490,KRBUS,PHMAN,95205.51981907325,56281.88977007266,150952148.11966583,24718730.318557005,11482901.389262946,643.219903519832
491,USCHA,USNYK,95103.32781293325,39542.67171771776,150977011.88909099,24722801.812860195,12290849.372541495,936.0432559951962
492,GBSOU,MATAN,94926.96397250294,70529.68659487607,150871814.38685578,24705575.5016064,18545926.65995154,613.2382582386256
493,USNYK,ZACPT,94916.92130410988,35355.13475668796,150577424.83166414,24657368.59555023,17046561.355148915,1179.5720830284833
494,CNTJN,CNYSN,94822.8617282866,68152.71494328092,150405015.9562666,24629136.281213775,10213457.115774544,511.2429259199071
495,AUSYD,CNSHE,94753.16837823817,21031.950793802094,150234926.87210745,24601283.83754979,15188558.759145806,1891.8759836781885
496,MTMAL,SGSGP,94725.86923050045,65070.69757349592,157353924.73003188,25767034.642559323,20286939.20631797,707.7528836518211
497,MATAN,MYTPP,94708.59182210334,58201.674865077446,150320850.49077213,24615354.010013208,21043862.728335995,784.5000482236285
498,SGSGP,USMIA,94482.16288870413,77434.32693383728,149805236.86174744,24530921.19866739,16012403.534962963,523.583355586884
499,ESBAR,ITGIT,93962.28838624943,47943.82356384552,149256986.84641013,24441144.110728733,16798002.71600979,860.1555687735552
500,ESVAL,PTSNS,93838.69563225839,40209.039003914324,148805368.305959,24367190.6291299,18841843.14826356,1074.609959546337
501,MXALT,MXVER,93702.84839001039,16153.091012165052,148569602.64786807,24328583.508970827,12388489.49012869,2273.0679206504515
502,FRLEH,GHTEM,93678.15275970772,20598.274807953305,148530446.74125212,24322171.647277735,18512573.004384413,2079.5306913335776
503,KRBUS,VNHCM,93447.38622235823,64630.63440449991,148194583.28433692,24267173.30297618,10923134.185181197,544.483398815396
504,CNXIA,KRBUS,93356.72967606774,53305.36255603893,148133082.5556181,24257102.4298781,10700398.623036535,655.7970788804686
505,THLCB,VNHPG,93331.12255059721,59981.6654383335,147985480.02107677,24232932.205796424,11891318.395476284,602.2548780078749
506,ARBNA,BRSTS,93102.80668301282,37390.61335631256,147678452.12386033,24182655.744771503,21679506.893757094,1226.568877099894
507,USNYK,VNCMP,93034.87897134671,45721.81168144666,147910177.61883473,24220601.279760946,18149891.526251163,926.7019666940608
508,CNNBO,JMKIN,92889.3504615764,76128.91272172006,147279769.2430258,24117370.5882717,17147251.892511196,542.0361463931671
509,CNTJN,HKHKG,92655.14610542508,50716.096539310216,148335654.184484,24290273.958249845,11083970.573293282,697.4954096501577
510,BRRDJ,PTSNS,92619.6987795503,73377.6516397303,146852225.74845457,24047359.445844088,21760570.00001512,624.2763078705086
511,BEANT,SGSGP,92524.55050217596,75768.78740739413,147241959.13837063,24111179.104467526,21521956.050779287,602.2682520955002
512,USLGB,VNHPG,92183.25219834255,71772.70795664674,146160222.2900627,23934042.430613954,12571987.766784362,508.63386984714657
513,ESVAL,USHOU,91751.67697036712,23275.111695160176,145475942.55647233,23821990.19149202,13617275.791350413,1608.5536547877252
514,MYTPP,VNHPG,90865.51228460691,33265.89608671352,144070893.11020598,23591910.40277008,10880508.421003195,1036.2690586754295
515,TWKAO,VNHCM,90852.66342165864,41569.01133572638,144573278.83632448,23674177.117318396,11014792.76503356,834.4910972789629
516,BRPEC,USNYK,90626.24103192128,14147.456413327627,143691518.99781397,23529787.097531483,17471460.291581985,2898.13562178486
517,PAMIT,USNYK,90416.6734080742,26862.11701392051,143359241.17341715,23475375.908062413,13262547.403998092,1367.6481005954276
518,INKUP,MYPKE,89752.06361791865,24781.471280093978,142305475.84892762,23302819.629800946,12807459.886867112,1457.1483310465946
519,PACOL,USNYK,89393.24036161262,69992.55828104616,142096222.01178864,23268553.87583326,13734262.250871584,528.6678617764587
520,MATAN,SNDAK,89219.01207565414,21714.670661779128,141460301.37252915,23164420.539662395,20613684.039392773,2016.0611809835452
521,USCHA,VNCMP,89202.32992843428,73107.15766609748,141433851.1628893,23160089.26245236,17462933.289206218,555.6640943038193
522,CNSHE,CNWGQ,89098.74207735973,40472.26747538992,141341466.34869358,23144961.05569227,10394601.72876656,828.7048113835807
523,COCTA,JMKIN,88852.99916155946,46524.10447729815,140884593.91560566,23070147.23817355,13405540.165887708,784.0169695659569
524,CAVCR,CNYTN,88701.12480812221,51148.93540308726,140737221.76115066,23046014.739313383,12814587.868804732,701.1016422045343
525,BRRDJ,BRSAL,88648.19217388878,47297.59414929679,140555243.6560786,23016215.443581652,22879303.402418666,970.35630821156
526,CNDAL,CNQIN,88643.13382201557,46157.089791306425,140603920.62531367,23024186.399213843,10531978.928008283,726.9991561197245
527,AEJAL,SADMA,88375.97193826825,44962.45547835302,140138659.74091762,22947998.955229662,10025456.506597152,733.3553096916992
528,KRBUS,VNCMP,88345.725343056,32485.80104235115,140148268.97882688,22949572.488057148,10910405.731696703,1042.3008555525907
529,NZAKL,TWKAO,88227.73581525129,41084.32607609816,139888593.33320323,22907050.0573768,16835370.74621892,967.337780592606
530,MYPKE,NGLAG,87997.8592481501,31552.506552003873,139524114.86943093,22847365.945788223,24245324.249053687,1492.5181971589222
531,DEBHN,USCHA,87995.64104411876,37151.798460920516,139520597.8184854,22846790.021331884,14418538.033035554,1003.0558303541171
532,INNSA,TGLOM,87794.97381264996,61580.43194210589,140306646.1118025,22975507.075192314,15599199.29088656,626.4117536938427
533,GBLGP,ITSPE,87582.6806439928,16113.821179372408,138865832.6367414,22739570.85187243,17222194.36219131,2479.9682688063776
534,USHNL,USTAC,87530.83362343548,0.0,138783627.11817896,22726109.526085723,16841954.476935763,
535,LKCOL,PKKAR,87004.44474566217,22769.934227852013,137949016.5620139,22589440.30000415,12345043.571838599,1534.237364160286
536,KRGWA,VNHCM,86996.14343211631,47380.282270274394,137962463.52509537,22591642.268364027,10833731.387234358,705.4701249968896
537,CNMWN,MYTPP,86978.2775045162,52989.73782712505,137912734.9080054,22583499.10319365,10393718.851310331,622.3321591454107
538,JPKOB,USOAK,86908.99306031973,71227.61774675641,137797674.10864073,22564657.656383112,12513678.180332508,492.4822273494193
539,CNSHE,KRINC,86822.44298679676,53855.843401610546,137660445.51577097,22542186.18697114,11019026.851685535,623.1675324140042
540,FRLEH,USNOL,86816.4867853938,37947.6281544274,137651001.72093514,22540639.74579333,14716355.279955262,981.8003611222213
541,LKCOL,ZADUR,86761.44087166691,26335.810760862194,137563724.22969228,22526347.8738605,16641569.186283465,1487.2493357353417
542,INCOC,NLROT,86497.21563535236,9452.01855333516,137144784.5811834,22457745.629240353,25183924.432926998,5040.369926628731
543,CNDCB,COBUE,86128.72883858987,35294.07003065412,136560534.0710161,22362073.38489537,13224314.472997392,1008.2823496124066
544,LKCOL,USNFK,85983.79147106955,46979.56959082062,136330730.09524265,22324442.502698362,20974316.3794132,921.6508209681799
545,PABAL,PTSNS,85631.96723091172,70181.01135509477,135772898.73301366,22233096.44914475,16805510.447562825,556.2559749842303
546,AEKHA,GRPIR,85631.39018447275,70180.53842770567,135771983.80287418,22232946.627418727,19007633.697128717,587.6355646235196
547,CAPRR,CNYSN,85495.05569497358,44766.17993414867,135555820.0332544,22197549.357539285,13455327.308432708,796.4243703263847
548,AEJAL,CNNSA,85437.8445134546,31427.563419193895,135679151.18844876,22217745.09243342,10471845.602441367,1040.156701264029
549,EGDAM,ESVAL,85413.78029854786,14134.929006630597,135432630.43368882,22177376.802675746,15530488.785926884,2667.7081696635432
550,CNSHE,CNXIA,85409.9065854111,59068.199313191,135932106.14311805,22259166.995898195,10996113.20544158,562.9980359654077
551,CLVAL,PECAL,85203.76762199587,51068.41882932173,135110185.3827671,22124575.75045111,20097525.043723173,826.7751726421536
552,BEANT,GBLGP,85193.1146335176,36401.049510206656,135130268.8651379,22127864.46274017,17653974.66195864,1092.8761576927666
553,CNSHE,VNCMP,84790.3213798888,63791.516931245795,134825190.12278378,22077907.179905098,11206120.314101746,521.7625962693475
554,JPTOK,NZTAU,84734.72666809952,56981.05754988152,134350288.04201606,22000140.969828293,18039309.6639717,702.6800195617507
555,CNZOS,CNZOS,84668.24858343136,47597.547775672894,134262491.65375066,21985764.12742155,10123977.245965129,674.6091526546661
556,EGPSA,OMSAL,84385.84129899586,34579.86472764465,133797116.37703481,21909557.951455485,20310572.398400538,1220.9455034710822
557,INNSA,USNFK,84295.55944954557,34542.86878029975,133653970.90462275,21886117.580629684,19300828.9993092,1192.342964966139
558,DEHAM,GBLGP,84285.18042191488,35032.02442825697,133637514.54243676,21883422.81686536,17438522.788771473,1122.457130222814
559,MYPAG,TWKAO,84130.25966340634,59468.53035972017,133470540.03712174,21856080.392008413,10893624.525542555,550.7064781902418
560,CNXIA,MYTPP,84071.92999150336,57111.780259128085,133350024.4148971,21836345.706533235,10085484.206645632,558.9359982886692
561,CNMWN,THLCB,84010.68250920979,57685.381469879576,133407068.24157742,21845686.752590634,11404528.825783422,576.4062702044479
562,CNXIA,HKHKG,83963.0580120926,45356.98466636585,133138958.50175129,21801783.221325304,10994636.972524945,723.0732032804244
563,PHMAN,SGSGP,83831.3670223065,37227.228209271285,132985668.96722504,21776681.739088643,10845443.249890657,876.2974456651838
564,CNNSA,VNHCM,83355.57352446982,46028.121430487605,132197121.63542293,21647555.462443795,11216781.950385794,714.0056207260561
565,PABAL,USLSA,83278.22217676451,44572.71050893974,132040942.09095371,21621980.735027865,13296779.916663082,783.411200552577
566,ESLPA,ESVAL,83229.79357663332,24330.49212114594,131964156.61429098,21609406.952450734,19229996.251638398,1678.5276270098577
567,INKKT,SGSGP,83177.40518724367,32822.273290507386,131881092.73385708,21595805.068110332,13039261.792446202,1055.2305915560526
568,HKHKG,MYTPP,82914.6463411007,44594.42661303694,131469595.51470494,21528421.53688033,10393532.786167646,715.8283388201646
569,DEHAM,GBFEL,82592.2868732744,35940.12647126917,131287844.08232404,21498659.35927638,17403107.994966555,1082.404854232812
570,CNSHE,TWKAO,81655.21880959875,45200.2271151641,129596906.93042956,21221764.860165484,11101582.015327549,715.1147004889486
571,BEANT,TRGEB,81462.33482817959,1628.3835178367835,129161780.28885299,21150511.96153814,16698840.534764042,23243.512404610265
572,KRBUS,TWKAO,81435.3116392881,50150.335392768524,129146024.32658587,21147931.889727026,10805867.432922505,637.1602317789711
573,FRLEH,ILASD,81414.28089420836,16175.597789552276,129085588.86032718,21138035.455587246,15359064.871057771,2256.3061224369885
574,COSMA,GBSOU,81265.62699509738,14365.247096485518,128849892.1755151,21099439.629946996,17659537.044298045,2698.107203719976
575,MXVER,USMIA,81188.92078852822,20353.302717715076,128728271.42623787,21079523.97760304,12431282.368819464,1646.4554579270036
576,AUBRI,JPYOK,81127.79472365254,29745.32351585757,128631353.61289446,21063653.48274131,15489874.025153132,1228.8831717835358
577,CNXIA,THLCB,81120.30629431603,37319.094962681855,128697264.9578673,21074446.603485942,11096294.181118723,862.0450420026152
578,CNNSA,RUSPG,80917.78481529652,7368.603310435807,128298374.52877201,21009127.460523874,20186086.59276407,5590.640765658411
579,AUSYD,NZTAU,80843.73192755615,27124.742358620322,128191788.42478456,20991673.762825694,21503657.144644562,1566.6630246891586
580,CNQIN,CNZOS,80792.85085939457,39772.99820774649,128270317.19501305,21004533.013374332,10206885.990455396,784.7389035345783
581,AEJAL,AEKHA,80491.70573942596,36373.52444038908,127684509.6360167,20908605.79902344,9676017.843806112,840.8485048775876
582,DOCUC,PTSNS,80414.47285485697,65904.93264416611,127500353.34526235,20878449.82082554,17550449.221008293,583.0959459335029
583,FRLEH,LKCOL,80036.60058198021,30274.726865747878,126901221.7884576,20780340.773935705,24313472.810746115,1489.4870492027433
584,USCHA,USNFK,79690.77789014266,31435.911315999998,126361791.28750852,20692007.899944443,12025136.47072539,1040.7569878216868
585,TWKAO,VNHPG,79290.90983036329,47332.86962116951,125733847.6194209,20589180.809505172,11587081.417246463,679.7868475813027
586,ITGIT,LKCOL,79188.4237100453,58045.491302091796,129572665.53132427,21217795.280305296,22927507.490857862,760.529401696567
587,ECPSJ,MXLCS,79047.10992369831,59284.95076673387,125420934.76675408,20537940.674703315,14758500.106035238,595.3693192665041
588,CAHFX,USNYK,78916.92899574396,50274.328209703315,125895146.66866994,20615593.86654803,13860364.52875623,685.7567196422557
589,COCTA,USPEV,78894.35183084615,42362.8545603912,125090140.84484881,20483772.477374237,13549499.69740171,803.3753279363916
590,BEANT,PTSNS,78893.14446975655,33015.90351134663,125105614.77982323,20486306.36662566,18667022.165657807,1185.8929899897357
591,GBLIV,VNCMP,78876.29216570749,14365.398382909361,125061506.52561834,20479083.547645643,24161562.545671962,3107.5118770410827
592,CAMTL,GBLIV,78660.69795240971,3649.1093847447655,124719673.30332915,20423107.64176459,15822354.317208571,9932.687167586326
593,CNNSA,CNWGQ,78561.78697323421,45365.64500128838,124598136.24323754,20403205.693700004,10392534.911566112,678.8339635508659
594,CLSAN,MXMAN,78415.12285228648,35454.31685563407,124378067.42857413,20367168.96451827,16279059.86209457,1033.618246709762
595,KRBUS,KRINC,78186.9996874674,37110.691535176105,123982608.72124216,20302411.77318029,10723312.269280491,836.0319562639364
596,MYPKE,TRBAM,78173.37036260038,37373.117961920216,123946995.97685172,20296580.11172031,19398490.500538364,1062.1289519569739
597,CNNBO,MYTPP,77397.33978465472,48706.86346779047,122716568.55026907,20095095.04434557,9562128.294235216,608.892078591612
598,ESVAL,ITGIT,77241.12242385604,23991.621550246862,122532022.82035907,20064875.294670526,16720809.548119785,1533.2721369311448
599,GBSOU,USNFK,77237.43814907524,34815.629425386636,122463038.13076778,20053578.907309644,15437315.352021007,1019.3954509824725
600,AUBRI,CNXIA,77065.01142474756,8097.414026224832,122189648.68360165,20008810.812912725,14770053.392866628,4295.05816216661
601,CNNSA,HKHKG,77030.93967488338,50713.41201084518,122165143.68727927,20004798.06845632,11302094.967763146,617.3296529431782
602,DEBHN,DEHAM,76982.39607337341,30982.401746009586,122064731.465758,19988355.356938865,17079667.04925014,1196.4218497348493
603,USHOU,USNOL,76971.11384405395,26725.950511821076,122040770.3251212,19984431.669989698,10510812.983313788,1141.0349891883257
604,CNYTN,USOAK,76875.33130380843,52463.937217157574,122310257.30885276,20028560.72782822,12395459.130649729,618.0249058371118
605,BRSAL,COCTA,76763.35099245458,41941.732601870695,121711354.03909081,19930489.06341963,18028300.99679521,905.0362897626645
606,PACRI,PTSNS,76451.74795000571,62657.219780177504,121217294.98970304,19849585.859620385,16761480.939078882,584.3072343002633
607,AEKHA,INMUN,76429.23761694212,20878.97905946408,121197874.36490117,19846405.69164613,10629831.161402037,1459.6612586396468
608,CAVCR,KRGWA,76378.33276382525,54061.08969159838,121100892.28448588,19830524.67291682,12453245.32368828,597.1720174486662
609,CNYSN,JPYOK,76293.07945232285,37148.613664923934,121043593.660467,19821141.903261732,10843944.147292709,825.4705364552728
610,CNNBO,IDJAK,76154.30509808067,41822.730027001286,120755128.95277674,19773905.203389373,10213143.564523954,717.0036185718461
611,CAMTL,DEHAM,76049.25993258519,0.0,120579134.18833867,19745085.692214385,15193545.881633721,
612,BEANT,USWMT,76034.796071833,0.0,120556201.1603504,19741330.36086408,15437227.460161438,
613,USLSA,VNHPG,75926.96897103105,58078.653734555606,120385236.99228008,19713334.620377388,12573801.524035215,555.9208774359455
614,BEANT,PAMIT,75571.39014240107,29146.215924123237,119821452.58030929,19621013.742464047,15540734.1852186,1206.3915267498096
615,COBUE,PABAL,75549.51251188325,32721.76214969039,119994957.8605952,19649425.595396627,14199377.524353582,1034.443162471019
616,PABAL,USOAK,75451.62980451145,23009.32368004659,119631567.78898278,19589919.71030311,13627711.76043194,1443.6596195802567
617,CNTJN,MYTPP,74992.86708780138,61443.56165779713,119063771.04009873,19496941.803819183,10174817.80741397,482.91080156594137
618,KRBUS,VNHPG,74903.24986228684,32573.43969278869,118876498.47300898,19466275.528846495,11495422.837394098,950.5197688132115
619,ESVAL,GRPIR,74434.23289149934,44919.36735066873,118037287.45938551,19328852.968223665,16205955.038551452,791.0798860849518
620,CNYTN,VNHPG,74017.00729014583,34488.94228362762,117360360.62185238,19218004.781226616,11767362.584563712,898.4145443190212
621,FRLEH,USBOS,73927.60671175102,8655.502935356204,117215168.40296657,19194229.251380257,16546421.618199272,4129.240222839654
622,MYPEN,MYPKE,73847.52873644364,33399.29151371231,117153324.95135094,19184102.256690234,10155729.872019166,878.4567216542221
623,GTPQL,MXLCS,73606.14306202422,41092.0292089458,116904215.05227794,19143309.989130136,13371313.953351738,791.2635264895458
624,BRRDJ,LKCOL,73432.0945835954,40081.089244468996,116966380.12655872,19153489.650204994,18623161.66597515,942.505606216606
625,TWKAO,TWKEE,73223.0900317245,31274.172887561414,116163708.62475252,19022050.511148755,10677220.597141353,949.6420965333447
626,THBKK,THLCB,73039.83256125195,50885.0744647156,115927662.53328483,18983397.469437063,11565193.985669836,600.3448314945418
627,INNSA,USCHA,72702.60416066789,29792.27532158652,115272878.00962086,18876175.132697716,18687046.94047662,1260.8376388747065
628,COCTA,DEHAM,72598.05502877667,23799.546310052112,115107111.19197187,18849030.46922474,15472710.598710446,1442.1174513498545
629,BEZEE,MYPKE,72524.40792612397,49112.42485762662,119910051.64612538,19635522.025000364,23092748.102592856,870.0093764756963
630,CAHFX,ESVAL,72471.31132357586,36981.786848519914,114906153.99330246,18816123.307177972,16313372.29258249,949.913419371904
631,MYPKE,NZTAU,72378.4643352614,29659.448402486614,114758941.3909329,18792016.935305864,16944257.78698385,1204.8866936882623
632,PHMAN,TWKAO,72331.45635317039,41617.41256592776,114747250.5403229,18790102.534040146,11574559.969115308,729.6143760752452
633,HKHKG,VNCMP,72324.87198274684,35563.42029856509,114697098.02388914,18781889.954464663,11204644.081185108,843.1847607430398
634,PTSNS,USNYK,72224.04233281175,8221.158034685974,114514099.14826658,18751923.50541799,16388835.3844373,4274.429312949897
635,INMUN,SGSGP,71946.85415402724,39699.92080336854,114628873.81826133,18770718.097945105,10494553.015460404,737.1619519936762
636,DEWVN,MATAN,71770.84475512306,57090.885877478,113795536.31698596,18634257.33726725,18349232.335254457,647.8002417389614
637,BRSUA,COCTA,71623.28156857345,32611.09723129118,113561569.00043358,18595944.699300483,18261237.332983296,1130.2036779344662
638,CNXIA,VNHPG,71573.66476426572,43757.95361515914,113482899.5786677,18583062.4167681,11481612.607360493,687.0676651961448
639,CRPMN,USPHI,71527.20635434671,53596.55778685714,113409237.91715032,18571000.165461667,14641270.772506919,619.6717160465265
640,CLVAL,CNYTN,71227.22677858,58333.42694803354,113304672.44317715,18553877.350159127,16704068.82015558,604.4209643593256
641,INENR,LKCOL,71194.16650161408,25697.432136002903,112881189.95023637,18484531.205251437,14875412.041900596,1298.1819767280838
642,CNDCB,CNNBO,71191.27832901446,35576.34165579963,112882996.50070544,18484827.031673305,10706172.03622176,820.5171670071469
643,CNQIN,MXLCS,71164.43923002688,43742.942727922426,112834056.17572044,18476812.950985648,11242746.323988022,679.4138076129658
644,AEJAL,ESBAR,71152.67670381091,25917.459322586797,112815406.22135867,18473758.981909588,21421852.708053347,1539.3334351718004
645,AEJAL,ZAPLZ,71090.41931244082,42631.65326478206,112716694.64474522,18457594.754556604,15146767.231362652,788.2490922227444
646,JPTOK,KRBUS,70930.45363342765,28080.787751808843,112463062.68182597,18416061.989573378,11428496.696067896,1062.8105931151742
647,EGPSA,ESALG,70823.27803139813,34665.35757933154,112293131.49103874,18388235.401279643,15848891.489476794,987.6467251896912
648,INVIS,MYPKE,70671.56496362516,40881.173273962704,112096803.28105657,18356086.245822597,13086154.835508011,769.1129819250132
649,JPNAG,JPTOK,70582.80124177154,34845.37934885775,111924236.78098987,18327828.12011653,11936673.991566025,868.5370249147436
650,HKHKG,JPTOK,70514.3997960851,54512.241861865965,111803392.73202014,18308039.65407419,11722735.045556305,550.8996451793064
651,ITGIT,PTSNS,70500.94955802719,8436.96391764807,111978742.45662077,18336753.538625203,17767393.688008085,4279.281928788651
652,AEKHA,INNSA,70243.79616830472,22844.38624277414,111564130.37017977,18268859.941354733,10982027.567450203,1280.440945007101
653,AEKHA,ESVAL,70030.5678448633,50220.31148586271,111036257.87991643,18182419.71581345,21583606.28834575,791.8315284713746
654,JPNAG,JPYOK,69890.5861786882,34274.238221934414,110834880.38575588,18149443.729499992,11928396.550821166,877.5640784649826
655,ESVAL,USSAV,69804.19587224281,38616.15264197647,110677336.09044363,18123645.521275997,14651989.97837376,848.7545562481032
656,BRSUA,ESVAL,69728.00889782194,57146.67480463638,110556538.6044426,18103864.680017266,20193512.886855192,670.1593346909023
657,BRSAL,BRSTS,69687.4385491226,50293.91134173228,110492212.69878325,18093331.178279817,21825434.561217144,793.7097090791116
658,KEMOM,OMSAL,69592.98428884211,49906.51162444851,110342451.70261948,18068807.501588076,13005514.845499514,622.6506589145115
659,CNBYQ,CNFUN,69270.33336092644,55802.966007315525,109839146.7137611,17986390.255841352,10730823.062837392,514.618045838532
660,CNNBO,USTAC,69252.46744427906,7738.141926730238,109896199.20136704,17995732.720143452,11883404.292463515,3861.280562636622
661,NZAKL,USLSA,69219.91845766916,35929.165539063186,109750940.95079935,17971946.37747093,17822090.853007674,996.239035709369
662,BEANT,GBSOU,69059.89213565098,21383.460156397246,111606266.38750479,18275759.802416194,17981215.035057623,1695.5616430779978
663,KRBUS,RUVLD,69043.04982679481,11544.451907100773,109470508.68367657,17926025.006559838,11311250.684518455,2532.582397705256
664,CNXIA,JPYOK,68818.91985987891,22557.648681742125,109181606.22571029,17878716.624163214,11406409.025289433,1298.2348498563
665,CNSHE,CNYSN,68668.02507403617,48309.277371446726,108995007.42505033,17848160.67985414,10433648.327444855,585.4322512390758
666,CNNSA,CNYTN,68379.22925405156,48676.11802793572,108488822.8895002,17765271.902307436,11279796.365444351,596.7005883887973
667,BRSTS,CNYTN,68152.84946034416,55843.718799613336,108165519.48599501,17712330.29305004,27406557.653946616,807.9492003191783
668,JPTOK,TWTAP,67982.87494347792,50677.85824025707,107828059.8875136,17657070.577225007,11535507.945416335,576.0420731326719
669,ESALG,USSAV,67969.20010659118,26386.68111587566,107767877.13111015,17647215.524853148,15013721.380194178,1237.781165490977
670,CNYTN,LKCOL,67916.40027215704,43732.4744634896,107705716.71672055,17637036.62684523,12435849.48374064,687.655717622209
671,BEANT,DOCUC,67906.32966751757,46593.78634241887,107668193.5429167,17630892.12856874,16329044.098514242,728.8511815182949
672,AEJAL,PKQAS,67855.67254595825,16792.99273762249,107610850.42454287,17621502.07286987,10859085.633267255,1695.980469421041
673,GTPQL,MXMAN,67784.61727467904,45681.67664445042,107519731.2335301,17606581.11455595,13142111.682299724,673.1077984763754
674,CNDCB,TRDER,67587.64833869104,13848.12724998787,107162911.58822109,17548151.15052679,20674937.96838691,2760.1630479635564
675,CLSAN,NZTAU,67536.04643809084,26047.161345544468,107081094.71712516,17534753.466576476,22378330.571070265,1532.3391101300997
676,AEJAL,CNMWN,67433.58090541448,48954.177729541516,107236120.00079073,17560139.181369014,10472622.251867864,572.6326686173802
677,CNNBO,CNQIZ,67379.30970044502,35975.15700548893,106868763.70580405,17499983.818893474,10804213.161838965,786.770631088946
678,HKHKG,KRINC,67287.64447509492,42397.68264287546,106687243.49943697,17470259.505033433,11017550.618768899,671.9190377398952
679,BEANT,CAHFX,67074.47150307767,17897.83667756284,106349249.25174834,17414912.23928127,16138551.309976738,1874.7217417243194
680,CNWGQ,KRGWA,67038.76855831686,38336.720709089444,106299702.92506263,17406798.924546268,10009484.348414676,715.1441950657163
681,USANC,USTAC,66662.68001395512,0.0,105696337.42501207,17307996.56058489,17014769.737245243,
682,MYPKE,TZDRS,66563.76853491574,28573.609427178646,105572812.11829716,17287769.03297275,13232806.66120595,1068.1386183275865
683,PAMIT,TWKAO,66519.33865960756,44604.78478146365,105469063.99176717,17270780.06002539,17723571.496514518,784.54254914559
684,BRIJI,BRSTS,66405.7710727765,42678.62494247431,105992359.82269494,17356470.848017853,22295220.34903422,929.0761183261603
685,INMAG,INMUN,66370.94508048553,12087.819714619185,105235130.48431899,17232472.958370227,12760776.55402855,2481.278693801539
686,AEKFA,CNNSA,66357.66010925587,43504.28023053144,105249107.82233718,17234761.776736487,11330123.376670858,656.5994196902128
687,CNNSA,SAJED,66318.45568765495,38160.582403437154,105171865.26201676,17222113.145753365,11748467.390392613,759.17553432142
688,ECPSJ,PECAL,66314.12615146741,53903.958191972444,105541582.07608688,17282655.048171278,17683151.546792325,648.6686278294648
689,INNSA,PKQAS,66296.8041093911,34411.89909828978,105116226.58853827,17213002.196474876,12165095.356911348,853.7191588721784
690,ECPSJ,PABAL,66176.64986843195,26638.71787957274,105226039.34999056,17230984.266088907,15521947.953006944,1229.5235967122744
691,KRPYT,PHDAV,66027.14081673637,39303.54087912013,104688664.68485233,17142988.03951619,12686009.921765123,758.9392022724309
692,USNFK,VNCMP,65822.05053909635,53893.608282285924,104821802.1421111,17164789.57690583,18010386.070932336,652.6780590306059
693,CNDCB,MYPKE,65788.22617121245,31330.20124344978,104315836.5861414,17081936.657723926,10862574.144675687,891.9352475669778
694,GBSOU,USCHA,65748.65224664779,39377.74198262934,104247109.95187534,17070682.52746287,15104634.145655867,817.0939991255009
695,ESVAL,MYPKE,65725.08474122628,53644.84390052579,106409963.90120342,17424854.390254017,21368271.37670517,723.1473324611346
696,CNDAL,CNYSN,65722.59940594563,45576.15465031968,104216900.40613304,17065735.65109475,10167910.879040193,597.5415595958779
697,ECGYL,USSDI,65653.5219516959,53807.36562047188,104096277.0757823,17045983.328188404,15460064.897457052,604.1189315032738
698,PHDAV,PHMAN,65571.46575146099,19032.957461214166,103966173.69820991,17024678.62770017,13468069.873845544,1602.1024879441145
699,CAMTL,GBSOU,65393.90792394513,0.0,103684648.68232936,16978578.31689199,15944595.746714754,
700,KRBUS,MYPKE,65121.81103742249,28319.62112897998,103253228.21852306,16907932.31263453,10333444.81908005,961.9259031625246
701,BRRDJ,ESALG,64758.79180387597,4549.206480340233,102677646.74786106,16813679.641659796,21075717.26194724,8328.792519607356
702,ESBAR,FRFOS,64687.06166880308,25775.070244154875,103288332.63520806,16913680.73436841,17557491.798505742,1337.3842323743552
703,AEJAL,CNSHE,64386.84458950944,35807.698894540714,102087909.60759383,16717108.95014803,10473912.419641811,759.3624334775507
704,ESALG,GHTEM,64351.51943261499,41828.50522290667,102031900.16270015,16707937.28627398,18846745.326588206,850.0108340804697
705,MYTPP,REREU,64333.22712533545,48669.5053375408,102002896.98007838,16703187.954392737,14088942.066585645,632.6780970429782
706,MYPKE,OMSOH,64026.178753184715,39355.238382972704,101516059.54207183,16623467.304577794,10463957.132384917,688.2800244625696
707,TWKAO,USLSA,63371.15112999374,46661.71127429197,101273916.62194547,16583815.894407688,11884246.11956362,610.094684411106
708,GRPIR,MTMAL,63297.57402144336,16492.53266297035,100360827.68581474,16434295.669288525,15196455.142228846,1917.8831691833432
709,AEJAL,INCOC,63146.76676918254,28228.862945636556,100121716.77371578,16395140.756781332,12309193.610394528,1016.8434492900042
710,LKCOL,MUPLO,63024.79236343084,9486.722101453299,99955093.03675322,16367855.770976542,16324505.905375589,3446.1177766916867
711,AEJAL,IQUMQ,62968.32949962391,21381.94202032608,99844421.25637694,16349733.035215091,10297116.602099504,1246.2314981484653
712,GBSNS,PAALM,62892.21259237487,0.0,99718110.97570139,16329049.462285709,18464788.264919233,
713,ESVAL,MATAN,62878.69604795827,16469.067996169277,99705275.97689186,16326947.704356698,18185149.650663428,2095.570761080571
714,MYPKE,MYTPP,62743.42168760555,34872.92491478384,99498857.95849206,16293146.321645198,9718530.402689146,745.8989112010818
715,MMRGN,SGSGP,62670.47537161946,10813.03100446705,99372447.85679516,16272446.402814565,10906320.8459849,2513.5197742031305
716,MATAN,MTMAL,62656.04166891137,16786.897714882856,100419429.4949844,16443891.838240663,17175649.754340824,2002.7251111904504
717,SGSGP,SIKOP,62477.080459721124,32002.539727316722,99059902.42543383,16221266.43402079,20230104.717963263,1139.014948893881
718,CNQIN,SAJED,62475.69412047309,13357.2854002961,99057704.32927395,16220906.491172232,11242612.566125775,2056.0703941153492
719,CNQIN,KRINC,62266.37972760211,30472.87376704879,98738331.8417401,16168608.5776357,10511105.21021825,875.5233914532703
720,MYPKE,TWKAO,62223.13777550947,31949.745837446655,98909415.6589247,16196623.910915375,10425103.398932414,833.2375301291389
721,GTSTC,USPEV,62085.23026059808,2851.19791489301,98438608.30917722,16119528.221616693,12822191.425720053,10150.722787836625
722,ESVAL,FRLEH,62055.456628755055,25429.257595848652,98391401.02862701,16111797.930583881,17822818.08799189,1334.4713619997947
723,IDBLN,IDJAK,61955.435782730056,810.2639609171125,98232813.98879032,16085828.970760707,11068146.915449042,33512.506042444504
724,CNXIA,KRINC,61863.10656634427,40138.19009954044,98086422.33446054,16061857.030849017,10709502.039246885,666.9797268811684
725,CNWGQ,JPOSK,61862.075710109675,26630.317133550445,98084787.87079383,16061589.38400135,10501732.967514368,997.4842664584597
726,BSFRE,ZADUR,61673.401050223285,25272.697798367226,97785636.67389137,16012602.749145092,16981961.517853122,1305.541835313279
727,BRSTS,HKHKG,61551.346782059016,50419.90522316552,97817499.12788345,16017820.292699978,23220635.60079711,778.2334322094065
728,CNNBO,MXLCS,61334.610610243006,40214.187695493405,97248470.92158395,15924640.732485842,10917787.24060624,667.4865143701553
729,CNWGQ,MYTPP,61261.921390153366,42066.29708576393,97133219.26455265,15905768.032332776,9483972.729970612,603.5649087567487
730,BRRGR,CLSAN,61235.582325099436,18249.663435342492,97091457.62660447,15898929.476678146,22590167.975745074,2109.0305357568855
731,NZAKL,NZLYT,61185.4146206283,34659.361177075196,97011914.73066165,15885904.160920408,23257571.53474783,1129.3767215063092
732,HKHKG,HKHKG,61167.22265327799,32836.75038758956,96983617.46023707,15881270.423639491,11302685.552046958,827.8515886870599
733,BRPAR,BRRGR,60997.027816520786,39672.53838660426,96801097.50219066,15851382.398348676,23631309.810897704,995.2146702712125
734,LBBRT,SGSGP,60962.01140728581,42269.879152483605,96720246.07110508,15838142.807221496,18886994.42605325,821.5102084396292
735,CIABI,TGLOM,60919.638535704085,21564.307850724013,96731670.80525321,15840013.631359387,19613748.40357311,1644.0945974411206
736,BDCTG,MYTPP,60776.23125905439,49810.1061325594,96363138.1941563,15779665.644657824,11508506.747849705,547.8440925198121
737,INMUN,USNFK,60551.97722642265,21268.420821539243,96007574.48299135,15721441.34247443,19009066.236176796,1632.961274843616
738,GHTEM,ZADUR,60537.19158902987,19845.67898041512,95984131.26530817,15717602.466493346,19422148.296827666,1770.6499635512084
739,BRIOA,BRSTS,60524.59919355142,32544.583621541504,96015604.89207736,15722756.338776354,22488716.15036154,1174.1269433186244
740,ESLPA,SNDAK,60506.70790216239,6592.78568575001,95935798.16420229,15709687.819987297,21658530.64036774,5668.04689876764
741,USSEA,VNHCM,60467.35914518262,49455.23954167999,96767699.49593836,15845913.404896038,12639164.580209326,575.9769490368892
742,CAHFX,CAMTL,60453.36817196615,13001.301068151273,95851225.89498359,15695838.933825118,14101932.02163387,2291.906848342533
743,ESLPA,LKCOL,60192.193089307344,24665.72428084903,95437122.38672481,15628028.617296848,25288565.364108622,1658.8442129458952
744,TWKAO,USSAV,60160.713341940515,49305.64884485342,95387209.99197799,15619855.358150367,16797612.537224058,657.4797950105102
745,FRLEH,NLROT,60140.613152006496,27439.54513470113,95566173.10451223,15649160.942541232,17682521.048705403,1214.7315790994683
746,MXMAN,USLSA,60108.72492349082,47231.57532220907,95304780.28141877,15606357.320454773,12304129.798639365,590.9285669320067
747,CNLYG,MYTPP,59940.17233397678,1142.4395588302623,95037533.42948593,15562595.088888686,9799006.00084975,22199.512345060986
748,GBLGP,MYTPP,59573.753282424615,40687.163828134464,94456561.41180372,15467459.70455265,21647986.781328533,912.2151311076761
749,ESALG,GRPIR,59529.1660676487,7623.133507503472,94385866.60480212,15455883.281885184,16567686.44037187,4200.840729174711
750,AUMEL,CNNBO,59524.952913171146,46216.99088687816,94379186.48037283,15454789.397523029,14168780.95302219,640.9670941808522
751,CNBYQ,CNNBO,59480.712575166996,48284.90376773624,94404500.05435133,15458934.548263628,10317523.86214505,533.8409399012284
752,COBUE,MXMAN,59271.32831437447,48567.20764944258,94061556.98200053,15402776.902111176,13206727.406329865,589.0703973541993
753,EGPSA,GBLGP,59265.54606973476,22551.28598183406,93967886.5859121,15387438.178624399,15520696.723845508,1370.570836952164
754,ESBAR,ITGOA,59195.370357218875,19660.375951253005,93922370.65899815,15379984.850290887,17324342.936798196,1663.4640084288294
755,THLCB,USSAV,59138.74769926933,41544.069427283495,93766842.71328574,15354516.823535703,17506935.027252395,791.0022369933455
756,AEKHA,SADMA,59017.69457171534,29199.01728564045,93653636.36516018,15335979.046998424,10059287.52899987,869.7301805594406
757,CRPMN,NLVSG,58768.98720836322,0.0,93180572.71026354,15258513.883007308,17999191.13543367,
758,JPKOB,KRBUS,58756.70712465128,20738.83001850145,93164846.89624396,15255938.748034857,11104367.649922533,1271.0604394963907
759,MYPKE,VNCMP,58556.186808418024,35805.87825638837,93000049.00587521,15228952.748432767,10529641.697706608,719.3956886546584
760,COCTA,USNFK,58537.62428008036,43270.28150869653,92830132.02415374,15201128.4869033,13144262.788860999,655.0775795176512
761,ESBAR,GRPIR,58388.263378890086,20648.901529878112,92576919.89676562,15159664.470867349,16283148.206441453,1522.735368359055
762,AEJAL,CNDCB,58369.860600555796,37585.02028931963,92569451.30621758,15158441.473527355,10707327.162832404,688.1935525709938
763,DEHAM,LKCOL,58176.04082156385,38092.775590907164,92797072.35417047,15195714.896723125,23800423.340038385,1023.7148023960212
764,BDCTG,CNWGQ,58111.088985424365,41939.17897189301,92137448.84322873,15087700.16568516,11508099.457531983,634.1516518728523
765,BRRDJ,FRLEH,58049.02544785778,44176.76915694239,92039044.62955092,15071586.269656446,20741544.93974345,810.6779172141395
766,CNGLA,CNGLA,57806.97057806268,29589.844125479573,91945840.61931573,15056323.917829659,12387113.846828332,927.4613833138334
767,VNDAN,VNHCM,57682.78464836405,21608.81955038572,91619149.62949045,15002827.58421941,12546452.119318495,1274.9090545784184
768,AUADE,IDJAK,57586.58234935445,26815.897574467508,91305822.65634128,14951519.636321481,14943512.898056341,1114.824982134556
769,GBLGP,MUPLO,57295.19167414013,10434.925770788377,90843811.12119886,14875864.280081075,27664417.825194336,4076.721103696113
770,ESVAL,ITGOA,57239.650828532285,28471.204169724573,90930673.50696452,14890088.177622868,17247149.768908195,1128.762863521763
771,GBFEL,TRTEK,57089.37616508035,0.0,90517482.42441787,14822427.272715395,16996542.917064447,
772,JMKIN,PFPAP,57067.02547692227,46770.16881087858,90482044.51707985,14816624.24118882,18580871.779216684,714.0768756993958
773,FRFOS,ITSPE,56987.450811726936,35682.02321888376,90454785.08082442,14812160.451426124,16873697.34824266,888.0061986759732
774,CNYTN,USSAV,56877.90706281085,46615.17387151884,90182189.73015831,14767522.391993765,17471472.66150902,691.5987301122203
775,PTSNS,SGSGP,56699.33422688193,46436.00828582403,90189283.57742524,14768684.024336837,22802014.9888328,809.0854576025048
776,CNSHE,CNZOS,56675.345539165,33260.93773084143,90585182.64281698,14833513.325229125,10714807.631922679,768.1178794145045
777,CNQIN,USNFK,56574.91582549607,46366.85268780548,89701785.0412178,14688855.11830729,17384640.440818816,691.7332900527333
778,MYPKE,TGLOM,56571.32598981547,24285.85792396142,89696093.21359675,14687923.069616782,24105128.3082191,1597.3514915263124
779,TRMER,USSAV,56476.35079591228,29352.143336153153,89545506.25640127,14663264.140076699,12333365.901227172,919.7498708059256
780,QAHMD,SADMA,56467.43778742582,28840.903895348103,89737765.61608337,14694747.01277774,11232128.254593061,898.9619521443875
781,BRRDJ,ESLPA,56370.010376661165,46198.91923845911,89376899.2812132,14635654.39485997,22148723.10338996,796.2172731440896
782,AEKHA,PACRI,56228.93603628793,11520.824891849228,89153220.28902477,14599026.491549518,18794296.44391189,2898.5184002828278
783,CNSHE,IDSUR,56108.34533468163,35873.363391514205,89014618.43063569,14576330.14703341,11415847.363171184,724.5536814190389
784,GRPIR,TRBAM,56040.12235414004,15544.860322748402,88858799.33377989,14550814.443668881,14397187.723621592,1862.2233694134818
785,NGLAG,ZADUR,56022.424389315944,19854.72420902552,88825787.83782455,14545408.742086647,19136451.71448414,1696.4154274809698
786,GNCON,MATAN,56018.438586353484,15093.416588258195,88834026.54676296,14546757.84792554,20734840.27281664,2337.548819012206
787,CNNBO,USOAK,55963.175425356414,37495.971716500295,89059672.19995697,14583707.796093456,11586353.241036095,697.9432680127951
788,CNMWN,KRBUS,55944.470165645485,32368.962333828225,89056655.3933463,14583213.787694363,11008633.267701238,790.629208050022
789,CNRIZ,CNXIA,55859.59888824845,37092.31383334071,88567621.51299897,14503133.465847202,10446882.719691196,672.6465298886769
790,CNMWN,TWKAO,55754.7545278555,38960.41693157825,88426923.94139941,14480093.94390487,11100291.847553601,656.5737177911211
791,BSFRE,LKCOL,55658.535322924814,7602.6364643570205,88248827.21250169,14450930.231648518,21986470.517232787,4792.732221211491
792,BSFRE,USMIA,55646.98998500684,6345.232226056633,88230521.61884706,14447932.652359277,13025689.735635638,4329.805657100264
793,IDSUR,TWKAO,55638.471783531095,43616.79386106251,88217015.67073266,14445721.02507676,11211791.360618504,588.2484729947146
794,MATAN,TRYAR,55634.8329989137,0.0,88211246.23262042,14444776.267505817,16779428.114828438,
795,AEJAL,DJDJI,55540.390760154514,12203.335317219477,88095644.32431014,14425846.212972462,11819302.972122181,2150.6537764361447
796,DEHAM,MTMAL,55516.51210865706,16646.129799041424,88023643.7429159,14414055.96701417,16395486.256259738,1850.8531769978204
797,BRPEC,BRSUA,55480.497313759195,41129.97113372479,87984347.39389475,14407621.107583167,22322721.933888175,893.0310921456993
798,USHOU,USSAV,55471.19407924465,0.0,87951790.20016591,14402289.798941743,10474006.761348914,
799,COCTA,MXVER,55220.36557687098,17485.54702688349,87554091.60753286,14337165.821695834,13518144.225105176,1593.0476755445127
800,GLNUK,ISREY,55210.34116537881,45248.4942894947,87538197.5033753,14334563.128860923,20786920.95309349,776.1912221266672
801,USLSA,VNCMP,55137.73954910464,37647.09122361079,87533709.99286921,14333828.28961959,11988784.418337816,699.1937983099446
802,USBAL,VNCMP,55117.1145532489,45172.08896872421,87390382.9923084,14310358.193179345,18952413.264892817,736.3567241953832
803,ESALG,ESVAL,55095.61882113315,9166.697284117785,87356300.65186799,14304777.138570543,18156990.41019568,3541.271904441468
804,PACRI,USSAV,54966.42416475948,10987.46056482506,87151457.37237906,14271233.622652894,12571627.769189084,2443.045072468878
805,AEKHA,ITGIT,54917.40699592785,33756.31164919348,87073738.69657181,14258507.02676191,19956556.2470894,1013.5900992213051
806,EGDAM,MYPKE,54865.75046930766,19271.176980850167,86991835.21374293,14245095.159958977,11609199.674284233,1341.604348293553
807,PTSNS,USBOS,54816.30623994514,8695.269064713853,86913439.41643433,14232257.68400439,17565446.678470943,3656.8971156410953
808,CNNSA,VNCMP,54792.25201590557,34661.0646046581,86910859.72467414,14231835.254077293,11204053.496901298,733.8461481520754
809,CNNSA,PHMAN,54705.64361813567,30039.934881981222,86750319.43056463,14205546.444777217,11776549.154467542,864.9185060261077
810,IDMKS,IDSUR,54636.14858586953,16245.007694771075,86627792.27187178,14185482.36599361,11914000.6944207,1606.6156169821443
811,ARBNA,UYMON,54619.590683696675,32644.240148541678,86737428.85733926,14203435.586421251,21940067.020029515,1107.1938707100037
812,QAHMD,SGSGP,54608.62766072189,14320.333577376114,86622367.3555528,14184594.024587676,10747411.44586039,1741.0212782917804
813,KEMOM,LKCOL,54588.45888311476,12045.067188885008,86552178.34646386,14173100.42738745,14368617.457231805,2369.5773080416757
814,CNWGQ,TWKEE,54462.60286170143,15298.126786907667,86352628.60583705,14140423.739542093,9970240.310580363,1576.053355156964
815,BRPAR,COCTA,54427.28610596678,17842.691731837152,86296632.48131722,14131254.256907156,18416908.962099757,1824.1733763146524
816,INMUN,PACRI,54286.85189530962,9887.029841511387,86073968.44031967,14094792.553979317,19920714.920794416,3440.4171950566233
817,BRPEC,BRSAL,54238.70377329662,30630.909638805966,85997627.67289776,14082291.5934715,22089785.59770009,1180.901175241155
818,INKKT,MYPKE,53843.75977210108,14709.497080597774,85371428.21008573,13979750.120298127,13295955.897828396,1854.292221459014
819,CNWGQ,JPKOB,53810.08615559449,20553.0272810805,85321215.13120179,13971527.623494618,10489045.94321391,1190.1202305718248
820,CIABI,GBLGP,53709.04642186872,13544.026098212702,85157834.82141861,13944773.755681548,19072818.3874091,2437.7974395255865
821,DOCUC,JMKIN,53509.44384977219,23351.096031493293,84841356.98394196,13892949.847152706,14046421.792504337,1196.4908029145872
822,MATAN,NGLAG,53311.17031668751,28450.60417282686,84526986.39081576,13841471.004298408,18589207.98471243,1139.8942107523094
823,CIABI,MYPKE,53201.51276747982,19819.14896111847,84353119.97380659,13813000.014471244,24504719.713638246,1933.3685721461513
824,BRMUC,ESVIG,53159.93210184361,43529.822989509215,84625037.09144945,13857527.011825962,22136704.303452574,826.8866915437085
825,ARBNA,BRIOA,53087.85206521511,29551.52826212516,84195604.18371,13787206.474035995,22643248.01464329,1232.7773428682715
826,CNTJN,MXLCS,53014.59275978918,30414.254159306354,84056750.84792955,13764468.949570509,11530476.753784996,831.6806182674577
827,GBLGP,INNSA,52999.134875190866,36196.88813617959,84032241.75549527,13760455.534367198,22703871.506686013,1007.3884501857583
828,CAHFX,GBSOU,52956.57555272058,16878.316625478645,83964762.25260912,13749405.624480851,16674149.301870603,1802.5230597004922
829,BRPAR,UYMON,52917.75400962103,30769.287964066505,84210153.56203313,13789588.965199932,22474602.65279412,1178.5840367948942
830,CNQIN,JPYOK,52875.90100594935,35834.30868836806,83843545.55161557,13729556.135889344,11208012.1962608,695.9131972942167
831,CNYSN,TWKAO,52875.83347023161,31313.02665575324,83951978.15016487,13747312.200938221,10229592.324892174,765.7166070027614
832,AUSYD,NZAKL,52849.2402324898,23511.232295815065,83823428.13828994,13726261.867335387,20922347.490037177,1473.7045222227644
833,GBFEL,NLROT,52616.91774777363,28398.779997435602,83605934.98057812,13690646.90737239,17653083.81147299,1103.699902660456
834,JMKIN,USNFK,52559.011813364246,38638.2223589432,83364915.77920504,13651179.50850098,12619095.054117238,679.9038092014525
835,JPKOB,TWKEE,52523.58584195955,25980.741180920486,83278239.80015783,13636986.135449631,10975720.814141383,947.3442954608963
836,ESALG,FRLEH,52502.99250544549,36965.0732840312,85081310.50576861,13932242.738767069,18184549.489812303,868.8415678714136
837,JMKIN,MXVER,52413.2312557464,21694.989562739585,83103268.20318122,13608334.170088772,12992976.490361415,1226.1499634983481
838,FRLEH,SXPHI,52352.09651295182,42865.71477893356,83362059.69021468,13650711.817948723,17720351.104073975,731.8450907399792
839,AUADE,AUMEL,52298.51225161701,20036.110695507912,82921376.64756145,13578549.047011068,18899150.286554575,1620.9582701520576
840,CIABI,ESLPA,52267.14138247097,11272.723448715815,82871636.88357534,13570404.056513108,20474018.994483102,3020.0708112709485
841,DOCUC,FRLEH,52230.758881484646,40768.12500976151,82813950.977461,13560957.868603999,16531424.16073662,738.1350509039919
842,INNSA,USNYK,52189.20316775037,21386.236814182786,82748062.73624602,13550168.531148093,19792361.97126756,1559.0648692482337
843,GTPQL,PECAL,52136.20296592168,35095.65744204888,83086354.92953439,13605564.586116051,16295965.394108819,852.0008502362228
844,BSFRE,PABAL,52090.1268079224,5991.757762222446,82590973.21693736,13524444.793446897,14008494.445092509,4595.135573092154
845,CNQIZ,THLCB,52012.399303580074,17214.593559264566,82595284.8908095,13525150.839071253,11737274.862365173,1467.5005607576875
846,CLLIR,PECAL,51918.65277825402,33215.35969526359,82629198.726387,13530704.300655935,21062386.689897742,1041.478740797335
847,CNSHE,JPTOK,51900.95389221293,41803.57318560675,82451063.70322783,13501534.317634093,11724211.27847294,603.435153356518
848,COCTA,ESVIG,51866.697935502,19530.775961871484,82236717.83019185,13466434.732126558,17572295.910909332,1589.2215805265776
849,CNQIZ,CNTJN,51737.08557875842,35010.770880897166,82031212.27011006,13432782.766375141,11416902.675017718,709.7725875825125
850,COBUE,GTPQL,51646.35814047497,37787.97150261509,81932131.82607904,13416558.136210198,14611545.71770323,741.7202548692978
851,CLSAN,CNYSN,51570.44981142832,36968.59291319801,81904700.9779689,13412066.277397387,22929456.19614121,983.0377520418001
852,ARBNA,BRPAR,51456.61165692324,36358.03097175764,81763629.52097173,13388965.530938353,22368574.390803445,983.483950203951
853,CRPMN,GBSOU,51352.68457165346,6576.076842964086,81421729.14484455,13332978.628475718,17072994.943601236,4623.725406221353
854,CNWGQ,CNYSN,51339.32793469997,18143.22037527928,81403009.03238913,13329913.170864929,9522612.038331186,1259.5627863470925
855,COCTA,SGSGP,51203.807070145165,34970.73076813863,81185677.92951508,13294324.747720929,11685000.237478519,714.2923363774194
856,COCTA,USSAV,51196.384043640755,41384.015274947145,81173908.4249893,13292397.466711815,12719714.424501866,628.5545691589953
857,AEJAL,QAHMD,51030.31923636905,23865.96060489217,80914487.81865965,13249916.799249861,10848858.569399305,1009.7550971281362
858,CNQIN,THLCB,50913.847658915154,39303.62036733522,80769670.04941167,13226202.586315721,10897897.352090087,613.7882391733832
859,MYTPP,VNHCM,50776.25377764235,24260.63976044224,80524173.43865678,13186002.002283229,10308219.768790292,968.408995107442
860,CNTJN,MYPKE,50679.75954251178,22251.09943672932,80354779.67736131,13158263.41919404,10408968.189814782,1059.149085015862
861,ESVAL,MACAS,50598.68116384345,9793.40199397614,80226226.67487466,13137212.595872274,18337539.53881318,3213.8731927930025
862,FRLEH,INMUN,50571.51899820093,20723.33769634538,80183159.97812101,13130160.334105713,22597421.779063724,1724.0264399817265
863,CNLYG,CNQIN,50542.12983667104,29800.899313941718,80156652.857421,13125819.737590414,10201713.358178414,782.7795010486659
864,JPKOB,JPTOK,50537.29969281718,29324.291980962225,80178108.42780966,13129333.132165281,11818655.492920289,850.7618407729053
865,DEHAM,PLGDA,50334.454698385925,35987.45752896759,80219542.29512376,13136118.014692293,17594383.209491745,853.9225423037444
866,CNNSA,IDSUR,50195.66816098883,16027.705130252696,79594903.51063691,13033832.10586242,11413780.545970738,1525.3345661873748
867,CAHFX,PTSNS,50191.800023720556,4897.079856897693,79581100.40228404,13031571.817968657,17359956.432470787,6206.051185306281
868,AUFRE,MYTPP,50027.983303863184,23537.73296169375,79321362.46054097,12989039.186168317,12451530.094943417,1080.8419537478285
869,BRRGR,UYMON,49926.17228555545,32513.708485557992,79217417.10401985,12972017.916396953,23202802.440123774,1112.602100513663
870,AEJAL,MYTPP,49823.025267197954,28923.54195936054,78996393.32043436,12935824.809054714,9563283.420845862,777.8821923508984
871,USMIA,USSAV,49817.796344507755,23434.36790206972,78988102.65499881,12934467.195230626,11632852.568216154,1048.3457401587093
872,ECGYL,MXMAN,49715.58499124436,33513.117490923985,79307634.61450304,12986791.22263621,13560514.565451622,792.1467107701146
873,BRSTS,UYMON,49693.77004508629,27151.535052381063,78791454.01155269,12902265.568122935,21785535.155747768,1277.5631527628395
874,GBLGP,SGSGP,49632.4646808867,40669.88636557895,78757843.29792936,12896761.743392922,21815096.99474035,853.5027225330958
875,ESVAL,FRFOS,49621.309327494935,21170.936722677492,78876068.49280748,12916121.366594404,17480298.63061574,1435.7616951663113
876,SGSGP,TRMER,49619.959463157524,40666.809967506146,78674424.39060967,12883101.722656619,18972753.522740107,783.3379424363601
877,COCTA,USHOU,49507.745213498914,13524.947677637329,78496504.22308373,12853966.922694582,11685000.237478519,1814.3483986076176
878,CNMWN,INKUP,49491.212816828374,15385.318281012582,78470291.44891132,12849674.526039483,13482648.335488297,1711.522789491146
879,CNQIN,MXMAN,49442.97447978674,31831.32590377954,78475025.18702644,12850449.685567345,11013544.052936008,749.7015302045531
880,CNYTN,USCHA,49368.46704645642,32368.55635492415,78275673.13533601,12817805.369699243,17265407.996425387,929.3962027919773
881,HKHKG,TWKEE,49362.81883441928,28452.376345685647,78402502.48774268,12838573.941711431,10879800.366777398,833.6166378624943
882,CNNSA,USLGB,49343.95760105994,35385.53230297986,78236812.4323132,12811441.848212628,12084421.547665002,703.560516843804
883,AUADE,SGSGP,49308.34712677119,25523.004143928323,78180350.60531344,12802196.10582151,14269953.904786222,1060.6960629690584
884,IECOK,USESX,49302.285471551906,0.0,78170739.60924672,12800622.28509206,17394638.54106396,
885,GBLGP,PACRI,49296.1952742636,40401.4639880559,78161083.3585914,12799041.05382897,15748433.435379714,706.5950505567899
886,INMUN,SAJED,49256.10292904358,20700.974233067434,78112649.42443894,12791109.895700421,11872621.926950566,1191.428555244202
887,TWKAO,TWTAP,49145.344061850425,25202.216497382742,78096718.00752796,12788501.09282401,10912878.682270942,940.4482251613206
888,USOAK,USTAC,49134.836405335715,13417.496487491211,78053414.01977722,12781409.974159835,13829880.965317508,1983.327587548569
889,IQUMQ,QAHMD,49132.183865823274,26630.789430473335,77912501.55857557,12758335.263595223,11503788.350095414,911.0553660841816
890,JPKOB,TWKAO,49085.88742845912,24449.897737524596,77872660.54306993,12751811.213886963,11196026.229774898,979.4657507670391
891,AEJAL,ESMAL,49035.89065714693,40048.13030212287,79159152.1064492,12962476.90104937,23687885.546734713,915.1578905505439
892,EGALE,GRPIR,48984.10129073282,12545.52578344488,77666245.90254132,12718010.384308945,14072897.01852603,2135.4949856456674
893,NZTAU,USSEA,48921.5145715619,27891.748582502918,77567012.1635673,12701760.651776114,19041052.216002073,1138.0718126683219
894,JPNAG,KRBUS,48887.28068495233,27492.323328694984,77512732.97122614,12692872.320380349,11222386.148568269,869.8885933727972
895,TWKEE,TWTCH,48819.90619209631,17019.128247405886,77420944.28872955,12677841.731434172,10534668.684019087,1363.907133080767
896,MYPAG,MYPKE,48713.01819547626,20445.53165773119,77264431.44078389,12652212.424876103,10421201.911700102,1128.530904592609
897,CNSHE,VNHPG,48692.829005804015,32386.26515059408,77210366.7788076,12643359.223276768,11791137.419799142,754.4709625965528
898,CNNBO,CNZPU,48682.13366158181,39601.29427341906,77281441.35936743,12654997.834659565,10538209.634080721,585.6679155132535
899,COCTA,USNOL,48562.62089981633,25239.184000780846,76997971.93565297,12608579.122997379,12756520.646466738,1004.9889001434981
900,CNSHE,JPOSK,48495.14547579819,30912.739790899108,76890986.96020007,12591060.109261574,11412769.256628035,776.5028117293077
901,USBAL,USNFK,48409.46090522321,17669.870195040883,76791813.66144331,12574820.273940869,12895294.817370256,1441.4432483187913
902,DEWVN,PLGDA,48334.72004776524,37469.306597574556,77187578.82435971,12639627.648022456,18148738.749875695,821.6956542209172
903,EGALE,MTMAL,48274.63340029396,8503.922226343993,76563549.81763953,12537441.591578627,14652701.092027236,3197.364928782451
904,CAVCR,USTAC,48243.08909672167,22591.46386214561,76520724.23426603,12530428.812632909,14249009.703472514,1185.378631482894
905,CNXIA,USLGB,48240.9159337757,36892.61987492216,76565780.21149138,12537806.82324187,11776963.5524268,659.0686825197982
906,CIABI,GHTEM,48240.44827309032,17186.52540115691,76783594.2921089,12573474.335002623,19729036.667612497,1879.5253984520152
907,CAHFX,MATAN,48092.700099549984,39385.751259623736,76512615.4290644,12529100.978802906,16703262.934870658,742.2065843299298
908,THLCB,TWKAO,48038.94908461907,38165.19259175037,76173517.32089771,12473572.953586198,11201762.99100469,620.3384376398628
909,USBOS,USNYK,47936.14296510731,21207.07510277295,76053660.1501175,12453946.090913715,14065854.774756383,1250.5166665912586
910,USNYK,USPHI,47869.09970805119,16207.213772910638,75910078.28885335,12430434.260499671,13271304.0827428,1585.820900702954
911,BRRGR,BRSTS,47823.62359366527,22673.998940406946,75834852.37192704,12418115.859094787,22942242.313851353,1559.5113268674918
912,JPTOK,JPYOK,47686.04882814233,27766.434139359757,75639418.8043874,12386113.203210909,12134507.098320793,883.1029644808796
913,ZACPT,ZAPLZ,47673.007264993794,13116.744891140666,75587454.04311684,12377603.864748916,20927613.435448505,2539.1373832918325
914,EGPSA,SIKOP,47662.30759765506,37364.02131096669,75570489.29388784,12374825.851541836,14680532.1439697,724.1018778557044
915,MATAN,SLFRE,47523.34522445935,12779.45934729323,75364117.52433342,12341032.042175604,20730419.563313417,2587.8599952269315
916,CNYTN,TWTAP,47521.905019030324,38454.91942181885,75836377.71598382,12418365.637377854,11093159.849588193,611.4048824043537
917,DJDJI,SAJED,47489.957959178246,16268.033729449586,75309711.86897193,12332123.00219547,13095924.76007343,1563.0682960926733
918,DEBHN,ILASD,47481.61530674445,15133.33761996313,75283994.46130401,12327911.72284268,15006186.688108943,1806.2174450462182
919,ESALG,MTMAL,47388.864485903825,28999.780296447785,75373532.77945054,12342573.809914716,17147490.513873074,1016.9064738535299
920,CNXIA,USNYK,47330.474466386746,19384.555883009805,75233016.54664016,12319563.982578797,17624738.976610992,1544.7505292311287
921,NLROT,PLGDA,47292.07129194693,29687.6916125352,75512648.31356412,12365354.269906245,17844359.025998183,1017.5837747906547
922,EGSOK,MYPKE,47239.411052655974,25809.001972087295,74920297.47022144,12268355.579043297,12253117.461670555,950.1131840446245
923,USDUH,USTAC,47199.320943338294,6546.343353580935,74836405.49126098,12254618.0918353,17403491.571314547,4530.484892291278
924,PTSNS,TRALI,47189.36263839317,4028.622553608661,74820616.20166984,12252032.5626051,17065369.430828378,7277.276936051567
925,BEANT,GBFEL,47182.4272839148,13281.275778958518,74961705.86546676,12275136.290465713,17618559.86815372,2250.815106631542
926,CNCGM,CNCGM,47142.06377249397,31874.94738008689,82983560.73199065,13588731.82103753,12354929.994536335,813.9201456935281
927,GTPQL,USSDI,47140.92659315726,38635.08000000474,74743818.92049667,12239456.847014666,15041662.014305152,706.1230068972673
928,AEJAL,OMSOH,47120.96231704316,19529.361054020457,74724029.44007151,12236216.278159784,10308710.150541633,1154.4118809795957
929,CNQIN,JPOSK,47091.17467571136,30628.22072713745,74664935.27146243,12226539.484318538,10904847.615160752,755.2311740715725
930,CNQIZ,CNXIA,47045.05504841763,34083.81424501374,74593195.1970913,12214791.89693073,11327569.074249381,690.7196712769381
931,CNMWN,CNWGQ,47013.5951771025,25439.04239495569,74556909.00027993,12208849.956226746,10393311.560992612,888.4831891982358
932,CNNBO,TWTAP,46937.54101395758,37803.58849214292,74774170.34667082,12244426.95660057,10284053.95997456,595.9349843536002
933,BRMAN,BRSTS,46910.43482589111,28416.739436895718,74378365.03233092,12179613.007639315,20639797.53486758,1154.9323107736575
934,MUPLO,ZACPT,46766.86157233891,0.0,74150723.91364977,12142336.297819769,20119640.21012718,
935,MZBRA,SGSGP,46744.6937367339,28169.368526704402,74115575.92632613,12136580.741302583,15073755.180525098,965.9547709077126
936,BSFRE,ZAPLZ,46743.38966100046,20278.5898901366,74160234.39651334,12143893.65930175,17472871.462266568,1460.49430862911
937,CNYSN,GBFEL,46664.322125467865,28661.624087266886,74244340.71489376,12157666.24503855,20649158.455223877,1144.6254615710027
938,AUMEL,NZTAU,46594.8527920142,28064.464836907588,73890964.00695184,12099800.06921208,21316760.06337001,1190.7071924149418
939,COCTA,MXLCS,46568.57062363194,34696.36068921306,73836325.70735997,12090852.933252113,13063202.906830927,724.9767797088679
940,ITSAL,MATAN,46497.06605314518,14039.566238022513,73722952.35951352,12072287.810160875,17218616.711813197,2086.311216841392
941,ESVAL,GBLGP,46468.57276167647,11425.212586258396,73677775.10968204,12064889.940908737,17828795.64456439,2616.4664648277594
942,INENR,SGSGP,46434.07738532489,23032.709207052456,73638423.69415535,12058446.064222157,12788253.019027421,1078.7571214436941
943,ITGIT,MATAN,46406.13560785472,25018.041009204153,73627090.56033581,12056590.239829866,17110700.190407954,1165.8502925751525
944,MATAN,MRNOU,46317.87310784711,13729.293393567934,73466114.198635,12030230.023548672,21114184.295583725,2414.13839510927
945,INNSA,ZADUR,46316.01642436836,1807.5720016124192,73435890.95349352,12025280.903875254,15961867.010593295,15483.282485844551
946,IDSUR,PHDAV,46258.8584113666,18696.41126867243,73345264.64462756,12010440.656044874,13105301.26534874,1343.3456057675287
947,OMSAL,USBAL,46167.228058300345,31530.891844161848,73199981.06595899,11986650.1658428,21419449.583136708,1059.472085790839
948,CNQIN,JPTOK,46079.56569443299,35191.72140824914,73126952.69717956,11974691.617548198,11216289.637005657,658.9896807127416
949,PABAL,PEGSM,46034.999530776324,13996.130743657597,72990327.46278153,11952318.949349284,16992231.10254666,2068.0394161802383
950,CNNSA,USLSA,45964.247476832534,34246.1039260486,72878147.25992157,11933949.206247794,12086235.304915855,701.3990427358711
951,CNGLA,IRCBA,45886.713674600105,9401.792571111779,72755214.32471873,11913818.68071106,12182804.88867153,2562.981834275155
952,KRGWA,USHNL,45872.96368396765,2349.7438291028698,72733413.16627184,11910248.695368065,15046190.097151529,11472.075576345502
953,CNXIA,MYPKE,45872.32239979993,30723.966405310795,74649510.89864248,12224013.710973684,10319634.589046445,733.7479804080031
954,PHMAN,THLCB,45847.31471138706,31253.247882039093,72699406.84258576,11904680.08866195,11878796.94734513,760.9921735422317
955,CNZOS,SGSGP,45788.545850308095,28590.506077236667,72614434.53222618,11890765.694925345,9781634.910145348,758.0278763350026
956,LKCOL,VNCMP,45700.10588207514,23721.014210583384,72459340.22843687,11865368.67794303,12360106.615197588,1021.2664213291591
957,DEHAM,FRLEH,45690.043268511,20380.474501730576,72645499.31144604,11895852.617566107,17432545.23219897,1439.0439166308274
958,USBAL,USSAV,45644.72851049778,5463.912308162283,72389840.73752739,11853987.990788404,12470746.453011123,4451.889611672929
959,INNSA,RUSPG,45637.46401198949,5905.720080728355,72360019.04548833,11849104.62627628,14175562.02865355,4406.688142882687
960,EGALE,LBBRT,45631.63010984126,7975.01522419712,72366359.591344,11850142.903935997,14135028.340978768,3258.3224626421706
961,AEKHA,IQUMQ,45601.25354297806,19059.03474783799,72325319.66552493,11843422.53015363,10330947.624502223,1163.4571450252095
962,CNNBO,PHMAN,45561.46293916655,22877.1277852421,72247733.2639965,11830717.594452761,10945735.246818924,995.5993188954707
963,TRALI,TRMER,45558.378525473934,15498.824873111475,72234625.85297912,11828571.228454338,13700161.21379349,1647.1398735872544
964,CNSHA,CNSHA,45541.66275769888,35988.41968488732,72208122.33660834,11824231.222155496,9439292.574325567,590.843498621594
965,CNJIT,CNNSA,45528.260793143134,37117.008359562096,72186872.98738407,11820751.596728085,11077747.899973417,616.927400906824
966,INKKT,LKCOL,45411.21284773379,14016.96778283487,72001288.8024953,11790361.797875948,15126420.815319374,1920.2999557548758
967,BSFRE,USCHA,45384.71649078211,18417.14205233358,71962349.02868634,11783985.328382542,12993425.273785738,1345.3450340862637
968,ITGOA,ITLIV,45323.436759640404,15383.50146307507,71862116.31463517,11767572.011589171,16838850.542122286,1859.5521066757974
969,BEANT,COSMA,45211.50799943354,20211.16089041659,71684648.80201924,11738511.334816417,17123939.052404184,1428.0451550364007
970,CNNBO,VNHPG,45197.849253460314,19786.730823621718,71662992.31561805,11734965.03982382,10958256.694950078,1146.8909107351055
971,CNNSA,KRBUS,45105.956808402196,29002.964725779544,71541472.96451667,11715065.991643468,11007856.61827474,783.4689599756929
972,CNYSN,USSEA,44915.78101053499,25984.536924625907,71215761.86861423,11661730.117714785,11853964.14006794,904.9880059819952
973,AEJAL,BEANT,44880.56624261767,12260.85549960841,71159927.44984567,11652587.114735197,21438270.706579022,2698.902847551795
974,AEKHA,CNNBO,44867.6454107367,32175.479901234467,71139440.95566307,11649232.408418128,9674862.717195466,662.7436542071733
975,INKUP,LKCOL,44864.56264842981,3939.583982588513,71134553.11309627,11648432.013963638,14637924.80435809,6672.3686903230355
976,CNQIN,CNXIA,44812.932535199034,25828.889127746064,71284451.91323897,11672978.256345464,10488191.563974297,857.9993398366349
977,JPYOK,USOAK,44810.66290963922,36646.31222261241,71742976.16016527,11748062.561838789,12829529.785733012,670.6702764052294
978,EGDAM,ESBAR,44793.98659637066,35761.2621871428,71104730.2534922,11643548.4582603,15607681.953816887,762.0321192654881
979,CAVCR,CNYSN,44736.83808810273,21567.512854755503,70932040.72951122,11615270.187130682,11966373.013604788,1093.3872328971797
980,EGALE,RUNVS,44690.12484455171,5826.941159355459,70857975.01910846,11603141.771973273,14288525.897835378,4443.440728458056
981,CNXIA,JPTOK,44516.950824539075,21196.07842175435,70650663.70041998,11569194.109469108,11414686.46603429,1084.345892583326
982,TRALI,TRBAM,44436.09704554653,10581.586881792666,70455203.81408994,11537187.143828196,14210017.976010216,2433.2083086838943
983,AOLUA,NAWVB,44432.87341549523,6708.146582297298,70450092.62009709,11536350.175110037,21268006.82966698,4890.226622558792
984,MATAN,MQFDF,44339.87082966248,36339.431158795844,70302633.31165765,11512203.404602433,18369166.94639025,822.2850330380031
985,CAHFX,MYPKE,44279.94085232183,29019.56383352699,70348059.9679001,11519642.114676572,19330073.762164686,1063.066145784033
986,CNXIA,CNZOS,44279.915308240285,21025.223095518784,70209191.4832334,11496902.109549243,10405282.819484029,1041.7099894507849
987,MYPKE,USNYK,44248.22877514469,36252.71135784445,70260226.72888044,11505259.23788166,18711683.946368035,833.5085032946448
988,AEKHA,QAHMD,44041.585773826024,19716.931328528768,69971285.83857417,11457944.562108897,10882689.591802023,1133.0685176950367
989,CNTJN,TWKAO,43985.37271772357,20427.41088982519,69745216.58300966,11420925.24816587,10881390.803657236,1091.7837885628373
990,GTPBA,USWMN,43746.62840269983,0.0,69362023.78737883,11358176.625551349,15155333.346946364,
991,CNSHE,MXMAN,43692.02973983824,35782.50189683283,69505232.02864851,11381627.27490901,11521465.694403293,640.0640468166787
992,BEANT,RUSPG,43636.31126219889,4856.6789830961225,69187111.56207213,11329534.382425748,16771267.415889647,5786.011778032155
993,BRIJI,BRRGR,43621.351518793206,25908.862258133973,69393422.57474272,11363318.242725039,23712487.633410234,1353.8149814017163
994,ESVAL,MTMAL,43456.88241352338,13286.68336823983,69558928.91120172,11390420.251857756,16785759.112052657,2120.633011490443
995,MUPLO,ZAPLZ,43406.75005058869,8586.991121416548,68823133.10700601,11269932.148309728,19843374.416000586,3623.3071776109773
996,INCOC,LKCOL,43383.966629348884,10613.732834500608,68787009.08411112,11264016.763924127,14294905.50972879,2408.0992683904788
997,AEKFA,MYPKE,43333.00337189538,21044.538759602237,68720204.79525332,11253077.421748685,10655711.577476168,1041.067673161916
998,INMUN,NLROT,43251.98881021089,4430.98006500674,68577752.98907703,11229750.640221393,22471127.27378634,7605.739005724114
999,AEKHA,CNTJN,43213.49363632158,35404.59704967371,68620326.10847399,11236722.077662341,10287552.230374219,607.9513990185329
1000,AUMEL,NZAKL,43171.99163997032,20330.57863629256,68513597.47560918,11219245.040562067,20735450.408762623,1571.7553356932824
1001,USMIA,USNOL,43170.80641068722,7804.699901725985,68449035.05737628,11208672.809395486,11669658.790181026,2931.353144599069
1002,MYTPP,TZDRS,43139.907607244786,4419.497828243387,68400043.77238747,11200650.383900503,12998656.278805137,5475.5783582597915
1003,AEJAL,ZACPT,43126.7817067641,35345.225089941916,68379232.13376264,11197242.434500229,15423033.025489246,753.150542746571
1004,VNDAN,VNHPG,43100.12626116268,14140.687404977863,68339502.63904925,11190736.6465552,13118740.771531396,1719.1156781762302
1005,JPYOK,THLCB,42949.86626434328,0.0,68098725.64506625,11151308.90965105,11816114.813405225,
1006,ESVAL,NLROT,42914.627414762355,14068.540295348448,68042853.04385976,11142159.654217305,17654961.969088778,2046.9160992364941
1007,TWTCH,VNHCM,42871.37724490618,29253.949008736145,68249705.8367834,11176032.232167412,10872240.851911293,753.6853597951648
1008,MATAN,MATAN,42843.602330517686,17037.007637295108,67932758.24406847,11124131.40023473,18575040.2929516,1743.2152597133856
1009,USSAV,VNCMP,42838.08575453498,35101.31257117345,67986270.46472485,11132894.138411226,17389435.24281706,812.5715904040558
1010,PABAL,PEPTA,42825.79567386641,19069.289479427145,67902006.7763856,11119095.783014165,15919205.3248445,1417.8976692880387
1011,USNFK,USPHI,42813.99105267802,10256.445706946266,67892446.54200985,11117530.274617894,13005591.180926694,2351.996212411771
1012,DZALG,MTMAL,42803.594528984264,5295.147473045994,67866805.97587484,11113331.57822701,16563909.656875243,5226.906592495926
1013,CAVCR,USSEA,42798.05619302651,22428.174219795586,67859551.71157476,11112143.677258877,14258678.51666325,1131.203188689755
1014,FRLEH,MTMAL,42622.14323751548,1940.646709958226,67579107.7176399,11066220.38605775,16813318.19166928,14366.10715111931
1015,AEKHA,PACOL,42610.82334419742,5820.393897419705,67561159.57538833,11063281.340184193,19475076.43156651,5246.785408336188
1016,BEANT,COCTA,42602.54599226769,32421.60958393635,67548035.50383334,11061132.245987851,15688162.471897613,825.0452417741376
1017,BEANT,MXALT,42546.806368112324,4102.340855944797,67459658.10704347,11046660.26221871,14558507.73692113,6241.599344928834
1018,KEMOM,MZBRA,42525.48696564507,14097.609961671082,67425855.34429215,11041124.989041878,17915921.04055816,2054.039380315468
1019,CAVCR,CNNBO,42494.44492397545,21766.864774459835,67376636.94938233,11033065.373821804,12005481.9791911,1058.4228639140167
1020,CNDCB,LKCOL,42414.94039943792,12032.939239198518,67250579.3553796,11012423.17886417,12693039.062166665,1970.0475311807352
1021,GBTIL,SNDAK,42301.66844498691,8254.52158947116,67070982.154727936,10983013.76121642,20500396.382203445,3814.0805378203518
1022,IDJAK,THLCB,42273.085849875126,18075.616690635587,67031282.88298186,10976512.922345573,11146205.265050158,1223.8983911877717
1023,INNSA,OMSAL,42260.86434930848,18356.84099340971,67006285.63391228,10972419.57047113,11570805.832649453,1228.0558191474136
1024,ESLPA,INMUN,42251.191722603086,28843.001439564483,67132799.0219922,10993136.402663248,24294091.991459373,1223.4242843298018
1025,NGLAG,ZACPT,42235.03099679004,32743.329517114274,66965325.823355064,10965712.315730639,19903627.453024182,942.7672818862249
1026,CNQIN,VNCMP,42053.52466072234,15755.712263201343,66677540.28971355,10918586.832030816,10698198.672634462,1371.996717352659
1027,CNQIZ,HKHKG,42031.68107372376,29018.91462395477,66642906.41148526,10912915.461954437,11635617.653771395,777.0288244038005
1028,OMSAL,TZDRS,42008.648195820744,17432.324744593403,66606386.86510344,10906935.309769703,13700168.966964636,1411.5790427989918
1029,KRBUS,USDUH,41771.132796256126,0.0,66229796.72785178,10845267.88628943,15697129.989477152,
1030,MXVER,PACRI,41457.68808344843,2682.41790287331,65732817.63667105,10763886.5195326,13370057.569792394,8997.085824499449
1031,CNTJN,JPNAG,41320.59162403101,21331.68224815433,65588366.68221963,10740232.373289432,11297909.519303001,1033.1178589770727
1032,CNYSN,USCHA,41318.63409414663,33863.32957549452,65512341.99167058,10727783.17103135,16856957.57115925,814.590327885316
1033,BRPEC,MATAN,41197.09176897212,33763.717671447106,65319631.788444765,10696226.471756049,20314358.697696414,918.4588460078589
1034,NGLAG,TGLOM,41063.82534438625,13237.435525715151,65108332.55808823,10661625.78036634,18773783.994777404,2223.648962668205
1035,IQUMQ,SADMA,41055.963602417825,19463.285531553858,65172026.09168422,10672055.729854355,10680386.287293259,1097.0625685232362
1036,EGPSA,TRTEK,41049.24702656811,31054.660811113015,65085218.053857796,10657840.731901404,14690322.153961351,816.2434308988436
1037,CNQIN,JPKOB,40995.395867312815,31545.178205209075,64999834.89347204,10643859.060612775,10892160.590860294,682.7040098292047
1038,ESALG,TRALI,40951.54035913637,13277.134586715343,64937632.4787663,10633673.284965148,16380516.692760494,2034.6400649395491
1039,JMKIN,USCHA,40896.1579356424,33514.266793835915,64867465.35754069,10622183.271948373,12286413.847752098,683.5476145315497
1040,CNQIN,CNSHE,40839.26112627597,30174.75552990282,65529568.63281917,10730604.069588613,10797716.376412947,713.4546765314221
1041,AUSYD,MYTPP,40823.73423900209,15206.820898698696,64751791.0257673,10603241.357921291,14277929.760349857,1636.1849254370006
1042,IDJAK,IDSEM,40816.436600904715,25040.772272145125,64727537.666207306,10599269.819511602,12187639.668227838,909.992281391703
1043,CNTJN,PHMAN,40812.106232663835,28669.882957707672,64709221.86881851,10596270.569339527,11558424.759997677,772.7515093807206
1044,FRFOS,ITGOA,40665.209434586955,15731.683018440575,64712057.57759448,10596734.922589006,16932189.39114867,1749.9033181299453
1045,BRIOA,UYMON,40617.22143634601,26078.872589907493,64432143.61721258,10550898.425491963,22749276.27663396,1276.90238860299
1046,CAMTL,MATAN,40569.44765641086,13758.340208918678,64324477.01983647,10533267.79473905,15973709.37971481,1926.6115513898278
1047,CNXIA,PHMAN,40495.759461984635,25601.264723276774,64226316.068048514,10517193.733354142,11469091.15922934,858.7968262596598
1048,AOLUA,MATAN,40443.53868507042,13810.888131119462,64124843.324988775,10500577.359214243,19540501.01063852,2175.173535883079
1049,CAHFX,DEBHN,40326.918523147244,16158.04844921959,63939937.407875754,10470298.628130542,15988053.18925029,1637.4719942530392
1050,USCHA,USHOU,40291.1949344573,0.0,63883296.233482316,10461023.517228194,10565873.919342907,
1051,NZNAP,NZTAU,40237.81525838065,17790.418899677275,63800131.90809589,10447405.184816506,24249496.30443195,1950.3139125002767
1052,INMAG,INNSA,40126.22383073299,9259.150784484455,63622809.14482306,10418368.211051764,13112972.960076716,2541.414619854762
1053,CNWGQ,PHMAN,40073.35198180949,23577.157157769903,63565636.24594156,10409006.029151168,10867579.682554318,902.4237133141278
1054,USOAK,USSEA,40059.73425138323,29934.674622536102,63516306.09066629,10400928.112937247,13839549.778508244,809.7792341860373
1055,EGALE,MYPKE,40028.76304504207,28705.421223615765,63467200.0079944,10392886.889081294,18261346.79231349,998.2167987774077
1056,SGSGP,ZAPLZ,39897.887418771235,13583.439192460884,64256199.50957487,10522087.209474104,15045320.107823739,1882.248446438243
1057,DEBHN,FRLEH,39892.936615197665,14339.571612133088,63257642.04054769,10358571.333138932,17497498.98465969,1942.6012904199222
1058,ESCAD,ESSCT,39849.71639819773,10666.556081421773,63183314.409699894,10346400.027960237,21585024.880506247,2993.602120939701
1059,HNPCA,USWMN,39780.001779766,0.0,63072779.102213405,10328299.639920238,15228330.120268121,
1060,DEWVN,ESALG,39775.91244716286,32598.968041760712,63066295.30230357,10327237.904109208,18321073.094786704,878.8103648617393
1061,CRPMN,USPEV,39746.22179445041,224.64999260145402,63022641.58985522,10320089.517293544,14398734.177211467,110032.60408896637
1062,CLVAL,PEGSM,39733.37323022366,25635.571521004917,62998847.67753869,10316193.214331964,21205958.94551066,1229.6254887087048
1063,JMKIN,MYPKE,39698.215110665056,24401.46748537669,62943103.07700184,10307064.91927588,11416526.608116953,890.257585549367
1064,ITSAL,TRALI,39694.75329027112,8231.102513569049,62937614.22272255,10306166.10789507,15052252.352089848,3080.8045967331027
1065,ECGYL,PAMIT,39691.582978371494,11481.125122331057,62932587.566785306,10305342.982460523,14509793.543625169,2161.385427097181
1066,EGPSA,ITGIT,39653.13931344501,20423.546717734527,62927850.89538227,10304567.342600621,14412710.627400901,1210.234358978335
1067,BRIJI,UYMON,39629.61407684268,30611.760667637536,62941057.88646041,10306730.015042495,22555780.47530664,1073.5256572514324
1068,PABAL,USTAM,39572.118958771345,16215.972958450064,62743172.59992285,10274325.885039294,13230977.193698041,1449.5154338851332
1069,GRPIR,ITGIT,39540.99966497196,6479.398090677804,62790452.95601221,10282068.142344646,15131505.578295976,3922.2121198579002
1070,OMSAL,SAJED,39523.330878858724,9069.6029915385,62670445.335857786,10262416.643272122,11541417.896956611,2404.056115859829
1071,KRGWA,KRINC,39522.26168663562,24859.474717321977,62727010.55090478,10271679.315672448,10633909.471333653,840.9505439967795
1072,JPTOK,USEVE,39459.5262417547,32317.031875684872,62764876.97181193,10277880.021380795,14571536.1620378,768.9263134995741
1073,TWKAO,VNCMP,39420.71667320521,28256.70222741776,62631409.962016694,10256024.519073287,11002064.311549064,752.3202339583497
1074,COBUE,ECGYL,39383.95543904144,21209.369388504245,62467949.008096844,10229257.445613982,15029948.600855133,1190.945642172649
1075,CNQIN,MYTPP,39308.45196178638,16867.206710466304,62456366.567184746,10227360.796663284,9887087.377616996,1192.5180333385624
1076,AEKHA,ZADUR,39214.53501969984,8033.105135721361,62233494.12743409,10190864.968003279,14689688.309351923,3097.252289991467
1077,TRBAM,TRYAR,39114.93831898517,11424.882145528965,62019160.883007586,10155767.450456988,14580770.157610409,2165.1459763852217
1078,IDSUR,TWTAP,39062.26199202498,24188.419555169465,61934774.0479229,10141948.929522518,11227144.03011458,883.4431249589504
1079,DEBHN,MATAN,39005.21677065785,18739.470721027086,61844326.57469137,10127137.966401722,17859830.54733123,1493.4769999842888
1080,EGALE,TRMER,38982.69650934973,3711.902556529237,61808619.80236202,10121290.907669868,13343576.911203254,6321.520422888909
1081,CNNSA,TWKAO,38975.991546055375,28121.07680298508,61841994.158753276,10126756.028408242,11099515.198127102,754.8171563715566
1082,CNWGQ,PHCDO,38950.74328512038,21497.362947742953,61778899.31043048,10116424.114887243,12279776.36314817,1041.8115250915848
1083,LKCOL,USBOS,38762.340183186396,17649.043955295747,61459236.06022894,10064078.588355077,23848959.918562748,1921.522695099976
1084,ECPBO,USPHU,38658.57612333249,31683.23766949511,61294714.0056009,10037137.757433072,16397833.073402567,834.3519404990436
1085,BSFRE,PACRI,38639.718270248515,9047.937835009381,61264814.12755432,10032241.58979851,13964464.936608566,2652.1741156925395
1086,IDSEM,SGSGP,38633.10191147639,12899.244874263246,61259443.104389526,10031362.073509414,11514080.674957719,1670.2871337418287
1087,MACAS,RUSPG,38621.492627940104,3088.0824696341647,61235916.64490265,10027509.566508682,17488368.928933315,8910.344450322182
1088,INNSA,INPPV,38598.403259345076,11594.333425585399,61199307.530276,10021514.747336319,12792475.43700465,1967.6845012924139
1089,CNNBO,JPNAG,38506.80830420574,22083.853016889472,61147041.72413897,10012956.112147111,10685220.006124249,937.253843450309
1090,AUMEL,CNYTN,38490.62676939718,15772.796081418586,61028423.60773297,9993532.147222739,14977886.842635822,1583.1954499986575
1091,AUSYD,CNMWN,38464.65818819078,26674.41548367918,60987249.38669855,9986789.782317672,15187268.591371858,943.7529526782829
1092,PAMIT,USSAV,38425.56139416475,31492.26682201326,60925259.86073371,9976638.867647115,12572286.137822853,716.0146690268786
1093,CNTAI,CNYSN,38325.929325835925,25614.277468908258,60767289.24343733,9950770.848305583,9548233.956027701,761.25531270605
1094,EGDAM,SAJED,38183.351759309684,8175.704835579097,60546063.083428435,9914544.601400275,12730574.480392197,2769.806339295086
1095,MACAS,MATAN,38096.835989918465,4092.636358734629,60404052.62393921,9891290.091317082,18727430.18110135,6992.73469809735
1096,MATAN,USNYK,38072.529845363795,6569.038804692713,60365514.262508005,9884979.35394101,15732141.88683717,3899.6757368030953
1097,CNBYQ,CNZHA,38060.02333420772,29944.977039787365,60345684.69035629,9881732.219981963,12354092.746772345,742.5560866922676
1098,CNSHE,PHDAV,38035.92219264326,14669.615035676361,60307471.36934082,9875474.708654538,12995091.920057783,1559.043408643739
1099,AEKFA,CNQIN,37991.059635857244,10378.721381414623,60236339.99660257,9863826.797433615,10824268.552404022,1993.3183086390786
1100,COBUE,COCTA,37858.296502711826,23987.53577160712,60025838.75489429,9829356.778355889,14303434.67118242,1006.0554647761327
1101,INCHN,SGSGP,37813.593445826256,18111.04620806424,59961229.103545025,9818776.812667608,11612690.76676465,1183.336806345817
1102,KRBUS,KRBUS,37696.05055441841,9753.155570796232,59780875.53104101,9789243.537545342,10714208.853070142,2102.2378082442106
1103,KRULS,KRULS,37573.78435089793,30313.020633118107,59574733.39289349,9755487.330802795,11254232.619437838,693.092259083106
1104,CAPRR,USLGB,37404.81439916198,12100.933317362598,59306824.79651494,9711616.73719816,15108167.345853299,2051.0636189887655
1105,AEJAL,GBLGP,37399.835548478266,15325.80862137975,59298930.630217634,9710324.050938152,21044740.19214749,2006.7498559379
1106,ARBNA,BRIJI,37297.4799727745,26220.5062592557,59500330.98783977,9743303.781191317,22449752.213315975,1227.7816330545986
1107,CNYTN,USPTD,37292.15122613197,6791.858417908714,59128192.84308224,9682365.380803552,14059754.527519526,3495.673561998887
1108,COBUE,KRBUS,37243.31961265038,18314.00530310352,59050768.37268175,9669686.961663933,19212084.7405259,1577.031961287872
1109,BEZEE,LKCOL,37200.89682969444,30488.57391988117,58983505.3586403,9658672.502279188,25270682.797435235,1145.6539551998358
1110,DEBHN,DKAHS,37136.49149315112,25427.368463119095,58881388.12930255,9641950.592161838,17148908.89391399,1053.6229702627072
1111,HKHKG,PKKAR,37101.283639712834,16097.788789329137,58825564.67371624,9632809.384426298,11189581.037826119,1293.4938266835202
1112,LBBRT,LKCOL,37056.785571279484,24296.37223630172,58755011.21179559,9621256.107311787,20611138.454106025,1244.3172284069205
1113,COCTA,CRPMN,37022.577225980574,18036.041350650597,58713415.609250575,9614444.740302071,14779942.380441228,1352.535550705163
1114,CNMWN,VNCMP,37004.93916828309,27901.735867446787,58672806.672400646,9607794.941865807,11204830.146327797,745.9258157653153
1115,INMUN,PKQAS,36965.078837079454,13000.741385628357,58609606.527793646,9597445.7858578,11812898.950863183,1646.8556755070142
1116,IDSUR,PHMAN,36920.879365281944,28883.66846521174,58539526.50274605,9585970.035022536,11888825.316958943,743.492654952964
1117,BRSAL,BRSUA,36908.22292863763,25445.486029105155,58573736.297128044,9591571.960481135,22358830.429147035,1255.641269853621
1118,JPTOK,TWKEE,36893.57673371817,16707.051510329107,58539661.098987944,9585992.075438965,11299849.860286744,1250.1213588054763
1119,SGSGP,USMOB,36890.97523149539,30234.57285105433,58492112.30616043,9578205.861055685,15881487.533397667,842.072203893085
1120,INMUN,KEMOM,36881.09115478875,9841.176996056221,58476440.70840138,9575639.604109412,13336718.875493469,2328.2132298590745
1121,GTSTC,USPHI,36771.32706394458,29578.42975311695,58302405.36537906,9547140.952293897,13064728.021015504,764.4715815560352
1122,DOCUC,ESBAR,36762.71981646096,14462.140382276457,58288758.23126836,9544906.20550887,16581058.249009995,1806.5074576745621
1123,JPTOK,TWKAO,36739.96947101592,16628.3598210948,58252686.65136501,9538999.408772938,11520155.27592026,1266.4601266312193
1124,AOLUA,CMKBI,36695.12457655933,8499.190982314534,58181583.28295437,9527356.083319295,20405134.7622362,3521.8047115119844
1125,ESVAL,TRMER,36613.4336202647,5807.827607312354,58052059.0142139,9506146.213114826,15476634.931228673,4301.570713443507
1126,ESALG,ESBAR,36576.588585170204,8936.639846779093,58010785.63081297,9499387.610164618,18234183.57808568,3103.3555859639923
1127,CNMWN,CNYSN,36552.35138965291,28887.153825647973,57955210.701843835,9490287.099183004,10432358.159670908,689.6714497765868
1128,CNDAL,CNNSA,36530.46957723905,8929.209686704906,57920516.21569533,9484605.80443279,11037833.75227512,2298.348933082474
1129,AUADE,AUSYD,36501.85421157882,19581.161016208353,57875145.41236534,9477176.24039001,19086047.367829133,1458.709398517068
1130,BSFRE,USHOU,36478.5807000505,5979.317699018902,57838244.33177501,9471133.611179775,11866843.928768396,3568.630839510225
1131,CYLIM,GRPIR,36448.81559102465,6812.780133953027,57797912.70257821,9464529.222452339,14627732.447562896,3536.3333611701355
1132,REREU,SGSGP,36409.32740698922,22379.873160780953,57728440.47405932,9453152.999571256,14066398.343604261,1050.9242467196714
1133,JMPRO,KRBUS,36347.8731804594,29778.082181688274,57731829.986452654,9453708.039322633,19268102.1556319,964.5285421576516
1134,AUFRE,AUSYD,36328.15482583968,8756.854302631311,57599738.10978226,9432077.717943575,17245079.83500494,3046.4315873032633
1135,INNSA,TZDRS,36327.71438809995,11909.177464537097,57599039.77818289,9431963.36468201,14383569.403006757,1999.763026338819
1136,OMSAL,SGSGP,36313.97981708834,20833.18109595223,57577263.06815972,9428397.38281959,10163348.985466449,940.4106976294946
1137,AUMEL,NZPCH,36262.57774487995,9903.932562072847,57564556.932925835,9426316.726570904,21388782.769944526,3111.4003758993663
1138,GHTEM,TGLOM,36165.65166515563,11835.269356964678,57379210.12800456,9395965.79918547,19059480.57712093,2404.292248706725
1139,CNQIN,CNQIN,36127.674243113266,19807.146279801425,57366521.23354776,9393887.966150133,10289794.734945662,993.7667154590799
1140,LKCOL,TZDRS,36124.08937201341,4934.343268430244,57276184.195359774,9379095.086998947,15063271.578696927,4953.519716002996
1141,JOAQA,SAJED,36106.31315030913,7515.085155316827,57255478.685176834,9375704.516353246,12470507.287666913,2906.98127200385
1142,GHTEM,NGLAG,36102.41250602433,17621.472869755107,57241814.659940265,9373467.00361099,18889072.25881679,1603.869294656784
1143,MYPKE,USNFK,36043.6052479744,29540.097594225415,57148573.4072846,9358198.553259872,17999398.75050527,926.1173635767907
1144,CNYSN,KRGWA,36041.06947443126,26677.411554220085,57510446.798207805,9417456.0787149,10048530.947092975,729.6805009078386
1145,COCTA,PABAL,35993.71157287828,14571.897165185597,57069464.99584316,9345244.385248957,13826650.753802631,1590.1769602390996
1146,CNNSA,INNSA,35992.38297044378,17869.185715508702,57190972.29022169,9365141.459115699,11777855.326085454,1183.2098631585156
1147,CNZOS,KRBUS,35991.9971680511,17698.680833517312,57066746.73862549,9344799.264938071,10419093.049517635,1116.6873113518918
1148,LKCOL,ZAPLZ,35967.42357684387,10718.89198207221,57034072.67144281,9339448.818023868,17132479.130696915,2469.6515267619243
1149,CNWGQ,QAHMD,35950.174253481244,14731.762384354253,57000434.839830734,9333940.55266642,10769547.878524052,1364.6356699685311
1150,CNTJN,KRINC,35944.06667223597,7847.029133330092,56990751.02621843,9332354.807911413,10798835.640015224,2565.4537667535637
1151,CGPNO,GHTEM,35923.42192549219,23106.065416240115,56958017.95701949,9326994.699293511,20193573.227341417,1277.6111983949625
1152,BRSTS,PACRI,35767.21723067874,2442.798291123334,56710349.18452313,9286438.419227775,17579754.809740625,10998.121836991231
1153,TGLOM,VNCMP,35683.367929826905,17528.977549034713,56841456.90718441,9307907.583327215,22303922.874426883,1803.4041272130503
1154,CNHUM,CNTJN,35683.2008899716,29243.375491502287,56589088.48915985,9266581.72646611,11073096.669913605,695.5311435333497
1155,INMUN,TRALI,35677.53247473483,7310.019239016345,56568150.427675314,9263153.075057855,12896062.515050068,3031.348463740805
1156,EGSOK,SGSGP,35657.91108726835,19482.663961745162,56537039.93541834,9258058.666811552,11996423.35628836,1090.9433158028992
1157,JPNAG,THLCB,35628.43286422268,25549.857030406085,56490301.03729615,9250405.074382031,11618281.706650453,816.7829180491035
1158,MUPLO,REREU,35617.3076816984,7379.676098522114,56472661.61677247,9247516.582337817,18864452.65178111,3809.3771134140625
1159,CLCOR,PECAL,35580.855659963396,22956.460229940232,56625251.786505654,9272503.542125281,20611871.87564025,1301.7849929140987
1160,EGPSA,MYPKE,35577.29242179211,17494.754196439837,56409215.82652943,9237127.201342575,19100345.59623279,1619.7697023569506
1161,CNXIA,JPNAG,35568.202686536075,16083.02015268902,56394803.68881571,9234767.183615787,11208575.918534663,1271.1134418825184
1162,GUAPR,JPNAH,35469.476853813234,19790.69939756452,56255762.383614585,9211998.878764091,14303199.751454316,1188.1944219269094
1163,BRMAN,PAMIT,35452.96238656476,23840.842704024035,56212085.59785121,9204846.713644782,16695235.683766633,1086.374450725259
1164,BSFRE,KRBUS,35449.68206088757,5810.667720714377,56206884.51068268,9203995.024730885,18531800.456585303,4773.254437255326
1165,DEBHN,LTKLJ,35446.532632563154,19012.320554353824,56238749.15642135,9209212.927188864,16679265.52683015,1361.6685233139806
1166,CNMWN,SAJED,35445.40391985394,29049.832386511018,56200101.34747731,9202884.267553404,11749244.03981911,721.2478209375629
1167,EGALE,RUSPG,35381.60074628702,2899.7541502704553,56098938.87155068,9186318.700306188,14813030.378469978,8276.339246393625
1168,MXVER,USHOU,35365.44941782248,10869.114161292477,56073330.29621448,9182125.242475592,11272436.561952222,1881.8977794226705
1169,CGPNO,CIABI,35348.066936155075,24693.840122441594,56234583.79893121,9208530.841178417,20747841.0537936,1213.1111138015294
1170,CNYTN,MXLCS,35296.52612006105,20662.726620602458,55964049.65920571,9164230.309353352,17370881.503373526,1284.2018529282172
1171,INVIS,LKCOL,35294.25683796086,1726.9228324408052,55960451.62194523,9163641.123218369,14916619.752998991,13944.028316646147
1172,MYPEN,SGSGP,35265.62972799845,10425.137994822384,55925024.92448246,9157839.927332338,9899035.76663697,1827.9734717596884
1173,BRPAR,SGSGP,35254.13372930187,23094.308934975357,56119448.490740456,9189677.193391602,24666013.205791824,1465.9754701692073
1174,NLROT,PTSNS,35248.58024371044,20042.864398898917,56124812.72104212,9190555.59733514,18701546.108977076,1391.6225321488732
1175,DORHA,USMIA,35162.06687046675,17215.720500327116,55750859.15723283,9129319.918276519,13222323.742416343,1298.3275175888316
1176,CNTJN,CNTJN,35099.58682532775,11764.43037853793,56352313.835417256,9227809.381156433,10865255.594539607,1707.9505194192993
1177,ESLPA,FRFOS,35063.20179365595,6631.5213891064,55594104.63557309,9103651.037141751,18915035.873878874,4225.076760974777
1178,SAJED,TRMER,34970.14894263039,4094.332824853484,55446565.62966607,9079491.21600696,12676720.625693986,5313.737981835782
1179,CNQIZ,CNYPG,34909.16740722717,16734.129795455003,55353315.67971647,9064221.341455748,12997495.190984588,1318.366524110044
1180,FRLEH,GBLGP,34898.48658452327,15060.552002748638,55363723.33064013,9065925.616086062,17856354.72418102,1787.6024952706653
1181,AEJAL,CNYSN,34806.78171281134,21394.829713832467,55187540.37230273,9037075.287766023,9601922.729206437,871.1916975399776
1182,CNBYQ,CNXIA,34793.67826952113,28515.700487578044,55166764.340448916,9033673.169049056,10840879.774555465,696.9687787351476
1183,CLIQU,PECAL,34759.38126992533,20006.59507332241,55355383.76497851,9064559.99474757,19855098.952939037,1445.506286386994
1184,INNSA,KEMOM,34747.33940989986,14518.054737357128,55093292.23069583,9021641.957240911,13688915.281541634,1564.2975350096237
1185,CNWGQ,CNYTN,34722.8391736385,16695.15067976459,55054446.129123986,9015280.826772464,10370826.893531129,1161.1819558957673
1186,CNYSN,NLROT,34713.60367060053,14225.037051952922,55039802.87077935,9012882.96255844,20677094.139597096,2087.163428377817
1187,GRPIR,GRTHE,34669.4281298131,5864.490476718965,54969760.78930252,9001413.425062336,15672683.802639721,4207.37271646259
1188,CNDCB,VNCMP,34664.16270021492,16371.607382467077,54961412.240708604,9000046.332749872,11439535.057292337,1248.4773738180202
1189,HNPCO,PAMIT,34661.720999411285,3259.8450629876606,54960482.92508089,8999894.15537003,13541225.722266452,6914.782586929902
1190,JMKIN,USMIA,34643.7477508585,19839.48725865949,54945296.26683869,8997407.30828501,12318678.309601996,1074.4272440096966
1191,JPYOK,USTAC,34560.81371141018,14162.426357561377,54797548.29778052,8973213.26899669,13126580.837160433,1560.4525346292767
1192,DEHAM,PLGDY,34537.165067424525,15095.939060048642,54765245.96767415,8967923.694807077,16662745.315680731,1697.851912924006
1193,BRIJI,BRPAR,34501.85926885344,20000.98921631824,55018016.685148895,9009315.429045487,22984287.84608057,1599.6010461834248
1194,CNSHE,INCHN,34418.32323268515,27589.69560499434,54618367.81218481,8943872.089311872,12545863.488541981,778.90441002052
1195,CNSHE,DJDJI,34365.093313356585,10561.66763140599,54487225.80205579,8922397.310567796,12651028.570360597,2042.6154878021377
1196,ESBAR,NLMDK,34355.26179425861,13118.317808487382,54471637.53648106,8919844.699441187,18404085.954445634,2082.8837243300045
1197,MXLCS,USLSA,34311.1118001042,28120.205627832347,54401635.9602096,8908381.794757271,12533332.069691379,762.5020296162568
1198,ECPBO,PABAL,34298.089903926295,1925.3105020665776,54380989.22455413,8905000.848563503,16045169.793033345,12959.037316223015
1199,CNQIN,VNHCM,34297.56744009101,14493.329819105436,54387516.806308836,8906069.753743304,10710927.126118956,1353.5189721552247
1200,CNNBO,USHOU,34264.74054891603,21061.651010466187,54328112.492335536,8896342.172949284,15365516.807697104,1151.9447819446784
1201,CRPTC,GTPQL,34253.70238109571,25551.320568393672,54313471.40558553,8893944.664338429,14798853.261808127,927.2631472305951
1202,EGPSA,SAJED,34248.35339621512,21051.310155582647,54305301.63100877,8892606.84664559,12687245.78212169,1025.1073434042046
1203,AUBRI,NZAKL,34220.43490139978,19489.516754907123,54257864.121452,8884838.855130902,20813366.93619665,1523.8041129906444
1204,INNSA,SAJED,34218.848667458755,13019.362362771013,54280948.54304773,8888618.977501418,12224818.332998732,1621.6951892263344
1205,CAHFX,USPEV,34198.97844967651,9342.768331820618,54223844.06164026,8879267.999105448,13999888.535480835,2448.8626627572426
1206,CNWGQ,PHDAV,34198.95501186356,13654.80589605417,54223806.9000532,8879261.913817758,12084055.630944114,1535.2336535827028
1207,CRPTC,PABAL,34170.918117598805,7066.62203668881,54184200.34673832,8872776.257784152,14386685.068458477,3291.4539939285132
1208,USCHA,USMIA,34128.734894418136,15838.850390853968,54112470.10372306,8861030.280301452,11724719.726210147,1299.6997571489592
1209,ESALG,SNDAK,34092.89422277145,9161.102300462699,54055643.289632864,8851724.770510066,20585524.79892502,3213.2868517305283
1210,NLROT,PACOL,34044.68735579094,27901.85332837853,53979209.37972244,8839208.557724733,16046972.975411361,891.918584771025
1211,CNWGQ,KRINC,34001.41343319683,25653.46850340371,53910596.84984435,8827973.112296121,10107990.562571866,738.1443827900137
1212,KRBUS,TWKEE,33990.67531827215,19306.632991588605,53995259.32005808,8841836.769060098,10585562.017288988,1006.2551453074752
1213,ESBAR,ITSPE,33973.40994949354,9871.76396374642,53866196.20975669,8820702.414515601,17265850.89389218,2642.5422451559216
1214,EGDAM,RUSPG,33928.134048133186,8238.912667044868,53794409.462713145,8808947.184379961,14681318.176047018,2851.136589223304
1215,CLSAN,CNYTN,33919.44344743414,27768.296851156232,54053529.249485165,8851378.592009498,25072340.525813106,1221.6708608259519
1216,CNFOS,HKHKG,33881.85452979946,20313.522413147883,53721031.44093777,8796931.37967517,11308847.149226232,989.7731235370574
1217,GHTEM,MYPKE,33828.46861544716,11551.936622882404,53636385.94489797,8783070.502467716,23584512.70384764,2801.9183504002895
1218,CNJIN,CNNBO,33826.90996343727,26183.18322866236,53633914.63998298,8782665.821113462,10832571.756495459,749.1540431240002
1219,ITGOA,MTMAL,33825.565364002876,14166.350053030344,54119071.61441511,8862111.291499533,16237649.872585585,1771.7874449047652
1220,CNZOS,TWKAO,33811.18339316305,24298.058522552947,53628220.11449076,8781733.330640899,10510751.629369998,793.9928592279922
1221,ESVAL,ITSPE,33730.75174346477,14186.025499480125,53481451.94777988,8757699.736038461,17188657.726002175,1829.008235110778
1222,CNDAL,HKHKG,33690.25264590041,15712.86193029552,53485427.11736894,8758350.678381888,11038424.336558929,1259.9089270154675
1223,CNTJN,CNXIA,33668.11665718722,26910.78513396864,53392415.73991564,8743119.870576471,10775921.993771268,725.324131836996
1224,ITGIT,ITNAP,33662.57865269228,2466.028173796662,53373360.79386757,8739999.583263809,15786487.6774909,9945.744951889206
1225,RUSPG,TRYAR,33624.34349938798,7294.593700440352,53312737.43362609,8730072.381090933,15540366.862660406,3327.181778785871
1226,IDSUR,VNHCM,33623.59466591323,19954.88087888233,53311550.12829115,8729877.957356354,11329058.112877196,1005.214523302985
1227,EGPSA,ROCON,33579.71512290151,17979.579108526028,53250974.64335551,8719958.59486505,13809070.876726907,1253.034308289706
1228,CNWGQ,LKCOL,33525.80221194855,21692.047053010694,53156496.29292618,8704487.567163255,11548588.029862402,933.6636393758273
1229,GBFEL,PLGDA,33523.47303587836,26524.794489141845,53463695.164558895,8754792.02560683,17982777.907668877,1008.0217565576602
1230,CNNBO,USNYK,33440.887756949305,27391.893527119086,53155568.26584102,8704335.600784956,17225959.51680963,946.6412057977132
1231,BRMAN,BRSUA,33380.221870712994,17701.769605637717,52925672.85668779,8666689.746180568,21173193.40279747,1685.7005719628469
1232,GHTEM,SNDAK,33363.879088809386,8972.212698220159,52899760.7242895,8662446.580245463,20913548.31349713,3296.39921483467
1233,INCOC,MYPKE,33321.371480328955,15361.339807321065,52832363.21599643,8651410.097145412,12464440.59223781,1374.6099594333311
1234,IDBLN,SGSGP,33290.24490712646,7970.426661365438,52784383.50102012,8643553.318358002,10394587.922178924,2388.5975054283285
1235,HKHKG,MYPEN,33288.19030927546,24763.529379590556,52779753.146147855,8642795.088052621,10830732.255497664,786.3793179497205
1236,GBLGP,ZACPT,33277.67485549291,27273.236297454074,52763080.47485794,8640064.90321962,19533105.755164307,1032.9969773705902
1237,AUSYD,REREU,33235.085472029765,13619.165752728863,52695553.30906892,8629007.18843313,18882491.806647167,2020.0575787520493
1238,KRGWA,USOAK,33204.322073425006,0.0,52646776.71384969,8621019.918837432,12034116.585533276,
1239,AOLUA,BRPAR,33169.52690740582,11120.973530560748,52591607.590622835,8611985.859395793,21704535.875946745,2726.0672505003167
1240,HKHKG,IDSUR,33152.73422454648,14717.537931972742,52564982.12231882,8607625.883212542,11414371.130254548,1360.4175580190495
1241,AEKHA,CNNSA,33097.59723296365,14795.809570652156,52477560.223503485,8593310.364237355,10505676.624844085,1290.8375778885895
1242,JPKOB,TWTAP,33083.91389745963,26829.551023507407,52503833.75153224,8597612.70946364,11211378.899270972,738.32736117643
1243,CNXIA,JPOSK,32980.489955800986,18301.341627358153,52291881.9657539,8562905.160757288,11103244.444189386,1074.5742036500924
1244,INPPV,SGSGP,32977.84261490243,14157.26406215873,52287684.501193,8562217.81714678,11385018.589821646,1408.9753725994165
1245,NLROT,PACRI,32967.01074466914,27018.626690850608,52270510.139002904,8559405.479378432,15574599.7599041,893.2358226576741
1246,CLLIR,MXMAN,32911.07363057196,7355.023986545187,52220489.52461654,8551214.499039385,17908532.978088643,3597.5066193573
1247,CNWGQ,RUSPG,32888.896659994665,4146.862627252075,52146657.14284868,8539124.291934485,19150414.68378631,6677.226005451092
1248,USLGB,USPTD,32831.28825348531,0.0,52055316.717116386,8524167.105972024,14864379.709740177,
1249,BRIOA,BRPAR,32816.05379701018,18205.585134128964,52450593.66217378,8588894.533356966,23177783.647407893,1744.886415170128
1250,AEJAL,KRBUS,32768.34342224708,8951.93526502802,51955515.17717944,8507824.39484265,10178197.837236768,2087.3723590338013
1251,RUPKC,RUVLD,32755.80276457642,5808.681476289256,51935631.46436724,8504568.395237088,15029863.907156365,4051.5962871195147
1252,PAMIT,USMIA,32747.855515709696,11029.732032512478,51923030.78438195,8502505.007506164,12696417.757666746,1921.9798543323247
1253,CNQIZ,USLGB,32689.78286297842,17860.946844113467,51830954.27775236,8487427.286755564,12417944.23367325,1170.4514717437119
1254,USSEA,VNHPG,32683.283411430613,26728.50010656221,52326742.57353604,8568613.658272836,13211453.232422227,814.8630414674022
1255,JPYOK,TWTAP,32664.624028995026,24577.644466443635,51927270.903595865,8503199.335905414,11527230.504671477,814.9857431587819
1256,CNDAL,TWKAO,32624.601168094377,21901.90492963485,51733010.72125321,8471388.824304378,10835844.566922884,881.5321522605637
1257,IDSEM,IDSUR,32619.857905079094,18587.924451864263,51740614.09001026,8472633.891858298,12557462.742026005,1131.384877765366
1258,TWKAO,USHOU,32575.04375804353,16018.430428285428,51649030.85150392,8457636.944795685,16082022.633157589,1531.964051522864
1259,COCTA,PACRI,32570.315993914137,5094.1811707015895,51641534.792950906,8456409.449512362,13782621.245318687,4365.575143407828
1260,INMUN,RUSPG,32517.048398720628,17244.02256039374,51557076.8966555,8442579.292155849,13823365.622605387,1291.2268490011086
1261,DEBHN,SEGOT,32485.715593982564,15100.277655013131,51507397.48530611,8434444.184528518,17135681.015145674,1693.3546378324497
1262,AEKHA,USHOU,32446.704385186364,0.0,51445543.65813598,8424315.49081972,16562488.90580099,
1263,USMOB,USTAM,32438.54501278233,12674.489411937911,51432606.64782357,8422197.028293522,12545564.293402413,1654.3278896857742
1264,EGDAM,SIKOP,32437.669295463504,12800.087284834963,51431218.16309418,8421969.661011871,14723860.842240207,1808.2556773401336
1265,INCOC,INKAN,32276.613375879337,4339.912628500979,51175857.58027483,8380153.830900615,14240263.435489414,5212.182641152202
1266,OMSAL,SOMOG,32276.06817388947,0.0,51174993.14077924,8380012.277123248,13272298.904781332,
1267,GBFEL,TRGEM,32273.847897843516,0.0,51171472.80457193,8379435.814698412,16411047.014459843,
1268,FRDKK,GPPPE,32232.131945171135,8249.729962336956,51257582.31572699,8393536.427446349,18275925.598918267,3232.767878236075
1269,CAVCR,CNXIA,32231.07214917912,9905.803785819737,51103650.149324745,8368329.712894451,12528837.891601512,2109.5882834273866
1270,CNCGM,CNYSN,32195.600698115457,18275.03000198081,51542304.01041023,8440160.201101681,10958294.315772908,1061.4731967483508
1271,BEANT,PACRI,32191.206389610663,17588.536105691826,51040441.39782886,8357979.147490368,15540075.816584831,1358.7290505854862
1272,DEHAM,SGSGP,31972.393476771642,19652.604472978353,50693504.79906713,8301167.553026471,21526707.660120364,1517.7568578332264
1273,PACRI,USHOU,31933.439845632056,2707.4014733832482,50631742.26356755,8291053.808519873,11536913.582165737,7323.6154983353845
1274,NGLAG,SGSGP,31907.367378752242,23535.161532058555,50590403.32765537,8284284.471208692,22737070.887820628,1318.0855086451563
1275,HKHKG,MYPAG,31887.968121033005,18559.126743607543,50559645.03097035,8279247.735724727,11096204.295178602,1043.9851130159968
1276,BSFRE,USNYK,31868.511867098598,7073.7156860545965,50528796.36451339,8274196.202001389,13591819.381966984,3091.164043682997
1277,CAPRR,CNYTN,31822.777704350854,18055.974943397523,50456283.02576637,8262321.990952966,14303542.163632648,1249.7726777604557
1278,EGDAM,USSAV,31687.49748483653,13668.411414144688,50241790.843248025,8227198.446961352,12387219.755925383,1508.1795227171758
1279,KRBUS,USJAC,31682.46337401354,12975.585931592774,50363769.15376089,8247172.650706306,17253087.525005396,1965.2492234376891
1280,CLSVE,PECAL,31658.27698553993,24960.74115782032,50195460.57640705,8219611.768759722,20824791.608322762,1163.6034039791614
1281,AOLUA,SGSGP,31635.120023615622,11111.594967184024,50158744.289861456,8213599.399961233,14972627.151325503,2086.6695213210014
1282,DORHA,USPEV,31633.58893948798,130.93838434144314,50156316.69492307,8213201.876207169,13927977.395472297,169096.16979802304
1283,EGPSA,ILASD,31600.80169960808,5312.483027427987,50109424.330783464,8205523.153395966,13023406.870722258,3996.046653610884
1284,CANWE,PFPAP,31595.613704376945,17263.117936464714,50096105.445341595,8203342.158017746,20020773.31605134,1634.937302632427
1285,CNNBO,CNNBO,31592.65686762829,25100.80857434592,50207250.25142461,8221542.352729096,9639876.568182101,711.5873924143749
1286,CNWGQ,KHSSK,31562.247718064573,9904.661013984429,50088954.1008189,8202171.110378654,11201144.04025276,1959.0085034950512
1287,BRSTS,CNYSN,31548.04843093979,19244.671700711864,51944761.18892977,8506063.40675004,23760251.087540183,1676.6362656681063
1288,MYTPP,NAWVB,31536.1928225528,16153.735997678714,50001891.267722845,8187914.38916681,15757215.975648427,1482.327702288569
1289,GRPIR,TRALI,31531.00016255055,12036.866872846642,49996642.382216915,8187054.8731750855,14429481.321116267,1878.9387997063297
1290,CNFUN,CNNSA,31494.13546659806,24958.235816351124,49935207.65276369,8176994.807594938,10883989.67652306,763.7152170679627
1291,CNTJN,CNWGQ,31480.350898056102,10789.179345365743,49913351.66966244,8173415.8446,10174410.517096248,1700.5766402036088
1292,ITGOA,ITSPE,31447.24010423031,13263.786112418775,50072901.1552779,8199542.406934619,16640548.48653511,1872.7752907755466
1293,BRITA,SGSGP,31427.455471965583,25731.09011332633,50057111.72705456,8196956.8550031055,24649519.795701303,1276.5287636878222
1294,ARBNA,BRRGR,31379.168482618352,21809.680410041332,49954066.66553455,8180083.010423212,23096774.178133108,1434.0814079126183
1295,CNYSN,SADMA,31373.72859456071,12856.413754977353,49744297.75576456,8145732.912233741,9985192.414400196,1410.2630540818243
1296,ECPSJ,PAMIT,31251.71684837442,20044.82417056585,49550843.266805805,8114054.334611283,15478576.81315677,1176.9936691393812
1297,CNTJN,USLGB,31247.16744069099,14633.77276956957,49543629.99951005,8112873.146988447,11866297.153195137,1365.278155864876
1298,CNQIZ,VNHPG,31002.986512133324,12590.03516822713,49156471.4002431,8049475.115724902,12122593.288606944,1602.224944950045
1299,NLROT,NLROT,30997.13066560889,13700.400404054017,49237849.71907208,8062800.985823262,17514664.929802295,1866.9137515175876
1300,CNTAI,JPNAG,30996.403446407414,10477.184696814349,49146033.68702618,8047765.918331122,10632686.359556157,1782.9648725737536
1301,CNSHE,USLSA,30948.03206584749,25363.94129512695,49069338.93427538,8035206.991984525,12088302.1221163,793.3904624659833
1302,EGALE,ESALG,30904.803869149426,3854.3389277525794,49000798.904628865,8023983.418620633,16023932.39017026,6239.180378154486
1303,DORHA,USESX,30898.152006533608,12413.265351117201,48990252.11119963,8022256.359113696,14863128.709123375,1843.6232869361302
1304,TRBAM,VNCMP,30891.412138154155,18988.153164196785,48979565.78112281,8020506.450188553,19353490.6914376,1441.6355769260035
1305,CNMWN,VNHCM,30837.328204047022,20768.222069695636,48939988.01772797,8014025.508564634,11217558.599812293,926.0101343214678
1306,CNQIN,USLGB,30832.538358525446,20674.87087906601,48886219.05585135,8005220.728475759,11578566.723398164,947.2265905033125
1307,CNQIN,PHMAN,30806.201426072505,19017.070647345907,48852455.11393929,7999691.812292639,11270694.330200706,1013.3204266758504
1308,DEWVN,GHTEM,30766.105524309005,23533.85119573115,48780887.1481037,7987972.408037886,18649096.609358814,1131.861878272964
1309,BRSAL,PACRI,30672.829392427993,11423.607450505968,48690232.63049953,7973127.540967561,17880214.341482427,2263.150409751248
1310,ESVAL,QAHMD,30644.475583401174,12557.578427984832,48588038.026638925,7956392.960610086,22593737.027657125,2432.8042355830003
1311,AEKHA,ESMAL,30637.996364242146,24982.248886803933,49854484.1013197,8163776.157026825,23524867.7336409,1268.4464090583226
1312,CNJIN,CNNSA,30622.49705123113,23740.54162909286,48553190.18746017,7950686.553980078,11663385.664144076,826.1846980815333
1313,JPOSK,TWKAO,30618.630275036096,1618.966124599514,48547059.2596101,7949682.601707678,11208713.254075356,11833.722500229753
1314,INCHN,INVIS,30567.372053014755,13454.94927050544,48480814.29031759,7938834.849282157,15002858.922564901,1705.074713446708
1315,INHDA,LKCOL,30562.947473053988,9139.258906195677,48458771.9566418,7935225.370990457,14664013.05982097,2472.7648776303927
1316,CNQIN,JPNAG,30545.74222483995,10639.551318072621,48431492.349516325,7930758.278205555,11010179.089506028,1780.2383579407158
1317,CLVAL,PABAL,30541.906649228593,17730.3588802631,48425410.891435854,7929762.426711506,17936321.449937794,1458.858450149176
1318,JPSZU,VNCMP,30505.027590588583,0.0,48366937.67336068,7920187.314820336,11529390.330235299,
1319,ESLPA,TGLOM,30503.74129126332,18744.067057389882,48433360.307126775,7931064.1601754,19804462.903991535,1479.69632093437
1320,AUBRI,IDJAK,30492.756799161263,2883.5553883023363,48347481.844238564,7917001.382064928,14819964.476798067,7885.0456457675855
1321,CRPMN,PAMIT,30400.577817336092,8725.979355294858,48211008.04646452,7894653.51193027,14632514.093762215,2581.620548073285
1322,CNSHE,JMKIN,30357.42100493426,6219.974202255637,48132901.54579714,7881863.408906413,12093005.224512087,3211.406990430078
1323,BEANT,ILASD,30273.813568089055,13359.97117164282,48000338.620721504,7860155.952364715,15156684.808835391,1722.8211397682098
1324,BEANT,USNYK,30229.84477373416,4129.223287231961,47930624.34395775,7848740.093576734,15167430.261943249,5573.970878903222
1325,INKUP,SGSGP,30223.945022136573,8256.834830052532,47921270.052539356,7847208.308770934,12550765.781484915,2470.435040799535
1326,IDJAK,IDPNK,30153.599857165176,20646.542645616806,47809734.988370344,7828944.20848088,12009637.626318082,960.8670165903359
1327,CNNBO,PABAL,30135.428109174307,16465.306051088417,47780922.95730824,7824226.1780677615,18079329.59676909,1573.220424476989
1328,AUMEL,CNMWN,30132.85274887621,23152.357875020978,47776839.62085969,7823557.523174612,15000371.510097304,985.8144538227183
1329,GRPIR,NLROT,30123.858895751586,13825.547314729409,47762579.50808877,7821222.399850517,16065657.999264967,1727.7348849449866
1330,BRSUA,PTSNS,30109.50250932823,24676.71134782268,47739816.88493456,7817494.972648581,21240097.02674349,1177.5309760616028
1331,ROCON,TRBAM,30064.120254250465,8782.402318015256,47667861.509831086,7805712.129315054,14308402.482515931,2518.0029120811873
1332,TRALI,TRGEM,30017.620338233985,9572.184158745098,47594134.03874105,7793639.101553309,14636451.454640448,2343.257315594137
1333,NCNOA,PFPAP,29944.63421135577,22788.62018506052,47478411.624156915,7774689.313865294,23595647.2216656,1376.5790241260972
1334,EGALE,SAJED,29938.31363869566,12439.744887112356,47490292.72599422,7776634.869167832,12862286.682815157,1659.1113193458673
1335,INMUN,USSAV,29935.60628844773,18400.643995360668,47464097.492385805,7772345.344816811,18415628.943274677,1423.209660199623
1336,CNYTN,USTAM,29896.70013695785,6125.576462975073,47402410.23776414,7762243.927711596,17481003.553446062,4120.958677723778
1337,AEKHA,OMSAL,29875.357216953293,12983.788238576746,47378319.50232943,7758299.019342924,10298627.131408082,1390.7286393582128
1338,CAPRR,CAVCR,29854.576207132,9062.141677657706,47335621.067277625,7751307.061201107,15860041.685028013,2605.4932251215864
1339,PHSFS,SGSGP,29823.209658095704,5499.337368997591,47291000.044352755,7744000.275269557,11774079.96783946,3549.169460513883
1340,BEANT,ESALG,29807.259555083903,19025.985107355296,48425549.76826893,7929785.168083703,17982169.427589927,1361.9244653805742
1341,JMKIN,USSAV,29792.6077724629,16798.2004431488,47269384.394192465,7740460.667296911,12194546.689758103,1186.7346996198974
1342,GBLGP,PACOL,29779.176979606356,24405.987919388815,47216072.585391395,7731730.746981345,16220806.650886973,981.4205217580944
1343,CNDAL,SGSGP,29768.57091084388,22475.37522756056,47687279.98953592,7808891.946025179,10106727.847698234,797.1221664746348
1344,USOAK,VNCMP,29726.428841036868,24362.757361553762,47132438.308287404,7718035.4589919215,12319716.262106674,822.4747069360734
1345,INKUP,INNSA,29505.212506998847,5689.7543699783455,46781690.989375055,7660599.8511244645,13958222.628667919,3799.6055847090392
1346,ESLPA,GBLGP,29503.342207495036,18134.942429507908,46778725.55493108,7660114.25502523,19263532.887827523,1484.6282113939596
1347,CNNBO,ESBAR,29478.74615766329,9663.906065575491,46739727.5371227,7653728.2479549665,20460862.605453435,2909.23676851097
1348,PGLAE,PGPMO,29457.808693842082,13095.909484576416,46770056.851656996,7658694.736713548,19304362.907211386,2058.8915703548823
1349,CNYSN,VNCMP,29414.841169888638,11605.883788855475,46663793.520116545,7641293.893679386,10334130.623666372,1548.8199644568747
1350,PTSNS,ZAPLZ,29414.69668124408,15062.763798644599,46698880.39470873,7647039.442858837,20269887.464736886,1853.3734765267839
1351,COSMA,USWMN,29362.510248208346,0.0,46555430.86762065,7623549.282443207,16140632.71465864,
1352,NLROT,ZAPLZ,29320.74452169377,17164.480331676266,46489209.64276799,7612705.4182194285,19083006.2855621,1555.2880825943685
1353,HKHKG,KRGWA,29285.211075234005,15913.80629342304,46432869.94646266,7603479.674985243,10919044.40461171,1163.9279590359258
1354,PABAL,PAMIT,29275.633124999975,10675.408269706812,46418184.06105956,7601074.830501143,13679222.467123618,1993.3942346740055
1355,GBSOU,NLROT,29250.68414589648,18167.148238483525,48605908.63662876,7959319.310413447,18015738.978376888,1429.7818208896038
1356,KRKHN,KRKHN,29228.810874618564,23931.549742096224,46549958.41101311,7622653.1562154805,13474387.913781269,881.5576633086364
1357,BRITA,INTRI,29167.26850770491,23881.32288621764,46450521.51441333,7606370.156196059,19870253.762408845,1150.5486546753311
1358,BRSAL,DOCUC,29138.567318283443,20879.374301031265,46366795.155924626,7592659.789687088,18669182.623411834,1257.7887648578535
1359,HNPCO,USPEV,29134.4544325693,582.3803786035289,46193839.27789646,7564337.902524552,13307445.805715704,35838.74813620615
1360,BRVDC,COCTA,29090.067234744918,16829.09456753708,46123461.60574745,7552813.411353217,17690304.22531035,1499.9688506924754
1361,MATAN,PKKAR,29084.280071256253,23836.47434411346,46114285.82726534,7551310.858414506,21353110.532554783,1212.6131144099918
1362,ITTRS,MATAN,29083.95479947708,22701.15025006184,46113770.095888816,7551226.40632176,17379537.40906351,1098.2158851319596
1363,CNQIN,USLSA,29081.088611886018,23818.671504131133,46243595.53558392,7572485.593900643,11580380.480649017,804.1114329666862
1364,CNSHE,PHMAN,29077.553564672962,15731.376914703133,46105943.99019787,7549944.865128549,11778615.971667988,1228.6630052536177
1365,KHSSK,SGSGP,29065.525385495348,8543.433798356902,46084549.525123425,7546441.476676828,11179007.6075891,2191.794251143757
1366,CNQIN,ESBAR,29063.25519611637,17864.43231037643,46080950.04933624,7545852.054980085,21618455.608668126,1632.5348131386368
1367,TRBAM,TRMER,29051.56086532766,10389.669298785155,46062408.22154378,7542815.791856148,13667867.616298813,2041.5167026187337
1368,AEJAL,SAJUB,29045.8793102707,7233.168367621603,46064957.56003306,7543233.251371578,10548422.086423405,2501.2075508680364
1369,COCTA,USPHI,28990.920179151908,3210.8053772521357,45966259.99548423,7527071.318523516,13792036.292697161,6639.800643870214
1370,PHCEB,TWKAO,28981.29874931474,14926.166972120413,45951004.834810115,7524573.254021837,12893601.664265448,1367.9449624558686
1371,CNNSA,CNYAN,28980.97943916336,22903.533678384312,45950498.55583218,7524490.349779152,10916124.150115024,805.1427678733212
1372,CAVCR,USOAK,28970.33884615392,23743.09203991908,45933627.47130794,7521727.674363592,13951958.652045093,904.4182741786595
1373,BEANT,LTKLJ,28962.82275223132,12341.169219084226,45956417.34271909,7525459.563524654,16829763.6475566,1973.493984137147
1374,CNZSN,HKHKG,28895.277224930047,7201.254471533582,45814614.277675666,7502239.014716203,11316767.373988628,2613.29556719541
1375,CNTAI,CNWGQ,28885.263691727905,14820.645456815522,45800730.05581518,7499965.444315732,9509187.357349403,1147.6661290647899
1376,KRGWA,PABAL,28851.753090316437,14187.541942969305,45745605.026663125,7490938.605371168,18127587.79352343,1805.7057735494461
1377,MZMAP,REREU,28804.898157953845,22162.145250367485,45671314.66299959,7478773.402771927,20012760.85959786,1240.472614532383
1378,COCTA,ESBAR,28739.41403654233,11776.917009266475,45567486.97723534,7461771.401833379,15940176.622393366,1987.1030767910906
1379,IECOK,NLROT,28734.589383137194,5342.240738894648,45599275.68272686,7466976.868916881,18632673.94522805,4885.525024008027
1380,HNPCO,USHOU,28707.74065489238,12584.677649559515,45517267.56761119,7453547.868357906,11442946.345792513,1501.5477345033014
1381,AEKFA,CNDCB,28690.634430860122,13715.24280459642,45507983.08885677,7452027.515522007,11565604.937061895,1386.6055981313345
1382,CNTJN,KRGWA,28688.98313194342,11219.163670410093,45487526.76699448,7448677.749985562,10700329.425858038,1617.6791522981857
1383,SGSGP,THBKK,28683.239305243293,440.7584462522661,45484435.00636683,7448171.467709248,10531840.288215363,40793.345899113716
1384,CRPMN,USWMN,28666.71809630553,0.0,45452224.66514274,7442896.9568917155,15554090.613961829,
1385,USKOD,USTAC,28656.624774659787,0.0,45436221.30118882,7440276.372536381,17289953.87805302,
1386,CNWGQ,RUVLD,28616.157751529645,11409.478740986298,45372059.22233969,7429769.697782124,10695928.97780983,1588.6526533836259
1387,GBLGP,INCOC,28561.06942532293,5851.917229249018,45284714.48441879,7415466.81406496,25127858.01020943,5561.138948038522
1388,BRIOA,CLSVE,28501.73339393068,10011.016778175794,45190634.84054333,7400061.075396175,23528519.846674357,3089.4545087063907
1389,JPNAG,JPOSK,28498.76697118663,17257.339892024276,45204004.09144318,7402250.318223594,11625231.96972112,1102.573305445443
1390,GRPIR,ROCON,28486.843539886217,10200.073953266958,45167026.38320313,7396195.141075273,14527865.82762198,2149.402158175064
1391,CAMTL,CASJS,28445.608816432636,0.0,45101647.084878124,7385489.144083225,14785817.529223416,
1392,TWTAP,TWTCH,28396.801515485324,17344.83872971731,45107815.920743085,7386499.303872436,10770326.769148678,1046.8143495570591
1393,ESMAL,ESVAL,28348.846967260088,12447.708089524001,45154691.42321449,7394175.265550165,19260099.9731486,2141.2998318245445
1394,ITNAP,ITSPE,28309.976787488973,2320.1882038137073,44886597.094480686,7350274.2578834705,16254335.855373295,10173.575606693339
1395,COBUE,PAMIT,28305.943883992877,9441.281259605552,44880202.76517025,7349227.173070424,14156006.384503407,2277.7876186766944
1396,JPOSK,KRBUS,28268.236335625454,4408.12265196282,44834445.547484495,7341734.332867813,11117054.67422299,4187.449049057561
1397,CNQIN,INNSA,28233.28124791125,7712.0608466544845,44790200.94588123,7334489.186715828,11272000.501818618,2412.648195923661
1398,BRRDJ,BRSUA,28177.951607406845,15395.785831476769,44677265.90678111,7315995.837599533,23112239.738606755,1976.4002896166296
1399,PHCEB,PHMAN,28109.98239350997,4904.044398108572,44572777.32214384,7298885.613086737,13570635.620605888,4255.573469469758
1400,NLROT,ZADUR,28104.912048221726,23033.818039837974,44561458.77314369,7297032.176989158,18592096.341148652,1123.9616668570297
1401,CNXIA,MXLCS,28048.06168989756,13792.335266378357,44471320.26303719,7282271.807226995,11441143.153016657,1357.523189411282
1402,CNNJG,CNYSN,28009.445013768396,22560.9913071752,44410091.983143166,7272245.548194433,9713508.71567362,752.8815570469183
1403,CNNBO,USSEA,27995.00948400369,13110.711818869291,44387203.87506531,7268497.572573509,11893073.10565425,1461.520239553272
1404,FRSNA,GPPPE,27953.726467456065,8584.373648218992,44483086.09367734,7284198.4866296435,18718980.879112236,3029.1294893875897
1405,KRMOK,KRMOK,27948.18979920756,22896.26538677712,44393644.86376372,7269552.297959031,13211787.214731539,894.527520829611
1406,CRPMN,ECGYL,27947.13404937823,22904.50862553291,44311295.46437011,7256067.411384962,15506456.310113937,993.8010063278225
1407,CNHUA,CNNSA,27936.982843082424,22896.189046439362,44295200.32199528,7253431.798121037,11974650.83111991,839.7940194432116
1408,USBAL,USNYK,27933.03776800967,14731.889153893113,44305500.86396013,7255118.53343508,13161007.719186362,1385.8457689539557
1409,EGPSA,TRYAR,27927.78151523045,9865.443217050193,44287883.324871935,7252233.624521743,14081438.551821385,2162.4646462383653
1410,TWTAP,USOAK,27918.597256626035,22849.28716651322,44546741.01857904,7294622.113863128,12230530.632828554,854.519119323196
1411,ESBAR,SIKOP,27913.880446995878,7811.59414949578,44262507.054642014,7248078.2071386995,17065824.232578587,3112.5404078099336
1412,CNQIN,USPTD,27865.58297249421,6523.115777321506,44241956.55126503,7244713.019182026,13575607.721287675,3191.775441554228
1413,PHDAV,TWKAO,27804.35720335207,10237.627145217699,44089504.83780391,7219748.731899012,12791035.917505102,1954.6311235559845
1414,JPYOK,VNCMP,27775.006439874967,13489.445193778925,44038380.27568569,7211376.977807426,11616416.133949598,1395.7425855023337
1415,JPOSK,VNHCM,27759.93273820739,20223.1865579753,44014480.32060788,7207463.310121653,11325980.006334048,916.4452527461244
1416,JPNAG,JPSZU,27757.814351023582,17117.372087061038,44041627.43841289,7211908.707502922,11841370.747106865,1113.096061574317
1417,CNTAI,JPTOK,27737.533068592595,17283.100573077772,43978964.751217045,7201647.561271321,10838796.907055786,1043.8199090520286
1418,ISREY,NLROT,27721.34742641846,349.53017976889424,43953301.770125985,7197445.19438445,19676998.013743564,76887.33266436998
1419,MYPKE,TRALI,27685.919502521785,5042.316928581474,43897129.38405229,7188246.848551009,12097496.179297427,3824.778033790507
1420,THBKK,VNHCM,27669.3771872994,19171.68402433257,43930290.49877743,7193677.05052007,11378223.759698706,968.715152338597
1421,CLARI,PABAL,27621.997227737433,22638.037683553954,43795778.068396114,7171650.358402687,16848805.633690927,1061.0661722479576
1422,AOLUA,ZADUR,27618.291011968427,9575.998634766955,43797190.75523474,7171881.6888304,20087744.74041023,2846.661478236941
1423,MMRGN,MYTPP,27613.38555252134,3106.113717668507,43788536.19948755,7170464.487205869,10928864.568966284,5827.001424068198
1424,CNMWN,CNXIA,27608.34892793614,15765.814696630527,43783920.16581479,7169708.602026891,10994823.037667632,1152.1467167552496
1425,INMUN,OMSOH,27579.897814408407,6969.423123380175,43729027.76979294,7160719.857244485,11262523.468137559,2643.438775237793
1426,MUPLO,MZBRA,27548.231485705248,19156.736091159375,43678819.54289717,7152498.1549642,19871809.488701947,1410.6947819852032
1427,EGALE,EGPSA,27494.409425773174,7862.303448906346,43595891.805576585,7138918.564343664,13354102.067630958,2606.490676065832
1428,AUMEL,MYTPP,27481.236890395183,11260.554782032654,43586486.10860754,7137378.361771312,14091032.679075304,1885.2011691927185
1429,OMSAL,REREU,27451.703287746626,0.0,43525770.2358437,7127436.010479197,14790454.754745144,
1430,ILASD,TRBAM,27446.876797332796,18187.05468859559,43518117.642829865,7126182.8823501635,13522738.476511285,1135.3636810587918
1431,PGPMO,SGSGP,27438.51189629945,17010.93640066539,43583879.0698188,7136951.453711032,14162765.360426424,1252.1190081754883
1432,CNMWN,CNNSA,27419.106177812922,16410.849400573956,43514164.00393816,7125535.465703509,11302281.032905836,1122.9044913400307
1433,BEZEE,PLGDA,27407.542216044905,22429.65220740694,43743345.50787697,7163064.416834259,18582210.710286476,1147.8231980172602
1434,ESLPA,NLROT,27380.781221943493,9520.146513047854,43413320.47240128,7109022.126267922,19089699.21235191,2751.9241749812495
1435,JPYOK,PABAL,27296.44547745061,16778.4200102595,43279602.78650801,7087125.575224495,12924411.632274864,1192.694973380265
1436,BSFRE,PACOL,27233.039794872802,5207.827698841937,43179070.54839512,7070663.210738873,14436838.152115827,4129.841194177242
1437,ESLPA,SGSGP,27218.92713295139,16730.771486074093,43156694.36015758,7066999.063063661,23688153.495765414,1838.2387557219474
1438,ITGIT,MTMAL,27216.845437429678,9487.10721046816,43203712.141632214,7074698.323226073,15711309.65179718,2401.7867058444285
1439,HNPCO,USWMN,27213.247217677846,0.0,43147688.62799722,7065524.355566178,14462802.242466068,
1440,CNNSA,CNQIZ,27152.03036075395,16406.340936787336,43070220.735698864,7052838.825999868,11635027.069487585,1139.0636076313847
1441,PAMIT,USPEV,27098.2415545409,16562.484154540594,42965342.563090056,7035664.805641012,13402071.410722697,1233.9777068261053
1442,CNQIZ,CNRIZ,27070.09775269255,17679.24552943916,42920719.44298802,7028357.6762923105,11087863.400937647,1024.7168662861295
1443,INMUN,OMSAL,27044.781678237556,19979.692797557454,42880579.79742755,7021784.725287299,11218609.426601289,912.9466772441316
1444,AEJAL,RUSPG,27043.20911734745,0.0,42878086.43942833,7021376.432694328,12869552.305009464,
1445,ESALG,GBFEL,27009.149268880334,22106.90213607672,43078711.881901756,7054229.268969374,18155112.25257989,1140.3380431313171
1446,MZBRA,MZMAP,26911.848556208195,12694.114698368961,42669809.031565234,6987270.571065021,21020117.696518697,2206.328596604088
1447,GEPTI,TRBAM,26898.37412470604,4669.626540200495,42648444.78310772,6983772.130647589,14524958.023523035,4606.092150839781
1448,BRPEC,ESLPA,26836.977212830792,21994.662313797744,42551097.53104612,6967831.314296599,21359205.29867138,1287.905047544094
1449,DKAHS,ISREY,26813.21946634827,18978.57428981889,42513428.6766264,6961662.9605142325,19496264.041900977,1394.0945509594278
1450,AEKFA,KRBUS,26811.095478551753,7324.483511898632,42510061.009278186,6961111.4979347335,11036475.61146626,2457.181735772071
1451,CNJIT,CNQIZ,26806.21398012649,21969.449827695233,42502321.1988687,6959844.087774547,11411270.585981663,836.2118677454148
1452,CIABI,NGLKK,26803.356040377363,21468.526319710432,42922060.63023854,7028577.298512763,20813240.557890028,1296.8667453825644
1453,CNWGQ,JPHKA,26749.891595181954,7664.837293975191,42414855.83705732,6945521.451642754,10607706.912653306,2290.0979748250447
1454,DOCUC,PACOL,26712.853915190255,14275.574363258236,42387287.64675844,6941007.10275897,14895876.087442577,1529.6675730543095
1455,KEMOM,TZDRS,26686.38780242965,8358.382578396597,42313603.847687155,6928941.226381736,15818278.415856818,2721.485817247934
1456,COCTA,USBAL,26686.364389366277,17116.61104994049,42312294.8935568,6928726.8824022,13681739.929140728,1204.120766161511
1457,CNNSA,TRALI,26668.742053550337,3972.7764764544277,42342057.50288449,6933600.57199663,19304543.345677197,6604.48531982109
1458,ESALG,ITLIV,26554.37570325271,9486.458498176327,42103021.56849962,6894457.937247107,17748691.183409777,2597.718540105802
1459,BSFRE,USMOB,26538.070385322655,15057.47670348691,42077168.83672531,6890224.498288553,13323081.544796878,1342.4099164240827
1460,CNQIN,CNRIZ,26526.445669528523,20275.019142854566,42060371.59690402,6887473.915097717,10248485.89066256,845.1760111802128
1461,CGPNO,MYTPP,26519.63864973363,8692.701200301693,42073036.859192014,6889547.878315932,15348378.816905428,2558.2297358213073
1462,CNNSA,VNHPG,26495.205732403272,17637.473725898937,42013628.4233208,6879819.622552498,11789070.602598695,1058.478697985966
1463,CNTJN,MXMAN,26474.549400168806,10848.814479901108,41976453.78178025,6873732.197163882,11301274.482732981,1675.298873768052
1464,FRLEH,MACAS,26439.83160946037,2015.7372515484922,41921407.34019402,6864718.227097767,18365098.61842981,12516.42138683799
1465,ESALG,TRISK,26344.63583891316,12234.98855807207,41770470.64993366,6840002.028036038,16681021.915194787,1922.4393902446898
1466,RUNVS,TRBAM,26327.105916394,1594.8061699500831,41742676.258750595,6835450.63828385,14612816.602930937,13448.8238416372
1467,GTSTC,USMIA,26324.551420873526,12258.69567093894,43639537.95742663,7146065.713095523,12116537.7726641,1571.342009201231
1468,CNLYG,HKHKG,26315.413531849677,20219.25626478481,41724137.51680621,6832414.880473995,10708158.766729064,867.5182418926495
1469,AUMEL,CNSHE,26304.58521084869,14821.353362371628,41706968.782065466,6829603.464212261,15001661.677871251,1472.960303173704
1470,FRLEH,GBLIV,26290.371641278503,2534.9039072136206,41684432.60072698,6825913.117331775,18061353.66777382,9817.834401644757
1471,CNQIN,OMSOH,26218.06661442055,17189.939601070535,41569790.09738473,6807140.167370739,10632514.107312769,1014.526791798467
1472,JPTOK,VNCMP,26119.730747183632,9596.165984256675,41413874.658607304,6781608.687814824,11624693.574694457,1918.0891923614472
1473,AUFRE,AUMEL,26069.621790730263,8841.005890747647,41334424.90998932,6768598.625126559,17058182.75373039,2695.03059643839
1474,FIHEL,NLROT,26066.853279371026,13984.706191139761,42967822.76859433,7036070.944485397,16973489.812838458,1716.8441316654548
1475,BEANT,IEDUB,26065.49184813375,2563.4855372697643,41327876.7213156,6767526.345520625,18018968.25688808,9669.059661950549
1476,CNTJN,USOAK,26058.691740050795,21356.806342844866,41317094.878786735,6765760.796231477,12199042.754214847,887.9981044918765
1477,HKHKG,JPOSK,26029.079475809882,19341.500350111237,41270143.453004405,6758072.401952614,11411293.023711402,939.3979317410875
1478,CNNBO,LKCOL,26015.51276144686,16393.900688214366,41331409.473318174,6768104.841057931,11626743.594127009,1122.0544021234107
1479,ESALG,ITGOA,25991.64516826833,5508.906614803947,41217458.79362537,6749445.178668034,17608881.17072861,4421.626295849546
1480,AEKHA,CNQIN,25978.197870704957,17742.363616309118,41189468.63913898,6744861.732265037,9999821.800577248,943.768479496737
1481,MXMAN,PACOL,25977.79011330572,21285.90505177362,41229573.02085042,6751428.908740933,13158287.195973393,935.3474074176318
1482,CNWGQ,OMSOH,25977.31129299388,17741.758109175702,41188062.93482461,6744631.545240291,10229399.459666383,956.7276760541575
1483,LBBRT,MTMAL,25973.357307233568,9718.246727431602,41460810.253153354,6789294.489695598,15258586.46468158,2268.709734662615
1484,MATAN,TRALI,25947.718622362885,7275.161467487749,41141142.57549213,6736948.238157639,16408675.933228245,3181.4584837494344
1485,CNNSA,EGDAM,25936.886947160223,4555.066999134901,41123968.522530876,6734135.951026162,12283611.47347892,4175.075235582031
1486,CASJH,DOCUC,25905.60110791607,7533.700769728462,41074363.576844886,6726013.037307129,15848053.98967158,2996.411420756807
1487,TRMER,TRYAR,25898.768295562764,10612.86929758712,41063529.880391255,6724238.9968292285,14070913.39539368,1959.4279180419921
1488,FRLEH,GBSOU,25894.07795650659,12427.004218489144,41651402.22739664,6820504.324539859,18183595.097280003,2012.077809116558
1489,CNLYG,CNTJN,25875.561476595445,10414.013836650749,41026734.543515846,6718213.683373718,10489443.787975386,1652.355925511547
1490,EGPSA,ESBAR,25866.889655397794,7066.537319843094,41012985.02520658,6715962.170961802,15564353.25554638,3152.932535139133
1491,KRGWA,USSEA,25855.81622922542,21190.53656078424,40995427.666442715,6713087.11670258,12340836.450151432,899.1713594508834
1492,KHSSK,VNHCM,25845.57220475774,20518.98276670581,41122108.6755873,6733831.397194999,12025391.079072442,914.2374497582911
1493,GMBJL,MATAN,25820.62917322379,2214.5963506173357,40939637.186021544,6703951.308719374,21059111.427894905,12536.39866645455
1494,ECPSJ,KRBUS,25812.362531253515,14103.282270921136,40926530.09553435,6701804.9952084385,20240482.394618426,1910.3558215932358
1495,USNYK,USWMT,25785.943626672582,6724.058827021353,40889211.65109265,6695694.021793664,13159040.67894093,2952.7901542065943
1496,COBUE,ECPSJ,25779.997801369693,19592.682075816512,40925361.3238943,6701613.606405204,15998731.870386735,1158.6134756308456
1497,CNTJN,CNZOS,25732.071801036233,18868.49658291711,40806324.8350983,6682121.132125979,10494616.420252366,910.339489789005
1498,TRAAP,TRMER,25717.271628525832,2773.288181215734,40775759.67738359,6677116.023552797,14002767.487728732,7456.810169008844
1499,CNNBO,JPYOK,25712.59640985759,20795.351192674887,40805441.41314681,6681976.469931712,10883053.11287902,844.6613582076926
1500,CLSAN,KRBUS,25700.6364516302,14042.237706091273,40749383.94106579,6672796.941505179,22391457.445147436,2069.7737066539657
1501,INNSA,TRALI,25695.800369182598,8909.743222983945,40741716.13949992,6671541.322943906,13248258.921098234,2235.732247889725
1502,INNSA,OMSOH,25662.009936872597,7798.270637408261,40688140.06163405,6662768.128015653,11614719.874185724,2343.7873410707716
1503,DOCUC,PACRI,25634.97841714515,14759.792023910513,40691600.01774872,6663334.703073895,14423502.871935315,1428.6676628538555
1504,JPKOB,JPOSK,25597.7028823371,11990.62307608935,40605851.86007346,6649293.262714878,11507213.471075386,1514.2254592254158
1505,PTLIS,USNYK,25568.009673017234,10838.61735453979,40539098.89490603,6638362.324901195,16636661.450611655,2147.416318352085
1506,KROKP,KROKP,25553.82312524469,20943.033412777837,40516605.55770522,6634678.993837961,13485018.933682637,960.6869038964097
1507,CNSHE,SAJED,25449.09102818562,20857.198592784443,40350548.64148663,6607486.826116806,11750534.20759306,880.1767385990576
1508,AEJAL,EGSOK,25447.09632098095,10725.718525433009,40347385.95367203,6606968.929365122,12097870.479827275,1743.9241356967518
1509,ESLPA,PTSNS,25438.281295335,12161.531263002833,40333409.37899952,6604680.235998313,20276580.39152669,2210.35164455826
1510,DEHAM,MXVER,25377.27935901807,4621.854271506594,40236688.37643582,6588841.969313845,15060146.923184149,4684.0483539177085
1511,GRPIR,ITANC,25374.371483785002,11697.146998796372,40241241.99862401,6589587.634481547,16312235.10574324,1957.8981731683261
1512,CNFUN,CNNBO,25374.235973459836,17744.893713013535,40351669.15047137,6607670.311809181,10053175.768874442,938.9093194999017
1513,TGLOM,USNYK,25368.558056981845,13855.344112331944,40295316.73262875,6598442.485396627,15916717.896902142,1625.0163258131681
1514,MXLCS,USPHU,25363.580011491624,19146.02854714063,40214967.51465296,6585285.132717711,13311809.040371308,1039.2282725422217
1515,USPHI,USSAV,25323.13147484681,12705.4878226825,40165644.891484044,6577208.449901978,12581042.816567559,1507.8721520843321
1516,CGPNO,CMKBI,25300.163600232845,6911.71426719537,40114418.26578856,6568819.982685913,20758342.70483474,3953.746007299785
1517,EGALE,ITSAL,25224.625992345904,4134.646955904106,39994650.37632139,6549207.740015375,14695668.04949961,5138.256304852866
1518,CNMWN,USOAK,25169.803952103954,20498.702926750157,41187726.35572327,6744576.429707717,12417943.79811121,934.8162318510625
1519,CAMTL,PTSNS,25152.9897331369,0.0,39881068.230754554,6530608.425860244,16630402.877314942,
1520,BRSTS,PACOL,25151.543004522406,7730.001929822598,39878774.384846054,6530232.803789867,18052128.025247887,3180.123504781831
1521,BRIOA,CLSAN,25146.13123652874,12594.329721630182,39870193.81089066,6528827.716838645,22136641.81225526,2276.0615421924585
1522,EGALE,ITGOA,25123.47624593719,664.2043848629496,39834273.419909924,6522945.6776053505,15114091.748882772,32575.872607273828
1523,ESALI,ESLPA,25123.25444248464,6612.896222805313,39833921.741691194,6522888.089560689,20186154.828305405,4038.9327184293275
1524,GTPBA,USPEV,25098.804639351645,250.84933219350108,39799331.69581678,6517223.897124034,13999976.910196,81790.93254070696
1525,MATAN,TGLOM,25082.225908666518,12983.070678884504,39768869.365255296,6512235.626712493,18759616.30301657,1946.5234808303765
1526,EGALE,ITNAP,25048.80501214102,3241.442835640189,39715879.201111495,6503558.376383015,14727879.117720956,6549.995964963774
1527,TRALI,TRYAR,25011.802359861136,9521.239406959829,39658483.18390487,6494159.658389515,14613063.755105086,2216.856704397713
1528,CNYTN,JPYOK,25007.550260930173,19736.240801035005,39650468.14797871,6492847.179474705,11692159.002492651,921.4017180522899
1529,BSFRE,ZACPT,24998.703903729667,3414.6794693298093,39636441.89587706,6490550.351324861,17749137.25639316,7098.671434738056
1530,CNWHN,CNYSN,24947.983432802546,20446.50806471482,39556022.56667598,6477381.517786004,10026395.290454742,807.168478647062
1531,JMKIN,USNYK,24930.101328288627,5376.681837733048,39531764.53826445,6473409.214842099,12884807.955933344,3600.402209950623
1532,CNBYQ,CNZZU,24929.437102993103,20431.308131500136,39526616.62120359,6472566.232644661,12259180.261728575,916.8158188311698
1533,JMKIN,PAMIT,24890.154637911408,17020.69256781541,39466713.09900114,6462756.905457876,13258111.879208695,1158.6407959660203
1534,CNSHE,COBUE,24878.357840619938,20389.445327122954,39445628.41385751,6459304.244118443,19319212.19966728,1264.3069014483676
1535,HKHKG,PHMAN,24865.60679866977,12281.037994532036,39430462.23817001,6456820.751094641,11777139.738751352,1484.724703071875
1536,JPSZU,JPTOK,24850.536718223088,14739.841721185967,39417915.27202265,6454766.159117143,12047481.294606494,1255.2541474804211
1537,BEANT,PTLIS,24799.12842343528,3027.0549229163094,39320007.013533026,6438733.476788926,18914848.231832165,8375.659627673713
1538,EGALE,TRISK,24764.526799718584,4730.682354204967,39265144.75934451,6429749.66779484,14186232.49334895,4357.92991740797
1539,KEMOM,ZADUR,24733.72759689515,6486.691635242165,39216311.39510884,6421753.102153837,17396576.023443356,3671.8762760653403
1540,AUSYD,TWKAO,24640.610839238463,7343.489480837951,39068671.06268981,6397576.688590546,14984502.756593125,2911.7056000390435
1541,JPTOK,PHMAN,24620.754059622435,15954.210743953345,39045508.2943795,6393783.736781474,12197189.2322607,1165.2706152253984
1542,CNWGQ,CNWGQ,24608.259160178142,14368.4895862824,39017376.18547351,6389177.045045042,9483565.43965289,1104.6910943131868
1543,CNNBO,CNTAI,24588.773749700682,19955.703912106503,38994805.455280714,6385481.040717324,9587342.92161401,800.4139584693437
1544,EGALE,HRRJK,24574.56939431916,15563.091056020063,38963959.71827994,6380429.986698572,15045960.130223228,1376.7438640432367
1545,HKHKG,PGLAE,24572.447251998536,9360.934591606561,39073157.92367869,6398311.421472075,15512586.609971223,2340.6741941226255
1546,SADMA,SAJUB,24561.943892083873,13920.118284383778,39178015.2148571,6415482.022452982,10931691.771617161,1246.1944244777712
1547,CNHPU,HKHKG,24548.64272787895,18623.90028820094,38925371.950162165,6374111.158874126,11283752.485317916,948.1291980165439
1548,EGDAM,ITGIT,24484.378147405,4224.537502822643,38820957.899801806,6357013.139505234,14456039.325671408,4926.70557457954
1549,GBBEL,NLROT,24437.564654317765,13629.959385987724,38991007.68932889,6384859.148590942,19230273.980460856,1879.3257121063345
1550,INTUT,LKCOL,24425.415038415682,3074.0973243275257,38727469.539266974,6341704.224721507,15195366.122164458,7005.981943527864
1551,CNQIN,KEMOM,24401.644238527446,13988.79626526044,38820245.206582256,6356896.434498294,12706709.514668677,1362.7767241495421
1552,CNMWN,CNSHE,24391.948530215028,16652.01884452212,38701653.96336414,6337476.870114705,11304347.850106282,1059.440593056047
1553,BEANT,PACOL,24375.524709694808,14269.529006819233,38648366.43363692,6328750.925548317,16012449.032092093,1565.6578396500558
1554,BSFRE,USSAV,24349.458586940913,4988.994428250261,38607037.556589365,6321983.23539728,12901558.115791744,3853.189581117873
1555,AEJAL,CNYTN,24342.473822590626,13300.168827120231,38595962.93418523,6320169.742790533,10450137.584406381,1260.9093572557335
1556,CNQUA,CNRIZ,24331.207851823794,17946.91803511487,38578100.28828888,6317244.697124155,10397670.831594985,931.3529763725894
1557,CNWGQ,IDSUR,24325.650508185863,10492.876542923295,38569288.89834448,6315801.813571451,10504811.074057514,1603.0506809854044
1558,CNTJN,QAHMD,24313.628263127666,19913.638582664007,38682645.47585414,6334364.190484927,11460392.955967411,893.596470207294
1559,GRPIR,TRMER,24282.673201219433,3166.006895059714,38506717.69813989,6305555.648526224,13887330.961404862,6378.0298904087595
1560,BEANT,CASJH,24235.661121569676,14897.034921998613,38426607.13741822,6292437.376472371,16964626.934321094,1561.1874733843517
1561,CNDCB,CNSHA,24169.523067497117,19808.508757871034,38321742.61534345,6275265.591417045,10605880.03929349,852.2168850294047
1562,CAHFX,USPMB,24149.073963902472,19791.74937678958,38289319.74615899,6269956.278701009,14694456.569340415,1059.250117254772
1563,CNWGQ,MXLCS,24138.975751437094,3297.245538269075,38273308.6276155,6267334.424515395,10839631.676341636,5188.259685943049
1564,MYPKE,MYPKE,24111.692232545603,9040.438326745358,38250506.84884513,6263600.58549933,9952680.785089958,1793.749460423265
1565,CNDAL,KRINC,24063.8467093704,12740.492952497769,38156984.025495484,6248286.027357519,10753289.403280871,1334.4519316503554
1566,JPTOK,VNHCM,24062.319356600194,18653.668882927006,38161129.93367976,6248964.928503406,11637422.02817895,958.8669697602003
1567,CNYPG,SGSGP,23917.91266714725,8861.312585980735,37922804.29228991,6209938.605719032,11732866.600399457,2024.8473385878924
1568,CNTAI,CNXIA,23906.634778180683,16777.876633623404,37938167.85757687,6212454.42170304,10110698.834024426,972.89744180234
1569,CNNBO,ECPSJ,23886.036114689403,15660.938091242053,37872262.747248136,6201662.321894435,19806358.30051182,1660.6936615725797
1570,IRBAB,MYPKE,23863.028085045247,6110.620042318358,37865324.14950042,6200526.111985195,9866105.078563046,2629.296385519102
1571,ILASD,TRYAR,23852.16968228031,11255.149096801688,37818566.168194555,6192869.394644388,13925784.255606154,1787.5066316062882
1572,INMUN,SADMA,23837.949471600696,7675.1566796855195,37796019.457112245,6189177.3234963035,10979269.824193075,2236.885560021276
1573,ILASD,LBBRT,23811.69460394245,5390.459002972454,37758105.33452077,6182968.8065372715,13804333.144070068,3707.903527248008
1574,CNBYQ,CNSTO,23797.830468954166,19503.882304427476,37732409.17861767,6178761.007205467,10970024.937568838,879.2498681599122
1575,EGPSA,SAKAP,23764.152045725998,15717.16095376707,37684938.309936665,6170987.553064336,12672123.872264462,1198.8877304722457
1576,AEJAL,IRBAB,23753.64363393965,858.867718947906,37662349.18969343,6167288.537327353,9710858.09671976,18487.30169239274
1577,DEHAM,LTKLJ,23735.53171315793,7780.498588590615,37647627.98942241,6164877.909959691,16614311.774369434,2927.7287856247035
1578,BRSUA,PACRI,23728.5514999708,1620.5919706060604,37622564.61070366,6160773.729216734,18113150.677670516,14978.430627303069
1579,DOCUC,MXALT,23715.327873832786,404.92220872258895,37601598.02415218,6157340.406769041,13441934.792271612,48402.56912771129
1580,JPHKA,KRBUS,23663.547376995288,9443.983867543826,37528313.278976925,6145339.876302822,11223028.61936193,1839.0934100760896
1581,HKHKG,JPKOB,23630.617337922613,16725.907428792812,37467286.0915215,6135346.546578128,11398605.999410944,1048.31098824601
1582,FRFOS,MUPLO,23602.0327032586,9671.706599266188,37421964.01341144,6127924.961392132,27317313.854241345,3458.049359993099
1583,JMKIN,MXALT,23601.99043218161,3385.0912470573458,37421896.99093326,6127913.9863209985,12275885.430911224,5436.721811629336
1584,IDBLN,MYPKE,23562.84966672579,13740.60286193705,37361457.87684777,6118016.95484194,10651282.027561119,1220.4194496338894
1585,EGPSA,GRPIR,23545.49233536864,5590.741256676879,37332317.00549966,6113245.076143462,13897856.117832566,3579.328800108087
1586,PECAL,PEPTA,23493.07356683627,6803.201782390056,37271379.12377859,6103266.370419757,18080408.918629877,3554.7490817703756
1587,ESVAL,ITLIV,23484.80779562589,7442.304684471469,37236099.24786093,6097489.216869154,17386959.781589355,3155.5344740802298
1588,BEANT,MXVER,23447.963449782957,2745.306192029901,37177681.06830975,6087923.117651526,15275598.79637132,7781.835766095909
1589,COCTA,TWKAO,23435.42823609802,9603.43495737995,37157805.98715399,6084668.531497779,17947400.540210865,2502.445133263565
1590,CNQIN,LKCOL,23419.644809990146,9596.967181135173,37132780.73567488,6080570.594170145,11951702.677508788,1878.9553961510987
1591,DEWVN,NLROT,23404.102997197355,15829.143013177863,37108138.571741484,6076535.388230231,17819044.653679803,1509.5940457431466
1592,CNNBO,COBUE,23371.534486389624,13681.789141333664,37056499.89914321,6068079.44747109,18622322.451998927,1804.6179227304817
1593,CNNBO,SAJED,23366.184849433175,14894.538104170686,37048017.83642488,6066690.4919412,16693694.929283911,1528.1028026543418
1594,CISPE,GBLGP,23361.78376066385,7658.605375542822,37041039.73468186,6065547.813170015,20472460.961056754,3465.1228876439955
1595,MTMAL,TRMER,23336.744363427086,5379.185253146264,37001338.771883756,6059046.697385856,14467135.034906069,3815.8532875004157
1596,LBBRT,TRMER,23311.723006805874,4146.296824758144,36961666.413201004,6052550.265585478,13949462.283857597,4824.066726243074
1597,INVIS,SGSGP,23282.48716052588,1834.5947131480518,36930741.709942795,6047486.28067673,12829460.730125817,10289.43715770927
1598,CLARI,ECGYL,23272.885180670248,9292.293570752912,36900087.49115308,6042466.5881660385,17679376.710192475,2552.8512544009563
1599,AUBRI,NZTAU,23268.665636223657,9799.962363081328,36893397.23517307,6041371.0447412385,21394676.59080404,2799.607449402364
1600,COCTA,ECGYL,23237.798018932343,15176.403886437998,36844455.39707046,6033356.716277401,14657221.830304181,1363.3386869119358
1601,CLLIR,CLSAN,23237.349804786834,11702.947914377537,36928877.13834735,6047180.953173932,22450299.469256863,2435.0685511827755
1602,IDSUR,KRBUS,23225.948280945893,17796.503481326545,36926006.80583574,6046710.930215246,11120132.78076614,964.6189055616546
1603,PABAL,SVAQJ,23224.06155406527,8694.379250175965,36822675.684263945,6029790.24270292,14418076.596746085,2351.8489648395725
1604,AEJAL,KWKUW,23162.889946036383,9489.889413972192,36758736.13830215,6019320.008174905,10742399.224896943,1766.2712916752398
1605,HKHKG,USLGB,23157.330400550847,18978.95050585815,36716870.77937347,6012464.467992547,12085012.131948814,953.5551817976075
1606,MATAN,TRBOR,23135.36885030574,7983.558558142105,36682049.86571387,6006762.470472678,17040711.532516338,2886.8672829466304
1607,ESVIG,NLROT,23113.629349047562,18126.071159813146,36748991.54697017,6017724.310941046,19364274.42549474,1400.303381391858
1608,CNLYG,CNQIZ,23099.914326205613,5568.204196651565,36625835.30395689,5997557.21828279,11041090.868453499,3059.9898073031272
1609,BEZEE,USPHI,23087.363345254016,18921.607916857145,36605935.22317111,5994298.538387283,16321866.491570866,1179.4010914937526
1610,CNDAL,JPOSK,23055.37732806838,4293.16827218798,36603541.09563906,5993906.49499108,11147031.808223372,3992.608073216452
1611,CAPRR,USTAC,23029.174049853897,10294.86434959956,36513673.77493879,5979190.5330620045,15737963.99830043,2109.513422797763
1612,CRPMN,USMEE,23014.473062828325,18861.86955157121,36490364.77378837,5975373.635319182,14894050.306715406,1106.4345390033802
1613,MXALT,USCHA,22910.66949827404,14082.596793631505,36325780.082882576,5948422.5475755455,11681926.847519375,1251.9246026462815
1614,EGDAM,TRMER,22906.70120841768,8069.26108339235,36320912.487840004,5947625.468695543,13211864.708780294,2374.3797578825033
1615,COBUE,PEPTA,22878.10328411068,13996.55768440858,36274145.05170553,5939967.203106755,16395989.24222429,1595.8178395686612
1616,MTMAL,TRALI,22860.332091670425,3911.8162360242404,36245968.11744161,5935353.171124107,15009285.394617472,5354.197974040975
1617,INENR,MYTPP,22853.37166976917,4039.768634823447,36234932.090961106,5933545.998680666,12810796.742008805,4639.954520937229
1618,CNFUN,CNTJN,22835.036811903316,18359.50675376544,36225687.431408636,5932032.1663224595,10665865.282053193,904.0492030087634
1619,DEWVN,FRLEH,22805.359094312174,18292.817009438964,36158806.238008834,5921080.230867242,17986900.772582915,1306.9600483683735
1620,HNPCO,USMIA,22784.32077310154,10958.61461744766,37673165.97186176,6169059.808055621,12601792.152659753,1712.885489268829
1621,EGALE,TRALI,22783.109138576634,4564.130552491489,36130700.391607374,5916477.839670916,13885727.270914657,4338.658783495107
1622,CLVAL,CNYSN,22761.24924258775,15545.280024171037,36088868.30916085,5909627.748582186,23657823.473269086,1902.0211392704055
1623,CAMTL,ITGIT,22751.51871114556,1864.636122053455,36073440.1635414,5907101.357433513,14509369.277171165,10949.305547143842
1624,AUTOW,CNWGQ,22750.986323351393,18621.143760762738,36291163.70684995,5942754.043520354,14866211.37293848,1117.4912606768082
1625,BRMAN,BRVDC,22733.072037784954,9315.621481156686,36044192.22734256,5902311.946641556,20602260.295124527,2845.174881287159
1626,NLROT,PTLXS,22695.64876094278,9534.747059974854,35984856.12960643,5892595.536399204,19371198.443421856,2649.655394202737
1627,USNYK,USPEV,22694.636940394073,17049.764306773777,35983251.847778775,5892332.831890876,13028767.487447347,1109.7572951094096
1628,CNWGQ,VNCMP,22661.85156468096,3376.8860209532236,35931269.32722524,5883820.5853091115,10295084.024988076,4791.072162314269
1629,NICOR,PABAL,22660.816284817487,10776.35997369651,35929627.84971854,5883551.78993046,14341429.660511978,1876.7915603978158
1630,COCTA,HNPCO,22631.56223543609,5620.62091639252,35883244.38788027,5875956.400936643,13688654.008945465,3480.862826529004
1631,COCTA,USLSA,22608.748772534927,2850.6695223922884,35847072.732733354,5870033.216670038,13400837.06349192,6760.120781727725
1632,ESALG,PTLIS,22603.2924637733,4283.878521458336,35838421.537614234,5868616.565355389,19451400.616258334,5910.535757441175
1633,CNFAN,CNQIZ,22596.862019641063,18227.675184542804,35828225.81202007,5866946.993941511,12936704.802809145,1031.5990166807605
1634,CNBYQ,CNQUA,22587.689289634334,18512.09226860946,35813682.08281962,5864565.427833243,10791667.886459254,899.7488275561428
1635,INMAG,OMSAL,22544.352515997285,1319.7553529546533,35744969.90010668,5853313.66404427,12429572.524034595,13853.238895487219
1636,USPMB,VILIB,22536.643837750773,17798.611458721734,35732747.483353056,5851312.217709539,15965957.911868632,1225.7849540778195
1637,AEKFA,CNNBO,22533.30741615404,9942.524283006283,35752593.61132051,5854562.062718079,10499309.46902224,1644.8409947252812
1638,INTUT,MYPKE,22510.250440339885,14398.927652340375,35690899.69928633,5844459.555447624,13364901.20467348,1334.082733376249
1639,CLMEJ,PECAL,22506.79255732733,10657.214197096633,35690861.502192825,5844453.300593586,20066501.469379928,2431.3065582403783
1640,INPPV,LKCOL,22433.86148753658,10028.738345193067,35569781.968505755,5824626.2734357165,13472177.612694822,1924.1506979170317
1641,GBTEE,NLROT,22365.39598173649,3205.808021777754,36106668.539883725,5912542.573633221,18292020.378293764,7550.222217768532
1642,JPOSK,TWTAP,22327.939740447502,17305.420637730098,35445341.21991985,5804248.840300444,11224065.92357143,983.987336704543
1643,MYPKE,MYSPB,22326.680286623905,515.4416416436866,35399841.900465995,5796798.231473293,11526242.896923382,33608.15217248534
1644,ESALG,MACAS,22314.13262319655,3074.955736857568,35379947.079747185,5793540.412924766,18699270.940633595,7965.256559624055
1645,DJDJI,EGSOK,22297.561292153456,11142.578736808777,35357968.66438498,5789941.401390747,14274986.630546061,1800.7436613980244
1646,CNWGQ,PABAL,22291.105574791756,13701.766852239409,35343436.776267245,5787561.774284567,17210528.50783102,1678.4762527437688
1647,INTRI,SGSGP,22273.923476744636,13665.795381816195,35656953.709673084,5838900.828572263,13045943.144680515,1381.9059517297533
1648,NGLAG,SNDAK,22270.39287727219,4563.011764016963,35310595.96840365,5782184.023234743,20627851.731153607,5787.851778654799
1649,CNHPU,CNSHA,22265.730117871393,18248.225619038723,35303202.97743997,5780973.405484977,10352055.99645722,884.0875676761854
1650,PABAL,PACRI,22259.953235659952,15362.414268493738,35299580.75065628,5780380.258264921,13678564.098489849,1266.6592644010693
1651,ITGIT,TRAAP,22247.616510503518,4927.940629793266,35274483.13065406,5776270.470440102,15246942.104619844,4266.125376583909
1652,GBTIL,PLGDY,22230.936841578354,233.58602882047725,35248036.850449264,5771939.836683284,17329621.15657249,98899.5836348179
1653,JPHKA,TWTAP,22228.145256002175,17870.535428888834,35384586.670638956,5794300.155647679,11330039.868710369,958.244373398879
1654,HKHKG,KHSSK,22211.238561687587,17934.297068264026,35230934.41946206,5769139.277800019,12110704.096449794,996.9637118306368
1655,MZNAC,SGSGP,22190.077320328444,6325.642849216687,35183252.45017987,5761331.255493441,14000557.398349365,3124.0917523963512
1656,CNMWN,EGSOK,22186.830208359173,18183.561970351762,35178104.024669684,5760488.190036363,12928305.910291744,1027.785102324843
1657,GRPIR,TRTEK,22168.817830655735,6517.069438201452,35149544.68155341,5755811.537803452,15409117.104856424,3247.6144137112137
1658,MACAS,TRALI,22152.883848727895,5525.660213968755,35124280.717818126,5751674.510844054,16561065.821377998,4038.022511014323
1659,CGPNO,INMUN,22125.021706801777,18132.90585103193,35080104.18075436,5744440.510402926,16381095.535058882,1220.1870029674621
1660,CNCGM,CNWGQ,22095.40050402512,9620.13814959228,35034327.483983174,5736944.480459289,10919247.717094613,1731.3880464658218
1661,KRULS,VNHPG,22045.60865766999,18067.821650784237,34954191.62465513,5723822.065705671,11765434.720577946,967.9781616354671
1662,CNYSN,CNYSN,22043.031351769914,14895.19038793033,34963981.60201907,5725425.194997294,9561658.637009481,1026.3100661267142
1663,CNTAI,JPOSK,22008.70179889066,8245.74814186257,34895674.32835049,5714239.735912135,10527354.885210881,1969.6932699977328
1664,BEANT,CIABI,21967.91615791903,7201.659021422766,34831007.06820839,5703650.3366634045,18864460.768614214,3411.4515880569866
1665,NLROT,USCHA,21962.07854271974,11249.602028234338,34821751.29652726,5702134.684670863,14603560.09708127,1805.0145001386486
1666,CNNBO,VNCMP,21958.669970539584,12851.225332330881,34859366.563643776,5708294.263420126,10373239.58925268,1251.3619080520807
1667,CASJH,ESVIG,21953.731905062155,11695.13970845459,34808517.36968789,5699967.60144169,18848760.373332817,2099.0538451650873
1668,BRPEC,BRRDJ,21930.02926153484,16175.787082223915,34770935.88320095,5693813.554341248,22843194.90715981,1764.1805197140163
1669,HKHKG,NZNAP,21913.144717854742,10773.926591711335,34768233.98826757,5693371.113388673,17932921.686016556,2192.9138460606882
1670,CNYTN,KRGWA,21894.440118054776,15700.937981440778,34714507.87704895,5684573.350184766,10896745.802292915,1056.0718838630885
1671,ESALG,GBSOU,21891.415868542892,17940.288912986103,34720017.184047446,5685475.51074117,18517767.41948379,1349.0999530506672
1672,CNYTN,USSEA,21885.128594114045,17936.297717294357,34699744.08453154,5682155.748247577,12702178.995267885,1024.9793482067987
1673,GRPIR,ILASD,21882.767864714533,3260.2381000141563,34723073.39519731,5685975.971716062,13742201.821617331,5959.128504525186
1674,CNQIZ,CNQUA,21870.707485736843,16308.337153759529,34676878.84213864,5678411.516930441,11278357.18615317,1039.7607397498894
1675,USPEV,USSAV,21855.295855652927,3582.288367298656,34656045.18464589,5674999.961894443,12338506.221272107,5028.491382102283
1676,ILASD,ILHFA,21815.82220839883,4867.12595887652,34592148.49156096,5664536.74461474,12865860.980578655,3807.2566606578584
1677,CNNBO,KRINC,21815.145588052033,16452.74728800594,34591356.28954872,5664407.01987652,10186146.126836471,963.3985661633576
1678,MYTPP,VNCMP,21809.08213307268,2808.6700277704413,34584651.56268271,5663309.106813839,10295491.315305796,5681.97768492867
1679,CNWEN,THLCB,21767.442564108092,17839.846299964283,34513148.191070385,5651600.279998394,10742473.15589322,918.9582219620601
1680,CLVAL,CNQIN,21765.90245660751,17838.584080894914,34510706.28921437,5651200.413456611,22584893.758398764,1582.8663331018615
1681,BSFRE,MXVER,21755.93202112038,2026.1832562875888,34494897.76616518,5648611.734707384,13699987.916395053,9549.284148440407
1682,CLVAL,KRBUS,21736.99293268065,8907.445415334254,34464869.086222686,5643694.4754926795,23211542.240179982,3239.451421840665
1683,AEJAL,AEKFA,21724.906764249667,8071.223096710837,34452952.32048001,5641743.080150965,10500464.595632887,1999.9704483899197
1684,ESALG,PTSNS,21724.709713278306,1561.826660267978,34445393.55205059,5640505.31599408,19203574.550083976,15907.066064434648
1685,BRSTS,DOCUC,21723.38206100899,3956.3857397725787,34443288.50643569,5640160.610367091,18368723.091670033,6068.387988734689
1686,NLROT,NOOSL,21691.381788423678,826.8609073297075,34392550.79819831,5631852.204408487,18865383.278830364,29626.791236691854
1687,INVIS,MYTPP,21654.912468541657,3071.7035496244293,34334727.237262815,5622383.475234193,12852004.453107199,6014.378545937552
1688,PACOL,USPHI,21623.815845003308,0.0,34285422.3006236,5614309.688624729,14116322.852891643,
1689,JPSZU,KRBUS,21622.577061034135,13840.047891548908,34283458.159242325,5613988.0563610215,11333193.45160874,1224.5030971546093
1690,CNMWN,VNHPG,21621.139284147153,8817.850175846894,34290524.32934667,5615145.156510772,11789847.252025194,1973.8362595692815
1691,BRPEC,BRVDC,21588.174768597444,1030.6337766592728,34232266.47397749,5605605.310713634,21751788.826215234,26544.243703719807
1692,CNNSA,CNRIZ,21579.01872637697,1965.0467346095618,34214394.68269695,5602678.767471448,10754340.714929398,8323.984969065303
1693,DZALG,ESVAL,21577.35089291265,5014.880903577508,34211750.2662322,5602245.738738459,17573409.55319785,4621.377005265129
1694,IDJAK,VNHCM,21538.40231666718,17651.781086825056,34153116.279705785,5592644.30067678,10959235.039079027,937.6889084643026
1695,AEJAL,MZMAP,21531.71092207459,9974.19277980054,34139386.272514015,5590395.983251207,15487102.21385808,2113.2034102844746
1696,CNRIZ,CNTJN,21513.542511634285,5956.675189441891,34110579.53327142,5585678.819384613,10536216.320459533,2706.525809636211
1697,CNMWN,INNSA,21466.013342072725,14069.795129338094,34084496.41860401,5581407.654744938,11778631.975511953,1233.8516283053787
1698,AUBRI,NCNOA,21456.79450013617,10868.661362416038,34020603.29813884,5570945.022489201,20881720.85438605,2433.8476464405167
1699,PHMAN,PHMAN,21407.197339262104,8771.745105122638,33951824.79275793,5559682.398224481,12251593.925455747,2030.5282597961684
1700,CNBYQ,CNQIZ,21403.849101457003,17197.899626843384,33936656.25726494,5557198.518777589,11481860.455801915,990.7639504991673
1701,CNNTG,CNQUA,21359.01138755421,17505.110173183402,33865564.27390868,5545557.05765044,10101587.472487044,893.8615281672324
1702,KRGWA,TWKAO,21295.76732742906,17450.719507096554,33787970.86222873,5532850.97402258,10716464.634975666,931.1544777503449
1703,HKHKG,MXLCS,21267.22004145101,17429.881147020817,33720025.43436025,5521724.767944821,17277331.80799918,1308.044293798349
1704,SAJED,SAJED,21260.770768636066,2680.66870652235,33712008.710568294,5520412.012638453,12195430.397305889,6608.739963591855
1705,PHCDO,PHDAV,21226.14621541636,9970.294863441102,33665864.283586405,5512855.76610286,14880266.554439392,2045.388085293183
1706,GBFEL,ITSAL,21222.473062513436,1656.496006102546,33649077.31490952,5510106.864833425,16826847.91190924,13484.460387742032
1707,NGLAG,NGONN,21212.556907943363,14673.646454367217,33633354.85641884,5507532.279335856,18389399.257382102,1628.5612176246539
1708,ESVAL,LBBRT,21183.54907636137,12536.771214061158,33611311.359726585,5503922.610597774,16268086.361004187,1736.6520134931252
1709,CNSHE,CNTJN,21168.32479318414,15979.185533028918,33563223.074653774,5496048.053229737,11085446.806209918,1037.6933683613452
1710,USJAC,USSAV,21161.16287789484,11000.162461202948,33634814.56704384,5507771.310007045,11476702.260846626,1544.0202479515285
1711,CNHUM,CNNBO,21154.85779620538,17337.188007061857,33547237.2591645,5493430.342472231,10460407.156734852,920.2090611642844
1712,AEKHA,AERUW,21145.416133977997,11902.15088438355,33526900.481969234,5490100.152625314,10812488.452167187,1369.717857146529
1713,NZLYT,NZNAP,21140.420786935945,11994.895969424048,33518980.160037965,5488803.18332548,24152542.704909425,2471.163231743991
1714,GRPIR,TRGEB,21134.97629403358,7973.388302369822,33510347.699434876,5487389.599827058,15284357.547545984,2605.134274120243
1715,USDUH,USOAK,21107.97444852085,0.0,33467535.196640003,5480378.962853479,17106440.519887127,
1716,LTKLJ,PLGDY,21096.187006116324,8075.453750026592,33477129.00727062,5481949.969431786,16262343.79326074,2692.640492507424
1717,CNNSA,USOAK,21075.02039153123,13817.888746323126,33415285.225196175,5471822.92062844,12417167.148684712,1294.6254234441806
1718,ISREY,USPLD,21057.804802805866,11284.241449896695,33387989.22277765,5467353.143079972,19109545.909492012,2177.984152651836
1719,AEJAL,CNZOS,21045.729898173056,3136.0646278638897,33368843.979979474,5464218.069485417,9883082.033684261,4893.8086182309935
1720,BRRDJ,PACRI,21018.394424339713,6459.73209010298,33325502.496178392,5457120.810764489,18633623.650942147,3729.3720739001396
1721,CNWGQ,JPSZU,21015.096098773734,10367.392629768447,33320272.869468424,5456264.448440927,10717871.744900111,1560.0968122784682
1722,DEHAM,MATAN,20955.178400433047,10813.349021846703,33225270.969451472,5440707.68839795,17794876.79487051,2148.787062761458
1723,CNQIZ,MYPKE,20906.931158038333,9043.261525827134,33148773.042711798,5428180.99272279,10960615.270292895,1812.266096276221
1724,AEJAL,KWSHU,20897.24307029947,3789.0842395364184,33133412.193276472,5425665.621465173,10715198.878823621,4259.8325822029165
1725,USNFK,USWMT,20888.30403343695,9022.352037857096,33119238.99387498,5423344.7303873,12893327.777124824,2030.1438505898209
1726,CNQUA,CNTJN,20885.055063032363,17116.671891678183,33114087.621741492,5422501.182414486,10726710.105675057,943.4784630031378
1727,BJCOT,CIABI,20881.611066710837,6475.510550069192,33108627.02823979,5421606.99879518,20699310.956617717,4033.8005402730428
1728,DEHAM,USCHA,20876.123628277604,0.0,33099926.475785006,5420182.265113471,14353584.280574834,
1729,MATAN,USSAV,20834.776415095967,10044.391319601102,33034368.820510488,5409447.061797497,15041880.62066193,2036.0942770668178
1730,CUMAR,JMKIN,20831.41755710923,2937.240849718374,33029043.217233595,5408574.983110145,13188668.167828018,6331.534968513489
1731,TWKAO,VNDAN,20811.36571467332,16512.788794199074,33142893.348608766,5427218.180502501,12429185.3670598,1081.3681304901834
1732,CNFUN,CNQIZ,20807.434845777752,12383.767608528953,32991017.672075074,5402348.220472462,11217512.362531306,1342.0681902620113
1733,DEBHN,GBFEL,20800.822531446996,9835.17565937568,32980533.58402885,5400631.429103284,17468061.74742727,2325.194177363805
1734,MATAN,OMDQM,20800.337598209117,8523.620187501421,32979764.703042835,5400505.523231939,20941680.2157922,3090.4926732482645
1735,CNNSA,JPYOK,20792.272943045915,17040.63086136108,32966977.870692745,5398411.652661513,11713867.020527637,1004.2045281310873
1736,RUMAG,RUVLD,20767.693573392917,0.0,32928006.29997291,5392029.976357373,15023307.26256978,
1737,MYPKE,PHMAN,20723.45136548883,12193.392715187178,32862941.41654567,5381375.465463158,11102137.355272852,1351.8397385991989
1738,PHDAV,SGSGP,20718.580690831903,0.0,32850135.866231017,5379278.529786842,12061919.198280454,
1739,SXPHI,USPMB,20703.273850146383,16967.69026976481,32825866.259943523,5375304.330941506,16073876.301215272,1264.119057522971
1740,CNHPU,KRBUS,20667.71819412345,14636.222883408549,32769491.349490166,5366072.8213168485,10989514.135829506,1117.4732092722404
1741,GBLIV,NLROT,20650.23807190336,12379.744185032014,32846913.943841945,5378750.933249562,17893497.548870705,1879.8650549062284
1742,PABAL,PACOL,20639.101831506123,15175.911590229915,32766616.45419914,5365602.05119348,14150937.31399711,1286.020892330127
1743,JMKIN,USNOL,20638.5641499732,9665.517958840426,32723266.449933723,5358503.397228678,12231352.911722975,1819.8565647341584
1744,MTMAL,SAJED,20634.654888665198,8117.497215374187,32717068.1602429,5357488.414313813,13985844.806517972,2382.9183685085045
1745,BRRDJ,MATAN,20618.908654678744,16898.5474609219,32692101.878355384,5353400.133380272,21103876.50241499,1565.6538940390017
1746,CNTJN,LKCOL,20615.826311498615,13506.116283080699,32805476.24349434,5371965.423055287,12239433.107305761,1303.957271004922
1747,ESBAR,TRMER,20609.101797942334,10483.764888952892,32676552.715938374,5350853.925477614,15553828.099118676,1994.005230566004
1748,JPKOB,JPYOK,20597.699793432716,13227.406172964882,32662694.15131121,5348584.556502821,11810378.05217543,1297.228072102977
1749,USPHI,ZACPT,20592.972789273477,5625.76377293772,32650979.52952826,5346666.262657761,17428621.957168978,4048.39043000444
1750,FRFOS,MTMAL,20591.00507930541,13365.162138062824,34301928.03174597,5617012.536655756,16470798.734293133,1652.640726897335
1751,AEJAL,THLCB,20585.53769041959,10736.216761353939,32639190.88381099,5344735.847238463,10574093.395318953,1482.7224148322712
1752,FRFOS,ITGIT,20584.48795029756,4568.833106262556,32644621.8319713,5345625.176371045,16405849.170360263,4760.838017242586
1753,TRALI,TRISK,20574.86140095329,4259.986824925792,32622263.20113095,5341963.903756385,14542816.795939187,4667.803332946215
1754,CNZOS,HKHKG,20571.315425759538,10909.115210860591,32616640.916060787,5341043.242804192,10713331.399006044,1471.6477304985533
1755,DEBHN,MXALT,20560.026566030057,1685.0289728842458,32598741.97880142,5338112.254351134,14408009.616194678,11718.565192826678
1756,CNDAL,JPNAG,20559.783396812134,8424.290655706833,32611741.689106923,5340240.984132484,11252363.282568648,1969.6144096667501
1757,EGALE,TRAAP,20537.67196127996,2337.7734256438202,32563297.861550596,5332308.2059383355,14188333.5448499,8350.099944100559
1758,AEJAL,BHBAH,20493.877919805927,3110.384551188768,32493860.662447955,5320937.719197508,11406955.139568694,5378.078685599475
1759,JMKIN,USPEV,20479.33189325017,1661.797539998935,32470797.35730168,5317161.054689803,13024331.96265795,11037.140551645965
1760,CAMTL,ESVAL,20426.062486630377,2575.4611358171614,32386336.588917673,5303330.427022767,15583818.737426642,8110.061873568975
1761,GRPIR,ITSAL,20424.133499828204,3150.8548614887136,32383278.10342192,5302829.593618973,15239422.099701218,6519.580430186621
1762,KRBUS,KRULS,20381.07512170261,11392.441544803156,32343228.305014558,5296271.355273406,10984220.73625399,1429.0608406899398
1763,BRITT,BRPEC,20352.742447047156,12172.188748397286,32270084.742424536,5284293.943751127,21234086.885799825,2178.6041424179057
1764,USBAL,USCHA,20342.06300529713,11669.768347066418,32258090.666918147,5282329.888773733,12562613.611005116,1529.1600457745817
1765,SGSGP,USBOS,20336.31496335341,10000.16604207139,32244038.311960373,5280028.786226543,12340879.321557796,1762.0615531434137
1766,INCHN,LKCOL,20294.21776058106,11975.358229776331,32177291.518282957,5269098.859007273,13699849.789637825,1583.9984311683831
1767,GTSTC,USFRE,20261.24218756125,16605.416341763772,32125007.432315283,5260537.230457525,12199339.953768231,1051.4567551259138
1768,AEKHA,SAJUB,20253.79576538669,9915.681876357858,32241509.819369297,5279614.74027059,10582253.108826123,1599.6749438802042
1769,CNYTN,MYPAG,20227.00585576593,16175.459449366988,32136028.213373765,5262341.906431189,11073905.692859806,1009.9402524192473
1770,DOCUC,HNPCO,20223.864217102106,920.8212580219578,32065743.169656105,5250832.583359432,14329535.635562092,21264.02713701752
1771,BEANT,SEGOT,20208.278076929866,1470.0007793489128,32041030.72289498,5246785.868459319,17286179.135872126,15328.53949527269
1772,ECPSJ,MXMAN,20206.583901382786,16531.29841003429,32336110.753877997,5295105.8413720485,14529297.834983226,1199.2042720807767
1773,ILASD,TRMER,20128.647857336557,7273.982415533504,31918266.08384565,5226682.901770102,13012881.714294555,2507.5073837289297
1774,CNDCB,CNJIN,20099.616255689085,13596.723353829977,31868743.07228331,5218573.404935371,11898867.224535117,1258.9386563233106
1775,USFRE,USGUL,20091.899219933082,8151.796374909076,31856507.404365122,5216569.788694697,11591256.930776555,2061.8555648918214
1776,MXTUX,USMEE,20041.29271080071,2053.1441656518327,31776268.766133994,5203430.543680501,13733823.408407578,9223.538351032392
1777,CNSHE,JPKOB,19994.229291489522,15357.054952734958,31752349.873851396,5199513.7749877935,11400082.232327577,1080.910113195833
1778,CNDCB,CNQIZ,19982.917851092323,7018.8477002171885,31683713.0982913,5188274.359277986,11870508.629878622,2430.425009596482
1779,JPKOB,JPMOJ,19971.662364900207,13475.985100292257,31677876.819720685,5187318.656442034,11191745.994155077,1215.4261472314847
1780,MYPAG,SGSGP,19959.09330589815,10864.899646339169,31646608.24743797,5182198.362260529,10164507.806317905,1412.503259866682
1781,NLVSG,PAALM,19913.703108187976,0.0,31573970.363386672,5170303.756657758,18316629.907333333,
1782,AUFRE,IDJAK,19913.33597877268,3264.056878841795,31573388.26505895,5170208.436837794,13102545.365232153,5598.17260554411
1783,CNZOS,VNCMP,19894.596567235076,10868.760059277593,31559516.916831657,5167936.974521713,10615289.928144194,1452.1644434678008
1784,BRRGR,INKUP,19862.73828813919,0.0,31493163.608909447,5157071.48141874,31117895.55669666,
1785,RUSPG,TRALI,19856.435968375452,0.0,31483171.02961067,5155435.175636079,15169614.681060214,
1786,MYPKE,SADMA,19847.748025730347,11385.487410045946,31483132.3449105,5155428.840935428,10180703.488440432,1346.9895294815465
1787,HNPCA,USFRE,19826.500577226663,16249.117089533,31435707.273230795,5147662.88614915,13450122.211565936,1144.5412692419454
1788,CNSHE,CNSTO,19822.565525239883,13170.940681541533,31431261.75864647,5146934.923827938,11125258.36845495,1235.4617400325565
1789,CNWUH,CNYSN,19821.190035620828,16216.06375472093,31427287.197749842,5146284.081159171,10200723.440610532,946.407695104293
1790,CNHKO,CNQUA,19784.078833260915,16214.349689095558,31368445.90654973,5136648.696523119,11522349.328650257,1027.4231371966064
1791,NZPCH,NZTAU,19685.307710056193,2862.1562635506843,31222899.46667605,5112815.162248326,24007857.495452262,10174.3825201125
1792,GTSTC,HNPCO,19684.682970551596,4172.430573254918,31367663.23044974,5136520.531672976,12961345.737263806,4337.487694808691
1793,GBLGP,PTSNS,19673.643486863893,3891.961544016207,31193346.261081167,5107975.762953593,18875379.78445269,6162.2796824085
1794,DEBHN,GBLGP,19647.973321631274,13418.359450485183,31159484.544488966,5102430.835961878,17503476.541232187,1684.6997921475922
1795,INCHN,INTUT,19619.97475764034,6352.535561529269,31108252.35078538,5094041.456972829,15281605.291730369,3207.4825164454637
1796,BRPEC,DOCUC,19601.91978073856,13379.496282938104,31165132.043835714,5103355.625804656,18633074.128152978,1774.0899397107328
1797,CNSTO,CNWGQ,19589.27210400153,9281.188736442578,31066178.682232544,5087151.805653356,10214222.079341283,1648.6437588445767
1798,ECGYL,PACOL,19583.36783931485,3624.16055140949,31050210.62203084,5084537.002361366,14981508.39049866,5536.742952807663
1799,BSFRE,USJAC,19569.278958605337,2933.8366662969615,31027872.139853075,5080879.029132389,12869539.428266108,6118.410974819266
1800,CNQIZ,SGSGP,19568.039828495876,4009.3228901813536,31025907.449652568,5080557.306998384,10703921.1649107,3936.9436945486586
1801,GBFEL,TRGEB,19549.713822035163,0.0,30996850.835635267,5075799.225614244,16871783.359754004,
1802,TRBAM,TRGEB,19546.898372272477,2783.249650433682,30993252.62304716,5075210.010768997,15064894.202439934,7236.183146585764
1803,GUAPR,JPYOK,19540.4609934947,8702.502079689984,31000670.34984306,5076424.679063078,14551661.93122881,2255.453251324143
1804,GTPBA,USGUL,19523.25443950096,1898.3747286025034,30954898.429524276,5068929.431273524,13045793.818752425,9542.227346948082
1805,PTSNS,TGLOM,19520.55382915062,15998.37367098138,30950616.504123382,5068228.257023621,19416309.8006167,1530.439190956738
1806,AOLUA,CGPNO,19506.28618713923,5256.6560962099375,30947102.1018159,5067652.766287307,20859169.67092398,4932.189202163063
1807,FRFOS,TRALI,19503.520411357542,3663.094798997736,30923609.340982307,5063805.777511609,15703824.913180558,5669.422122620039
1808,PABAL,USMOB,19501.210901477512,8411.853091363586,30919947.520972744,5063206.146817915,13037180.706678161,2151.7716318749867
1809,CNQIZ,MYTPP,19470.00102768247,2553.110773733076,30870463.021535546,5055102.956424314,10726464.887892082,6181.309485933938
1810,USJAC,USPEV,19453.626292364508,953.1453469209106,30844500.225724604,5050851.4942493085,12306487.533746472,18210.589900132036
1811,EGALE,ILASD,19415.875789310216,2448.0897160650443,30784645.297780585,5041050.124474087,13198447.771415723,7450.5022329031335
1812,CNNBO,CNNJG,19414.410308200364,15911.382096573281,30782321.71904291,5040669.633590678,9752617.68125993,929.7298767048358
1813,ESBAR,MACAS,19379.47808685196,2887.773245627161,30726935.289126303,5031599.989723598,18414732.706703182,8119.1737377339505
1814,DORHA,USNYK,19378.141341631897,7329.995677200812,30724815.8262754,5031252.923244026,13788453.38874769,2567.492143348522
1815,EGALE,SIKOP,19351.957005071457,4715.193857324372,30683299.516523633,5024454.540595227,14855573.044663165,4216.163361847284
1816,NLROT,RUSPG,19339.388075100906,0.0,30663370.976852547,5021191.200497664,16805791.35920891,
1817,CNDAL,CNNBO,19338.69793671091,6603.0535113157675,30680034.323293794,5023919.858367171,10207019.844626501,2306.650957302125
1818,JPYOK,TWKEE,19332.33071225313,15539.418015493951,30652181.246635687,5019358.858745569,11291572.419541886,1049.6487874915424
1819,AEKHA,LKCOL,19298.246103527756,4518.907975679402,30598138.740332574,5010509.285184108,11661729.743140373,3689.439819986126
1820,CNDAL,CNWGQ,19291.091884708087,11027.362258582443,30586795.44111001,5008651.796185787,10128864.280361896,1372.7232062922722
1821,CLARI,PECAL,19276.038502707484,6318.413853698265,30580155.942205735,5007564.564338413,19010009.227476303,3801.203015177118
1822,IDSUR,MYPKE,19222.84650789644,9980.903428885564,30538237.90413664,5000700.397836513,10739368.746776048,1577.0184790145845
1823,ESBIL,NLROT,19187.662038641913,5122.716075864266,30422803.29576964,4981797.739019163,18771492.89959945,4636.854802578755
1824,PAMIT,VEPCA,19172.67668996343,430.5004259690623,30399043.42787923,4977907.010903641,14930098.668744879,46243.86987500727
1825,CGPNO,NGLKK,19168.895055584937,14864.169769048905,30598723.109327763,5010604.976830624,21277777.117618944,1768.5738593479243
1826,DEHAM,DEWVN,19164.862003995004,6964.279193474565,30388327.000740193,4976152.173521543,17569068.83717337,3237.265535221431
1827,EGPSA,TRALI,19158.16566966653,7532.932285294162,30444771.508468725,4985395.079845733,13710686.370221194,2481.9128517278104
1828,FRLEH,USNFK,19155.34888553913,4709.71928282948,30371569.502995286,4973408.098178927,15104097.422349522,4262.994101097761
1829,TRALI,TRTEK,19149.726307616667,1278.8075426184619,30362654.68149146,4971948.277491801,15221947.35724505,15791.192154988557
1830,INKAN,INNSA,19125.59451472735,5699.883133985366,30324392.761578165,4965682.807993102,12879266.370142369,3130.7570275845737
1831,CNYPG,HKHKG,19124.832158302117,13348.526544778171,30323184.01506598,4965484.873220854,12664563.089260152,1320.7486162117068
1832,CNSTO,HKHKG,19110.47309676118,13981.545068583766,30300417.15040618,4961756.751463498,11123782.135538317,1150.4836416931973
1833,JPHKA,JPOSK,19093.14073568554,12607.28928932858,30334495.02187158,4967337.074268284,11625874.440514782,1316.1601303801574
1834,KRGWA,TWKEE,19086.200185745176,13003.916559432073,30261931.48207575,4955454.642693007,10496159.21934215,1188.2276998176912
1835,PACOL,PACRI,19061.88591691036,5155.920770686707,30230431.453557882,4950296.447068373,14106907.805513168,3696.178645903309
1836,BEANT,FRDKK,19040.412423108435,5931.904890203697,30402212.331170924,4978425.925452713,18729644.894467868,3996.704474994788
1837,CNDAL,CNDAL,18943.465899816845,8140.152192664283,30597404.4247454,5010389.039469196,10774163.121070903,1939.0979169609107
1838,EGADA,SAJED,18901.530208465945,1499.133215744316,29969129.869138964,4907507.765505905,14074406.547552805,12661.926314289713
1839,BEANT,GRTHE,18888.065211212543,2580.0012968859373,29947780.57905905,4904011.774554125,17087166.78985778,8523.708337261407
1840,BSFRE,USPEV,18886.166728328324,1567.4381620378258,29944770.45874159,4903518.861049544,13731343.38869159,11888.738389215914
1841,PHCDO,PHMAN,18864.941544732414,3783.6786792318976,29912558.9681145,4898244.162014863,13663790.606049597,4905.816889248278
1842,JMKIN,USHOU,18858.517932554136,9091.642264278937,29900932.190509167,4896340.252837816,11159832.502734756,1766.0365739045053
1843,ESALG,USNOL,18842.954683299915,0.0,29876256.038211375,4892299.481232068,15050527.602159051,
1844,BSFRE,CASJH,18835.19203503459,2489.786249510114,29863948.049840797,4890284.02236589,15389016.054344833,8144.996415134368
1845,BEANT,USHOU,18825.55223971623,2571.46238378239,29848663.769963898,4887781.189533787,13442454.808744662,7128.331378239458
1846,NZTAU,PFPAP,18810.43445899718,11562.288217681516,29824693.925792262,4883856.077362565,24108602.95808359,2507.5018447567945
1847,CNQIN,COBUE,18808.92309973583,15415.145632239499,29822297.605415933,4883463.67488352,19013447.094788324,1550.222835371301
1848,KRBUS,OMSOH,18792.619866814373,6160.713625594642,29796448.1795059,4879230.777267164,10844721.166375007,2552.2939223010017
1849,CNQIN,CNTAI,18790.750642753,8533.02045350217,29807524.276575472,4881044.511353465,9912302.004995791,1733.6588605360355
1850,HKHKG,MYKUA,18779.699618183033,15384.990059651023,29830920.084870357,4884875.62394795,11312102.474297628,1052.7779371612394
1851,GBFEL,TGLOM,18775.288774140066,0.0,29768969.040970452,4874731.0107961,18367847.503112614,
1852,CNLYG,TWKAO,18760.751340977175,6110.84150318702,29745919.36099124,4870956.577438029,10505578.997093018,2516.271378747369
1853,CLMEJ,CLSAN,18760.06286294037,9288.014832239065,29761105.93585389,4873443.4108694745,21454414.24873905,2834.6054711522956
1854,CNNSA,TRYAR,18758.210834192472,7686.791802912708,29741891.28617801,4870296.971753371,19683040.329542857,3194.224317613544
1855,ESLPA,FRLEH,18755.1252586013,9393.422362091604,29736998.983036783,4869495.846870479,19257555.331255022,2568.5048801269068
1856,CNBYQ,CNHKO,18751.185041551813,15367.825508130858,29730751.611783434,4868472.8267469825,11725852.598299002,1079.8095941593174
1857,LKCOL,NAWVB,18717.66962626789,12783.631189971291,29677611.584379084,4859771.035994806,17821831.275540218,1774.2691395327997
1858,CNXIA,IDJAK,18690.668129710342,2356.650450963466,29634799.634866565,4852760.489622371,10736499.476934366,6615.007312681184
1859,TRALI,TRGEB,18675.883362565477,1758.1343538482727,29611357.796996158,4848921.839588516,15097187.799934609,11345.042883590953
1860,INCOC,INNSA,18665.35967596201,8290.469760068205,29715478.07732827,4865971.753500187,13615203.334038619,2229.207224969935
1861,EGPSA,ITVAD,18663.245996501253,2698.803496880673,29613787.3774026,4849319.688467133,15673251.339729423,7604.322082699583
1862,PHMAN,PHSFS,18647.43212848648,10548.814684101862,29582210.031339847,4844148.831932636,13180230.64340455,1708.663960369098
1863,CNFUN,CNRIZ,18629.804170622258,11209.67169281649,29538297.400701214,4836958.04672119,10336826.007973123,1353.6332258881544
1864,CNLYG,CNNBO,18619.79882617198,12254.068084639925,29525654.075562876,4834887.675757164,9876754.274796635,1200.5516738555064
1865,TWTAP,VNCMP,18602.11647080041,15222.873447399923,29695170.76499226,4862646.388585667,11017416.981045142,1043.1712136674917
1866,CRPMN,GTSTC,18571.53183081735,12034.883474392887,29445904.282253604,4821828.480122467,14052634.108759567,1568.3128655995713
1867,IDBLN,IDSUR,18568.963650254707,3511.861544887238,29445526.981627908,4821766.696355016,11437969.98924721,4629.948099541125
1868,CNZOS,MYTPP,18567.717910016745,10651.636981215568,29447290.18265178,4822055.424214469,9804178.633126732,1373.1442484507252
1869,PHGSA,SGSGP,18534.319072676128,0.0,29386901.97031255,4812166.72800294,12711693.953515975,
1870,USBOS,USCHA,18526.900632997244,15172.266629953663,29478973.46397925,4827243.627870372,13467460.666575138,1205.7990240118381
1871,MYPEN,VNHCM,18507.861723835136,13439.618582760975,29506364.27027767,4831728.929752672,10745419.238120312,1159.0468934776038
1872,SXPHI,USPEV,18484.12425140435,374.0481896677965,29307316.079601,4799134.371761799,15379308.267355692,53946.10426276511
1873,CNZOS,THLCB,18478.270075636814,12979.169436019924,29313903.696242467,4800213.107780006,10814988.607599821,1203.0971467283846
1874,CNBYQ,CNSHA,18470.356570359832,14834.079366296048,29410452.79898449,4816023.22550875,10217231.865216782,1013.426901630446
1875,ESVAL,MQFDF,18427.240713401236,15102.331892749484,29217124.961790442,4784365.387377946,17979276.304102078,1507.293168574098
1876,CAMTL,CASJH,18421.691497673557,6133.47472832354,29208326.45897187,4782924.614119079,14928007.64597823,3213.6648691279256
1877,CNGUA,CNGUA,18395.29253619253,5200.315300542955,29266549.28484529,4792458.723762941,11285746.723544965,3091.775117102844
1878,MMRGN,MYPKE,18366.64716986654,6150.389739142978,29124617.054821055,4769217.023918436,11163014.951367097,2590.442663151555
1879,AEJAL,SCPOV,18328.19268629754,4506.346662223181,29060080.365145933,4758649.0058570625,13490214.83648114,4049.591655990183
1880,AEKHA,VNCMP,18324.44404720809,12515.06940436798,29054136.748387646,4757675.726168134,10408225.738266047,1211.8112152970573
1881,EGDAM,TRALI,18306.303789069352,5736.523823735034,29025374.645741798,4752965.871637719,13754015.068491701,3226.1664919016375
1882,CNNSA,DJDJI,18235.748266469796,2988.228007992086,28951179.314168263,4740816.230742194,12648961.753160153,5819.428081589817
1883,COSMA,PAMIT,18233.28065158944,5911.550113447301,28912112.39427294,4734418.940810925,15219056.194459025,3375.3372215995896
1884,BDCTG,HKHKG,18199.543059613425,14912.741375619229,28882495.94251526,4729569.18482461,12417659.513729017,1149.837462251411
1885,COCTA,PACOL,18194.540659775357,3627.1505535822894,28848169.747542977,4723948.198525631,14254994.460825948,5232.466195980581
1886,CIABI,NGONN,18191.003485198537,6419.032220514967,28842561.416201893,4723029.822525791,19229363.666177806,3731.464910263687
1887,ITGIT,TRMER,18190.99701454882,3366.4839629158587,28842551.15672874,4723028.142515581,14402185.470973197,5681.064821388187
1888,CNNBO,OMSOH,18176.368163502615,9931.150260255274,28819356.530050125,4719229.9738319935,10307555.023930987,1513.096127233174
1889,CNTAI,JPYOK,18173.676713855853,10441.51887447366,28815089.129310053,4718531.178025713,10830519.466310928,1489.1560156395774
1890,PHBAT,SGSGP,18153.843836640463,13127.881083333348,28783643.31162274,4713381.859538089,11861120.596872551,1262.542092756537
1891,INPPV,PKQAS,18138.721159115357,6607.053867587498,28759665.703369834,4709455.475982304,12703364.525224423,2635.4893346078998
1892,GBGRA,NLROT,18109.73783209569,5646.378906195406,28748797.34351983,4707675.759300668,18434133.573664255,4098.522206430906
1893,JPYCI,TWKEE,18089.338753211614,14539.197398283573,28691296.991724063,4698259.95629974,11312014.474301185,1101.1800715004406
1894,CNNBO,TWKEE,18073.85547167714,10621.034131774404,28703614.125629354,4700276.912766375,10048395.874844968,1388.628697038878
1895,GTPBA,USFRE,18069.687924565078,558.8412807696562,28650210.75719847,4691531.99936972,13377125.438244179,32332.35993720631
1896,IDJAK,IDKTG,18064.19955916306,0.0,28641508.734997712,4690107.025014031,11700818.985051641,
1897,TWKAO,VULUB,18007.928966651503,14756.298408140998,28573392.296113368,4678952.81552436,17029473.774486333,1471.1295468268813
1898,AUADE,NZTAU,17973.657880611285,9118.937300229047,28497951.293184213,4666599.193336162,21518225.01206231,2871.4776013144397
1899,BSFRE,USNOL,17964.467758226783,4206.58831875124,28483379.987675253,4664213.111549636,12938364.337756617,4184.525823656479
1900,CNLYG,USSEA,17953.63941902826,7357.092290863888,28466211.22408159,4661401.690563177,12129950.812268784,2282.3354443553244
1901,GTPQL,PABAL,17950.008252011638,10420.43942662266,28460453.863979127,4660458.910791624,14134761.800323442,1803.6879196376397
1902,ZADUR,ZADUR,17932.915048700826,6655.335668609093,28433351.908515662,4656020.908838344,19669527.752495013,3655.044594680404
1903,CANWE,JPTOM,17901.460191718994,14666.26338721352,28429164.039444186,4655335.13650932,15216266.778050607,1354.919204020608
1904,CNZOS,RUVLD,17892.53206175588,6267.721484631075,28369323.07238921,4645536.0528589105,11016134.88096595,2498.782208531195
1905,INNSA,MYTPP,17862.864866696986,14639.788884724388,28322284.55160454,4637833.396591055,10869293.144489953,1059.2452297766142
1906,NCNOA,PGLAE,17849.38821660091,11998.537780487713,28349865.614913203,4642349.8534571435,21316205.491968628,2163.4765685898947
1907,HRRJK,ITTRS,17844.969074134377,9928.762180049674,28296782.574052323,4633657.394370779,16373405.908648727,2115.7786763419494
1908,ECGYL,PACRI,17815.5862411406,2607.3287413207477,28247322.40548692,4625558.188208377,14509135.174991399,7338.811197818906
1909,CRPTC,ECGYL,17812.18030583817,14598.249564115666,28241922.15924872,4624673.886579825,15217256.144960027,1359.1992618288846
1910,KRGWA,KRULS,17806.36430790205,11255.399307435548,28233457.88770398,4623287.844391862,10894817.938307153,1378.7254773313493
1911,JPSZU,JPYOK,17806.23674232113,8437.544132523924,28244829.74877948,4625150.010453404,12039203.853861636,1975.0242016607062
1912,SAJED,TRISK,17805.021912079275,3019.11368091954,28230572.240493536,4622815.313619176,13519376.207839685,6009.111758896486
1913,FRLEH,FRSNA,17784.612113563497,3551.5101524308257,28217873.56341844,4620735.87865961,19375080.236884218,6756.5106350941805
1914,AUBRI,NZPCH,17777.530246858612,3922.6523455140514,28186983.10901952,4615677.5020732805,21466699.297378555,6649.168598710937
1915,CAHFX,SXPHI,17774.270370324615,14567.179886508313,28181814.44478296,4614831.122482383,16210905.308664575,1429.6340536327923
1916,BEZEE,GRPIR,17759.890826630508,13099.85541692846,28159015.104852557,4611097.682831467,16803509.68355326,1634.7208946070823
1917,MXVER,PTSNS,17737.036259588698,2076.6662988021017,28122778.277451556,4605163.826471799,16497003.918865371,10161.559301804862
1918,TWKAO,TWKAO,17688.13152290178,5946.414523697396,28064728.124455344,4595657.992373123,10897526.012774868,2605.466528343293
1919,BEANT,LVRIX,17667.769601545337,3712.793724123698,28012953.22902384,4587179.744839817,17018993.395021673,5819.384201033422
1920,BEANT,IRBAB,17665.472325009723,8273.150145912728,28009310.80546967,4586583.290356306,13612573.207599944,2199.7855927886635
1921,BRPAR,BRSUA,17618.81504741295,14025.231824727714,27953382.843550127,4577424.969489884,22747438.394451585,1948.2646494131625
1922,TRTEK,USNYK,17612.364050483866,3608.621760621179,27925105.518445957,4572794.498296946,14545413.310853973,5297.9251019813055
1923,CNWEN,CNWGQ,17608.364666392703,11347.264306157964,27922749.983801976,4572408.774566971,9731255.891102407,1260.53860029567
1924,TRISK,TRMER,17587.678801820366,2493.7217741283084,27890792.320986707,4567175.640367941,14000666.436227782,7445.835485430685
1925,ESVAL,TRALI,17570.8919234934,2482.84446817541,27859349.80734644,4562026.862924938,16018785.290940076,8289.207164470281
1926,CYLIM,GRTHE,17548.145980723715,112.3582509691128,27823285.208060432,4556121.209279712,15683765.181474974,180137.07241062887
1927,BJCOT,MATAN,17537.755821918447,7186.670353852581,27806811.196953297,4553423.555467595,19845178.85606118,3394.9800408542933
1928,MXLCS,USLGB,17512.423801348,14352.579456027875,27766646.268190894,4546846.46428533,12531518.312440526,1189.9160585767172
1929,ESBIL,GBLIV,17502.39527067069,2136.394104755869,27750745.63290105,4544242.701963831,19150325.51866786,11090.916309816033
1930,JPOSK,JPYOK,17496.932499321836,9010.681589478843,27744781.50404086,4543266.063375267,11823065.076475888,1816.325544003353
1931,DORHA,JMKIN,17438.664670316073,3785.9944403564546,27649698.224696483,4527695.977297032,13784017.863958294,4836.698555619449
1932,OMSAL,PKQAS,17432.15496750935,2421.4904888315054,27639376.831313375,4526005.827519591,11481694.920869227,6610.680827457375
1933,DORHA,PAMIT,17426.19066908485,7690.256942585126,27629920.198327012,4524457.284067754,14161757.312023042,2429.85569085671
1934,GBIMM,NLMDK,17421.863411908995,0.0,27623059.15951957,4523333.774597376,19844070.2861233,
1935,AUBRI,CNWGQ,17400.754182484816,11884.215735064745,27589589.63450898,4517853.069798321,14168541.916191611,1572.370899566822
1936,BEANT,PTLXS,17385.955037754244,0.0,27566125.000403114,4514010.6868331805,19336674.50010259,
1937,PTLIS,PTLXS,17376.074125917537,5093.191664851901,27550458.420671538,4511445.251599413,20805905.688771,4970.822346051763
1938,PAMIT,USPHI,17370.457832106356,3986.1441302622757,27541553.56287673,4509987.062490501,13644608.006018149,4554.425147520728
1939,CNHPU,CNNSA,17357.684514437577,11811.645035104364,27523139.243893325,4506971.679201025,11283161.901034104,1336.8276419843844
1940,EGPSA,TRBAM,17344.015590609546,5922.639770175805,27501601.92096814,4503444.897477129,13678392.772726517,3069.8874785126336
1941,CNDCB,KRBUS,17326.99607606833,3227.302678320324,27476879.44772933,4499396.540720301,11243338.178665778,4877.985205769269
1942,JPHKA,JPNAH,17312.134843434695,14188.429523658466,27449080.13863119,4494844.345649222,11680576.841840332,1140.043100648869
1943,MXPMA,USPHU,17310.459541530035,0.0,27446423.880656466,4494409.377844181,14393736.926896846,
1944,CNZOS,SAJED,17270.36027733781,12972.841123051627,27400599.448025353,4486905.531053532,11159703.82163551,1206.1050624358884
1945,TRDER,TRMER,17262.44818911836,8293.484031002212,27370299.966891326,4481943.9275767105,15009029.716072941,2350.155082084881
1946,HNPCO,JMKIN,17259.521449067022,4243.592819259273,27365659.503832284,4481184.04203458,13163486.274201702,4157.955550343351
1947,INMUN,SOBER,17246.25163601045,4301.784235223569,27344619.68607967,4477738.727824369,13226755.212213788,4115.616444700192
1948,CNMWN,HKHKG,17216.963663839215,11762.228379029133,27359932.490738265,4480246.231649201,11302871.617189646,1341.847593860578
1949,CNYSN,USPTD,17181.745958410356,0.0,27242343.36199517,4460990.765609126,13211539.672319585,
1950,HKHKG,JPYOK,17161.880038212912,13157.848062358535,27210845.153342176,4455832.867991175,11714457.604811447,1228.9464353264548
1951,BRSTS,ZADUR,17145.815860260667,5109.861895538141,27185374.758618467,4451662.037525195,20597251.39098518,4902.072490527138
1952,KEMOM,MZMAP,17116.403707101883,7014.007512447252,27138740.61693655,4444025.599182106,18227820.950352233,3232.36701832729
1953,NZAKL,USLGB,17105.39695218769,12266.619984164565,27121288.96811113,4441167.85514664,17820277.095756818,1814.7986144220317
1954,CAPRR,CNNBO,17096.82403300419,10508.976148715556,27107696.262889158,4438942.021206104,13494436.274019016,1706.4819675527574
1955,USMOB,USNOL,17040.761700308758,10713.660283568755,27018807.19884059,4424386.25085202,11967050.599342268,1529.9567483330961
1956,ITLIV,ITNAP,17035.64990051933,2402.035610496872,27010702.23643464,4423059.046287857,16452637.910960473,8690.835750320162
1957,CAMTL,USNYK,17024.057825721375,2391.8282606941166,26992322.539593108,4420049.332446604,13130810.973600382,7337.8430192783435
1958,MGTMA,SGSGP,17017.0987882216,8633.62693962209,26981288.708136354,4418242.519442898,14110621.748757593,2146.1275079151765
1959,PHBAT,PHMAN,17008.47076152811,11361.762794185199,26970777.53491585,4416521.292819722,13267271.272437641,1556.4303608158143
1960,DJDJI,OMSAL,16979.649634796067,3552.877174669206,26926351.84033405,4409246.492313328,12441912.259724151,4742.961246220515
1961,INPPV,PKKAR,16949.50759741435,7379.717383004951,26874120.179822974,4400693.448541866,12203610.564461503,2249.9918562250214
1962,SAJED,SAKAP,16945.088803359147,5441.220739883213,26869922.119237963,4400006.007331162,12180308.48744866,3047.168142481147
1963,CNFUN,PHMAN,16934.28687653055,11751.503805603938,26921942.462524995,4408524.44746473,11359034.447511265,1341.748184386148
1964,PHBAT,VNHCM,16917.999099099405,13693.851417578651,26846310.388182376,4396139.536932511,12707504.068355894,1249.0016930761085
1965,INMUN,INPPV,16914.343196193295,1762.171168054928,26818365.619459797,4391563.522543367,12440279.030956486,9551.763675760694
1966,GRPIR,PTSNS,16905.45844702659,3078.9181231675725,26804278.495364815,4389256.72647716,17252539.17843975,7029.026118645845
1967,USDUH,USLGB,16890.999098742403,0.0,26781352.622074522,4385502.566723627,16773694.918867417,
1968,MGTMA,MUPLO,16884.218554308227,1034.5961921226137,26770601.798490923,4383742.096851713,18908676.05693444,22513.535552454156
1969,PTSNS,USMIA,16880.53970012632,0.0,26764768.828486312,4382786.935800372,15822705.738105953,
1970,KRPYT,VNHPG,16840.71907365998,11366.413382744458,26701631.637323577,4372448.088550675,11482055.421506481,1394.855437347206
1971,KRULS,TWTAP,16838.15364905268,13788.229798561088,26801343.37906928,4388776.095038213,11091231.98560243,1122.6972792588724
1972,AEJAL,AEJAL,16838.11525373786,1379.8421015344131,26710969.256423518,4373977.143229419,9642186.821403394,10157.802801528194
1973,AUGLE,SGSGP,16834.727854807534,4829.007118840185,26692132.320925213,4370892.555600752,15307766.492422748,4075.094230291765
1974,ITGIT,ITGOA,16829.370201259226,7536.530698240285,26874511.23840003,4400757.485202659,16172700.308652714,2729.831353126326
1975,CNYSN,JPKOB,16827.947550547284,7599.456528693517,26681381.878146954,4369132.14808651,10528092.541892203,1960.3013233552654
1976,CNGUA,HKHKG,16821.32142516492,5021.2285308478595,26670875.892127667,4367411.770878393,11294216.13779596,3119.0828723403692
1977,GRPIR,SIKOP,16804.161959371173,7203.2320194443855,26654558.03664194,4364739.687876241,15399327.094864773,2743.7776166851136
1978,KRBUS,USHNL,16795.976316580563,13255.574001201065,26630690.211797312,4360831.281583426,15135592.895098366,1470.8095005855841
1979,JPYOK,USDUH,16788.571064772925,9413.21964543265,26632714.075979736,4361162.69358087,16403140.391730048,2205.8662038536286
1980,CNDAL,MXMAN,16766.725645788938,10306.07319602224,26584312.10684784,4353236.769791366,11255728.245998628,1514.5404771445317
1981,USCHA,USJAC,16743.453442714235,7986.50583243584,26633013.435577914,4361211.714341871,11568569.418840619,1994.587053137354
1982,MYPEN,MYTPP,16738.955826075544,11278.814457172739,26550878.508659538,4347761.948084684,9921579.489618352,1265.1455072592737
1983,INMUN,INTUT,16728.817913250627,3884.6028658397345,26524207.885287184,4343394.577664448,14163467.540426122,4764.158076707267
1984,JMKIN,TTPLS,16725.433953197917,4518.985608389773,26518842.48168371,4342515.981590284,14981838.416661732,4276.259336249085
1985,BEANT,MTMAL,16721.08356825583,3162.467135331234,26511944.77288066,4341386.467331345,16610938.129446903,6625.309829372731
1986,CNFUN,CNXIA,16710.95832157316,11877.594725461522,26498299.656473212,4339152.05094945,10576531.681284856,1255.7831848109918
1987,CNWGQ,PHSFS,16680.333850772764,13357.161717574174,26534834.5064029,4345134.70912219,11796216.400503123,1208.441692248732
1988,CNYTN,CNZOS,16671.22835641952,8881.057014954198,26432897.34647141,4328442.285747144,10691032.79668725,1691.1810223877785
1989,JPTOM,KRBUS,16664.423874763026,9413.763966397097,26430985.49795116,4328129.216548921,12693283.452179052,1808.141008154311
1990,COCTA,USOAK,16661.078850064172,7802.769401434389,26416804.899419963,4325807.113848067,13731768.90726078,2314.252170234495
1991,SLFRE,TGLOM,16644.95720099809,1779.3435266258844,26391243.381953526,4321621.361842172,20914995.57337839,14183.105486704975
1992,COCTA,VEPCA,16641.317497178814,1026.5651085761017,26385472.48641004,4320676.365613812,15077526.955423892,18896.223102637887
1993,COCTA,USCHA,16636.232841387853,11036.045226092509,26392679.350444775,4321856.504689248,12811581.582495859,1552.4979950858249
1994,BRPEC,BRSTS,16632.666777525206,10424.134803060662,26371756.425440315,4318430.331911298,21789326.065958284,2504.5490000958166
1995,DZBJA,ESVAL,16631.565949685257,5793.029945682149,26370011.0190031,4318144.5179526685,18852036.014874335,3999.6652442815284
1996,CNQIN,PHSFS,16616.063994470445,9456.912379919328,26345432.05084897,4314119.660453929,12199331.048149507,1746.177826884371
1997,ITGIT,PACRI,16559.270922056327,10178.55613557664,26255384.36983721,4299374.164146207,14640447.338935107,1860.7571890164093
1998,CNNBO,INNSA,16496.17950961756,7884.197897892124,26190200.81909344,4288700.221230444,10947041.418436838,1932.440285871138
1999,GRPIR,TRIZM,16476.922552384753,3660.2759034774435,26138716.287560824,4280269.521393545,14405691.280336367,5105.068933185425
2000,KRINC,TWTAP,16471.60764766891,9633.388018196576,26229648.72513242,4295159.898440445,10830323.51862893,1570.110472919677
2001,FRLEH,LBBRT,16469.987528786587,3856.6384532513925,26113821.98951417,4276193.027964666,16295645.440620814,5334.137155439631
2002,GTPBA,HNPCO,16451.935987400273,4821.096793265169,26085622.082706116,4271575.234179816,14139131.221739754,3818.779677196775
2003,TRGEM,TRTEK,16450.473921597477,306.41458877126917,26082882.387184832,4271126.603301825,15616087.238380603,64902.96014113001
2004,NLROT,USNFK,16449.536500173683,8987.649085079833,26081396.068136483,4270883.2154455995,14936241.303446412,2137.057681833314
2005,ITGIT,ITSPE,16426.578066618367,6725.786822224736,26154270.081901826,4282816.487783455,16114208.265746703,3032.660013268647
2006,EGDAM,GRPIR,16420.74841725091,1841.6046187511113,26035751.414699398,4263408.807874394,13941184.816103073,9885.180259985967
2007,DEHAM,GRPIR,16418.039681931234,11533.42278863429,26031456.606835634,4262705.524094224,15815682.182758529,1740.8871654856155
2008,CNGLA,IRBAY,16407.657677043397,5378.8604745607945,26014995.52408973,4260009.987328329,12682366.452037001,3149.807755656414
2009,IDJAY,IDMKS,16382.54051107894,258.2031927338581,25975171.25587274,4253488.680023651,14968286.06338833,74444.37282084559
2010,KRINC,THLCB,16351.522817764338,13393.826517284118,25990768.795740712,4256042.8098351965,11119207.827362675,1147.9356267125615
2011,BRSTS,MACAS,16338.65157635016,12685.827943611288,25905583.599730708,4242093.555627595,20202397.54936322,1926.913340906638
2012,BRSTS,CNNBO,16309.078230996858,8019.815320376353,25858693.881396633,4234415.266072588,24443410.08843693,3575.8710405271186
2013,EGAKI,ITGIT,16297.607406243835,5717.406588684919,26005075.46068997,4258385.556175966,15990433.138418946,3541.6090110975324
2014,BRIOA,MACAS,16291.978891227795,11683.301732624372,25831582.196333908,4229975.670877057,21166138.670249417,2173.7103878957896
2015,GBSOU,IECOK,16276.72720061576,4259.300515137593,25863911.04008876,4235269.586732123,19133747.99380265,5486.585766249898
2016,CNHPU,CNZJG,16271.39951364132,13335.478688126206,25798952.77254054,4224632.534411329,10691812.64756002,1118.553411603651
2017,USESX,USWMT,16267.591418088388,3265.0671928540255,25792914.8851885,4223643.81771529,14233715.999316616,5652.980084890123
2018,BRSAL,BSFRE,16256.80204950349,5329.406043690094,25775807.91105675,4220842.5148825925,18210144.688085087,4208.909401738211
2019,BEANT,FIKOT,16250.581684432464,6421.379679110648,25765945.274191316,4219227.487445466,16898242.119570814,3288.618748975924
2020,CRPMN,IECOK,16225.075285727919,1329.7512946238721,25725503.861943744,4212605.121513602,17689929.9104524,16471.15150067311
2021,CNNBO,TWTCH,16206.379304590304,7286.230142509248,25695860.63832298,4207750.981578651,10126149.377356218,1967.2587989374883
2022,CNWGQ,JPMOJ,16191.339429273796,3370.072711054128,25673814.55927095,4204140.8899737485,10186265.49059406,4270.058130605325
2023,MXESE,MXLCS,16169.26590080821,7951.0640977908015,25637015.85668021,4198115.025375306,13116290.72411826,2177.621200954016
2024,AUMEL,CNQIN,16163.601938503203,9935.348630900951,25628035.418587603,4196644.459834379,14493740.036403969,1881.2006695072034
2025,CNMWN,CNQIN,16150.858076249064,10990.374852844097,26093581.984621808,4272878.684784971,10796426.208638998,1371.1365713358105
2026,BRSTS,BSFRE,16140.5598151433,4409.4156590283665,25591501.21316521,4190661.907201057,17909685.156343285,5012.0806865402765
2027,GTSTC,USHOU,16132.543557761923,7345.376182554779,25578791.11742813,4188580.6024116823,10957691.96579686,2062.014550620408
2028,FRFOS,ILHFA,16122.14393452949,440.43846518462516,25562302.100094322,4185880.491298528,15014653.819753252,43594.13590954914
2029,RUNVS,TRMER,16107.319084384726,3452.570281865422,25538796.709029213,4182031.4342959733,14102959.840714207,5296.0518634629525
2030,CAVCR,CNWGQ,16094.569119496893,6595.277293378742,25518581.131277774,4178721.091111751,11927326.414926494,2442.0576709045636
2031,AEKHA,PKKAR,16078.422126123483,10737.076425009896,25492979.42940143,4174528.758824596,10393162.694907056,1356.7651823543972
2032,NLROT,USNYK,16064.65975623213,7314.467723690069,25471158.643145915,4170955.5593868424,15201954.205262518,2648.574099507536
2033,CGPNO,ESALG,16035.997648392848,5476.063094216917,25425713.728227124,4163513.859416221,19865549.712769307,4388.018026593192
2034,COCTA,VELGU,16013.210345255957,1036.0954529381895,25389583.550429612,4157597.4671524274,14430887.826412538,17940.900368639974
2035,JPHKA,JPKOB,16002.68285649895,12398.550742791176,25431743.9130342,4164501.3148043947,11613187.416214323,1272.5429817022975
2036,COCTA,FRLEH,15992.408827213963,13106.827529390992,25356601.91408588,4152196.6551441136,15890542.534119995,1529.1831028004221
2037,CNXIA,JPKOB,15971.106377068716,6346.360618115952,25322826.0299171,4146665.78339145,11090557.419888929,2400.9387616242743
2038,KRPYT,VNHCM,15970.916534316046,10035.063442816088,25322525.02666251,4146616.49347827,10909766.76929358,1500.3774862579896
2039,BRITA,BRSTS,15961.785288410247,12844.855810933494,25337568.448282097,4149079.885266429,22306444.419628784,2059.6201852555146
2040,LTKLJ,NLROT,15943.139389394428,9578.061967323143,26441914.201801557,4329918.814686969,16864287.590875868,2212.7865196393327
2041,PTFNC,PTLIS,15935.688584348307,4670.061531686571,25266669.707227375,4137470.0679707676,21240205.157271437,5434.120097359227
2042,AOLUA,BEANT,15930.987972367639,3730.425460561658,25259216.699488882,4136249.6223484646,18975789.385744598,6195.55041440589
2043,AOLUA,ZAPLZ,15928.49991220061,5801.977770460684,25255271.780879352,4135603.633666274,20578654.684823677,4259.626509483784
2044,BRIOA,BRRDJ,15925.52224949938,7314.862519563606,25250550.5779283,4134830.526797774,23542584.99156306,3783.723268118514
2045,USPHI,USWMT,15914.961263622592,6041.132459261252,25233805.713687316,4132088.5202178764,13541101.280960986,2925.4762944462987
2046,SGSGP,VNQUN,15907.631477298251,2470.202984818788,25223643.71332577,4130424.471381453,11778832.839907466,6440.4655848377615
2047,DEBHN,PLGDY,15905.110860929914,7736.453492276912,25266584.66712337,4137456.1424756795,16727699.068141451,2696.992262856132
2048,RUKOR,RUVLD,15903.6525342267,606.2365548019204,25215875.272279527,4129152.3728945507,14007283.498005666,29916.433984793366
2049,COCTA,USNYK,15879.77086487998,10604.418272539164,25178009.933217026,4122951.84434053,13409975.690677105,1653.3606167176847
2050,AEJAL,RUNVS,15878.834162755062,0.0,25176524.754645728,4122708.6432398097,12345047.824374862,
2051,ESBAR,MATAN,15874.789092567535,4153.42064134409,25256031.66033466,4135728.0655181184,18262342.818553433,5392.680592260769
2052,HKHKG,LKCOL,15871.510602614253,6003.57392676609,25164912.95800579,4120807.187227213,12458148.086059436,2761.5143039001664
2053,PFPAP,USOAK,15838.51314493769,6490.3499640227465,25112594.17304216,4112239.876644224,18907100.520589758,3546.7024929063296
2054,AAAAA,SGSGP,15824.447986632325,3101.3238846827453,25090293.30368214,4108588.0625929083,4719646.287162784,2846.601863596968
2055,CAHFX,FRLEH,15811.524566263895,3887.5743055185385,25069802.705349445,4105232.6842126665,16340931.372199118,5259.362895620487
2056,CNMWN,KHSSK,15771.461634353493,12081.656700014035,25016781.348949365,4096550.326085913,12110890.161592484,1341.491559486173
2057,CRPMN,JMKIN,15771.300467805127,4644.117036514496,25031326.942419656,4098932.1974722706,14254774.645697465,3952.0336586832796
2058,ITGOA,ITSAL,15753.989766726425,3542.769734837212,24978578.986406256,4090294.6092312825,16280616.830057962,5749.995896988567
2059,IDKUP,IDSUR,15749.58251800033,3058.7240399985762,24971591.117806137,4089150.3311167974,13593914.036716409,5781.189847986887
2060,FRLEH,GBFEL,15745.465875247774,3969.2575137377003,25003644.59376607,4094399.1549188797,17820939.930376098,5521.2691566232315
2061,CAVCR,CNQIN,15740.628497330019,9675.357781357881,24957394.160979893,4086825.5497108786,12330441.06257288,1696.8123539489088
2062,CNNBO,CNQUA,15720.844252279116,10305.013850878378,24952574.698333193,4086036.352611479,10114020.592496304,1377.9755321626665
2063,LVRIX,RUSPG,15704.168857493656,2145.0993294325012,24899585.948142786,4077359.3338198303,16344643.767747562,9520.30650579251
2064,CIABI,ESVAL,15701.373062880366,11653.987429090514,25380571.223545536,4156121.6797551285,19039281.751219966,1990.340522684542
2065,CGPNO,TGLOM,15686.726469707457,1353.294820657379,24871930.346769392,4072830.6711895745,20078284.96330203,17846.15980630142
2066,ECGYL,JMKIN,15660.324768530056,8646.163123575896,24873228.850968793,4073043.3039710373,14132054.09556042,2105.5695039908246
2067,HKHKG,KRULS,15653.422467869745,8353.771337936525,24819125.523814403,4064183.7708678325,11278459.085742397,1836.6127388399445
2068,GBSOU,PAMIT,15636.350483504433,0.0,24792057.211835153,4059751.2781055355,16076332.177112466,
2069,MYPKE,VNDAN,15632.399859576006,11991.767808484707,24806966.63143647,4062192.726782629,11956762.753217347,1335.8293569248276
2070,CNWEI,KRINC,15626.10390534941,0.0,24775810.853574455,4057090.902923683,11341445.333728505,
2071,NZAKL,NZNEL,15610.944378294467,5763.914560132999,24800543.76078018,4061140.96826444,23475639.481451795,4777.4442459953525
2072,DOCUC,PABAL,15610.68225726866,8224.699871915507,24751359.21558373,4053086.896005805,14467532.380419258,2251.8291931437575
2073,NAWVB,ZAPLZ,15589.299614061136,4867.220228775707,24717456.182116907,4047535.2032893617,21340699.78616522,5216.167297989863
2074,PACRI,USPHI,15583.24218383301,0.0,24707851.88494214,4045962.479517494,13643949.637384381,
2075,ITGIT,TRTEK,15582.298662996043,4241.35523377621,25174267.203136884,4122338.96445337,15923971.614424758,4726.392738631863
2076,JPNTA,KRBUS,15575.608211046481,8267.637369254498,24695747.916674297,4043980.429370317,11920077.258721089,1930.9092761443771
2077,FIKOT,GBFEL,15537.611085593013,12734.090962649483,24635501.959081993,4034115.0276714503,17071184.944560777,1657.3856770880966
2078,CNSHE,GTPQL,15515.689476726558,12716.124766957284,24600744.374070965,4028423.400350381,18131089.618424848,1742.6309842725427
2079,USPEV,USPHI,15513.694790971973,9674.06847156953,24597581.720266327,4027905.5091679,13410828.089467404,1802.626645643953
2080,NZLYT,NZPCH,15508.332602097591,6183.289617989296,24589079.75598159,4026513.2947148415,23910903.895929743,4518.2126208944055
2081,CNYSN,TWKEE,15453.59469815889,12654.812886395393,24594414.812069587,4027386.921319804,10009286.909258658,1109.1964738308097
2082,CNWGQ,USOAK,15447.208596203725,5064.000078248109,24492165.20723597,4010643.334437837,11508197.67677149,3064.542016472099
2083,TRBAM,TRGEM,15444.040216790801,3198.7459934506105,24487141.615333438,4009820.7107453886,14604157.857145771,5819.148693270122
2084,TRGEB,TRGEM,15443.897916795957,1465.1521786638634,24486915.99301721,4009783.764618698,15491327.681070164,13309.956282816152
2085,ESBAR,ITVAD,15434.990551619068,2635.1430585491657,24484322.974307362,4009359.1523756916,18058543.428338308,8374.460926938802
2086,USCHA,USPHI,15393.511244795029,772.4076548345586,24407025.915324286,3996701.5971224494,12672909.974561552,21581.365056842234
2087,BRSTS,ESLPA,15383.43911662271,12607.736926244299,24391056.15446759,3994086.5153446426,21094854.262188435,1989.9638550759946
2088,MXLCS,SVAQJ,15378.282514784882,5785.218050539333,24382880.15662737,3992747.678579383,13654628.74977438,3050.4254591939834
2089,CNTAI,RUSPG,15358.014972177989,0.0,24350745.159628965,3987485.5055365623,18495286.810761705,
2090,INCOC,INMUN,15346.700647077216,1661.1960640115203,24332805.84600795,3984547.905369744,13263006.927990453,10382.612388154917
2091,CIABI,ZAPLZ,15341.184209797908,2794.0236132849,24324059.314726345,3983115.6425588736,20467326.067693293,8750.978908695075
2092,IDJAK,KRBUS,15328.492257919082,11954.772016252824,24394054.457707603,3994577.493778049,10750309.706967972,1233.3892424464443
2093,CNFOS,CNFOS,15311.654593080633,7420.926325821976,24277238.92988843,3975448.7065090337,11315008.746405505,2060.451321246731
2094,ESVIG,MATAN,15275.112098569596,4626.570633863016,24219299.347660687,3965960.9786052075,19894462.107069395,5157.259009736987
2095,ITNAP,PTSNS,15267.375869114281,568.7552493438151,24207033.24736686,3963952.378999304,17907521.277634677,38454.98337266788
2096,CNXIA,CNXIA,15237.25626050204,12226.592032091468,24160516.455098126,3956335.1568683297,10686588.393002931,1197.6291931093783
2097,MAAGA,NLROT,15222.30709750768,542.4208118447908,24135574.91280748,3952250.9270955767,19334982.891626887,42932.04336965211
2098,IDMKS,PHBAT,15195.218945367556,12453.478155795925,24092625.567413278,3945217.881859836,13292446.6498994,1384.1646740060905
2099,KRBUS,PGLAE,15193.23284427682,10536.181121010059,24089476.524935495,3944702.219560627,15218348.260482812,1818.7852182828042
2100,KHSSK,THBKK,15181.893092107106,8778.218726329098,24080250.64287431,3943191.4620559346,12271555.321478896,1847.156842298866
2101,MYTPP,VNQUN,15177.507480719174,194.35878827056598,24064543.333945096,3940619.357330775,11801376.562888848,80994.5156599004
2102,DOCUC,USNYK,15167.438821656358,9562.085017763135,24048579.073499855,3938005.1762568606,14050857.317293733,1881.269875778488
2103,GBLIV,PTSNS,15151.56862489286,886.9788468829553,24023416.243686154,3933884.7101888754,19080378.72804549,25946.800782354287
2104,AEKHA,SAJED,15114.270173371215,11059.942258906745,23964278.061473306,3924200.709027857,10952639.63175736,1345.110127388293
2105,DJDJI,MYPKE,15103.89872136936,11249.013296367364,23989648.11616058,3928355.1086027776,11974549.953965465,1413.7155538525103
2106,CNWGQ,USDUH,15093.545467913154,0.0,23931418.2145444,3918819.840291224,15081808.282768527,
2107,AEKHA,ZACPT,15092.002479656585,2061.480915843372,23928971.745134905,3918419.2258029957,15456864.047891965,9398.720659884619
2108,CNQIN,CNSTO,15089.489804696428,9618.642594706604,23924987.798789326,3917766.8462473108,10617336.726987667,1511.1387527003067
2109,INKUP,INVIS,15082.247044660622,531.6511946879352,23913504.11393788,3915886.3688083207,15940933.937285164,37349.33825879748
2110,KRBUS,VNCHL,15072.38458165341,12352.807341456553,23897866.785561137,3913325.723545154,12766128.265705505,1350.2561424457494
2111,BRSTS,JMKIN,15043.148132061273,6164.423077106764,23851511.228890553,3905734.9040809725,17202673.730309643,3424.231005944797
2112,CNDAL,JPKOB,15041.250877340495,1760.811106553471,23862811.257669337,3907585.3074535253,11134344.783922914,8542.614273270236
2113,JPHKA,JPMOJ,15040.28517075783,5734.498314194415,23853916.787333917,3906128.8193128374,11310406.963594474,2653.5077611309644
2114,BRPAR,JMKIN,15037.531973499401,8216.162229376714,23842606.585538924,3904276.75008758,17891741.227355998,2652.8222506990405
2115,GRTHE,TRYAR,14983.714619725512,788.6326188980763,23757277.02509198,3890303.8559011593,15856266.236628538,25038.99739795288
2116,RUKGD,RUSPG,14968.200433404061,187.2888794112578,23732678.664030537,3886275.822773242,17561898.97577731,114519.21153019252
2117,CNZOS,INMUN,14959.738637611232,8173.657736674854,23719262.149375662,3884078.840406976,10836895.351280188,1801.0265007347666
2118,MTMAL,SIKOP,14958.823786724093,1945.8382455908654,23726290.27357737,3885229.7104605087,15979131.16836598,10208.639348022762
2119,LVRIX,NLROT,14957.129649497681,8999.800067794282,23715125.494684763,3883401.4545400045,17053517.33834094,2326.3759900404402
2120,DKAHS,FOTHO,14956.834910593108,7710.744606508322,23714658.174398456,3883324.929864645,19187057.768275976,2991.978579950354
2121,TGLOM,ZAPLZ,14945.081653527632,8165.649497075665,23696022.916644413,3880273.3673888743,19797769.97720173,2899.7134095787897
2122,EGAKI,ESVAL,14942.254312557536,4453.148019753515,23691540.054792345,3879539.2893743715,17064882.598674424,4703.284461945212
2123,CNDCB,CNNTG,14909.080279910395,12218.968759609455,23638941.3031717,3870926.1336651016,10693738.916212495,1191.9717069759588
2124,CNDCB,SGSGP,14891.002865673443,3390.042537069307,23610278.84203812,3866232.5956409494,10605880.03929349,4269.006207646465
2125,ESALG,ITGIT,14880.472094263585,1925.608811977881,23593581.884039298,3863498.4338085125,17082540.949940205,10877.619199423003
2126,IDBIT,IDMKS,14879.017589957766,2759.301042633944,23591275.70946213,3863120.792892827,13395709.61260366,6254.783417550461
2127,AEKHA,ZAPLZ,14863.483905173407,4060.533180373201,23566646.43281022,3859087.69727224,15180598.25376537,4688.962041504039
2128,PRSJU,USPMB,14851.07735162693,12171.431557088885,23546975.347434483,3855866.5158545985,14424911.239100015,1501.941465899919
2129,NLROT,USPHI,14820.503666526009,12146.37441767448,23498499.550540682,3847928.502614501,15584014.807282574,1599.8142854563407
2130,CNWGQ,PHBAT,14817.418847432893,12143.846206180535,23493608.44685729,3847127.5741453413,11883257.029536214,1295.3379297306708
2131,JPYCI,TWTAP,14814.690043404229,12141.609772372993,23489281.81925516,3846419.0798163894,11547672.55943078,1267.878965627348
2132,COCTA,MXALT,14792.723686517873,6465.923681463845,23454453.28447419,3840715.834321938,12801053.165654985,2573.765144751806
2133,IDKEN,IDSUR,14787.472268215903,3897.1876381744883,23446126.95134914,3839352.379839015,13554572.106388377,4463.199132586547
2134,CNWGQ,USHNL,14784.713666743533,0.0,23441753.0787118,3838636.149036626,14520271.188389743,
2135,LKCOL,SIKOP,14760.285583571034,12097.021750670474,23403021.37873955,3832293.752069646,22166559.378895402,2149.194542824069
2136,CASJH,PRSJU,14759.999303250948,1134.0737929855343,23402567.469876245,3832219.423542884,15388015.870893678,16947.95824867609
2137,SAJED,TRBAM,14726.587067609198,7920.248860183498,23353609.572212227,3824202.46529224,13186577.387910716,2147.7582527386453
2138,ESALG,PAMIT,14719.254170175287,1723.3419738983002,23337964.436618496,3821640.5415809453,16077286.56964477,11546.70832174602
2139,GRPIR,ITSPE,14709.036029257893,7590.197387963867,23321763.16673203,3818987.54971478,15599353.756178366,2558.344706118674
2140,CLCOR,CLVAL,14706.623688333397,11666.320552049196,23355318.69215688,3824482.337261737,22664396.124818873,2270.5426568643206
2141,CNWGQ,DJDJI,14689.057998055367,6879.226328292662,23290087.201609902,3813800.544102821,11739992.28124693,2260.979953716686
2142,ROCON,TRTEK,14658.3897661281,0.0,23241461.49695275,3805837.9831525977,15320331.863750763,
2143,CNQIZ,CNZHA,14657.412090895872,10626.628235113229,23239911.353885952,3805584.1439797166,12840782.046466263,1566.4767621626136
2144,CNQIN,RUSPG,14655.382379191495,2402.2093394019607,23236693.165041212,3805057.158818139,19624116.077835463,9753.177149201487
2145,AEKHA,BHBAH,14642.366501547702,2087.0224925100497,23216055.972011577,3801677.775249333,11440786.161971413,7303.449767275255
2146,AEJAL,SOMOG,14641.634647557017,5571.326210174007,23214895.588325698,3801487.7599911564,12649689.617179362,2952.829677631945
2147,CNYTN,MYPKE,14630.17711444258,6821.672221035766,23722849.79892677,3884666.3255327996,10605384.566249663,2124.120072362898
2148,ESVAL,TRAAP,14594.98022077738,1993.5905280164438,23140923.134259358,3789374.6157540954,16321391.56487532,10087.711542569856
2149,CMDUA,GHTEM,14574.183454869739,3649.7079834594656,23107949.03261414,3783975.0375684397,19223535.548840538,6303.931901039584
2150,BRPAR,BRRDJ,14563.499562902854,7222.168731306763,23121704.87129902,3786227.5849550962,23267911.367723215,3745.98544553572
2151,JPOSK,JPTOK,14556.175351267038,5852.17457303607,23082122.426713586,3779745.876776416,11831342.517220747,2667.570524284314
2152,PHCEB,PHDAV,14540.674403626736,4685.20659272103,23057612.691960525,3775732.356392062,14787111.568995684,3962.011825524858
2153,CNNBO,CNWEN,14538.569362566415,9250.983870589995,23059081.68688579,3775972.907386859,9809411.455367012,1468.5340016582954
2154,USJAC,USWMT,14533.285031666523,2215.9962633967943,23043102.95174651,3773356.356051489,12436760.725240055,7315.047118555983
2155,BRSUA,PACOL,14510.607442137223,6793.005851406212,23048191.486467518,3774189.61426644,18585523.893177774,3291.578720312092
2156,MXALT,PACRI,14496.293425450425,990.0552391014381,22984451.285001464,3763752.0228169905,12652966.510342203,16581.6187671092
2157,NZTAU,PEPTA,14481.022034887088,11868.146963426567,22960237.886296317,3759787.0280809514,21025825.915796474,2088.4147306448026
2158,OMSAL,SCPOV,14457.114028524744,0.0,22922330.78884532,3753579.661503381,14112824.124083107,
2159,CNYAN,KRINC,14443.099863523345,11837.067257737779,22900110.77140216,3749941.0871227393,10631579.801120777,1214.9564224907526
2160,AEKHA,OMSOH,14438.72057999683,3114.0731967823394,22893167.242741127,3748804.069766118,10342541.172944352,4525.05267290138
2161,ESLPA,ESMAL,14438.551398522373,10757.581356784258,22892898.998767037,3748760.144253711,20694837.216411732,2272.2205438167675
2162,RUNVS,TRALI,14427.623838960875,6015.914484001553,22875572.917331334,3745922.962141225,14645110.200425614,3057.063595480805
2163,CGPNO,MATAN,14423.89710904571,2955.3323353677374,22869664.038442537,3744955.37085116,19893708.95323706,7998.648423121191
2164,ESALI,ESSCT,14413.30032207593,6774.899097239315,22852862.410141,3742204.0690374942,20946210.435458794,3644.100694364068
2165,ESLPA,ESSCT,14412.166351170428,3458.679041236823,22851064.454051733,3741909.6499633123,21424789.102054924,7276.390336299788
2166,INNSA,RUNVS,14410.851103508305,0.0,22848979.076436188,3741568.1650123983,13651057.548018953,
2167,CGPNO,CMDUA,14403.72324561831,4564.285925288564,22843069.422067232,3740600.446735834,20242339.93502164,5254.478087991654
2168,DEHAM,FIRAU,14372.924069937138,6980.47620386567,22788844.252318278,3731720.9616526547,17830109.298901554,3088.876694202271
2169,ITLIV,MTMAL,14371.746785183717,11547.636011747703,22786977.620395936,3731415.296767013,16377459.885266753,1741.3845709698935
2170,AEKHA,PKQAS,14370.80537313636,6078.87338482009,22785484.97405479,3731170.8728033444,10892916.655669974,2405.7233310685465
2171,GBTIL,NLROT,14370.385605769132,5490.969558751789,22898062.67127806,3749605.7064391007,17931564.954187613,3948.5140882032665
2172,CNTJN,RUVLD,14363.947992570094,2675.4993432115407,22774612.323719826,3729390.453545813,11386774.055253187,5649.84796096204
2173,AEKHA,AESJH,14349.273471632523,4547.857606655621,22757643.463568583,3726611.7671666075,16264950.60413853,4395.8197684219995
2174,DOCUC,PAMIT,14336.024978564512,3455.68010866544,22730339.27154671,3722140.6485534445,14424161.240569085,5251.152108558598
2175,CNYTN,PHCEB,14304.67765445962,7361.343532986043,22680636.83916223,3714001.7711834167,13073882.831582697,2280.546279023648
2176,AEKHA,CNSHE,14303.41003873091,5857.90882473273,22738493.82412684,3723475.973612462,10507743.44204453,2429.4026830139846
2177,LBBRT,TRALI,14302.539383790607,3403.123179433619,22677246.525750127,3713446.6002635383,14491612.643569002,5349.515219975788
2178,MYPKE,PGRAB,14298.159974514247,11718.27951613511,22670302.7977077,3712309.550257797,15012352.464140331,1597.9019777276865
2179,INNSA,QAHMD,14294.69526323436,8164.880534978929,22670232.812072497,3712298.0899634967,12154868.293043394,1943.3433612446404
2180,CIABI,CISPE,14290.984626754169,1703.6216506494613,22658925.997707576,3710446.575437006,21682947.067712333,14905.535882024491
2181,USOAK,VNHPG,14273.682426055704,11698.218560374495,22631492.66855193,3705954.3103478,12904733.367804073,1419.9330942933002
2182,FRMRS,ITGOA,14273.457828568595,5500.861455670773,22631136.56028,3705895.9968726514,16902909.628094573,3746.468765128024
2183,CNMWN,JPNAG,14262.37187385699,11688.94882130439,22613559.33701758,3703017.689760199,11516810.563199364,1302.069885464787
2184,CNDAL,CNLYG,14259.707830419338,11191.324441477935,22611550.57904851,3702688.7514368217,10443897.551241035,1264.067213550432
2185,CIABI,ESMAL,14237.517310719997,10001.639037683073,22574151.43605517,3696564.5634652483,20504122.715993304,2419.6721345649316
2186,GBHUL,NLROT,14229.97152317551,3969.4294906463874,22562187.28900509,3694605.409335239,18703659.011360053,5642.691090363196
2187,CNLYG,KRBUS,14224.277766933332,2331.4881852959693,22555708.379646804,3693544.474362264,10413920.417240653,6050.841252627687
2188,COCTA,NLROT,14208.159138395144,9703.764941911699,22527602.88313801,3688942.1404615943,15722686.41521688,2000.4223795485168
2189,GBTEE,ISREY,14207.76469864211,0.0,22526977.483180765,3688839.729909132,20454353.462235034,
2190,CNDCB,CNXIA,14180.353331261278,8001.846367710508,22483515.667133782,3681722.766530986,11229527.948632171,1863.4762565967096
2191,CNQUA,PHMAN,14166.198018561969,8463.457824668707,22461071.854387138,3678047.5452008154,11419879.271133127,1783.895794024936
2192,CNBYQ,CNHUM,14161.544540216208,11605.565381415488,22460336.120640654,3677927.0672593475,11138054.450697802,1276.6272931159945
2193,THLCB,VNCHL,14155.88878103817,11601.15345505856,22449387.951718245,3676134.281675001,13162023.823787691,1451.4210307355768
2194,ESALG,ITVAD,14149.144836615336,4285.534375979414,22434033.354392476,3673619.934213415,18343081.662268724,5137.446037041869
2195,ITGIT,SAJED,14139.277038182676,2897.0161332791445,22418387.566485927,3671057.90368453,13920895.2425851,6072.438791135493
2196,KHSSK,THLCB,14138.267347138424,10199.587654103834,22473920.231707286,3680151.4938889523,12212361.305043573,1558.1524800699297
2197,BEANT,USPEV,14107.468152216547,5780.9975328054015,22367953.309365064,3662799.188481623,15306954.268667854,3281.397950700013
2198,CNNTG,CNWGQ,14088.632135352122,6749.487827869379,22338088.053515334,3657908.690304287,9549287.883908235,1956.770189239923
2199,CNXIA,TWTCH,14085.659901349232,4064.4774381742077,22368007.82149097,3662808.1149563775,10649505.289766634,3521.316976765457
2200,KRINC,VNHPG,14081.788578526499,9521.282901376702,22327237.32127239,3656131.8601802164,11504526.253604447,1592.291529494681
2201,ILASD,SIKOP,14077.658282596325,0.0,22320688.57237407,3655059.48883633,14524877.847754467,
2202,PHGSA,TWKAO,14076.68014506742,4561.0455506709395,22319137.696317453,3654805.5296348315,13440810.672740625,3748.179230496976
2203,IDSUR,IDSUR,14065.121192158449,6056.711146104216,22300810.515551686,3651804.415410943,11526056.70846214,2505.9575663659894
2204,BRIJI,ZADUR,14060.0481085476,5761.565615433848,22292766.93919074,3650487.262940179,21367496.710544057,4342.219744311698
2205,BRIOA,BRRGR,14057.357599987155,5952.478527731997,22288501.03058055,3649788.711473291,23905983.43473755,4629.293834128301
2206,CNSTO,KRINC,14042.306878490503,9748.45366279121,22264637.511480104,3645881.0102551007,10838647.202260258,1485.8282875981893
2207,CNYSN,MXESE,14039.195484235905,4602.416455241186,22259704.27181846,3645073.1819312773,11799271.086107807,3355.703339373216
2208,PABAL,USHOU,14037.430503607646,2876.148655190579,22256905.82465141,3644614.930348278,11580943.09064968,5293.73125186712
2209,CNDCB,INNSA,14036.216734684816,6573.485632887341,22254981.345623616,3644299.792877998,12013336.886476494,2381.9382217888906
2210,MATAN,USHOU,14021.18041602325,1149.1276608597461,22231140.66279253,3640395.83114673,14007166.433638582,15357.355728067572
2211,JPNAG,TWTAP,14018.250440548536,11249.523732817315,22226495.06984071,3639635.1055739163,11329397.397916708,1330.63699930893
2212,ESALG,ZACPT,14008.246334276215,11480.676280620542,22210633.16041892,3637037.684694395,19861300.520795595,2046.7729976112419
2213,ESALG,MXVER,13999.72080474997,1912.2815083703977,22197115.59338825,3634824.154790009,15812151.18079749,10169.514922601413
2214,HKHKG,VNDAN,13982.619692997467,9055.82999753967,22181321.330522843,3632237.811175734,12631765.136695847,1795.9704358728313
2215,CNFUN,CNFUZ,13979.984638211086,4617.344220272769,22166840.04567235,3629866.470460518,10418187.906030448,3042.4533468421114
2216,AUSYD,HKHKG,13979.058936414487,1909.4592157477532,22164355.377222903,3629459.6007995163,15187082.52622917,9854.38283878718
2217,CNZOS,MYPKE,13961.97514239934,7864.608835410927,22166714.77958073,3629845.957875733,10038329.015527545,1737.9344935582053
2218,CNWEN,PHMAN,13941.728362009018,10559.43965702103,22115746.431078374,3621499.784090824,11115270.134003837,1395.601508863787
2219,ESALG,PTLXS,13926.342506747036,8376.073515322407,22080771.375847526,3615772.54556592,19873226.88452876,2804.297190936314
2220,CNSHE,VNDAN,13922.910674702722,9383.029642531052,22135047.901929595,3624660.4403561763,12633241.369612483,1732.692150547563
2221,GNCON,SNDAK,13911.490282014125,2090.2526979151235,22057222.58128131,3611916.381149181,22773484.019257817,12623.067262022689
2222,CNJMN,HKHKG,13890.487508320288,7879.519486746258,22023921.846076246,3606463.316034194,11352495.254742539,1898.4607622252147
2223,BRIOA,COCTA,13886.423888807925,3793.6115998757023,22017478.815297168,3605408.256253687,18691582.585939605,5877.5101918509135
2224,INMAG,LKCOL,13883.193291167227,2167.273735820166,22012356.57391347,3604569.4785021455,13792675.135766886,8027.248393560842
2225,EGALE,ITGIT,13862.864650722839,1456.6059563363935,21980124.703857362,3599291.442293293,14587751.528094366,12485.904572387648
2226,ILHFA,TRALI,13859.557475205114,5099.876576933874,21974881.045195993,3598432.782208309,13553140.480077589,3363.1349707285844
2227,BRIMB,BRSUA,13855.826702933393,10901.52806379645,21968965.756989684,3597464.1413790816,23621674.801139813,2496.818682961758
2228,CNBHI,CNQIZ,13853.358771924193,11065.935115328748,21965052.75396257,3596823.3789403364,13370315.922705082,1533.276593872506
2229,DEBHN,PTSNS,13844.565629639384,3491.239757515141,21951110.87623178,3594540.367270383,18516524.04493136,6333.2987557231245
2230,BRMAN,TTPOS,13824.23121512053,2832.465956514905,21918869.851150353,3589260.831906966,18405232.09448972,7765.13937468782
2231,DJDJI,LKCOL,13800.81155808311,353.4584338023803,21881737.051027603,3583180.2581381216,13805014.871456442,49194.45532120577
2232,CNDAL,KRPYT,13799.823029924759,2969.6279706586643,21880169.700213667,3582923.6011606166,10730818.571182905,4820.045579368897
2233,GTPBA,MXVER,13764.18148983831,240.01381147247477,21823658.617152862,3573669.7929863716,13968621.437899465,73088.67403615071
2234,INNSA,SADMA,13736.863287764178,6969.1028902852095,21784589.41615408,3567272.1295196363,11331466.230241241,2137.8272920219647
2235,AUSYD,CNQIN,13721.818387999163,4498.371919934529,21756490.229901955,3562670.8289367086,14680637.117678521,4055.535707434514
2236,CRPTC,USPHU,13711.095058740513,11237.141328465152,21739487.96375537,3559886.6722558206,14739348.348827697,1628.4599869478511
2237,KRINC,TWKAO,13709.136484333374,11231.81694498322,21769334.128688756,3564774.044255633,10814970.849132854,1280.2688081389463
2238,BSFRE,DOCUC,13707.060275390157,2246.766911796154,21733090.65386104,3558839.0993659217,14753433.218537975,8150.499378355339
2239,CNSHE,USLGB,13705.527778673086,11232.578577447468,21730660.81920578,3558441.2088535293,12086488.364865448,1392.8172828570757
2240,CUMAR,ESVAL,13700.631018449058,11228.565361402121,21722896.810605764,3557169.8361889776,15646111.456443675,1710.216815288211
2241,GTPBA,USHOU,13697.151994840733,6174.142740404704,21717380.679944083,3556266.55824344,12135477.45027281,2541.525952392815
2242,PHDAV,PHGSA,13678.855584646863,1585.328679448805,21689972.009276357,3551778.331033261,15334320.57747086,11913.049422073494
2243,CIABI,GNCON,13674.974884018064,2241.5076954333085,21682217.986392997,3550508.5935507193,21588972.37337318,11215.43370925798
2244,BRITA,BRSAL,13657.382953631717,11193.12073685149,21654325.27926386,3545941.104356508,22606903.951370586,2336.5105827567104
2245,ESBAR,ITLIV,13651.98380144564,8391.521833241539,21645764.70817447,3544539.2929164763,17464152.949479356,2503.5616494702535
2246,CUMAR,PTLIS,13650.804192069234,11187.729010433784,21643894.39046969,3544233.0244762427,16940521.66250633,1831.0020441037043
2247,IDJAK,PHBAT,13615.267600314857,0.0,21587549.707174342,3535006.4646119997,12534679.59014267,
2248,USHOU,USNYK,13612.76953523201,3718.8523718415654,21583588.925371822,3534357.8782987427,11164268.027524153,3952.4628665332516
2249,CNWGQ,CNZJG,13583.757338750862,7179.836195205563,21537588.930951104,3526825.2828974538,9801185.65809203,1856.311283242012
2250,LBBRT,TRISK,13582.165310768483,1778.3674286904306,21536947.01024387,3526720.1670375895,14792117.866003295,10300.929795217104
2251,USPTD,USSEA,13579.937975453959,3400.585336059516,21535624.066498265,3526503.532229264,15503845.175378043,5596.197956219806
2252,EGPSA,LBBRT,13574.988136887549,2071.621264936291,21525630.924222354,3524867.1342579187,13959987.4402853,8440.179134326918
2253,CNYSN,KRINC,13567.253122645248,10166.174565722917,21511420.83818812,3522540.2029167013,10147037.161250161,1344.6136770320961
2254,NZTAU,SGSGP,13558.639684248275,4444.877661511295,21497763.888137423,3520303.8487509456,16687563.681601657,4546.327046374042
2255,AEJAL,INPPV,13553.469968639416,1190.1382749535178,21489567.097890303,3518961.607185521,11486465.71336056,12608.137757045191
2256,FRDKK,MQFDF,13545.237674839862,0.0,21476514.467797466,3516824.2116781916,19088483.172800437,
2257,ASPGO,USLGB,13533.414683529927,5119.163359332088,21457768.643618084,3513754.5437187674,19313251.500005804,4459.128267925186
2258,JMKIN,VELGU,13528.752257608046,2174.05871532645,21450376.18139852,3512544.0125519587,13905720.091668775,8011.86462050325
2259,KEMOM,SOMOG,13525.335027963474,3933.3511886688893,21444958.02753048,3511656.778511524,15390408.353673512,4805.587964440521
2260,SAJED,TRYAR,13516.367356050918,7385.032806239332,21430739.426115297,3509328.452758847,13589623.167005584,2315.352154606298
2261,EGALE,EGDAM,13510.456340920387,2047.4057830231498,21421367.275916263,3507793.743540325,13397430.765901465,8256.899853276738
2262,BRIMB,BRSTS,13503.208641372485,6596.191038592241,21429257.446980696,3509085.7755725845,23088278.933209926,4032.2308061075983
2263,BRSTS,USNYK,13501.255114181098,5532.581868178381,21406778.364009984,3505404.7786693736,17207109.255099043,3743.7338528870378
2264,CNLYG,TWTCH,13484.703961036805,5083.735531364461,21380535.850700498,3501107.5121683097,10363027.083970753,2727.1549652029134
2265,BDCTG,CNNBO,13475.098243148115,6626.235879387913,21365305.601947226,3498613.5270458306,11586255.02179659,2276.5366074224116
2266,CNTJN,ECGYL,13472.392254373395,11041.508730435402,21361015.14884001,3497910.956366163,13124495.67725825,1505.4470398420758
2267,AEKFA,CNTAI,13468.592543773106,0.0,21354990.556164745,3496924.4167012824,10446775.822454149,
2268,ESALG,ITSPE,13460.764289304323,5840.459391551184,21342578.546542447,3494891.924137336,17550389.127822597,3603.3605648220177
2269,USLGB,VNCLN,13451.733263912743,11024.577333306639,21328259.49565997,3492547.1495740684,13965406.417294435,1583.5485605535027
2270,FRDKK,FRLEH,13443.051735560633,8735.10824925837,21492980.96545921,3519520.6351478933,18932024.956690244,2570.2652962250722
2271,CNDAL,JPTOK,13438.974420133716,4222.079572661163,21308029.840072483,3489234.5011147168,11458473.830068277,3540.3663227885354
2272,MACAS,RUKGD,13438.595387538171,0.0,21307428.86877782,3489136.0908069005,18953350.116095096,
2273,KRBUS,SADMA,13437.562619427976,11012.963561094532,21305791.373756103,3488867.9475685037,10561467.522430526,1275.7996875277618
2274,CNDAL,CNSHA,13435.475022091488,11000.439574704953,21398001.44849948,3503967.540377402,10106727.847698234,1237.2865007479206
2275,AEKHA,KWSHU,13423.027698002981,423.1033607308229,21285973.790598646,3485622.776832368,10749029.90122634,33643.4403486451
2276,CNTAI,VNHCM,13391.226435501452,9977.2618367913,21232323.506423738,3476837.430465636,10333434.396169085,1384.1745413264728
2277,CNMWN,KRINC,13391.14603870874,9407.07611145242,21232196.034102965,3476816.5566062075,11017736.683911586,1540.8138585029355
2278,DKAHS,SEGOT,13384.59974667754,5030.624872900788,21221816.627045408,3475116.906968106,17139969.107348803,4097.917561964766
2279,CIABI,PTSNS,13365.063712804887,10947.787897279859,21241811.95300687,3478391.183460556,20085865.89110827,2152.4217764963932
2280,INCOC,INNMA,13364.550449905313,122.38128828314477,21190027.66752071,3469911.3982861387,15430969.772584455,154442.57399171178
2281,CNWGQ,RUVYP,13360.313210462169,9327.48184939847,21183309.355418056,3468811.2606125115,11431251.839374967,1597.436836711549
2282,MYTPP,OMSAL,13356.898284793415,5473.426925170221,21177894.85459555,3467924.624765931,10185892.708447833,2494.5646520692585
2283,BZBGC,MXALT,13347.356020815698,1458.537778586678,21162765.21454843,3465447.11452974,13196509.26885743,11423.740014148
2284,CNTJN,CNYPG,13342.411503729603,2377.169779016356,21154925.485539246,3464163.342489643,12445848.110506477,6692.8376733695
2285,CNFUN,HKHKG,13338.216037972903,7752.270357538797,21166998.732537962,3466140.3619646756,10884580.260806872,1851.1635896206844
2286,EGPSA,MTMAL,13284.704410941447,2721.9215593846657,21063428.58877667,3449180.534068354,14477660.191333773,6586.097480874791
2287,USJAC,USNFK,13281.987968834104,4161.4947637362975,21072870.979735762,3450726.7453584056,11901250.625205759,3689.0536314842707
2288,ARBNA,COCTA,13281.01188170007,8465.84664157204,21057573.936419956,3448221.8224864574,17882373.32933516,2519.6056643734214
2289,CNNBO,ZADUR,13278.85614326903,6527.565399259974,21086206.508160103,3452910.4660598524,14654702.160338558,2774.0223986804117
2290,CASJH,COCTA,13261.581445966975,3260.620635525763,21026766.20575071,3443176.9920840696,15207172.363054955,5719.877115398223
2291,CDMAT,CGPNO,13241.346493016572,2847.9830088731387,20997825.771594826,3438437.9353954946,20213496.27130855,8304.801725647374
2292,BEANT,EGDAM,13228.02905916324,1971.1340129096038,20973567.558527414,3434465.6022138023,15355667.803321132,9532.651398876069
2293,EGDAM,MACAS,13227.434748600299,1084.074999453226,20972625.255430948,3434311.29810876,16072769.316364802,17994.21684321872
2294,DEBHN,FOTHO,13213.757981923949,10829.540987563802,20950940.19648636,3430760.324302356,19182769.676072847,2088.13374697447
2295,SAJED,TRGEB,13205.646415051167,2497.5906984693256,20938078.983750068,3428654.273787951,14073747.211835109,7007.714072746023
2296,GTPBA,USTAM,13203.712796263824,10821.308299332124,20935013.154057115,3428152.2377564884,13785511.553321172,1590.7192841128149
2297,INMUN,INNMA,13198.329863399324,0.0,20926478.299348854,3426754.637427712,13717776.301189244,
2298,ESVAL,ILASD,13187.344547383862,8646.314756990923,20909060.642752275,3423902.459690892,15331505.791441144,2169.1794456091793
2299,INNSA,TRBAM,13157.9712078304,5391.910034348766,20862488.041589342,3416276.09873664,13215965.32360356,3084.6659748374377
2300,IDJAK,IDMKS,13153.940670322947,2566.7897092761373,20856097.463648245,3415229.628218178,11544177.620622534,5828.06109701111
2301,CNRIZ,TWKAO,13151.116985248971,6218.1937984125025,20851620.398365263,3414496.499404,10552351.529577166,2246.126203488043
2302,MYBTU,MYPKE,13150.55337117292,734.8459544473618,20850726.765772823,3414350.165195898,11444474.637917522,20220.326060429827
2303,HRRJK,MATAN,13145.92807638304,9696.554939613374,20843393.176443696,3413149.274588167,17568908.792536817,2163.8672907845757
2304,CLVAL,PEPTA,13131.40018995959,5697.552376324253,20820358.633200552,3409377.319902322,20132933.167808503,4132.004224399781
2305,BJCOT,GHTEM,13129.706795402702,3934.8665742711746,20817673.68860425,3408937.654602934,20145043.130165536,5985.966827637909
2306,BSFRE,ITGIT,13126.19513464793,0.0,20812105.810445428,3408025.9028963903,14970377.685537769,
2307,DOCUC,PRSJU,13123.151933549012,2243.433345278549,20807280.693751406,3407235.7799349036,14752433.03508682,8094.58808002472
2308,CNZJG,KRBUS,13117.753016941679,3265.0755822483343,20798720.496181507,3405834.029659471,10416507.364800654,4233.390941885041
2309,JMKIN,TTPOS,13117.619768368666,155.80796258745778,20798509.225255534,3405799.4336029836,14968108.289931783,117926.62851374599
2310,CNLYG,CNWGQ,13111.445411099976,5551.939382773769,20788719.53559533,3404196.3514234503,9798598.71053203,2378.0510109530983
2311,CNYSN,CNYZH,13072.93233312779,10607.313629067383,20734205.14555318,3395269.5059116897,10384189.120560428,1299.0526261721966
2312,EGALE,TRBAM,13070.532527667567,4191.6050293739845,20726324.234470785,3393978.990220878,13853433.673419982,4114.751400185422
2313,CNWGQ,EGDAM,13059.346280460968,0.0,20706114.286445167,3390669.568916046,11374642.001565699,
2314,CNNJG,KRGWA,13025.430566975068,3371.1139970138843,20652339.570279162,3381863.846550236,10200381.02575711,4029.007884141097
2315,MYPKE,SCPOV,13010.388500475607,1999.2874432859842,20628489.77402189,3377958.3924763487,13645461.81832442,8514.743724304824
2316,NLROT,SEGOT,13006.259254626488,1687.112286927526,20621942.69006895,3376886.2937707547,17320703.07919139,12268.056805309287
2317,DEHAM,LVRIX,13006.135380388627,9493.510894467563,20621746.28252517,3376854.1316242223,16803541.521834504,2125.704165486243
2318,BEANT,PLGDY,13000.457250974754,5769.494676013348,20642446.159807656,3380243.779870681,16878197.1888679,3511.3024807810243
2319,JPHKA,TWKAO,12981.268401098958,7017.213117892297,20582318.69525758,3370397.7816555803,11314687.199214295,2092.7232412859526
2320,CNYAN,JPTOK,12975.238921284106,10433.416357309228,20572758.714577623,3368832.314802527,11336764.227908183,1409.4708807828383
2321,FJSUV,NZAKL,12974.663909668005,7397.067854817624,20574532.380418748,3369122.756297717,23777280.343967356,3669.8869921255264
2322,IDSUR,MYTPP,12968.52520370795,8612.541176440982,20564902.708286233,3367545.877323387,10505218.364375236,1610.763183303741
2323,PHCDO,PHCEB,12967.014414793162,4188.235787748647,20563724.186871823,3367352.891974187,14982832.301199738,4381.363925797005
2324,CRPMN,HNPCO,12963.495996974638,3784.045300866855,20554139.83982026,3365783.435076765,14537888.488755222,4731.357713854691
2325,CNJIN,CNSTO,12962.563228185494,10623.670418026133,20552660.897709675,3365541.255209544,11485072.831919247,1397.8797819189142
2326,CNFUN,CNSHE,12957.173871331886,1036.02473041436,20544115.85751052,3364141.986985307,10886056.493723504,13754.689499554146
2327,CNWGQ,EGSOK,12949.074131928824,4245.046087708267,20531273.397699103,3362039.0073016156,12018559.78895202,3623.1877059683507
2328,EGPSA,NLROT,12933.830336696908,5707.757962126383,20507103.752492324,3358081.1772925453,15346863.048369894,3277.108866524896
2329,CAMTL,ESMAL,12930.990307317987,2355.0654087531198,20502600.7726621,3357343.8049169965,17048659.702199977,8664.728984287894
2330,PABAL,USSAV,12923.265093883252,2229.7816885259494,20490352.13870818,3355338.065460824,12615657.277673027,7162.582518870652
2331,PHSFS,TWKAO,12923.147716196112,7941.325061740374,20516161.927114535,3359564.4723529597,12503196.687064111,1997.4955106472726
2332,GRPIR,ILHFA,12911.6718952048,3879.8377126350565,20477169.50803865,3353179.3820868656,13740310.227688963,4405.722835805546
2333,DEBHN,DEWVN,12904.493387189319,6603.297801903133,20464884.700096264,3351167.71906434,17634022.589634087,3177.9863544319164
2334,PHMAN,VNHCM,12884.876535263098,4888.589162829483,20435238.086535916,3346313.0240196837,11691826.721374,3076.1717224545223
2335,ESALG,SAJED,12883.929239619101,6599.515443117879,20427983.57320295,3345125.0822718935,15357076.104660993,2833.87490310913
2336,CNNSA,JPHKA,12859.509618439375,10537.165782874485,20407398.881734475,3341754.2959436555,11516676.384566529,1410.0974575780926
2337,DEBHN,FIKOT,12852.430175941288,9679.348958904426,20378040.551674787,3336946.8079258413,16747743.998844363,2075.004309901802
2338,GRPIR,TRISK,12849.517766804614,2357.6915487155848,20373422.81085241,3336190.64319754,14729986.54355056,7662.655107106836
2339,IDBAL,IDJAK,12836.099675196023,7249.093026061793,20352147.891542766,3332706.83061511,12418551.736858426,2172.8592129863596
2340,VNDAN,VNQUN,12827.23560616043,1948.3852418880338,20342906.21105964,3331193.4860857464,14039608.91341705,8915.48654036717
2341,CNNBO,JPKOB,12821.361278207618,8807.92333296435,20330981.22657316,3329240.744907525,10567201.507478515,1577.7206189315368
2342,CNDAL,CNZOS,12820.606038639824,5253.663597092854,20327582.112953577,3328684.132935246,10449070.183518015,2622.5040986783515
2343,JPOSK,TWKEE,12815.40138621762,7002.041093531935,20319329.928995747,3327332.820533709,10988407.838441841,2044.5096605045023
2344,DEBHN,SEHEL,12773.43819756589,7613.578222548464,20252795.620050564,3316437.6881342432,17510771.130430114,2735.534883831921
2345,KRGWA,MYPKE,12763.633438857267,4881.629392930316,20237249.784140266,3313892.0249540242,10244042.02113321,2777.337842508515
2346,MATAN,PTLIS,12758.44328270982,3126.1344480956113,20229020.58460412,3312544.4762996635,19479559.856726084,7290.826645958978
2347,SAJED,SDPSU,12754.947244199957,4791.194607565439,20223477.476137556,3311636.7806820897,12863795.058266714,3376.074896521072
2348,GHTEM,NGLKK,12737.99414441594,8930.884055886276,20402147.89615648,3340894.4360607327,20258972.731437843,2642.5006774042813
2349,GTPBA,PAALM,12736.74398882739,0.0,20194615.488865368,3306910.5698349723,15547858.36513518,
2350,USNYK,ZAPLZ,12705.661908957329,7809.842207951535,20145333.611792177,3298840.5592777273,16770295.561022326,2569.7236366525826
2351,CAHFX,GBLGP,12690.377983203156,0.0,20121100.338042103,3294872.3099614675,16346908.928771619,
2352,FIKOT,NLROT,12688.15934539513,8015.72505181034,20117582.59932635,3294296.272881313,16932766.062890083,2523.4226729375087
2353,CISPE,LRMON,12680.79781217917,456.8239642410518,20105910.59486153,3292384.9577113288,23347323.5740485,58315.04171638177
2354,AUMEL,NZBLF,12650.32244978145,2356.3110520388714,20057590.692534406,3284472.4725329373,21757602.84902565,10627.66110607093
2355,INCHN,INMUN,12644.568928455872,398.57897080892053,20048468.2550434,3282978.6542932037,12667951.207899489,40019.49683853139
2356,QAHMD,SAJUB,12637.640305280289,6041.801955049374,20037482.646710463,3281179.737926993,11755093.834419312,2488.706793803444
2357,CNNJG,CNTAI,12602.30995832842,8226.734280580677,19989151.1132258,3273265.3481222014,9700084.034691837,1576.9744032498795
2358,KHSSK,MYTPP,12598.760435338958,1214.7659032497427,19975837.062532037,3271085.1444441075,11201551.330570482,11913.93044231599
2359,MYTPP,ZAPLZ,12596.925205187694,6194.403651715414,19972927.23194497,3270608.653592865,15067863.830805123,2960.490390276637
2360,TRISK,USSAV,12595.571106439445,6193.737788094387,19970780.254383136,3270257.081521768,13176021.48337287,2655.3075263385713
2361,BRIOA,PACRI,12593.652712010637,0.0,19967738.563517734,3269758.998273859,18543495.930626817,
2362,DZALG,ESBAR,12585.468734034439,1254.4804163885178,19954762.540089484,3267634.147268255,17650602.72108785,16674.82138029458
2363,ESCAS,PTLXS,12576.644679338728,0.0,19940771.649498537,3265343.1096398276,20435318.98785915,
2364,GBTEE,PLGDY,12575.532407741266,0.0,19939008.098527454,3265054.3244757857,17690076.580678634,
2365,CNSHA,CNXIA,12569.18298201464,10301.269515464353,19928940.830846105,3263405.788314096,10062940.48366425,1293.660577657222
2366,NZLYT,NZWEL,12562.919545870047,4266.867261886485,19919009.90307602,3261779.5780983446,24288838.087358847,6456.8724486818
2367,CNCGM,CNNBO,12560.604924810195,6001.311786839814,19979410.188249305,3271670.251261729,10997403.281359218,2377.6590917857966
2368,CMDUA,TGLOM,12550.75567549808,0.0,19899723.601550784,3258621.405841884,19108247.28480115,
2369,PTLXS,PTSBL,12550.285381681046,3214.135761991326,20054800.562601417,3284015.5829144297,21263706.42290439,7637.425368308094
2370,EGALE,ESVAL,12549.729979947766,4799.819035615982,19898097.32035479,3258355.0988909286,15662200.988349842,3941.9311325791705
2371,HKHKG,INMUN,12545.762537806366,8563.511261155589,19943681.746253695,3265819.6440766524,11426249.5043211,1715.6594649488623
2372,ARZAR,BRSTS,12535.047347865184,5682.129934885639,19890338.334943462,3257084.548784042,22562516.80679786,4544.000515908927
2373,CNTAI,CNTJN,12522.082338246333,9236.185223288134,19856385.105705082,3251524.636404906,10200032.434792764,1456.3975002667648
2374,MTMAL,TRBAM,12517.231072226776,4396.582079707821,19846569.00622606,3249917.229562244,14976991.797122797,4145.699704052
2375,OMSOH,SADMA,12503.3474926873,5977.599259128807,19824556.03724005,3246312.559799979,10691979.835735392,2331.7542363264374
2376,GRPIR,ITVEN,12501.756883811695,3870.7146650148343,19822034.063440137,3245899.5813097283,15713189.334850349,4898.084864668633
2377,CNYTN,VNHCM,12491.77169411453,9289.879048138819,19806202.14700258,3243307.071844175,11195073.932350809,1554.2054885082323
2378,CNNSA,MACAS,12484.934303047514,7674.166649649509,19795361.190815784,3241531.8425697675,22771617.473070573,3389.7034692136117
2379,PTLIS,PTPDL,12484.559393518672,0.0,19794766.756807785,3241434.50275633,21169294.661304966,
2380,DEBHN,EGALE,12450.032911694525,6802.412147407536,19740023.64308629,3232470.2032631757,15336881.88501764,2729.8187298689
2381,ECGYL,PEGSM,12445.088257438236,4334.815444925757,19732183.69658829,3231186.3956088293,17822802.179048207,4856.951545492529
2382,CYLIM,EGALE,12444.658749037171,1746.366127698349,19735366.711245485,3231707.620923549,14083978.397361286,9915.266760874661
2383,CNTJN,PHDAV,12441.62197155483,10196.724904228147,19726687.7620974,3230286.4248285457,12774900.708387472,1569.6399857349636
2384,BEANT,BSFRE,12436.699294011369,5096.345223620166,19718882.660553936,3229008.3231084635,15870006.163187493,3747.5904100407583
2385,CNNTG,CNYSN,12429.48824788457,9053.940398588955,19717183.449231472,3228730.0736965975,9588334.482586531,1415.633855760819
2386,PGLAE,SBHON,12425.946595383768,6892.0785511928125,19723090.963359486,3229697.441504227,20655648.36768328,3465.6229803204537
2387,BEANT,SEHEL,12404.291357602417,0.0,19667498.585068047,3220594.0731595517,17661269.25115656,
2388,KRBUS,THLCB,12403.006644098099,10163.053966983447,19683397.10443231,3223197.488993807,11110104.411152327,1410.334132506873
2389,BEANT,DKAHS,12384.196494675372,688.1126075248862,19635637.37858787,3215376.7338873544,17299407.014640436,29813.12000999176
2390,GNCON,SLFRE,12368.584020222432,1965.2989932068995,19611417.161208782,3211410.62257918,22890219.54317846,13281.251481824658
2391,NLROT,PTLIS,12352.824007325873,1935.46086705779,19585895.048875652,3207231.3232463715,18949372.17515143,11447.71453430592
2392,CNJIN,CNNTG,12340.756385509407,10114.058943506918,19566761.353273198,3204098.140529293,10820138.636486199,1386.6081713928365
2393,CNSHE,CNYTN,12339.181297643561,5055.129196393688,19589582.86103434,3207835.210208907,11281863.182644797,2866.335919404514
2394,CNNBO,USHNL,12327.879408361456,2525.876354123211,19546344.392518558,3200754.8204566403,14598426.752654348,7046.7351040583635
2395,HKHKG,TWTCH,12318.652971089583,6234.29015787987,19552378.160246763,3201742.862555651,10957553.869288648,2271.196298739411
2396,KRBUS,VUPVI,12309.573669154535,10088.502663050547,19517319.913040325,3196002.0011705565,17121583.43182766,2013.9346850164397
2397,CNYSN,THLCB,12300.890679431388,5035.157020497562,19601311.731252816,3209755.837265118,10533829.303121997,2729.524637352621
2398,TRBAM,TRDER,12295.981746645622,6856.340142507601,19501276.837278284,3193374.9139234927,15518886.47828967,2729.190939084513
2399,CNSHE,KHSSK,12290.968786473426,3133.901475263591,19487821.129655026,3191171.5136265922,12112180.329366429,4883.163036165923
2400,CMKBI,ESVAL,12280.266767804798,7827.931794645826,19470852.65229871,3188392.889930858,19049783.40226111,2840.875070909855
2401,CNDCB,MACAS,12273.160789028243,10058.659920483113,19459585.839588143,3186547.9257590235,25928083.401543804,2894.4841119456464
2402,ESALG,USHOU,12253.199576858564,1673.7167330685988,19427936.541713275,3181365.2869646396,13979007.19317083,10252.853509251578
2403,CNYPG,MYPKE,12250.80932562708,4429.562395948926,19424146.70307132,3180744.6929518464,11989560.705781654,3424.7864783680584
2404,FJSUV,NCNOA,12234.626156294662,6467.175344237661,19424685.884239435,3180832.9849970643,23845634.262156755,4179.021877183948
2405,JOAQA,MYPKE,12223.874076662125,1431.1808897657143,19381439.79175856,3173751.346804551,11349132.481558949,10147.48305557721
2406,LKCOL,THLCB,12222.888074752927,6935.163324335364,19379876.44641339,3173495.345730943,12559805.294653213,2268.6272701287776
2407,IDBAN,IDJAK,12199.031537467268,6629.817191306335,19342050.955235876,3167301.342351523,12052229.19348151,2295.6184305941906
2408,MXVER,NLROT,12184.621861504645,1997.2192929163634,19319203.839392174,3163560.0792947724,15310122.739690587,9249.701765102553
2409,MGTMA,REREU,12177.681957302637,1569.9519394754225,19308200.344541997,3161758.2339739124,18737727.518036287,13949.14404789207
2410,BEANT,DEWVN,12172.458618879913,5085.869120291947,19299918.53318521,3160402.0700237625,17784520.710360534,4118.258312392825
2411,ALDRS,GRPIR,12171.05034554521,1677.2079701951347,19297685.65965627,3160036.432308203,16138320.998623282,11506.23999758731
2412,DZBJA,ESBAR,12158.180021800661,5719.881132332983,19284035.906656824,3157801.2566746585,18929229.182764336,3861.4492029540306
2413,RUNVS,TRGEB,12138.07387063007,195.05779086818205,19245400.14369759,3151474.569594433,15499986.42685533,95620.17960643375
2414,CISPE,ESLPA,12135.8789362033,585.0675553888291,19241919.98763802,3150904.686752919,21873661.56813076,42772.09704143079
2415,INNYY,SGSGP,12135.336703285098,9918.210699847674,19519012.897792414,3196279.2309684865,4719646.287162784,798.1203220710813
2416,EGALE,ITRAV,12128.465650736454,1338.086718788029,19230165.927915733,3148979.934862717,15859333.66064883,14205.591706887513
2417,CNBYQ,CNNTG,12126.995546290542,9796.884093717936,19227835.01869437,3148598.243597256,10305090.74213579,1373.2620348504445
2418,USSAV,USWMT,12125.992656222445,5475.945701792823,19228184.39683375,3148655.4549991083,12468779.412765691,2852.0068894495535
2419,CIABI,LRMON,12119.655006266006,541.7919200373811,19216196.29977169,3146692.3790044896,21947681.000400845,46317.3636433595
2420,CNFOS,CNNSA,12112.630939102317,8083.052734796036,19205059.361189656,3144868.681993134,11308256.564942421,1788.0775643981071
2421,CNHPU,CNHPU,12107.633230429881,7923.321162261034,19247842.8768172,3151874.5722573693,11264819.418588871,1819.5266474257405
2422,IDJAK,IDSAM,12098.418818522421,8840.278421944135,19182525.47728305,3141178.711321928,12435997.425446775,1762.0684997999197
2423,CNNSA,CNSTO,12090.956954669045,7178.413683432551,19170694.394591793,3139241.3467592862,11123191.551254505,1986.850232793191
2424,RUNVS,TRYAR,12086.636857985706,366.88116037400016,19163844.70903077,3138119.6964067807,15015862.382025804,49481.9141433328
2425,BDCTG,MMRGN,12059.83330739771,8720.775259907068,19123819.853273,3131565.5424723094,12952991.296527656,1844.395292806957
2426,CNWGQ,EGALE,12052.521966571614,0.0,19109754.18831713,3129262.2603850635,11506354.203988656,
2427,EGPSA,FRFOS,12046.01294299642,897.4997607614699,19099433.8718827,3127572.2869602223,15172199.709896855,20389.723537453552
2428,ESLPA,MACAS,12041.260051527617,783.2223858895288,19091897.972931053,3126338.2677282076,19772276.782076314,29236.41543237798
2429,ARBNA,ARUSH,12036.819521937376,0.0,19084857.336193714,3125185.3487207666,23660064.354358938,
2430,IDBLN,MYTPP,12035.869711510852,2959.116600375653,19087452.777388938,3125610.3576508253,10417131.645160306,4576.616548699673
2431,CLARI,CLIQU,12021.864432277345,6178.815677674092,19061145.445183676,3121302.4769198596,20820107.385870792,3874.757091281768
2432,INCOC,INTUT,12008.921836798268,1394.297326469233,19040624.443948418,3117942.1200006655,15876661.011821333,13623.065017216855
2433,CNNSA,FMPNI,11982.800858883353,0.0,18999208.591855638,3111160.1875038645,15352344.712389193,
2434,ESBAR,TRBAM,11971.167909987764,735.8367717622493,18980764.0875024,3108139.861296876,16063684.861335404,26054.453186292714
2435,CNCGM,SGSGP,11969.99432235106,4204.369339208088,18978903.31750604,3107835.1563138873,10897111.28443095,3331.045707650112
2436,LBBRT,SAJED,11964.61278630165,4893.595958824384,19157785.057191525,3137127.415730391,13468172.0554695,3393.271453327968
2437,CRPMN,PACRI,11940.38940872928,1104.8632854842585,18931963.54642346,3100148.670516512,14631855.725128444,16049.048446634795
2438,CISPE,MATAN,11939.22573755566,0.0,18930118.499374755,3099846.5401991224,20828814.96715579,
2439,BRSTS,NAWVB,11931.2004944075,5867.040623649187,18917394.156346124,3097762.902385925,21777513.480241932,4239.833670549209
2440,CNNSA,EGALE,11906.404516789415,1219.7598887601966,18878079.145060115,3091324.986969978,12415323.675901879,12712.869808035182
2441,JMKIN,PECAL,11897.770999438739,7873.402586151657,18890805.711339463,3093408.9888451356,15462686.612844247,2356.807669701441
2442,USDUH,USKOD,11885.760487888088,211.76155302754748,18846487.663918205,3086151.8157866728,20566513.432622634,111694.80441679797
2443,CRPMN,HNPCA,11879.878501309959,0.0,18836021.089757346,3084437.892352895,15303416.366557276,
2444,CNTJN,CNWEN,11878.62987090214,9047.330508640378,18841548.904707044,3085343.08362506,10422100.968545767,1492.9756395293564
2445,CNTAI,JPKOB,11862.944769578802,5495.304042309006,18809171.98284256,3080041.294878876,10514667.860910423,2473.8775236314495
2446,CNGUA,CNYTN,11849.923035025766,9247.221343590742,18797274.595606055,3078093.072808121,11271917.535477165,1551.8186572046632
2447,MTMAL,NLROT,11833.768485178049,3879.4196480028754,18762911.82048208,3072466.0964327105,16645462.072766172,5082.700496026427
2448,CNHPU,CNJIA,11828.101306890108,9693.90449584826,18753926.283320293,3070994.695908529,11404765.651917305,1493.2848115045456
2449,ITGIT,TRYAR,11824.580299833626,8945.555815127029,18748343.586227406,3070080.5175705045,15315088.012284793,2055.229312723731
2450,NZNAP,NZWEL,11822.894172620889,3957.739018729567,18745670.16429505,3069642.7391314646,24699453.20243557,7016.404015058302
2451,ESBAR,MTMAL,11817.854859240148,4673.718423958438,19002334.895087574,3111672.126203955,16862952.279942658,4273.818530391689
2452,CNWGQ,SADMA,11812.571508699442,4840.588404032616,18729303.16901767,3066962.6093855402,9946145.8157219,2688.3319420974585
2453,CNDAL,VNHCM,11809.308089147962,2846.618300525365,18724128.887185603,3066115.309901616,10953111.319181576,4924.8705477990625
2454,CNDCB,THLCB,11808.260049525463,6359.594158454025,18722467.17857216,3065843.201636875,11639233.736747963,2312.2665648148127
2455,MGTMA,SCPOV,11803.727045676354,0.0,18715279.92020985,3064666.273031349,18060096.887374252,
2456,MYPKE,MYTAW,11793.23593501284,3436.5617911995564,18698645.845905885,3061942.4085356104,10918101.35174023,4068.0321232914616
2457,CIABI,ZADUR,11790.773173418933,1932.6623286317572,18694741.03919285,3061302.9882604578,19976416.123279847,11920.198769461209
2458,BEANT,SENOR,11757.344603942676,310.83595931698875,18641738.70927965,3052623.745760768,18569410.402835757,69560.91629844699
2459,MZBRA,MZNAC,11741.622759190645,3499.283511380224,18616811.097495865,3048541.7971376814,19635020.004548896,6482.344665105312
2460,AWBAR,USPEV,11726.810063893145,4903.515143545046,18593324.978425786,3044695.895964665,15168703.497871412,3714.355693958052
2461,ITCIV,ITGIT,11714.816437892176,8974.90402382784,18574308.60613949,3041581.9251862587,17142592.241549075,2248.9571045158305
2462,COCTA,MATAN,11687.720876146417,4354.0243314643785,18531347.512520086,3034546.956154043,16252874.096791534,4429.791747732077
2463,GRPIR,ITNAP,11650.43413378819,702.0804852399198,18472227.895652752,3024865.9951072247,15271633.167922566,26060.40126122774
2464,RUKGD,TRALI,11649.903814441303,0.0,18471387.053181075,3024728.3053919296,16634595.868221993,
2465,KEMOM,MZNAC,11644.173054502524,2202.2684386843757,18462300.704776477,3023240.396815659,16842723.25838243,9020.682177630404
2466,RUMAG,RUVYP,11640.355552885214,0.0,18456247.903734285,3022249.2379716313,15758630.124134917,
2467,ECGYL,MXLCS,11637.789488219103,7151.277136423445,18477834.420532875,3025784.0752952998,13789716.836503636,2351.3983014520454
2468,MYPKE,NZAKL,11624.268743038876,2381.712586521641,18430741.625240013,3018072.5314630885,16362948.132376462,8137.430508415986
2469,ITVAD,MATAN,11612.428576600176,4478.65720161138,18411968.56920909,3014998.404230956,18371240.902736474,4775.145393863334
2470,CNYTN,THLCB,11608.1515120689,6342.427479085052,18405187.11284113,3013887.926551673,11382044.15832194,2269.782686888577
2471,GRPIR,ITVAD,11594.306463540634,5823.986825139446,18383235.236309864,3010293.2608067878,16392046.290624496,3331.4532010409766
2472,PACOL,TTPOS,11591.540671558992,1096.1570245140645,18378849.96283335,3009575.163093113,15817562.584870024,17175.58463515696
2473,HKHKG,PHBAT,11574.746808959511,6324.175916231881,18352222.624004297,3005214.880607471,12792817.085733248,2498.0380330333414
2474,CAMTL,FRLEH,11571.212957548492,0.0,18346619.56167511,3004297.3674193616,15611377.817043269,
2475,BRRDJ,BRVIT,11541.194327942643,75.67012333107408,18299023.82740232,2996503.466276132,24117276.255000845,358315.5217370004
2476,CNYTN,INMUN,11538.599482883035,9448.976005676725,18362653.246705674,3006922.9169144835,11403950.902002307,1525.1254538332062
2477,CNTJN,CNYAN,11534.210400415437,5265.5100306870945,18287950.53181455,2994690.1909383424,10697999.75564516,2600.4489340601917
2478,MYTPP,MYTPP,11521.984170575128,5135.678323190852,18268565.35686559,2991515.827951725,9484380.020288333,2429.2595959336977
2479,FRDKK,NLROT,11517.181058020466,6250.196187515955,19538842.860244237,3199526.4288399946,18764168.837787133,3514.0809356507993
2480,CNLYG,JPKOB,11507.497570280992,8532.179613895516,18253090.43285857,2988981.776744144,10804079.214093046,1616.5929006433241
2481,LKCOL,RUSPG,11500.344867116659,2692.939030017713,18234255.37833623,2985897.497129229,21476506.00595911,9083.905439525466
2482,CNQUA,CNSTO,11497.082499444348,8774.808245307346,18229082.764300533,2985050.4707504525,10766521.667920092,1567.1649743485516
2483,CNHPU,CNTAI,11491.136125117993,9417.12350569223,18225118.190372627,2984401.2634687237,10399814.346817395,1421.2636801668746
2484,JPKOB,JPSZU,11481.325209876142,5987.990112990595,18204098.9533473,2980959.3193956986,11723352.248461131,2455.633908939944
2485,CNYTN,VNDAN,11473.374121696192,3492.610572631856,18191492.185977787,2978894.9348428617,12609466.534377052,4463.240646229077
2486,CNWHN,CNWHN,11461.540691198266,2619.4401205380213,18172729.81004957,2975822.5564999096,10491131.943900002,5141.15760647121
2487,EGSOK,JOAQA,11457.172055875963,4095.225974762323,18173333.229188595,2975921.367647365,13649569.158139545,4059.7248181772957
2488,IDBIT,IDJAK,11451.769428900758,4042.974211763888,18157237.08403481,2973285.590176287,12637942.55284693,3861.322710790252
2489,ECGYL,PEPTA,11451.673096455434,4634.33142088403,18164851.91131907,2974532.534088027,16749776.40134605,4256.128261899648
2490,MXMAN,USLGB,11449.15231175856,9383.330949655938,18153087.54044484,2972606.093725105,12302316.041388512,1627.8784385915437
2491,IRBAB,IRCBA,11437.811953096058,1654.241785100221,18135106.949573576,2969661.734322132,10879012.65127543,8371.614421986415
2492,CNNSA,PHSFS,11421.571887074226,9360.726983397284,18109357.67730177,2965445.2370737367,12705185.872416345,1674.0827007650582
2493,ESLPA,GHTEM,11395.82680865366,3113.209067910299,18068537.82884677,2958760.901420537,19919751.16803092,7348.85180223645
2494,BRITT,BRSUA,11385.346064445273,8294.255597078041,18051920.190970782,2956039.7284242944,21503131.717246775,2948.929070173304
2495,CNYTN,PAMIT,11378.025301691416,9325.037701671623,18040312.829699405,2954138.9987125862,18046388.870492984,2252.058226578642
2496,TRBAM,TRTEK,11377.718902998824,5202.249359540107,18039827.022354245,2954059.4467426315,15189653.759750374,3487.6669595278604
2497,SGSGP,VNDAN,11366.057570645513,2049.350459519053,18021337.51489696,2951031.751183127,11700068.647835152,7149.143442482083
2498,KRBUS,MPSPN,11366.033316119974,0.0,18021299.05837954,2951025.453847879,13813026.46288491,
2499,RUSPG,TRBAM,11365.0479507657,0.0,18019736.722317584,2950769.618046511,15137321.083565537,
2500,JPYOK,SGSGP,11342.078030296838,6197.0510373240695,17983316.997458123,2944805.811845069,10782761.115950752,2215.1773230713106
2501,GBFEL,PTSNS,11339.939357859324,2477.481108529495,18008891.611900307,2948993.708508164,18839964.99064777,8794.803166870053
2502,BJCOT,NGLAG,11339.778285070113,3666.318769283116,17979670.659695756,2944208.7164017707,19859346.547822013,6219.741571648069
2503,COCTA,GTPBA,11338.415563255443,3423.58023520459,17977510.009918254,2943854.9054767312,14381185.11342576,5060.503574810235
2504,ITTRS,SIKOP,11336.568228776814,3590.5046559405287,17976066.422441624,2943618.5150048463,16183018.823088666,5327.00530173336
2505,MYPKE,PGLAE,11333.924285080879,9286.605110176219,17990676.14256876,2946010.887265531,14837584.226492723,1914.9726840727915
2506,CNYSN,JPNAG,11331.979433368966,4154.8447787689165,17967305.26933402,2942183.857839353,10646111.040537938,3270.4699265332156
2507,PHBAT,PHDAV,11331.680924089433,8966.81215455904,17966831.970967863,2942106.354240902,14483747.220827436,1943.3722124097835
2508,CNJIN,CNYAN,11318.613055045265,9228.031171030234,17946112.343499705,2938713.471860186,11278005.430779766,1540.6015258456016
2509,GTPBA,PAMIT,11293.061402020388,4529.240360767664,17905599.17872267,2932079.3563013873,14233756.826746747,3790.00335944606
2510,CNQUA,VNHCM,11277.101759385938,5436.66131882091,17880294.528913807,2927935.666912251,10860112.067051379,2536.1240889204314
2511,CNQUA,CNXIA,11274.587324970547,8053.440663517036,17876307.792881794,2927282.8305395716,10637376.50490672,1684.3309465103127
2512,CNQIN,EGSOK,11256.283923941559,4612.631330494207,17847287.02067791,2922530.6183274244,12421674.436598409,3326.56220615009
2513,ITSAL,ITSPE,11245.026727916804,2164.3722437487218,17829438.28748502,2919607.8508953694,16222124.787151948,8844.011326301976
2514,GEPTI,TRTEK,11238.696989422608,635.2309665596022,17819402.234695747,2917964.4262376153,15536887.404757867,29052.191726336296
2515,PHMAN,VNCMP,11231.287715034401,6608.557579784607,17807654.53469859,2916040.7157657193,11679098.267889503,2208.521119389403
2516,AOLUA,CIABI,11221.842900945996,1313.8622835169506,17792679.405336916,2913588.506977784,20394633.111195058,17740.231918204794
2517,CNHPU,CNNBO,11215.961577351742,9129.731834913173,17786698.89391781,2912609.1857108963,10452347.993385488,1463.8937288373804
2518,ESCAD,ESLPA,11208.501842264677,427.26056336566694,17771526.624805257,2910124.694875983,20824969.273352854,55551.80141424702
2519,DOCUC,MXMAN,11196.84722729331,9168.003014563208,17828570.5393852,2919465.755327131,13474882.262395538,1788.2136373298026
2520,CNWGQ,KRULS,11165.06246142393,8817.755212085605,17702651.75427926,2898846.290616986,10368899.029545365,1504.662468059625
2521,ECGYL,ECPBO,11162.459211403266,1524.7278596200908,17698524.197563447,2898170.3945624838,16875740.8695349,12968.813509464144
2522,CIABI,NGLAG,11159.14492305892,3658.260352452295,17693269.261231836,2897309.887735384,19443340.08526897,6106.905419683545
2523,LKCOL,ZACPT,11156.251202942633,2285.819821944287,17688681.15259653,2896558.57533976,17408744.924823504,8883.160127158164
2524,USANC,USKOD,11150.193283180546,0.0,17679076.079246145,2894985.7244675094,20177791.59855333,
2525,KYGET,USPEV,11144.183640123923,0.0,17669547.550537378,2893425.407940593,14086722.245363586,
2526,USDUH,USHNL,11138.044784487774,0.0,17659814.15013124,2891831.5432442715,20118514.031505376,
2527,BSNAS,USPEV,11134.815114863562,0.0,17654693.380154688,2890993.0064387308,13868551.91401452,
2528,NAWVB,TGLOM,11128.684912182254,2104.7739011990366,17644973.6993535,2889401.3883564463,20487122.122045033,11106.429767627043
2529,CNFOS,CNYTN,11125.804822703662,4756.805145452513,17640407.202637803,2888653.614957909,11286548.546907436,2979.9837765935786
2530,BMHAM,USNYK,11124.96091301924,8114.695010918478,17639069.15018113,2888434.5060665114,14785912.302661052,2178.0666784082937
2531,MXCOA,USMEE,11121.520121140566,3797.8395371660845,17633613.637451347,2887541.154434244,14191339.841553608,4496.999104056926
2532,DJDJI,INMUN,11110.786270308678,5057.678097023798,17636069.642042093,2887943.330328367,12773116.289718106,3096.4919711403263
2533,JPNAG,JPYCI,11110.052230370555,6082.928195924608,17616076.273531754,2884669.374372637,11948838.605580466,2438.547275618203
2534,MXALT,USNOL,11091.774760027216,6817.8274616989875,17586451.18127036,2879818.2034857464,11626865.911490252,2127.757587951773
2535,DZALG,TRALI,11084.732464896968,0.0,17575285.34152048,2877989.773847642,15796935.835762665,
2536,MYKUA,SGSGP,11080.36576912972,4022.216261906034,17568361.771253716,2876856.0247198716,10380405.985436931,3296.0092513460468
2537,AAAAA,ESVAL,11075.253627334276,4735.7720682767285,17560256.2665836,2875528.7313588155,8897629.50418763,2486.0060969594992
2538,JPYCI,JPYOK,11074.432009236072,4176.620438136971,17559890.548210904,2875468.8442095444,12146671.712335238,3596.721507029157
2539,COCTA,USMOB,11057.635347133622,4119.298694764381,17532321.78077314,2870954.4008180606,13141237.853507001,3887.116094464458
2540,CNTJN,JPOSK,11055.275267710915,3073.8003488093273,17536569.19106826,2871649.9231471247,11192578.044957723,4575.517721426765
2541,ESBAR,FRMRS,11045.281306951601,3929.6945908943776,17512733.957430795,2867746.8537327214,17528212.035451647,5190.214765403017
2542,IDSUR,PGLAE,11041.349398255792,4790.7051488659445,17506499.75940351,2866725.9907525745,15624272.188178813,3859.7654425275114
2543,BEANT,GBBEL,11034.49862446372,212.7881192320502,17495637.584372476,2864947.2868479956,19195750.037141588,103674.47864855603
2544,CNZOS,CNZPU,11024.830483990921,8806.110261879527,17488045.56207838,2863704.077301143,10780259.972972235,1549.3746551569168
2545,AOLUA,NGLAG,10996.570123506583,1553.8638231304444,17435500.43365559,2855099.7025027983,19554668.702399354,14421.964184580213
2546,CNCGM,CNQIN,10981.455749485449,7064.304827610708,17925825.205853257,2935391.4105933243,11322362.364740998,2018.2812213323732
2547,GRPIR,LBBRT,10980.866365791564,2549.7718302876974,17413664.16025162,2851523.967012058,14678782.391180376,6875.24512976302
2548,JPHMA,KRBUS,10979.046473181234,524.426133382619,17407715.987285927,2850549.941234627,11378012.571752982,27131.68091226017
2549,HKHKG,TWTAP,10976.526631754808,8579.689404497116,17413897.2058329,2851562.1287139435,11115458.451906988,1627.9168070233407
2550,IEWAT,NLROT,10971.611643303453,4495.977531650195,17395927.76804099,2848619.5956510673,19030962.64740219,4866.479445021297
2551,IDBMP,IDJAK,10959.04202243726,5546.439372155659,17375998.132927317,2845356.076172487,11546696.253802922,2594.8273052846594
2552,CNSHA,CNWGQ,10945.81588509393,8034.074812624642,17355027.56475968,2841922.1017268114,9461429.006989228,1531.396134049276
2553,DJDJI,YEHOD,10945.803362026598,494.9408819172172,17355007.70893705,2841918.8502942813,14519090.312602526,35076.93503847713
2554,CNNJG,CNQIZ,10943.902504687683,8969.245607536172,17351993.82382699,2841425.32029703,10916954.274916794,1533.9505904101577
2555,CNZHH,HKHKG,10937.902335223742,5172.166389488655,17342480.315877188,2839867.4634508444,11806699.933802968,2831.8051459094377
2556,CNTJN,VNCMP,10937.173805655642,8963.730997531951,17341325.20319588,2839678.3113307026,10985929.102431435,1542.3942795214227
2557,GEPTI,GRPIR,10926.910773068154,1549.9591908682162,17325052.755776364,2837013.6639944683,14744421.368629083,11343.159959440762
2558,CNZHA,HKHKG,10917.820399395594,8717.044447748156,17310639.605827797,2834653.480512103,12507849.944741825,1760.0579551039577
2559,TRGEB,TRTEK,10917.72225963114,279.6184118837867,17310484.001317803,2834627.9999477863,16076823.583674766,67633.06985479346
2560,CNTAI,JPHKA,10908.224528482628,2662.9802624850263,17295424.969847195,2832162.052013839,10633328.83034982,5056.549262516126
2561,ECGYL,USESX,10903.602092118741,3475.195413377838,17288095.912666466,2830961.9035548973,15211164.940725502,5191.686998327303
2562,COCTA,PRSJU,10892.799543333871,3315.8778269650784,17270968.040802076,2828157.1786747253,14111551.408470193,5108.664875825451
2563,IDAMI,IDMKS,10890.44991409183,1050.051494715315,17267242.609944236,2827547.131571438,14398628.158170631,16405.076680941584
2564,CNNSA,CNNSA,10889.038648670597,5916.111804678783,17266052.517501283,2827352.2514420864,11301504.383479336,2388.199733437687
2565,USJAC,USNYK,10884.534844452795,2301.2535296812835,17286499.320770003,2830700.458288904,12166963.527021864,6517.1715292873005
2566,GBSOU,USSAV,10882.022453279482,5351.118509053588,17253880.534770068,2825359.063784124,15012766.987661874,3333.5322365343936
2567,BEANT,ESBIL,10877.135282570416,1114.3156864516902,17246131.73072842,2824090.1808978403,18736968.95628018,19349.148001169033
2568,PECAL,PEGSM,10875.244805626,5062.570437190343,17243134.304147772,2823599.34601924,19153434.696332034,4341.082127155199
2569,CNDCB,CNQIN,10869.58500214334,2969.2742427666226,17238727.286661796,2822877.687678488,11031131.119603539,4665.78957502206
2570,EGPSA,ITTRS,10865.058897602044,8904.628102379098,17226984.140799183,2820954.7229556586,14681547.846056458,1965.5512131198245
2571,ESBAR,TRALI,10863.204323508235,342.4272368199807,17224043.639619842,2820473.209730713,16095978.458830079,55242.25188461122
2572,CNYSN,INMUN,10861.38850611724,4450.809987959412,17221164.58873829,2820001.7591206953,10555736.046802362,3005.2367641188625
2573,IDSAM,IDSUR,10850.76988917436,7404.859444380547,17204328.3481439,2817244.7894716044,12805820.499244945,2109.8395460527877
2574,BEANT,CMKBI,10845.6928038393,2962.9187729530863,17196278.426889643,2815926.5980112758,18874962.419655357,7320.784226577944
2575,CNFAN,CNHKO,10822.414085537333,8357.349918648173,17159369.090752073,2809882.616937894,13180696.945306232,1913.35527624176
2576,BSFRE,MXPRO,10817.184630723374,1266.4845717051148,17151077.581613086,2808524.8649556036,13622121.557740908,12973.428014662135
2577,BRIJI,BRRDJ,10816.534048480846,6918.91419093427,17150046.057524726,2808355.950726327,23349089.190235745,3780.570826450732
2578,CNSTO,TWKAO,10807.95612474868,4157.75629864775,17136445.417391278,2806128.817427423,10921202.365902271,3301.6199597350887
2579,NLROT,PLGDY,10804.793336186818,5815.379209570473,17131430.69000605,2805307.645318244,16912721.132187165,3390.669476042955
2580,BZBGC,PAMIT,10803.368533077357,1377.1154013429311,17139671.77812751,2806657.1407533423,14178735.717154903,12334.037395373316
2581,DJDJI,EGALE,10797.661942216328,8834.948950796343,17247335.0279725,2824287.223341025,21307101.73643228,2731.355788716607
2582,MYKUA,VNDAN,10795.226404391793,4526.5745932154605,17116261.93815093,2802823.7304416,12641182.058946516,3411.8527092287327
2583,CAHFX,JMKIN,10747.520253391305,4284.492082112135,17052025.042964965,2792304.804355536,13855929.003966833,3885.696014663949
2584,BSFRE,USPHI,10743.012942951387,704.368275276559,17033475.41295606,2789267.263602319,13973879.98398704,23798.839095936823
2585,BRIJI,BRSAL,10716.105507347515,7366.010544118731,16990812.600836392,2782281.1387902275,22595679.880776025,3445.2789427282137
2586,CNWGQ,KRPYT,10708.325128459208,1376.6548239647984,16978476.499856044,2780261.076425338,10085519.7304739,9345.68388744354
2587,DEBHN,LVRIX,10686.45595869665,5937.7974809268135,16943802.059135325,2774583.0641558953,16868495.27429523,3308.1421859785446
2588,PHGSA,PHMAN,10686.246099884993,1876.7312767097396,16943469.31962104,2774528.5773637407,14117844.629081065,9000.954700376866
2589,JPYOK,TWKAO,10668.268528198036,3709.298087798449,16914965.162831828,2769860.9620074364,11511877.8351754,3850.253729718273
2590,AEJAL,REREU,10666.898823671538,794.7475390916036,16912793.44168628,2769505.338122698,14167845.467143174,21311.61151455123
2591,GFDDC,TTPOS,10662.165351497873,8731.558612013288,16965280.53557567,2778100.209644686,18682575.76979799,2457.828771820425
2592,PABAL,USNYK,10658.223881718659,7279.261038608392,16899038.975295164,2767253.015452019,13305918.543848267,2208.07736857491
2593,CLSAN,MXLCS,10653.078486402708,5238.537754515516,16890880.745842252,2765917.088297385,16508262.133146584,3679.305203981781
2594,BSFRE,MXALT,10638.562311573003,458.8947000285469,16867864.771798007,2762148.174356739,12982896.856944863,34310.80165084089
2595,DEHAM,PAMIT,10634.502254557829,4357.835908816349,16861427.389500283,2761094.0395268807,15325282.312031433,4150.311468811325
2596,ESALG,TGLOM,10631.645405877334,5227.998265702864,16856897.741996724,2760352.3002639865,18731457.06254882,4110.905985528937
2597,BRSTS,CLSAN,10629.49871767939,3733.5304676222404,16853494.08225684,2759794.9438549895,21172900.691369064,6410.2049903629095
2598,BEANT,EETAL,10621.608980051022,1392.8167894183287,16840984.5886333,2757746.4880817276,17846414.19365799,14793.159328833532
2599,USBOS,USSAV,10620.32274083719,8120.919457910798,16866103.715374492,2761859.7976800846,13375593.508581143,1987.1460848612794
2600,FJSUV,SBHON,10615.73281584857,4130.864849656269,16864713.12841845,2761632.086154418,23185077.137871407,6281.180858818187
2601,OMSOH,TRALI,10597.247705318985,0.0,16802358.816107474,2751421.4369558906,12608772.526592383,
2602,CAVCR,CNLYG,10594.160537485868,6946.087308484472,16797463.98840315,2750619.8986705057,12242359.685805632,2158.4784236965447
2603,ESVAL,ESVAL,10592.5041636778,4078.0846785458057,16796437.273987994,2750451.7720352868,17795259.00837526,5038.07850986971
2604,CNQIN,KRPYT,10587.513515454912,3977.032338243558,16786924.869914237,2748894.0959511152,10488634.378120285,3328.494049891912
2605,GUAPR,KRBUS,10583.589037869331,8296.817050816035,16780702.45420855,2747875.1623508004,13845651.528975913,1999.9870540347342
2606,FRLEH,TRIZM,10570.61150069398,1732.6618312061896,16760126.051520497,2744505.7333277115,16022554.329776807,10831.346154858078
2607,HKHKG,PHDAV,10568.544109592722,5773.704971462306,16766224.84139517,2745504.42293935,12993615.687141148,2726.0000619834673
2608,CNTJN,KRPYT,10564.22044892773,6568.191998005302,16749992.784093436,2742846.389569471,10776364.807917258,2058.2850199251766
2609,CNNBO,JPNAH,10562.992711697168,5993.352733115391,16748046.157756727,2742527.6254309844,10634590.933104523,2231.9925347664257
2610,JPKOB,JPYCI,10560.533398270947,6381.265302210136,16744146.818251066,2741889.100422486,11830820.106934732,2283.6707952433817
2611,AUBRI,PGPMO,10554.138067229234,8649.808097274126,16734006.765862113,2740228.6456125295,18869878.269628808,2498.333682345101
2612,MYKUA,THLCB,10540.620370497034,3702.3126250945097,16712573.9186571,2736718.972006563,11413759.682891404,3822.0647708097704
2613,MYKUC,MYPKE,10539.030965530737,555.2631538058114,16710053.853703404,2736306.3060938776,11432970.587313652,25518.129190259326
2614,CNSHE,TWTAP,10521.455061182602,7143.246657943963,16698696.377240397,2734446.4955427493,11116934.684823625,1939.0876227075728
2615,ITCAG,MATAN,10518.12824444075,0.0,16676911.755891467,2730879.218184171,18745725.90973581,
2616,BSFRE,CRPMN,10512.431990514096,749.184976788625,16667880.11814507,2729400.268592734,14961786.071731105,23613.90963304811
2617,CNGUA,CNWGQ,10475.072524100793,5723.339133986258,16608645.194388445,2719700.4258013642,10384656.081598926,2289.634809439156
2618,COBAR,USPEV,10458.094508464288,4285.547052025679,16581725.873575846,2715292.3306545643,14486596.79579904,4013.93075787668
2619,SRPBO,TTPLS,10455.61875015106,8482.508845092787,16577800.460046075,2714649.5359700243,18216449.958734144,2467.5599963344584
2620,AUMEL,MYPKE,10451.044594291472,2141.329059294935,16570547.953530159,2713461.9228427275,14325183.061476117,7957.041870962642
2621,ESVAL,TRDER,10437.025242236816,7603.40129691836,16548319.711807221,2709822.001719052,17327653.79321953,2635.3305596351624
2622,CNQIZ,CNWGQ,10434.758932535331,6359.156487687586,16544726.38740341,2709233.587324217,10726057.59757436,2112.7473763087287
2623,PHCEB,PHSFS,10404.971756459076,7816.471651953827,16501902.366336817,2702221.0642095264,14499272.338554692,2200.67239653642
2624,CNQIZ,VNHCM,10385.742472368562,1418.5019073072435,16473975.104525723,2697647.9166137935,11550304.636394043,10044.36615813571
2625,CNXIA,RUVLD,10384.100846339581,2353.9546554874214,16464405.971681591,2696080.9510746943,11297440.45448485,5944.686051168635
2626,LKCOL,LKCOL,10364.622824701757,2935.4290992976535,16437783.696431775,2691721.4977607545,13613610.620071916,5554.667330147396
2627,CNRIZ,CNZHA,10364.588075170157,8494.459451491128,16433467.694894811,2691014.7434722227,11960095.691908076,1724.7843160647997
2628,BRSTS,RUSPG,10364.134302690978,0.0,16432748.22053429,2690896.92803925,18810946.409045435,
2629,IDAMA,IDSUR,10330.481986909033,8466.507276095259,16379391.131931238,2682159.593061303,14750800.218593912,2059.049764343352
2630,CNNBO,JPTOK,10324.082189891045,7455.482911793556,16388357.840367766,2683627.9103423,10891330.553623877,1820.802035840287
2631,ITGIT,ITLIV,10314.671221400353,2049.345289011956,16354322.532741956,2678054.5574553665,16312510.321333881,9266.649685932185
2632,DEBHN,GBSOU,10297.896279142433,8439.80115219395,16327725.192868926,2673699.187361585,17830716.91433117,2429.4904266035437
2633,BRSUA,DOCUC,10296.153354156257,2410.1358808464306,16350628.385815155,2677449.633161289,18902118.959599923,8953.673012486975
2634,ESVAL,SNDAK,10243.151900414929,2098.733636167939,16240925.797391672,2659485.604611407,20223793.397104606,10903.374590926369
2635,CNNTG,CNTJN,10239.89589622658,5843.503758239169,16235763.272913557,2658640.2304188097,10240132.961351592,2207.369709240541
2636,EGPSA,LYMIS,10233.48166537056,262.08120956042313,16229234.410005847,2657571.1154475235,14416532.6773875,65148.14175908543
2637,PACOL,PRSJU,10232.9022287815,2348.2295946979616,16224674.534297606,2656824.426252821,14435837.968664672,7278.957063445075
2638,CNHPU,CNNJG,10226.473308785253,8381.26534534818,16214481.225281835,2655155.250558714,10565089.106463315,1577.3566176805998
2639,CLCOR,CLSAN,10202.372516547319,7985.993832879996,16212371.12130039,2654809.7166136117,21999784.654999368,3087.229327689297
2640,COBAR,COCTA,10195.868602925999,4177.9907082984355,16167742.800212942,2647501.7355926586,14867804.999028798,4192.279963627514
2641,JPYOK,USHNL,10191.750537295442,8352.80775761537,16159426.886468116,2646139.9873050638,15841603.297351263,2213.356732387477
2642,GBLGP,PTLIS,10189.013204394954,6362.33473054339,16155086.735999608,2645429.2785784286,19123205.850627046,3421.4853589361956
2643,MZBRA,ZAPLZ,10184.237048022962,3210.249984829475,16147513.949616238,2644189.218952234,20679782.71402327,7265.469057922743
2644,JPSZU,SGSGP,10182.96413475978,3338.24268987305,16145495.694878358,2643858.725513079,10695735.31223645,3995.992885183797
2645,MYBTU,TWKAO,10178.702377234233,3707.6061933247893,16138738.508378359,2642752.2220754917,11916897.251759976,3926.967621331738
2646,ESCAS,ITSAL,10178.228081104538,0.0,16137986.492951542,2642629.0779747786,17752549.57467584,
2647,CNLYG,CNQUA,10148.210683974155,8317.123993255496,16090392.712817749,2634835.4968259013,10350898.29911084,1561.3250213014862
2648,BHBAH,KWKUW,10143.06293546205,3048.011387159226,16083532.760418855,2633712.1652571983,12507167.543062242,4967.461661103201
2649,EGAKI,RUSPG,10132.484547486265,0.0,16065458.296315623,2630752.4339159387,16215711.98879456,
2650,BJCOT,NGONN,10130.489452731454,8122.1089719242245,16062294.994024817,2630234.4365424896,19645370.128730845,2742.588734314405
2651,AUSYD,KRBUS,10130.2779999936,2075.6067457573695,16061959.727276992,2630179.535910551,14892844.176740762,8442.36209410532
2652,MYLAB,MYPKE,10123.969202452468,0.0,16051956.877203848,2628541.548267083,12141137.92048995,
2653,KEMOM,SAJED,10114.84639777865,5526.519848857654,16037492.30660956,2626172.944546316,13659527.345848791,2946.8274313284883
2654,CNXIA,TWTAP,10107.369358050517,1590.7115515920086,16048627.247761369,2627996.3144742907,10807409.872384975,8446.161199629752
2655,CNQIN,INMUN,10101.575604150024,4967.342092708243,16016450.934120858,2622727.375744816,10919804.095770452,2726.3134325688748
2656,BEANT,DKCOP,10094.637252648354,1627.5181089636865,16005449.901138978,2620925.9335600445,17180164.98517953,12166.433546688959
2657,GRPIR,TRYAR,10087.573034531215,3478.0478803639644,16066279.621803327,2630886.9276842433,14800233.50271646,5011.754015467033
2658,CLSVE,CLVAL,10085.632420369157,8259.945252194599,16043282.155409057,2627121.0444100327,22877315.857501388,3087.7246910486606
2659,CNYPG,VNHCM,10083.348755919711,590.228833832872,15994307.552663105,2619101.3506672448,12579250.071882801,25749.930452997112
2660,CNBAO,CNTJN,10073.679433500416,8059.468348329179,15972220.443159055,2615484.5402399153,11592538.890560186,1762.8983472272819
2661,CNWGQ,SAJED,10068.047838183225,5500.95019032494,15963291.324216306,2614022.37831723,10839497.91847939,2445.67208051777
2662,CNXIA,JPMOJ,10066.991264759461,7500.508503904991,15961616.08492066,2613748.0543749477,10787776.967269078,1786.7488603828378
2663,NGONN,TGLOM,10064.721075754376,1325.6837333947806,15958016.609726297,2613158.632775281,18559807.575686242,15971.35551647924
2664,ITGOA,TRBOR,10040.398112702547,1600.037546077182,15919451.581897171,2606843.528720716,16102711.650761101,11693.1975911141
2665,HRRJK,SIKOP,10035.330780044927,2860.734438728658,15911417.123901896,2605527.869401423,16372390.20656197,6633.932118633629
2666,CNWGQ,INMUN,10025.121608908348,7040.654644108095,15914261.20043768,2605993.5928890915,10516689.448124068,1863.8441600021883
2667,ARSAE,BRSTS,10015.192788296927,0.0,15879487.534956282,2600299.3323573302,23335963.093843833,
2668,CNGUA,CNNBO,9991.874534894703,5209.4806404426545,15866167.8395118,2598118.204339487,10462811.645863531,2507.1462496294484
2669,ESLPA,ESSAG,9975.141579829777,0.0,15815984.746836493,2589900.6178404284,20402830.23003591,
2670,CNNSA,INMUN,9973.39328812176,4669.581749147026,15831661.933924634,2592467.7900510426,11425658.92003729,3002.009058444896
2671,MATAN,TRMER,9971.034708039419,4993.59166626526,15814660.899538774,2589683.835073552,15866525.573516842,3695.9788949651775
2672,MATAN,TRATV,9955.994247194512,4533.10556733686,15785625.887417965,2584929.291045193,17734391.77227067,4482.428384136043
2673,IDPJG,MYTPP,9955.075302782157,3708.5622209147828,15784168.86440805,2584690.7004766013,11228311.012457164,3724.6245013860234
2674,EGPSA,TRISK,9954.927918164169,921.1453655255914,15783935.180219071,2584652.4342013677,14011191.592655485,18016.530992790176
2675,CNSHE,TWKEE,9953.188013562256,2466.1574807885772,15781176.492091732,2584200.6932443683,10881276.599694032,5460.104392292372
2676,KRINC,TWKEE,9914.729621467079,5929.616642858471,15720199.177845377,2574215.530362084,10594665.433499338,2220.8654887870025
2677,AEJAL,INKAN,9899.099272297462,3283.8174905984843,15695416.63595602,2570157.3372379574,11573256.64649828,4307.003670036048
2678,PKKAR,PKQAS,9868.762149039574,5088.117211751018,15653251.497257642,2563252.707490632,11576230.4843682,2778.922458626477
2679,GBTEE,PLGDA,9851.703887382835,7192.188961490749,17957088.21274518,2940510.7934304336,18621714.47448965,2998.005945529386
2680,BEANT,FIHEL,9830.926372453932,2369.7319700432936,15587325.784769196,2552457.234035237,16938965.869519193,8225.159363992685
2681,DZWAH,ESVAL,9825.86834698716,2867.3358771904495,15579306.083696144,2551143.991192856,19248298.18046172,7602.68175942286
2682,CNMWN,INCHN,9813.992559886543,8039.932626652337,15589506.407397792,2552814.315556463,12544573.320768034,1877.8002674147706
2683,MYPKE,PGMAD,9812.287331924468,4284.264879255097,15635612.254645018,2560364.244579727,14721451.557723949,4033.787893457338
2684,INNSA,REREU,9809.949497143843,3215.958709417253,15554066.112484291,2547010.893059404,15473855.190787265,5603.575080450002
2685,CYLIM,ITVEN,9802.449144908456,0.0,15542174.00492858,2545063.535547434,15724270.713685606,
2686,MYPAG,THLCB,9801.74940889245,5289.967859626073,15543389.914419083,2545262.643272378,11197861.503772378,2597.9598575512337
2687,BEANT,DKFRE,9795.134367391305,0.0,15530576.13348867,2543164.3598154983,18480407.470327202,
2688,AUBRI,CNNBO,9793.695996530205,2675.525321392349,15528295.539131446,2542790.907714389,14246697.480456216,6275.211919666423
2689,COSMA,CRPMN,9788.209086536248,4159.4437018725275,15522211.192967705,2541794.5832906584,16215718.960947793,4509.620730241898
2690,LYMIS,TRALI,9781.693729922641,2525.82197747081,15509265.466818837,2539674.693527989,14948157.8806712,6923.620401668347
2691,AEJAL,LYBHZ,9759.898984944102,3199.550838952026,15474709.029560966,2534016.0045726635,13716005.343320983,5078.844552198503
2692,COBUE,PESAL,9752.133040975956,3582.8503849278654,15462395.815722143,2531999.69002512,16947329.3574686,5436.824582304155
2693,CNMWN,TWKEE,9749.832669868902,0.0,15458748.485601554,2531402.432081085,10879986.431920085,
2694,AOLOB,ZACPT,9738.148988380954,1088.3252112575021,15440223.542700099,2528368.933893403,21505896.56543401,22083.716568099248
2695,JPMOJ,JPOSK,9703.749674815868,6037.329426659116,15396804.995039247,2521259.0558040817,11204433.018455535,2273.4707855514553
2696,SCPOV,TZDRS,9703.27075810004,1192.8699829226043,15384922.717773963,2519313.3080227515,16925587.69444041,16300.9391474685
2697,NCNOA,NZAKL,9702.244858187183,7605.902901423058,15383296.112553008,2519046.94801203,22841569.39785237,3334.3334347746472
2698,QAHMD,QAUMS,9698.193211185633,7948.305170226501,15376872.064667245,2517994.99672005,11824482.977683669,1804.4699677774204
2699,CNSHE,PHCDO,9694.008239995434,7557.320418694364,15370236.625963902,2516908.429739081,13190812.652261836,2078.4775835552905
2700,ESBIL,IEDUB,9689.31289137941,1726.3102534637212,15362791.963499937,2515689.3506729547,19310320.170004506,12643.15581563922
2701,CNHUM,CNTAI,9689.210031750481,7826.78431770461,15472861.000875594,2533713.386006027,10407873.510166762,1653.499875663907
2702,AEJAL,MZBRA,9688.95836335186,4764.441964182568,15362229.845174978,2515597.3026202777,15175202.304064011,3713.089536965215
2703,CNFOS,CNSHE,9688.483735478008,6318.38636700946,15361477.303754572,2515474.0723870136,11310323.382142868,2188.1848705421503
2704,CLVAL,COBUE,9674.608321677464,4530.843318285879,15339477.281873258,2511871.522740251,18413105.367317583,4618.340432476979
2705,FRMRS,PTSBL,9673.71206546982,2162.247618075738,15338056.231916629,2511638.822834455,19203229.807757694,10042.729819222552
2706,MYPKE,TRYAR,9661.85708100024,6598.771107722933,15319259.681306865,2508560.848315845,12468248.36089762,2269.636113258303
2707,CNNBO,CNRIZ,9655.362671074183,7709.174992104452,15319201.738079153,2508551.359990985,9923526.80728078,1612.6340600653632
2708,CNHKO,CNNBO,9652.0320412855,7910.47306507131,15303681.689052638,2506009.919466978,11048205.304336054,1713.4519152402734
2709,BSFRE,USNFK,9650.18107801077,2791.1884799696327,15305968.952126816,2506384.4635844515,13326106.480150877,5672.311654104986
2710,MYKUA,MYPEN,9644.907100236962,7901.023355424367,15324353.751616737,2509395.0129950624,10840149.177748334,1689.5968522328697
2711,AEJAL,INMAG,9634.595998145225,0.0,15276036.14736836,2501482.9041318777,11806963.236432627,
2712,ITVEN,SIKOP,9631.772618787792,1980.7953545344938,15273793.787590003,2501115.7130231136,16495865.360987484,9590.582404447872
2713,IDSEM,MYPKE,9629.867557117645,5735.192033329042,15325284.212588321,2509547.3779273606,11770774.780339915,2489.946644380823
2714,AUBRI,CNSHE,9623.738054569,4507.019593111251,15258820.444853336,2498663.7967987643,15079578.205305278,3900.1920535183576
2715,JPHKA,JPYOK,9622.359915588382,4026.9726703130673,15256635.350544445,2498305.983030528,11929039.021614827,3582.6776553523855
2716,MYTPP,TWTCH,9617.620709500787,3941.13536129773,15249121.150310427,2497075.517008957,10048401.103409335,3183.2138382294333
2717,CNRIZ,RUVLD,9592.349384276014,1925.27980768978,15209052.456438899,2490514.184491569,11057734.781173116,7037.028545955493
2718,GTPQL,NICOR,9591.989698279816,5919.069687324328,15208482.15994897,2490420.797247255,14753597.853861626,2913.2988057290327
2719,HKHKG,IDJAK,9591.267129785238,2456.4600738197587,15207336.498787438,2490233.192833266,11044548.056456381,5509.872272519075
2720,USCHA,USPEV,9587.528529325837,6195.421856336351,15201408.7986774,2489262.519528815,12430373.3792661,2408.171105174363
2721,LTKLJ,LVRIX,9586.549078642232,2748.413546816816,15242698.701934636,2496023.8276400836,16403139.999414517,6876.39014475948
2722,GYGEO,TTPOS,9583.716793474216,1472.7157951126196,15195365.139486626,2488272.857682098,18184985.99599659,14037.507387566106
2723,INENR,INVIS,9583.43967257877,1523.9603370769642,15194925.753256334,2488200.9072669,16178421.174827669,12248.758466967802
2724,CNPAN,CNQUA,9583.415399163281,4207.627086537209,15194887.266788142,2488194.6050271504,11773935.405040203,3389.5898369179845
2725,BRMAN,PACRI,9579.025388717455,785.0639326824248,15187926.730168786,2487054.802581743,16694577.31513286,24433.210238272382
2726,PABAL,USCHA,9575.759124428601,2092.789975759059,15182747.937892186,2486206.7645030823,12707524.43566702,7260.036303766844
2727,CNNJG,CNYZH,9572.457170073823,7414.066585024776,15177512.557592869,2485349.460017218,10536039.199224569,1756.3085669533775
2728,BEZEE,GBFEL,9570.869578823525,6617.606441884969,15239636.700321766,2495522.41846475,18390935.49576128,3156.1952342812183
2729,ESBIL,GBTIL,9560.178666788532,2435.2627521511663,15158044.501012415,2482161.5249899058,19188392.923984773,8898.651461667618
2730,KRBUS,OMSAL,9543.777040132572,0.0,15132039.06791275,2477903.080869599,10800807.124838738,
2731,KRBUS,RUVYP,9540.21371351577,4079.3898857856775,15126389.27146943,2476977.914872448,12046573.546083594,3560.2263739394575
2732,ECPSJ,PEPTA,9536.707019312385,5841.399179492504,15120829.267975874,2476067.45265883,17718559.670877654,3457.1558119900606
2733,ILASD,ITRAV,9536.034257959613,0.0,15119762.578023802,2475892.7799457405,15528638.46374013,
2734,ESVAL,SAJED,9532.170713655225,3347.774240039387,15120427.242205855,2476001.620097227,14995344.702840576,5218.794658845409
2735,ESCAD,NLROT,9531.772030157754,5696.579632627899,15903390.272026028,2604213.455600108,19249934.990803234,3836.3631961240167
2736,CNNBO,SADMA,9529.150525551622,1952.440901640096,15108848.145792961,2474105.518815276,10024301.379986504,6401.426485330659
2737,CNYTN,CNZSN,9528.629965326145,4126.639305026586,15108022.776797438,2473970.3629141,11294468.771669835,3336.477486126021
2738,GRTHE,MTMAL,9523.968953502343,4317.9455570709815,15100632.556686765,2472760.198897317,16252487.876140926,4336.610507831473
2739,CNLYG,JPYOK,9512.869760597121,7047.660795472789,15144019.560351124,2479864.9115911657,11119930.81949355,1929.689314761123
2740,ILASD,ITGOA,9511.22077769722,1343.9774142555598,15080419.815597303,2469450.3202224327,14783396.551974075,12837.155363770009
2741,AUSYD,JPYOK,9505.79567243679,3116.2491092960695,15071818.094873618,2468041.7704436267,15598854.57899366,5797.6418815626785
2742,INHDA,INKKT,9499.827105784298,1877.7351576695926,15062354.694441568,2466492.1188083882,16176823.255068427,9928.618153485788
2743,BRPAR,RUSPG,9487.82433774474,0.0,15043323.827088535,2463375.7744324543,19500013.906091787,
2744,CNGLA,MYPKE,9480.051571476142,3884.236943168099,15040310.092159595,2462882.269027675,11169897.315959144,3509.770331844771
2745,CNMWN,DJDJI,9479.431333327791,3884.5077344198,15030016.383903269,2461196.652747711,12649738.402586652,3890.051478451071
2746,HKHKG,JPNAG,9470.659713860838,6209.461241280695,15016108.631458439,2458919.2291647857,11516624.498056676,2250.6853951050707
2747,CNSHA,CNTAI,9470.197738360346,4644.699241770059,15015376.150880523,2458799.2839364824,9487050.924685743,2571.931913522511
2748,EGDAM,ESALG,9441.39109518868,0.0,14969702.069428697,2451320.057466247,15892220.187747302,
2749,INKUP,MMRGN,9438.177658426841,0.0,14964607.037302744,2450485.735287632,14017794.05314425,
2750,DOPPL,USMIA,9433.880273100822,6074.894091012703,14957793.361504395,2449369.981609162,14060581.58984626,2717.734881317604
2751,ISRDJ,ISREY,9430.674609722148,7571.320297717087,14952710.654387422,2448537.6776765734,22084614.16108772,3240.2739382405416
2752,CAHFX,ESMAL,9423.377685597661,0.0,14941141.09021351,2446643.137318715,17778213.257355828,
2753,MYTAW,MYTPP,9401.89742506985,2963.449917777942,14911532.403585423,2441794.652888628,10683950.969339417,4429.211218818237
2754,COCTA,COSMA,9392.802552514513,4663.149448269826,14901635.399767319,2440173.997791044,15366484.481138038,3818.5905634090077
2755,CLIQU,CLSAN,9392.65223859334,7526.829993258689,14892424.668770159,2438665.7213048087,21243011.732298158,3146.3016269549285
2756,FRFOS,ITCIV,9391.077038874619,7696.603331844443,14889927.126802947,2438256.7435783185,17902081.324045032,2642.7681394812007
2757,FRLEH,PTLIS,9386.290099260761,3296.862908995371,14882337.243159601,2437013.8842400047,19117228.294054545,6537.80359489155
2758,GBTHP,NLMDK,9353.178521830485,55.41356394521495,14829837.51677578,2428416.9441206036,19764872.599996835,400502.83656288567
2759,MXMAZ,USLSA,9348.044852927771,7661.335634181647,14821697.880018663,2427084.061558835,13598373.647924569,2091.7315824129378
2760,EGDAM,MATAN,9340.788782026983,5567.130402638193,14815377.699483614,2426049.118763012,15920379.428215053,3295.491073513191
2761,USHNL,USLSA,9336.8800422324,1275.3642233047744,14803995.6274495,2424185.2806356167,16213971.581739482,14613.987535324746
2762,LYMIS,TRBAM,9336.593422867361,518.7231266931112,14810497.323714716,2425249.9470123127,14915864.283176525,33430.38576425039
2763,CNTAI,CNTAI,9330.582431892602,6214.585243376632,14796894.338154892,2423022.4296449283,9534809.27504592,1924.156035583427
2764,CNHPU,CNSHE,9327.31963516647,6745.197737506685,14791318.78689153,2422109.4214514503,11285228.718234548,2032.1625359426187
2765,AUSYD,MYPKE,9325.295014766809,0.0,14785627.104434451,2421177.396531846,14512080.14275067,
2766,NZAKL,USOAK,9324.927319301427,5731.791974806058,14785044.108611742,2421081.929745199,18153022.696776528,3589.4716202113877
2767,COCTA,ECPSJ,9323.76389508299,7641.435797317897,14783199.453120327,2420779.863546136,15626005.099835783,2361.7007905394225
2768,VNCMP,VNDAN,9317.043815839224,2290.7784755385896,14772544.499507252,2419035.092582628,12533723.665834,6527.37002642783
2769,USMIA,USPHI,9308.465145339273,5320.531961391542,14783760.84816865,2420871.793160749,12705174.43641145,2842.9574973582353
2770,CNNBO,KHSSK,9286.564706714365,4460.674859726496,14738066.50278609,2413389.2484294274,11279299.604517367,3069.645128492139
2771,ITTRS,ITVEN,9279.229711560924,803.753568939631,14714290.478906,2409495.874736768,16496881.06307424,23522.60402744295
2772,CNYTN,TWKEE,9270.315811865488,7588.222871663351,14781473.522399042,2420497.2387767676,10857501.764458602,1749.8166867000325
2773,JPYCI,KRBUS,9260.456280030847,2639.843845636219,14682822.704979938,2404342.9608690767,11440661.31008234,5244.630016217752
2774,EGPSA,TRMER,9254.878062668622,494.6725657406274,14673978.218913304,2402894.6577570597,13168536.010509789,31478.258037118325
2775,BEANT,BEZEE,9249.12495999896,1744.9076531597302,14697540.254737528,2406752.990457522,18217992.670771316,11819.964010061474
2776,IDJAK,MYKUA,9229.80577089438,2420.6179054258723,14634225.100514315,2396385.001384053,11053964.97870705,5556.577083042237
2777,CNDCB,CNNSA,9223.958984373101,6242.902859878606,14625409.992300017,2394941.5089568673,11536985.943870375,2231.642517195622
2778,PHCDO,TWKAO,9223.672899416566,3779.7023320980047,14624501.188229848,2394792.690387521,12986756.649709158,4069.513413655202
2779,IDJAK,VNCMP,9211.170219065814,5661.534641754145,14608625.566660002,2392193.024115045,10946506.585594533,2356.02190108242
2780,SAJED,TRALI,9205.520694954674,4400.974516483603,14595720.144212263,2390079.734167824,13218870.985405391,3546.7032724481282
2781,CNYSN,CNZJG,9203.918946131338,4344.509907579395,14593180.507581003,2389663.863351958,9840232.256770324,2815.0231856500336
2782,JPNAG,TWKEE,9198.16328492384,7537.943081016434,14588975.701639976,2388975.317575082,11093739.312787116,1788.6463834301276
2783,MXPRO,MXVER,9195.43874740678,916.572761213647,14579734.814344032,2387462.10293178,13027714.190924734,16818.278860311166
2784,EGDAM,LBBRT,9191.90013618519,3176.7200970769595,14574124.205145376,2386543.353927993,14003316.138555808,5159.365317569161
2785,COCTA,GTSTC,9191.384878440758,3314.494706220156,14573307.243444992,2386409.5747389994,13203399.62894981,4703.525148020949
2786,IDBIT,IDSUR,9188.192240062135,1183.3369330623411,14568245.187984992,2385580.6525584804,13007765.6266451,13008.422072458563
2787,CLSAN,CLSVE,9177.69913962056,4628.305065179311,14558086.265528725,2383917.1077354914,22212704.387681883,5314.390721663557
2788,ESBAR,ESCAS,9166.334084033333,1190.9921060316024,14533588.209978329,2379905.4998450275,18796275.68141607,17780.28676598063
2789,IDJAK,IDPJG,9151.380747877503,1939.0648528706217,14509879.099219127,2376023.0833160165,11879326.2827459,7351.661985393668
2790,GAOWE,TGLOM,9149.52327873806,0.0,14506934.00782949,2375540.8184345243,19995976.34170148,
2791,CLIQU,CLMEJ,9148.646764033325,7057.058408869864,14563670.602136971,2384831.554547589,21876599.627774417,3437.8957600561075
2792,GHTEM,ZACPT,9141.65000396354,5619.136142835841,14494450.616717203,2373496.6370021338,20189324.035367705,4015.35397947894
2793,CNDAL,CNMWN,9136.762444952174,7005.067729459718,14486701.197006775,2372227.653298798,11038610.401701618,1914.448021480409
2794,INMUN,REREU,9134.33966538447,2495.396740678206,14482859.78339063,2371598.613775993,15121658.784739101,7010.210886851094
2795,DEHAM,FIKOT,9131.20674737771,5782.799274343957,14477892.416961644,2370785.1971225636,16682790.246383647,3294.8706222675846
2796,CNZPU,JPYOK,9129.057447337651,5494.2387326666885,14506285.129676156,2375434.5632782932,11781386.178777637,2576.6664738983345
2797,GRPIR,LYMIS,9108.435217773458,1378.1464299448771,14441787.248729123,2364872.9002274023,15135327.628282575,12698.360746187143
2798,CNMWN,CNZOS,9107.251659224577,4829.640475026351,14439910.669453902,2364565.6064418987,10713517.464148732,2707.879217555894
2799,CNNTG,KRBUS,9097.389074931456,143.38282289617368,14424273.148773514,2362004.929688608,10164609.590616861,87364.82004804883
2800,PACOL,VEPCA,9093.587040825863,186.3197693595564,14418244.872087937,2361017.7867593244,15401813.51561837,95335.19370185197
2801,RUNVS,TRTEK,9091.732004643443,0.0,14415303.63824868,2360536.153559784,15624745.984165771,
2802,IDJAK,IDPAD,9082.905141032097,5052.513296724273,14401308.294009984,2358244.3866372127,11169627.11063368,2677.453913093411
2803,JPYOK,USLGB,9067.786918469485,5945.316706081341,14377337.74927776,2354319.159747728,12496784.184713302,2497.9499122847647
2804,CNBYQ,CNWEN,9066.116909256018,7331.5517278337,14405772.562665869,2358975.41997691,10487058.749329962,1752.1576122197764
2805,BDCTG,CNSHE,9065.452273365232,1714.5536510479767,14373636.076367896,2353713.0030581667,12419135.746645654,8616.148430627585
2806,TH7003,TWKAO,9065.227635944611,7429.548382780672,14373279.904779786,2353654.679214861,12626412.62902688,2016.2823547876435
2807,BRIJI,BRSUA,9065.146510778435,7429.481895388257,14373151.277593838,2353633.616243842,22828616.21696411,3389.5028196837616
2808,GTSTC,JMKIN,9060.045124427577,3267.1324289191543,14365062.82611,2352309.1153777447,12678231.89420605,4600.530078468922
2809,GNCON,LRMON,9047.72893959483,390.2740554669054,14345535.023933453,2349111.3968839776,23253348.879709348,65601.23563930929
2810,CNNJG,JPTOK,9041.311816338708,3543.888078568345,14335360.419119561,2347445.284042091,11004071.666701704,3767.477035035915
2811,BEZEE,GBHUL,9038.938291111974,0.0,14331597.100225102,2346829.0326934773,19441510.695648346,
2812,CRPTC,PEPTA,9031.044907587946,7401.533395801823,14319081.825888608,2344779.630316366,16583296.786329186,2557.31824805136
2813,CNTJN,JPKOB,9023.007298335673,1768.356663665865,14306337.875908788,2342692.781823858,11179891.020657266,7646.977603742187
2814,INTRI,LKCOL,9021.686905340039,3115.187516546641,14463500.317247542,2368428.460660167,15133102.167553687,5618.13070168414
2815,HNPCO,PACRI,9015.87734558772,3448.247872685381,14295033.051510574,2340841.5931585827,13540567.353632681,4605.6459782351285
2816,AUSYD,CNWGQ,9009.5000960903,6329.036580220267,14284921.668131122,2339185.832958959,14277522.470032135,2625.4719959941817
2817,ESLPA,MAAGA,9001.413271169224,66.46169664004633,14272099.684745876,2337086.206332926,20910017.174176503,349781.97301243653
2818,FRFOS,SNDAK,8994.891362525976,1228.650532553691,14261758.938522236,2335392.8874873263,19908833.019345086,18104.599572832853
2819,CAARG,ISREY,8991.50457356818,7152.388455616726,14256389.049576944,2334513.5569290486,20122493.454553157,3139.7912950109494
2820,CNQIN,JPHKA,8991.356913218719,5663.21794479897,14256154.92820472,2334475.2190641435,11010821.56029969,2356.486525760498
2821,ESALG,ESVIG,8983.519894857549,1953.3384880898218,14243729.023081573,2332440.4510828387,19866302.866601642,11364.51437016056
2822,CNNSA,EGSOK,8979.687131321129,3679.721165514422,14237652.023658043,2331445.3297031997,12927529.260865245,4146.774688683579
2823,CNQIZ,CNTAI,8979.159392331405,6961.225500039151,14236815.272445543,2331308.309940161,10751679.515270876,1879.4087082996316
2824,ESVAL,TGLOM,8976.491761019395,7352.2968205019615,14272639.807261093,2337174.6525257025,18369725.660728402,2816.3852492343185
2825,CNNJG,KRBUS,8963.640379818065,2938.5163864455103,14212209.259264413,2327279.023761623,10289783.82370395,4293.68469941644
2826,CNFUZ,CNNBO,8958.907534227505,6560.415914977996,14232459.927670322,2330595.1131139877,10004888.705338107,1880.289905139874
2827,DOCUC,GPPPE,8955.471471320201,7339.596010029193,14199257.129094973,2325158.085327177,15875324.80296464,2479.766306404571
2828,CLCOQ,PECAL,8947.825282752967,5866.663565758692,14187133.792219702,2323172.86352998,20570659.252856407,3902.3598097576773
2829,BEZEE,DEWVN,8947.317059062127,7320.239817677664,14297902.78340143,2341311.5177643616,18556896.337968096,2854.852897751427
2830,EGDAM,TRAAP,8943.676081522934,536.3362620556181,14180555.068214575,2322095.583699593,14056621.342426943,30538.14945003301
2831,CLMEJ,CLVAL,8934.548592578367,7313.354018075214,14246325.81547609,2332865.6812746106,22119025.718558554,3343.4579181316053
2832,MXLCS,PACOL,8931.152495652479,7317.837634713843,14176894.705875,2321496.191702412,13387489.467025405,2146.6704295553973
2833,DZALG,EGALE,8924.562656107722,2167.189395412308,14150249.970045539,2317133.0604215274,15440351.533172429,8193.785292224353
2834,CNWGQ,TWTCH,8923.265607067586,804.4521312070016,14148193.447070852,2316796.30047847,10047993.813091613,15370.448574756
2835,BEANT,BEANT,8920.842330862652,1784.6967209526865,14166120.792542938,2319731.940835842,17445617.043163758,11074.906314305706
2836,CLSAN,ECGYL,8915.877956526347,3653.5732644113436,14136480.03254534,2314878.2043243423,18102281.056619838,5588.271476535931
2837,IDBAL,IDSUR,8905.817587094132,4545.80701009733,14120528.915639974,2312266.1755326027,12788374.810656592,3321.8834307411294
2838,BRIJI,BRIOA,8894.176159013603,5263.75606040916,14436373.716670606,2363986.423017954,23258961.469920415,4867.80686621459
2839,FOTHO,ISREY,8878.846265752953,4055.9194333150995,14077764.81013628,2305263.4637167887,21530124.824059833,5876.691753784371
2840,GBLIV,IEDUB,8875.676893830794,1485.7999849647933,14125791.94668273,2313128.007885601,18432324.819275763,13962.480170339304
2841,CNSHE,MXESE,8874.199930153689,7272.988653712449,14070397.859764844,2304057.110168528,12671260.776543181,2059.032208041141
2842,CRPMN,PACOL,8871.760431262664,626.8094245200559,14066529.936994867,2303423.7297162786,15104228.940635705,27771.842587850228
2843,CNYTN,RUVYP,8868.78432099038,6541.6951862500955,14061811.195481813,2302651.025913404,12318513.293253206,2235.072699489063
2844,GTSTC,USGUL,8860.967291519311,0.0,14049416.983541004,2300621.447757066,11868008.334276479,
2845,CNHUA,USLSA,8858.476074995726,7260.1019235219455,14045467.060402293,2299974.6395727443,12759381.752556426,2074.262393388512
2846,CNSHE,JPKAW,8858.320860001017,7244.364865975855,14182390.105669253,2322396.074925002,12665601.684832422,2068.918122850299
2847,PABAL,USLGB,8851.745641124877,4352.751535022149,14034795.689115074,2298227.1801807196,13294966.15941223,3582.3761623263895
2848,TCPLS,USPMB,8843.431945902616,7247.772273405838,14021613.993820539,2296068.649976375,15273403.379806705,2424.1203182184036
2849,LBKYE,MTMAL,8840.53677558459,5175.28535108346,14017023.585832547,2295316.9610569347,15491005.880738035,3436.7810922872786
2850,MYKUA,THSON,8833.107096988073,1795.348974934862,14005243.534149474,2293387.952928731,11662471.159983477,7773.34061942946
2851,EGDAM,GBLGP,8827.710459133474,2893.9549937061,13996686.949632905,2291986.7942983466,15564025.422116013,6170.10708709997
2852,CRPMN,DOCUC,8827.167399322498,5064.10968780222,13995825.906647371,2291845.7967066113,15420824.007057853,3497.6868385036123
2853,CNNSA,YEADN,8827.071374270095,2411.454570773327,13995673.655097662,2291820.865196562,12707920.167428067,6220.204690737498
2854,CLANT,PECAL,8820.094792978889,7228.6459465527005,13984612.007260012,2290009.4972022427,20110402.41581091,3098.8392679123785
2855,CNMWN,JPTOK,8810.829302476808,4814.034846414314,13969921.202595225,2287603.8471787423,11722921.110698992,2910.349718036074
2856,HKHKG,MYSPB,8809.166611842338,849.3752453690679,13967284.940292273,2287172.153706822,12201245.280401882,17057.734509101738
2857,NLROT,NOTAE,8804.291608163167,0.0,13959555.427561702,2285906.429813119,19034803.630839095,
2858,INCHN,MMRGN,8790.860219767541,1570.2521416814714,13938259.42566599,2282419.1649130774,13079719.038423985,9783.23021861116
2859,ESALG,ESALG,8783.294206606219,3942.0277482343645,13926263.210093893,2280454.7594954423,18518721.812016096,5276.263359847605
2860,ASPGO,NCNOA,8779.733814764773,7194.746976703397,13927894.748606114,2280721.927342938,24334543.80210136,3699.2636176956007
2861,CLCOR,CLIQU,8778.426439816565,2961.21662761798,13944848.299658446,2283498.1068251417,22421970.03403474,8343.012770643905
2862,CNSTO,MYKUC,8764.863098613512,7183.379951915847,13897039.953406552,2275669.390025167,11929069.554283509,1977.445024402502
2863,DEBHN,MTMAL,8755.208660128295,4783.645004408135,13881732.456204684,2273162.7553074877,16460440.008720454,3916.177464415713
2864,AEJAL,SYLAT,8749.35000447759,5975.554961834029,13872443.324048817,2271641.6404673574,12699666.142935347,2505.4255008990294
2865,CNNJG,JPNAG,8748.901716199338,6292.302811435555,13871732.545107558,2271525.248927496,10797961.119202077,2077.0593469178325
2866,MATAN,SAJED,8747.915731759465,4096.185279646305,13880509.77731477,2272962.539079216,15385235.345128745,4310.888467850921
2867,ESMAL,PTSNS,8742.437095924359,5827.561501202768,13990177.085522434,2290920.790419888,20306684.113036893,3877.7119552994495
2868,AEKHA,INMAG,8740.945518270864,622.9372110207719,13859117.676028006,2269459.5377026764,11840794.258835346,22651.165393405136
2869,IDBAN,IDSUR,8732.650594225079,3989.136222133307,13845965.743182302,2267305.8811616446,12422052.267279679,3682.3405696047553
2870,CNSHE,MYTPP,8722.815972815966,1429.783915125598,13830372.558769569,2264752.4645650135,10395009.01908428,8854.318019473041
2871,CIABI,ESALG,8712.87004673717,3060.32924448466,13814602.896364626,2262170.149327648,19401013.153040387,7078.710024880337
2872,CYLIM,ITRAV,8700.706676282029,0.0,13795317.38747745,2259012.106867329,16414169.089685693,
2873,ESBAR,ESLPA,8692.326727751324,1017.3635637637597,13803175.998451646,2260298.970868732,19307189.4195284,21199.39140596673
2874,ESALG,SLFRE,8687.323389370753,3236.286852966936,13774097.652403286,2255537.3308190037,20702260.322845668,7093.86982572871
2875,FRSNA,MATAN,8681.286270330393,2246.8052405266226,13764525.559426658,2253969.88055201,19737411.799555756,9787.845107105619
2876,INNSA,IRBAB,8677.250089817615,0.0,13758126.03427559,2252921.944909182,11016867.820363853,
2877,BDCTG,VNHCM,8675.05790013558,7109.778703948124,13754650.230118247,2252352.77470077,12332346.496351665,2051.3576973856334
2878,CNSTO,CNXIA,8667.986132819346,6820.4536749176405,13743437.661042247,2250516.693037672,10815733.556016302,1915.7450327835786
2879,SAJED,YEADN,8661.460825986298,734.3415527824559,13733091.526853174,2248822.4919014513,13154883.174341345,20976.214144327536
2880,CNBYQ,CNTJN,8661.394704675571,6538.166544259015,13732986.688878343,2248805.3244635626,10930213.375323802,2015.7055667784268
2881,EGALE,SAKAP,8647.253239744898,1635.4594527292525,13710564.832321066,2245133.6985053727,12847164.772957928,9228.17037516723
2882,AUBRI,CNNSA,8638.883811546533,6293.450370401005,13697294.770170497,2242960.6980433296,15077511.388104834,2752.1424761858484
2883,USESX,USMIA,8632.492224338104,3845.0507293141895,13687160.653778506,2241301.215265305,13397789.15476708,4067.330048678396
2884,COCTA,CUMAR,8608.512425276575,1045.2207888061969,13649139.726140121,2235075.2087562117,13713835.90257178,15258.89197969752
2885,ESLPA,USNYK,8607.52887938532,1763.6085610251594,13647580.274909336,2234819.845351988,16776988.487812134,10780.06126377207
2886,IECOK,IEDUB,8588.436264137596,2332.9419787334464,13643256.006603833,2234111.737362799,19171501.215633105,9175.373047475876
2887,CNRIZ,CNZOS,8584.605640177091,2796.218737780848,13611234.565050088,2228868.1592618036,10165577.146172296,4432.573581589921
2888,AUSYD,SBHON,8579.277868981017,7031.280688879479,13602787.17136676,2227484.8808589857,20330144.28394123,3208.1821453205353
2889,LTKLJ,PLGDA,8577.797300760785,6105.0428370628,14267599.105344448,2336349.2270326186,17193981.68707176,3199.0489559776174
2890,CNYAN,KRGWA,8544.791181717397,4134.310997527254,13548107.153507844,2218530.9134454387,10533073.586963588,3084.336061809527
2891,INMUN,TRBAM,8542.895853070011,2333.220792519819,13561062.751947446,2220652.419816386,12863768.917555394,6465.063823248802
2892,LKCOL,PKQAS,8539.89751748894,1399.8011817948418,13540348.053732265,2217260.3446111665,12844797.532601519,10760.140849359717
2893,INMUN,VNCMP,8537.8392665296,2798.9276149479315,13537084.614760742,2216725.9496465833,11328208.033459252,4839.329860039204
2894,AOLUA,GHTEM,8528.25163538615,2718.123856413307,13521883.043263277,2214236.6604847875,19840365.28474288,8113.906175831796
2895,AUTOW,PGPMO,8505.333276965534,5053.434498588103,13530942.711596519,2215720.2001435105,19567547.72637568,4310.586776697174
2896,USCHA,USWMT,8485.337098481612,6954.290068503481,13453840.33372699,2203094.5243302356,12560646.570759684,2122.9688364533495
2897,ESCAD,ESSPC,8479.160904058504,1878.1698033107107,13444047.731185198,2201490.9651602427,22160501.405530732,12971.134094344028
2898,MYBTU,MYPAG,8468.99697623853,79.78043985095371,13427932.418326508,2198852.048937353,11912995.764527665,176883.55491432306
2899,BRPAR,PAMIT,8451.744970083113,1731.6897792278266,13400578.674620442,2194372.8161321515,18269480.675420746,11817.27451245793
2900,CIABI,FRLEH,8451.329854152227,0.0,13399920.491758723,2194265.03731044,19066840.830836598,
2901,PFPAP,USSAV,8446.935974890162,6922.817830062986,13392953.820976947,2193124.2303830925,17895046.037830845,2901.733190346158
2902,CNLYG,TWKEE,8438.044202537769,0.0,13378855.561341,2190815.6108487374,10285273.581459504,
2903,ESVAL,GPPPE,8435.378563060234,6913.345773340471,13374629.083653454,2190123.5162779926,17166718.73021991,2799.9239270141175
2904,FIKOT,PLGDA,8431.47299854961,6077.597327990346,13368436.65538229,2189109.493182869,17262460.15908597,3200.5361004561337
2905,IDJAK,IDJAK,8427.330167731867,3312.420719672154,13361868.031919876,2188033.8673374993,10786410.560865805,3916.907158305496
2906,VNCHL,VNHPG,8419.507729996958,2850.139850375812,13349465.244961087,2186002.8850040133,13547342.250029463,5520.2010992404175
2907,KRGWA,KRPYT,8416.85330307118,5808.979459557876,13345256.545221468,2185313.7016094653,10611438.639235687,2202.926078485242
2908,CNFUZ,CNXIA,8409.849215261574,5793.3607851579245,13334151.284702037,2183495.1919471878,10528244.617748523,2194.1909508315207
2909,BRPAR,BRSAL,8408.981821823,4017.336838858544,13375662.802862236,2190292.7899628347,22514502.058263496,6149.545293106606
2910,CNJIT,CNTJN,8408.856711176568,6433.963441709813,13332577.629897838,2183237.502678078,10859623.50550355,2027.1891698401557
2911,CYLIM,LBBRT,8407.374279841757,1868.5815395861814,13330227.175902579,2182852.6109149684,14689863.77001563,9029.692321945584
2912,CNXIA,PHSFS,8391.55364055802,6877.4283760971,13305142.921449216,2178745.0117267594,12397727.877178142,2119.465604260784
2913,PACOL,USHOU,8390.773831968076,859.5986589789715,13303906.503833953,2178542.545753446,12009286.797672998,16505.17854492549
2914,CAPRR,CNLYG,8370.139655681345,6859.878211545406,13271190.194516163,2173185.181601173,13731313.98063355,2318.481272082486
2915,AAAAA,OMSAL,8365.801853236315,2742.529239218552,13264312.435763936,2172058.9342048285,5443702.698303667,2776.9117366560904
2916,AEJAL,NGLAG,8359.052160592,5138.093461800387,13253610.528923418,2170306.474552016,14122781.248938331,3171.0376318809217
2917,CNYTN,JPMOJ,8355.141433904473,0.0,13247409.915814923,2169291.1111726416,11073526.944472296,
2918,CAHFX,CASJH,8337.437821242967,2847.115380926279,13219340.131985044,2164694.6252979194,15657561.20113408,6259.758893450155
2919,CNZPU,VNHCM,8334.640274810325,6816.0971059447875,13343964.577025816,2185102.139112301,11284301.108635794,1976.116689417541
2920,CNWEI,JPNAG,8311.9149554317,2990.704062011146,13178872.61048311,2158067.9839209863,11840519.213016283,4680.699563273973
2921,INKAN,INNMA,8308.109753219982,0.0,13172839.310638944,2157080.018438967,14695032.808688205,
2922,DOCUC,DORHA,8297.491528803406,1314.7320729973674,13156003.692410665,2154323.150703629,14950067.225318681,13009.791673391814
2923,IDJAY,IDSOR,8297.292898954518,125.9291762670986,13155688.756864622,2154271.579348552,17293050.473586313,154430.63021143456
2924,ECGYL,USNYK,8296.097127356728,3399.597752600835,13153792.813313346,2153961.1146222996,14136489.620349817,4791.875957239128
2925,CNBYQ,CNDAL,8285.623991074248,6754.105319952285,13176968.305798434,2157756.1500416333,10884667.13858945,1931.036409826553
2926,ESVIG,PTSNS,8278.062597138967,352.43714417179285,13125198.346502244,2149278.71081082,20551155.604669526,64409.880430807236
2927,PKKAR,RUNVS,8275.548087327392,0.0,13121211.490926575,2148625.8548626164,13062192.675475806,
2928,JMKIN,PRSJU,8270.456005083352,1594.8660998619964,13113137.791475108,2147303.769672708,13586383.67372643,9865.209025861526
2929,CNWGQ,JPHMA,8263.286896745847,376.2391872282938,13101770.88432828,2145442.414827358,10762690.865044355,34308.31693786149
2930,ITSAL,MACAS,8236.73986555566,964.3640482243586,13059679.50777812,2138549.863786246,17371006.59996295,20230.489201325257
2931,ESVAL,ITCIV,8217.715641644672,3108.4415717574843,13029515.842151057,2133610.500383061,18217041.701804552,6546.898737646705
2932,CNYAN,JPYOK,8214.328516761676,6377.855464325685,13024145.420582965,2132731.0826066844,11328486.787163325,2110.618207807447
2933,ARROS,BRIOA,8212.595764229784,3364.6442431163814,13034447.98109891,2134418.148462696,23857272.0579201,7724.944549355661
2934,IDJAK,IDPWG,8202.862713505807,5998.791689903693,13005965.932306651,2129754.153337183,10306872.884746397,2073.188682149962
2935,ESMAL,ESVIG,8202.766681123603,2987.8689269226716,13005813.66913525,2129729.2199240574,20969412.429554563,7730.975559650595
2936,CNZQG,HKHKG,8188.8977618714025,4572.560362773307,12983823.944619315,2126128.356492436,11337931.827037225,2944.534159274294
2937,FRLEH,GBBTL,8184.396818742046,1458.1847345626197,12976687.519806635,2124959.7519870964,18724276.385952972,14298.075987055072
2938,GBTEE,LVRIX,8181.736495907093,6498.590822773272,14829936.869084828,2428433.213269234,17830872.786832407,3117.492169087819
2939,CNNBO,KRDAN,8179.826848395888,6703.904388672641,12969441.649589166,2123773.225567566,11092590.703707192,1971.4427836420218
2940,MYTPP,PGMAD,8176.684794699419,2116.2092430533144,12964459.798159853,2122957.4369650036,14487301.175323136,7849.062500229176
2941,KWKUW,KWSHU,8175.630306268062,1174.2182992656576,12967343.314642048,2123429.618826477,11815411.282317167,11870.740653472043
2942,DEHAM,FIHEL,8148.661551293452,4600.649642611249,12920027.828275649,2115681.6088647027,16723513.996332023,4094.8989965912565
2943,USCHA,USNOL,8148.156396268103,3642.5172964218536,12919226.88483923,2115550.452699972,11637394.328331126,3775.6704119266637
2944,MOMAC,MOMAC,8131.334552126323,1238.9146323919092,12892555.180159066,2111182.9052133174,13740200.405918622,12794.57268216171
2945,NAWVB,ZACPT,8129.530589308223,2220.894435607748,12889694.925175555,2110714.532470959,21616965.58029181,10683.839687440925
2946,USLGB,USSEA,8118.235521555131,4233.170549008737,12883320.862226583,2109670.7663170365,13506804.177488536,3689.0729449732216
2947,USBOS,USPHI,8102.330199612219,1207.3437825733474,12846567.622660883,2103652.346384134,14447915.376776442,13709.076041193803
2948,BRIOA,BRSUA,8096.41351020896,5614.689121695934,12837186.47567617,2102116.1639231197,23022112.01829143,4474.731839583257
2949,NGLAG,ZAPLZ,8090.118782067203,6630.382746869411,12827205.93319677,2100481.8291948345,19627361.65889759,3277.0119490238176
2950,ECGYL,GTPQL,8088.3480335355325,6073.985219440815,12848893.395305319,2104033.1965243686,14965332.876824992,2810.241621714187
2951,INKUP,VNCHL,8083.91451041797,4048.793185242635,12817368.81309334,2098870.9801809127,15240143.333492564,4282.514201237075
2952,AEKFA,IRBAB,8081.529278995747,0.0,12813586.933559135,2098251.6894886787,10569135.870949253,
2953,CNSHE,TWTCH,8076.995929481891,6369.830436783588,12806399.127131583,2097074.671136321,10959030.102205282,2049.678543709276
2954,BDMON,MYTPP,8067.089442396836,6010.462448325705,12790691.996823903,2094502.5956608122,13030547.294657918,2516.4536040869893
2955,CNXIA,KRPYT,8051.9223260316185,6599.0782469093765,12766643.929017944,2090564.6742056855,10687031.207148919,1936.2697945487894
2956,MYTPP,PGPMO,8047.866754713946,2082.869823259856,12760213.658972483,2089511.7040220269,14185309.083407808,7813.652397132748
2957,AUBLB,AUSYD,8043.242224053969,1521.2225386738166,12752881.28120179,2088311.011809526,20568057.067400392,14893.526425766386
2958,ILASD,ROCON,8042.883961268782,693.860075201294,12752313.24126967,2088217.994081278,13653416.580511672,22687.044747496366
2959,EGALE,LYMIS,8027.54536698526,2071.1980633895782,12727993.288386332,2084235.550875457,14591573.578080965,8051.286559077772
2960,CNNSA,QAHMD,8023.881835756467,4932.072920052146,12722184.613534907,2083284.3682063192,11678517.350437274,2790.2672855246615
2961,FJLAU,NCNOA,8021.132609864121,4127.762546710617,12717825.60625356,2082570.5716370991,23756988.30729404,6259.94314995723
2962,CNWGQ,TWTAP,8016.954849474545,4231.796001331555,12711201.600562144,2081485.876835771,10205898.395709954,2903.5861531792743
2963,BRMUC,BRVDC,8014.283900662452,6243.481886878125,12747395.005669843,2087412.6227039932,22254712.617853593,3898.806095957006
2964,AAAAA,SAJED,8008.808077109864,2344.1940333065804,12698284.568114575,2079370.6857267688,6097715.1986529445,3488.2291176407452
2965,ESALG,ESSAG,8007.935928583287,3175.6589566263046,12696901.741847608,2079144.245030188,19329824.388593197,6741.583062296913
2966,GRPIR,HRRJK,7999.485418469174,3795.638441904474,12683503.12108637,2076950.1928264718,15589714.180424836,4654.464497515996
2967,PRSJU,USHOU,7994.9427822082835,0.0,12676300.590151075,2075770.763305141,11865843.745317243,
2968,INNMA,LKCOL,7985.077453601147,3817.505120020748,12660658.718251381,2073209.374030578,14749674.882927578,4406.774510591023
2969,CIABI,NAWVB,7984.839570336767,0.0,12660281.544849796,2073147.6110963419,21156678.212536596,
2970,CNNJG,MYPKE,7979.935370726198,6536.83659311037,12681222.265653256,2076576.6979736388,9909019.789713858,1833.5469025369177
2971,NZLYT,NZTAU,7977.349195874984,4777.546375034664,12650761.873011358,2071588.7449004864,23838881.18935522,5423.384285635053
2972,LTKLJ,RUSPG,7977.120993099377,0.0,12648043.432851398,2071143.5946324167,16155414.020282485,
2973,TRALI,TRBOR,7975.705060374763,1434.8171316919254,12647786.09627157,2071101.455228658,14874347.172792984,11810.180024850762
2974,ESVAL,GAOWE,7969.76264074137,4354.495332169773,12636376.471763706,2069233.1053259966,19421509.68934834,4935.300455119756
2975,ESLPA,MRNOU,7959.94332114076,1161.7539792722062,12620807.548978532,2066683.6616216772,22159030.89655869,20852.70633060955
2976,FIKOT,LTKLJ,7953.644862851552,716.3223541273637,12610821.092201604,2065048.3584147887,16282388.723963656,25613.38059138139
2977,AAAAA,AAAAA,7947.589939114216,5171.4357319378205,12625757.653330842,2067494.2515739081,0.0,399.79115254308397
2978,MZMAP,SGSGP,7939.743881885101,3718.3660898742064,12588780.53255922,2061439.1706247728,15385655.090319168,4692.139998924685
2979,CNSHE,EGSOK,7932.288025653656,4875.772570707597,12576958.975192098,2059503.3658539022,12929596.078065693,3074.199878388565
2980,LRMON,TGLOM,7917.268974004267,0.0,12553145.669897363,2055603.8872515347,21278124.909909282,
2981,EGPSA,ESVAL,7913.20638360358,1441.1980972410515,12546704.270815887,2054549.0946649264,15487160.087656377,12171.615557848821
2982,GRPIR,TRDER,7910.253387395786,5009.568703681551,12542022.177573783,2053782.3920931544,15738349.82339572,3551.629544957307
2983,FRLEH,PLGDA,7909.889591351425,6482.673108878313,12541445.364438599,2053687.9377345352,18012215.144901298,3095.3131132209455
2984,EGALE,ILHFA,7900.625739052777,1407.6262553396089,12526757.15721068,2051282.7130467608,13196556.177487353,10832.306397166034
2985,CNTJN,VNHCM,7857.26025063258,5944.190689541994,12457999.446064023,2040023.4938814389,10998657.55591593,2193.5166166080735
2986,CNTAI,CNZOS,7846.570468279159,4887.217581524083,12443086.314377429,2037581.4373426088,9829393.260505524,2428.1658223506815
2987,CNBYQ,CNTAI,7842.210896983576,6111.355042749804,12441521.883683158,2037325.2585408133,10264990.215576958,2013.0258163797246
2988,CNWEN,CNWEN,7839.74728005444,6409.181953166113,12430308.583558073,2035489.0571668968,9978946.342551924,1874.5661283315155
2989,CNXIA,VNDAN,7833.828902078974,2101.20099948753,12420848.108576143,2033939.8845802408,12323716.557173833,6833.0713935772055
2990,KRBUS,MHMAJ,7832.828378757821,4012.197745540588,12419261.738953259,2033680.113232949,15927413.486232126,4476.622225170277
2991,ESMAL,ITGIT,7830.666284398478,1283.548882957214,12415833.652130136,2033118.7568379266,18185650.512893118,15752.239387368172
2992,DEHAM,ESVAL,7825.5028945378135,4275.67511884847,12407646.891609026,2031778.1576611365,17404986.15258234,4545.893635501055
2993,ESALI,ESBAR,7819.032427244277,1165.1290374742543,12397387.707696648,2030098.1948147812,18828610.75293227,17902.488288305118
2994,ILHFA,TRMER,7815.245821628381,1859.5470003527773,12391383.893496718,2029115.0576687425,13010990.120366184,8088.047882189397
2995,CACBK,CAMTL,7814.532186483907,1601.1303659400396,12390252.396518007,2028929.7726693475,15717390.192770213,11083.619637068416
2996,CNQIN,TWTAP,7807.047675383121,6398.387416212994,12378385.40571289,2026986.5280778762,10609013.043356342,1974.8725341975419
2997,CANWE,USOAK,7794.722248620851,3903.95250721714,12358842.950088553,2023786.4100513519,14646502.709351668,4270.105511935678
2998,ILHFA,ITVEN,7781.7485700183715,0.0,12338272.66532166,2020417.9828506624,14836848.493811673,
2999,JPMOJ,KRBUS,7781.519077467974,1401.392207905942,12338929.205538541,2020525.4926858423,10801587.197302684,9149.553292542008
3000,NCNOA,TWKAO,7778.357914007892,6374.874275805739,12332896.645010132,2019537.648268326,16903724.66440832,2968.413413970408
3001,CNHUM,CNWEN,7776.108467230249,6373.0307066930645,12329330.057444504,2018953.6120867247,10629942.043919764,1984.753602822344
3002,BEZEE,NLROT,7774.2326587700845,5397.11224925648,12638523.184174648,2069584.6339780798,18252516.614090584,3765.3656825218504
3003,ESALG,ESBIL,7770.953233391489,127.3761130914876,12321156.228621356,2017615.1305025525,19273521.340706352,167151.7206363221
3004,MYTPP,VNDAN,7760.628424618441,0.0,12304785.832596228,2014934.4438770642,11722612.370816534,
3005,AAAAA,USSAV,7749.993837703526,2988.9529917475497,12288837.680187803,2012322.9005279057,5754360.474186131,2598.462871834292
3006,LBBRT,SIKOP,7748.343464209771,1693.4067910364276,12285307.537989171,2011744.8323514597,15461458.41731751,10318.37320020119
3007,CNTJN,JPMJR,7747.251908384112,0.0,12283576.832700351,2011461.4257366606,11626426.599557351,
3008,CNZOS,JPKOB,7742.191528884506,5526.271425094438,12277817.8536039,2010518.3808514527,10809251.846370028,2319.7865687537064
3009,IDJAK,MYPAG,7741.700371608728,888.276342305117,12274774.64976808,2010020.04985147,10838066.799588025,14464.065108497804
3010,ITGIT,ITVEN,7736.993004588356,0.0,12267310.931644768,2008797.850381227,16228043.844418686,
3011,CNRIZ,CNSTO,7735.440103537723,6339.700316344774,12264848.745104998,2008394.662180008,10576027.882704569,1985.0185208975727
3012,USPEV,USWMT,7734.190818296768,144.06082829963822,12262867.953538558,2008070.3034136172,13298564.685665535,106251.1938168385
3013,TRGEB,TRIZM,7730.381644933248,1475.4031208750862,12256828.357274849,2007081.3068797141,15073397.759154709,11576.821835583283
3014,DOCUC,GBSOU,7727.661292742661,3166.662535451627,12252515.130399019,2006375.0069477523,16864642.090408105,5959.276331497221
3015,CNNJG,CNNJG,7725.813514975542,5591.108312587456,12249585.405066658,2005895.2582903125,9865358.794337757,2123.238075338642
3016,FRFOS,ITVAD,7715.822865021609,1264.7245406467955,12233744.831174264,2003301.331148402,17666389.882688783,15552.54965146629
3017,IDJAY,IDSUR,7706.032543298878,1894.6796678125213,12218221.885680797,2000759.4163218671,14580342.077429768,8751.400975815155
3018,JPAKI,KRBUS,7700.67793363278,4880.669406181438,12209731.938533027,1999369.1697001487,12733739.806778377,3018.6656276737026
3019,NZAKL,NZTIM,7693.07129333837,6052.777246655366,12197671.307021357,1997394.2160375342,23662113.38891594,4239.294882218302
3020,ITVAD,LBBRT,7686.267851996579,449.9571737408584,12186884.17947769,1995627.8013161458,16454177.61307723,41003.46986582123
3021,INMUN,MUPLO,7683.042754671887,3148.3786268351823,12181770.65906435,1994790.4516417605,15292607.323637253,5490.88906522551
3022,DEBHN,SEGAV,7667.678436254615,3665.7630259896514,12157409.919541167,1990801.3295382655,18009615.9514149,5456.003876724581
3023,GRPIR,MATAN,7650.172206280003,2279.933703346143,12129653.093832254,1986256.0912111243,16595845.68083962,8150.281626513411
3024,ITRAV,TRBAM,7630.915128157879,0.0,12099120.228568066,1981256.2705943286,16183624.36574439,
3025,FRFOS,LBBRT,7627.472240169576,347.28964298430793,12093661.392372882,1980362.3747376432,15953125.983244665,51638.419746345906
3026,CNDCB,CNQUA,7625.464159480888,5618.29834317769,12090477.500366082,1979841.0057550892,11180316.060535962,2342.3741963207513
3027,DEHAM,SEGOT,7617.961477632349,880.4821497820853,12078581.69911582,1977893.0433929022,17070727.262684956,21634.306056962418
3028,ILHFA,ITVAD,7611.869564380128,1467.722650848441,12074287.670560692,1977189.887226153,15515705.449585816,11918.392978877797
3029,PACRI,USPEV,7604.103522610496,1558.0153443940724,12056609.358824316,1974295.026664431,13401413.04208893,9868.778330121726
3030,CNRIZ,RUVYP,7600.577630231811,4701.261643477087,12051018.915858269,1973379.579923458,11793057.642738253,2928.243153997265
3031,INMAG,PKQAS,7592.205662089037,4148.206867220362,12037744.826524556,1971205.9200017431,13023862.048296489,3614.831286932938
3032,CAHFX,ESBAR,7587.41051267504,3109.190180752916,12030141.925915712,1969960.929108074,16390565.46047249,5905.243913106148
3033,LKCOL,MGTMA,7579.428452097389,0.0,12017486.050574582,1967888.5030220624,16197780.771630768,
3034,DZBJA,FRMRS,7579.392488225107,1007.3203888849947,12017429.02842097,1967879.1655250152,18507795.874060716,20326.874414058377
3035,AEJAL,YEADN,7577.422200452866,931.5291427177943,12014305.05859024,1967367.608924258,11878261.386390097,14863.334232269824
3036,ESBAR,PTSNS,7576.657544748803,2915.754604178043,12150831.459662046,1989724.0929590648,18919036.316153564,7170.960265020948
3037,GHTEM,ZAPLZ,7576.487928471886,1552.3571469110188,12012823.733109063,1967125.0387751122,19913058.241241112,14094.812732723803
3038,AAAAA,ILASD,7570.80829893624,1740.320529267598,12005173.602948241,1965872.3139434173,6433876.287253513,4826.552614840386
3039,DZBJA,MTMAL,7568.384683483248,775.3484308887924,11999975.715051923,1965021.1489170452,17842536.118551727,25546.652934814225
3040,RUSPG,TRGEB,7565.585577859257,3875.308372835193,11995537.621467032,1964294.4018000285,16024490.907489927,4641.897773964573
3041,CNTAI,TWKEE,7555.949014929343,0.0,11980258.46667091,1961792.4082106336,9995862.228276877,
3042,INNSA,RUBRA,7551.109911368261,0.0,11972585.875009133,1960536.0052611271,14900444.659200272,
3043,INCOC,INMAG,7544.364804139638,349.98688195444225,11961891.238528045,1958784.736144894,14473970.02542376,46952.4876755458
3044,VELGU,VEPCA,7537.945243666478,561.6218482279721,11951712.769409351,1957117.9905150053,15577706.88120496,31221.764123040804
3045,CNBYQ,CNJIN,7533.176534621778,5147.891775623325,11944151.791060373,1955879.864479166,11510219.050458409,2615.8473219470607
3046,CNDAL,JPYOK,7518.916362971553,1665.3073225785465,11926932.607331187,1953060.1870899445,11450196.389323419,8048.518369366133
3047,ITRAV,ITVEN,7511.651878339259,317.06220740469416,11910023.590200188,1950291.3001306036,17499625.97697315,61344.167872641236
3048,AOLUA,CMDUA,7510.026975949387,1990.3968527125216,11932450.768746728,1953963.7975756787,19889131.9924231,10974.241523860384
3049,KMMYT,MUPLO,7498.1251304111875,945.4161749239656,11888576.391963195,1946779.2765131022,18769304.83056995,21912.13209224935
3050,CNWGQ,JPKAW,7483.7243772249185,5403.235778528005,11865743.42353721,1943040.3301256243,11754565.395718753,2535.0745899850394
3051,ESSAN,GBLIV,7482.369771205274,125.14882830984706,11863595.64167635,1942688.6263488778,19670227.370931625,172697.70951247442
3052,BRITT,PACRI,7472.7060455806295,0.0,11848273.419344585,1940179.5803603462,17024515.629582163,
3053,CNSTO,PHMAN,7470.909413109448,5029.525059437037,11845424.78691842,1939713.1108360884,11598236.32224271,2691.69539332092
3054,INNSA,INNSA,7444.454013983871,1173.2541008080225,11806111.79552057,1933275.5261810569,12254206.268691573,12092.420376030805
3055,ESALG,GBLGP,7442.160876447603,2438.708506475416,11822581.173030915,1935972.4212319972,18190527.046384808,8252.933638512199
3056,RUPKC,RUVYP,7439.331695172545,0.0,11795357.055926025,1931514.415054151,15765186.768721502,
3057,USHOU,USPEV,7438.949019959211,217.7395155279234,11794750.309115602,1931415.0589935365,11303792.03424876,60784.58960998737
3058,SXPHI,TTPOS,7436.820767822486,4393.423948104426,11827459.762707042,1936771.3005062654,17323084.594629522,4383.791803985952
3059,CNSHE,INNSA,7415.431284381437,2025.810702868117,11757462.001556106,1925309.0205563232,11779922.143285902,6765.306918577601
3060,INCOC,INPPV,7414.957183450917,1473.2226792263639,11756710.295625363,1925185.9271362403,14153472.502351694,10913.936267890846
3061,BEANT,ESVIG,7413.768840305747,1960.0224602229173,11754826.130181937,1924877.3910998094,19329750.482175477,10844.073629063392
3062,CNSHE,CNZSN,7400.508202976748,3793.4000630185287,11733800.860911286,1921434.459233982,11318243.606905263,3490.1876538706056
3063,DEHAM,FRDKK,7399.052984638912,4716.45145857671,11731493.554207884,1921056.632930256,18514193.0212807,4332.759455639077
3064,INHDA,SGSGP,7392.358715788641,673.169180661901,11720879.524002919,1919318.5632605115,12576854.036947794,21534.219059100098
3065,ESGIJ,ESVIG,7391.98166181936,145.98105073515285,11720281.689899096,1919220.6666742642,21020038.86350918,157138.61089958283
3066,PTSNS,TRTEK,7391.025355008264,2422.971939751877,11718765.4273161,1918972.3755015442,18045005.214568533,8239.45884908369
3067,CRPTC,MXLCS,7390.375701778173,4239.451315789229,11722510.702070665,1919585.6720844693,13623237.221486771,3666.2345515525144
3068,BGVAR,TRBAM,7382.7504557490565,407.2551556578895,11705645.24456803,1916823.9181054784,15251604.6661807,42156.442578490874
3069,TRTEK,TRYAR,7382.43634516682,1968.773195841785,11740315.224386653,1922501.1998928632,15592699.538845241,8896.505080286386
3070,CNNSA,CNZHA,7369.858890614314,5285.072226080104,11685205.153978616,1913476.8104739524,12507259.360458015,2728.5788261833673
3071,CNQIN,VNHPG,7369.374473338,5086.050974630911,11684437.091070239,1913351.0385645337,11283215.778331857,2594.6587800084035
3072,CNZOS,MXLCS,7367.746834671763,4528.763681831895,11681856.405060666,1912928.4458270196,11159837.579497756,2886.6081217196156
3073,CNDAL,JPHKA,7364.24035292013,521.5844998594724,11676296.738417838,1912018.0387734135,11253005.753362311,25240.442911326358
3074,INMUN,ZADUR,7348.682513635018,752.8408893487278,11651629.163841791,1907978.6717875605,15609670.60454513,23268.72719611041
3075,KRBUS,KRKUN,7347.935262299408,5972.345150408869,11650444.367051542,1907784.6588324269,11571270.48613287,2256.9116160412323
3076,ESALG,ITNAP,7327.55442119971,3088.497218316444,11618129.730774868,1902493.0694816604,17222668.539566793,6192.384275312275
3077,CNHKO,CNXIA,7324.817206790045,6003.167931171356,11613789.768178284,1901782.3915194457,11571561.216746466,2244.372265234458
3078,GPPPE,MQFDF,7318.49568618254,3487.617434160727,11619119.314814499,1902655.1159401431,17350736.02594673,5520.4997409700345
3079,ITLIV,ITSAL,7303.6266264548285,2244.6753229830947,11580191.258054271,1896280.5651379994,16420426.842739126,8160.069841875779
3080,RUBRA,TRALI,7303.337447090848,997.5939766400453,11579732.752641268,1896205.4839166005,15894497.311606934,17833.6108798929
3081,CNFUN,KRBUS,7291.901991815809,5839.26939530099,11571578.677997729,1894870.2371207003,10590341.91131846,2138.146282219199
3082,BBBTN,VILIB,7287.445318876733,5176.200656334865,11554535.149638072,1892079.3236660268,17934860.30704004,3830.403986839454
3083,VNCMP,VNHCM,7283.317291432507,906.0227127952437,11548568.641218614,1891102.295419651,11119331.063807756,14359.941727164733
3084,LYBHZ,LYMIS,7281.044948958208,1139.2106147058312,11544387.107909001,1890417.5605848979,16721914.02653804,16337.919737457016
3085,CNDAL,CNJIN,7279.841038534368,5910.285350465245,11542478.259924475,1890104.9827306813,11399715.032939859,2248.591942286576
3086,DZALG,GRPIR,7269.128026077858,425.53764260568124,11525492.351479083,1887323.5046576136,15984105.583374038,41997.293068129286
3087,ESSCT,ESSEV,7254.695982909102,0.0,11502609.771538135,1883576.4342806835,21794201.40316721,
3088,CRPTC,NICOR,7250.315265196482,3670.1259651825376,11495663.96891784,1882439.0445584725,15005521.121996662,4601.466087749169
3089,NLROT,SEHEL,7248.87672655685,1036.3291912840164,11550361.168204678,1891395.8254668163,17695793.194475833,18900.547417441783
3090,AAAAA,FRSNA,7248.546210562406,0.0,11492859.06225211,1881979.735219039,10449891.653079955,
3091,ILASD,RUNVS,7245.234003686685,0.0,11487607.426172007,1881119.7688150343,13957830.700926678,
3092,DZALG,ITGIT,7242.476285336358,304.3940588512043,11483234.953759883,1880403.7673024558,16498960.092942372,60380.16618855606
3093,CNZOS,RUVYP,7240.420090800392,5350.326932380876,11479974.775329622,1879869.9062583314,11751457.742531087,2547.7560195977644
3094,ESACF,ESSAG,7236.606638174436,0.0,11473928.39412468,1878879.798676095,21193721.64438758,
3095,CNCGM,CNTJN,7231.908642441947,3449.5378201450576,11600987.741799736,1899686.0328950458,11610092.794537969,3916.4025825537724
3096,BEANT,ESBAR,7218.740590132526,0.0,11445601.062521841,1874241.138814297,17697631.19365951,
3097,ESSCT,ESVAL,7217.411262091879,4806.052645659465,11443493.359904675,1873895.9980976232,19990051.858791787,4549.2526755060835
3098,CNJMN,CNYTN,7214.187785513659,5736.112639795092,11438382.409249498,1873059.0692265176,11330196.652423745,2301.777623760526
3099,CNYAN,JPOSK,7206.836799534335,241.0806225463316,11426727.127848953,1871150.4924933228,11025322.20606328,53494.43917284608
3100,AEJAL,CNXIA,7196.116831552853,5895.867113005244,11425878.185776545,1871011.476451449,10164387.607203161,2041.3280782917648
3101,CNYSN,CNZPU,7190.186297665275,4488.091708885598,11400327.093174685,1866827.431538957,10499100.66849441,2755.2752711249414
3102,CASJH,USNYK,7188.875154312726,669.5175575594665,11398248.223105637,1866487.0122124073,14686440.15310059,24723.664044975798
3103,DEHAM,SEGAV,7186.219890133738,5175.690059390179,11394038.195867667,1865797.6114372248,17944662.19895418,3827.597785622726
3104,MAAGA,MATAN,7184.143248421111,1682.2503998318748,11390745.59762345,1865258.4415806844,19865170.573201537,12917.47591021763
3105,KEMOM,TZMTW,7180.290281819758,2648.1233883029727,11384636.565434847,1864258.0747686946,16995023.498199776,7121.753335313534
3106,COBAR,PAMIT,7175.166084150539,2819.216565869041,11380403.806023786,1863564.9515525717,14720376.712349785,5882.464605478172
3107,GBGNK,GBLIV,7170.801233985305,1298.394106199702,11369591.301704938,1861794.3813311134,19570155.38489685,16506.505739584416
3108,MATAN,TNSFA,7169.541885984707,864.1043567057833,11367594.555231817,1861467.4099153476,18848486.861839157,23966.959674531514
3109,JPHKA,JPTOK,7151.908049760354,3907.638360468397,11339635.40472547,1856889.0404789983,11937316.462359685,3530.0619531192274
3110,GHTAK,NGONN,7150.100526389075,2180.456244388782,11336769.504342912,1856419.7432907254,20252141.382838354,10139.419758146292
3111,CLARI,CLSAN,7136.916325571828,3063.8513922979646,11315865.428209651,1852996.6570549004,20397922.006835423,7262.401407530926
3112,DOCUC,USPEV,7132.951427177824,835.1316208086746,11309578.92370037,1851967.2287788077,14190381.324018339,19209.365509670224
3113,ITTRS,TRALI,7132.697807439139,167.02038536162954,11309176.799491262,1851901.3800975976,15213173.049340157,102173.60229704152
3114,PAMIT,USCHA,7128.901971020413,449.4309654499216,11303158.349485353,1850915.8463076854,12664153.295816846,32296.548876185283
3115,SGSGP,TWTCH,7124.173824128887,3184.7604679005044,11295661.684047703,1849688.2516457345,10025857.380427951,3728.866190022267
3116,ESCAS,ITGOA,7122.666666692449,486.4576925127276,11293272.025832327,1849296.9401094946,18170973.274059,41155.21354129823
3117,CNZOS,KRGWA,7120.833802660069,4260.789029645313,11549504.470829241,1891255.5394778335,10329690.251570797,2868.2353681486916
3118,BBBTN,JMKIN,7109.136279662433,1765.5767487579994,11271819.057654087,1845783.9716520328,15687802.39168894,9930.798180070637
3119,EGDAM,ILASD,7078.47561339525,2983.5127772838373,11223205.348652687,1837823.3750155556,13066735.568992766,4995.641063611363
3120,PAMIT,USTAM,7063.323640673858,2315.5427238714556,11199181.291697886,1833889.3853875801,13187606.05384787,6487.246071677039
3121,AEJAL,AESJH,7061.480605822302,1029.2913952975591,11200174.043920847,1834051.950642717,10091296.34287344,11585.978808332155
3122,CNDAL,JPMOJ,7051.089552172942,1284.1336128553596,11181814.484838648,1831045.534401719,10831564.331303064,9860.819574334322
3123,INMUN,RUNVS,7045.252716241492,0.0,11170529.120408263,1829197.532346921,13298861.141970787,
3124,OMSOH,PKKAR,7044.252876612029,5184.12226533244,11168943.834805815,1828937.9385102454,11025855.001642577,2479.6469454657986
3125,BEANT,GHTEM,7034.925521794815,3459.3496136506164,11154154.941802464,1826516.226315928,18310192.942162037,5820.952322661571
3126,TRALI,TRDER,7028.363776794251,1260.0448238849017,11143751.033445776,1824812.5645387925,15551180.075784344,13789.979777664115
3127,BRITT,PAMIT,7026.0512425141205,4935.693973483724,11140084.418129252,1824212.1486035439,17025173.998215932,3818.994096490783
3128,FRFOS,GRPIR,7019.778800823824,4314.876718898646,11130139.211707348,1822583.6002286607,15890994.660791928,4105.233918604726
3129,MGTMA,MZMAP,7014.230788017424,3396.9129989939524,11121342.616168423,1821143.1392908292,20056984.264751192,6440.59103383618
3130,FRDKK,GBLGP,7011.667813677188,2058.3421430773906,11120085.00618216,1820937.203022392,18938002.513262745,10085.271676577935
3131,BRVDC,PAMIT,7006.816098360038,1914.181724666933,11109586.33004604,1819218.0228229496,17542875.93863134,10115.076176909635
3132,CASJH,MATAN,6996.987962244462,3440.6942232606593,11094003.428324817,1816666.290038583,17529338.55921502,5622.70390622503
3133,BNMUR,MYPKE,6995.960542756214,1751.9481021993888,11092374.413756482,1816399.5354921839,11884008.043763902,7820.098986982918
3134,FOTHO,ISRDJ,6990.2093094289185,5728.9348216962235,11083255.60397799,1814906.3112979704,21775407.887462724,4117.748749631624
3135,ILASD,ITSAL,6989.162949805071,0.0,11081596.559069399,1814634.6392204766,14364972.852590913,
3136,PTFNC,PTLXS,6982.5999854369475,2180.0756121149493,11071190.717356822,1812930.6608522662,21662031.425541863,10767.957751529748
3137,BSFRE,CAMTL,6979.961763045759,635.6151428427589,11067007.71055297,1812245.684729746,13833386.874844624,24614.94622296129
3138,DEWVN,FIKOT,6979.7915199736335,5720.396760225735,11066737.783373447,1812201.483588925,17237145.78676759,3330.0744806387875
3139,CNQIN,RUVLD,6978.254241478342,1665.06516168821,11064300.36701814,1811802.3515572755,11099043.625456214,7753.958387984755
3140,CNYSN,CNZHE,6978.026605593882,5667.7358169068275,11063939.441246046,1811743.2492063877,10384743.930949736,2151.9152575485373
3141,CYLIM,ITSAL,6972.0929120204055,0.0,11054531.33347139,1810202.6518595696,15250503.478536475,
3142,GBFEL,GRPIR,6963.315354430301,1141.3786924702786,11040614.165895514,1807923.686529222,16204076.880935663,15780.91538443006
3143,CAHFX,DOCUC,6961.740847654464,1630.1723002344754,11038117.722616876,1807514.888715286,15021978.365327222,10323.751208152564
3144,CGPNO,NAWVB,6961.439371082927,1901.7853236682868,11037639.719490925,1807436.6147025677,21621214.77226552,12319.293400465089
3145,CNNTG,CNZJG,6954.274540886221,3227.6328611841873,11026279.59550693,1805576.3706143342,9866908.102347374,3616.4226152658475
3146,CNQIN,CNYAN,6949.115985282103,4838.826652395203,11018100.499892345,1804237.0265820364,10410269.325848186,2524.270289034653
3147,PABAL,USPHI,6942.969718115836,0.0,11008355.348209664,1802641.2375895758,13687979.145868324,
3148,CNWGQ,JPTOA,6928.599087510065,334.02595326704716,10985570.140336236,1798910.1120925804,11421555.311824452,39579.156333841915
3149,DOPPL,USPMB,6926.019838350374,5676.327341752511,10981480.637942562,1798240.4475130066,15460803.276761794,3040.530026752516
3150,CNFUN,CNWGQ,6924.896304237506,3783.3183772267776,10983504.210283918,1798571.8117208641,9975020.204609837,3111.9749496104796
3151,CNNBO,INKAN,6921.3341257658885,5668.235854169838,11011645.226070058,1803179.9619775694,11572101.519887632,2359.6903562200355
3152,CNNSA,THBKK,6919.956738561026,5215.277028410972,10994702.797005024,1800405.6037440724,11462946.192792248,2543.1730134913837
3153,JPSZU,THLCB,6900.577214912992,0.0,10941140.343924198,1791634.6399028972,11729089.009690924,
3154,AEKHA,DJDJI,6899.309058027993,3634.171807169967,10950475.276270613,1793163.254620126,11853133.9945249,3754.9950781693465
3155,MYBTU,MYTAW,6894.983538689854,117.72689707034465,10932271.347217144,1790182.323122191,12409895.204567792,120618.80403766264
3156,EGDAM,RUNVS,6893.486716568998,1647.8187586915076,10929898.07605676,1789793.6950005174,14156813.69541242,9677.403723135028
3157,CNTJN,TWKEE,6889.889200812798,2080.369021496662,10924194.071369585,1788859.652289934,10661085.388023721,5984.488766976976
3158,GRPIR,TRBOR,6885.517561674801,1539.036291982806,10917262.663191376,1787724.6196877537,15061516.920404358,10947.916971070588
3159,CANWE,USSEA,6883.787331634559,5170.63666649646,10923566.843433,1788756.942402027,14953222.573969824,3237.8951754341592
3160,MYPAG,MYPEN,6880.154509841519,1127.7475396026896,10908759.330650894,1786332.181179952,10624250.998629307,11004.7530533133
3161,KEMOM,REREU,6868.6404169804655,3070.5278967414583,10890503.27727995,1783342.7142158928,16908564.203637324,6087.522258856421
3162,NAWVB,ZADUR,6858.584782826967,702.6324865711232,10874559.668347815,1780731.9148704899,20849789.84175177,32208.191606767545
3163,PAMIT,USMOB,6857.1784380055005,3211.3756004485203,10872329.852553513,1780366.7778653794,12993809.566827988,4600.5756357586815
3164,CNFUZ,TWKAO,6854.291026376989,1578.7859982939738,10867751.746277135,1779617.1033769727,10633713.42763449,7862.579567101071
3165,ITGOA,ITNAP,6850.1387676828035,569.5502145788482,10861168.174540672,1778539.029720429,16312827.89827931,31764.305349928334
3166,INPPV,INTUT,6841.032190800455,295.0881259273118,10846729.333756864,1776174.6393100019,15053933.114787364,57034.17479510198
3167,ESLPA,ITGIT,6840.090926405674,3719.1244409386227,11113747.255633721,1819899.3831000882,18155546.791382916,5371.00774435008
3168,IDJAK,INNSA,6839.269772958199,4203.92248173707,10843934.949989216,1775717.0531171623,11520308.414778689,3162.7665651917314
3169,PACRI,VEPCA,6830.504188280886,987.8904713499634,10830036.765944008,1773441.196379709,14929440.30011111,16907.624864187772
3170,CNSTO,CNTJN,6830.217731514846,5442.316477709988,10829582.577318607,1773366.8220413183,10905067.156784639,2329.6024828311297
3171,DOCUC,TTPOS,6829.6842696056865,844.886645616085,10828736.752189133,1773228.3164053764,16134157.651292171,21195.015994884867
3172,PACRI,TTPOS,6825.2192040176205,588.8120645492825,10821657.212648835,1772069.026982496,15345189.369362762,29070.83503706398
3173,CNWEN,CNZOS,6812.591789986639,4947.084637256542,10801635.944167811,1768790.5023481497,10051461.794258527,2389.336985987311
3174,MZNAC,SCPOV,6809.692784698152,2361.1879477329967,10797039.455681229,1768037.8177343332,17950032.536966022,8350.910978362353
3175,USHOU,USMIA,6794.271139684799,2969.787010921683,10772587.822553985,1764033.8116128603,10598138.381192807,4162.646057559874
3176,IDSEM,MYTPP,6784.520139662121,5132.639133843497,10757127.223183954,1761502.1060945785,11536624.397939103,2590.894500326109
3177,ESVAL,GHTAK,6783.820344986396,4447.828427237632,10756017.67082035,1761320.414571855,20062059.467880514,4906.524664667876
3178,EGSOK,INMUN,6778.622558932105,2525.2389125445065,10747776.373762652,1759970.88492301,13051683.797423199,5865.446872676906
3179,TRMER,TRTEK,6777.4381178839,966.0095444355652,10745898.395249564,1759663.362009376,14679796.997533647,17017.906763176466
3180,INMAG,ZADUR,6773.3968700722435,1387.8107032425648,10739490.835694058,1758614.1107159986,16820633.701978438,13387.451018560932
3181,ESHUE,GBTIL,6772.39438250901,0.0,10737901.35168703,1758353.8293817826,19705266.12719401,
3182,BRSTS,BRVIT,6764.619824784983,375.86775924854635,10725574.480394773,1756335.2783976432,23063407.413799327,66033.17810981671
3183,FJLAU,FJSUV,6763.112942895269,2754.2304090241737,10726297.051592862,1756453.6009442518,24692699.253409024,9603.101021502494
3184,DEBHN,EETAL,6752.148748392279,5118.79144036891,10705801.091473408,1753097.3445602017,17695916.072931547,3799.532300556098
3185,BGVAR,GRPIR,6745.560638232977,1454.8497884149715,10695355.380106194,1751386.8374525656,15471068.01128675,11837.960857459257
3186,ESALG,GNCON,6743.649503789782,1381.715724000689,10692325.200237485,1750890.6391544666,20706681.03234889,16253.395167624334
3187,CNNBO,CNNTG,6739.196852617952,5466.854333417474,10685265.344249168,1749734.5729544368,9627443.448172841,2081.1196580785986
3188,USBAL,USHOU,6732.3262380620545,3152.904421349771,10674371.710895915,1747950.7176837265,11436032.265987776,4181.535886212303
3189,GDSTG,VILIB,6730.879447790285,5516.396997879813,10672077.76722734,1747575.0796049328,17837008.819806725,3550.249176580084
3190,KEMOM,KMMYT,6722.811606812702,2319.909420317599,10659285.883641511,1745480.3818840773,16813416.382426165,7999.836804735894
3191,MXTAM,USMEE,6713.650601224237,2934.5476418986805,10644760.743973738,1743101.859850708,13880942.414951146,5324.1746876847255
3192,AEKHA,KEMOM,6709.508064973405,3142.2181420052575,10638192.58755891,1742026.3104853586,12416736.580300264,4505.977068081587
3193,PHMAN,VNQUN,6704.787613092977,5333.394998454382,10630708.122868204,1740800.7137212658,13184983.515472556,2798.552185525226
3194,AEKHA,OMDQM,6702.755606490566,2746.673833038666,10627486.29537112,1740273.1327227484,11469177.655050889,4809.253515609431
3195,GBIMM,NLROT,6698.284181378251,1429.1964782287473,10622785.631571075,1739503.38918323,19172139.468656447,14631.748102091744
3196,CNGUA,CNNSA,6676.31851213462,3094.1051769540513,10585569.228055526,1733409.1251837658,11293625.55351215,4210.275324745166
3197,TRGEM,TRYAR,6668.414364697432,2104.1030652737586,10573036.887105487,1731356.9281129523,15007203.63624064,7955.1999332199
3198,ESVAL,GBSOU,6666.395811168475,4097.661322490469,10569836.389992826,1730832.8400095454,18156036.017663375,4853.224142395965
3199,BRMAN,PACOL,6665.106733432848,0.0,10567792.505839301,1730498.1496999166,17166950.53064012,
3200,NCNOA,TH7003,6653.892203405244,5453.300903662868,10550011.421286259,1727586.4598742793,18632611.28066033,3733.5547955659463
3201,IDAMI,IDSOR,6645.149425409527,508.9846377477309,10536149.398144167,1725316.5245604252,16723392.568368614,36246.10199350026
3202,DJDJI,INTRI,6641.827892361187,0.0,10530882.975045484,1724454.1367511668,15324506.418938216,
3203,PAALM,PAMIT,6633.280983314724,679.551082185544,10517331.509932969,1722235.055964903,14949952.865661878,24534.120184175677
3204,ITRAV,ITTRS,6632.986868139404,724.7957100838383,10518637.609776126,1722448.9325489348,17186779.43907433,26089.045655962844
3205,COCTA,ESMAL,6630.177030457346,2173.545905846458,10512410.068903353,1721429.1596917787,17327824.419276703,8764.136762756803
3206,DEBHN,FIHEL,6629.42501401557,4111.647466472266,10511217.716847263,1721233.9095460444,16788467.748792745,4501.772539905967
3207,CNTJN,JPSBI,6626.7033774609345,5431.017878245691,10506902.453561017,1720527.2761476133,12033954.412305586,2532.5789744769036
3208,GRTHE,TRBAM,6626.459077116239,1462.1432156413318,10506515.105622703,1720463.8471116843,15453220.45753367,11745.555511203844
3209,CNCQG,CNTAI,6623.559894070244,5211.30392401318,10501918.335294504,1719711.1163457131,10585530.137252534,2361.259568242968
3210,CNGUA,CNYSN,6621.569765642329,3391.756591743816,10498762.90731303,1719194.4084069044,10423702.680277223,3580.120436189985
3211,ESBIL,ESGIJ,6621.08574371541,528.7275042187835,10497995.471246883,1719068.7391442133,20427257.337613884,41886.08668936223
3212,MXALT,MXPRO,6620.281407091559,1218.0265546406777,10496720.163455777,1718859.9048231773,12310623.131474543,11518.20786077728
3213,MYKUA,MYTPP,6613.567904598386,4921.018714423333,10486075.637543024,1717116.8414174307,10402949.708418315,2462.918199094073
3214,DOCUC,USSAV,6612.812957349639,4063.4206749553905,10500291.350647187,1719444.6942031307,13360596.051118491,3711.1689759975875
3215,BRMAN,COCTA,6606.519882891745,3609.650787449651,10474900.718077919,1715286.924956947,16842663.970445644,5141.203952450607
3216,ESVAL,ILHFA,6604.038627118978,2164.977051756968,10470966.58810683,1714642.7029368908,15329614.197512772,7872.719429805294
3217,CNNJG,CNZJG,6595.132489148289,2400.6887200139217,10456845.551210225,1712330.3535784115,9992082.335434463,4875.439531762785
3218,AAAAA,MTMAL,6593.679990372288,771.9932924921143,10454542.556480557,1711953.2333694126,7888129.607865025,12435.448513087309
3219,CNXIA,TWKEE,6587.14325879938,101.86029749734197,10444178.307910861,1710256.0659654369,10571751.787255384,120576.98784495812
3220,PAMIT,TTPOS,6577.917446130645,2358.5776414434868,10429550.414033048,1707860.7177150266,15345847.737996532,7230.505435163212
3221,CMKBI,FRLEH,6573.33274042965,897.8795236848174,10422281.180322893,1706670.36547465,19077342.481877737,23147.88599037948
3222,ITANC,ITVEN,6565.332357339181,2483.409370912873,10409596.253907057,1704593.182214328,17408773.371865947,7696.422014810397
3223,CNNBO,JPHKA,6564.181291680052,3925.6624313533316,10409239.052442625,1704534.6897266184,10685862.476917911,3156.256398330477
3224,CIABI,GBTIL,6553.855516607173,2685.657140109599,10391399.265272195,1701613.387224472,19315884.736318808,7825.830709978705
3225,CLANT,CLSAN,6550.803973715794,2684.406670377116,10386560.922333587,1700821.0984377412,21498315.19517003,8642.183969222766
3226,CNWHN,JPTOK,6546.1258196062645,5364.979286751987,10379143.522445321,1699606.4836754685,11316958.241482826,2426.209688693627
3227,ESBAR,ESSCT,6536.964983639125,0.0,10364618.651718924,1697228.0056818125,20067245.02668179,
3228,USGUL,USTAM,6535.374471813124,5356.16785235485,10362096.831795026,1696815.0523890816,11999643.04585355,2557.137579663594
3229,BMHAM,USFLH,6530.776038873653,0.0,10354805.833000876,1695621.1360706293,15837559.101844808,
3230,MACAS,PTLXS,6530.219278613438,1605.582850062765,10353923.067406751,1695476.5813562546,20053776.013146263,13546.017007874929
3231,CNTAZ,CNYSN,6519.331361336182,5247.6084095083415,10336659.840393502,1692649.6917870499,10832270.31194259,2386.786327469721
3232,ESVAL,GQMAL,6513.476406008383,4270.576761396205,10327376.575247157,1691129.5376820136,19084243.414317336,4864.769822146256
3233,MZMAP,ZAPLZ,6510.5675388357095,485.07608585326244,10322764.450349944,1690374.292573217,20991682.62381734,46759.79207775659
3234,ITSPE,MACAS,6509.47111688377,0.0,10321026.029623862,1690089.6225394118,17730938.2564401,
3235,COCTA,CWWIL,6493.484515356114,2473.5295416804934,10295678.635414798,1685938.9336652441,14929626.844112774,6717.3508534244365
3236,TWKAO,VNCHL,6493.360912021906,5321.734985609836,10295482.657399565,1685906.8418549104,12857786.845557868,2732.885746234913
3237,ECPBO,PEPTA,6492.832032923991,3960.0383512667418,10294644.098500066,1685769.5260793408,18241781.510904055,5032.1611230378485
3238,ESALG,FRSNA,6489.210538067568,1450.454586012854,10288902.07399329,1684829.257543692,19709252.559088003,14749.914973513069
3239,INCHN,INHDA,6487.960334959512,1844.441112041636,10295595.80573694,1685925.3701320658,14750252.229386877,8911.196726321896
3240,CNCSH,CNYUY,6479.581223632203,1828.0492206985125,10273634.411974316,1682329.1459206184,11217951.5405445,7056.856314588628
3241,JMKIN,VEPCA,6478.114817248226,564.8127458911929,10271309.366177622,1681948.4148032235,14552359.220680129,28742.81388580911
3242,BGBGS,TRBAM,6471.791611292713,969.5589032481824,10261283.670988923,1680306.68622425,15720122.804636192,17946.74818885797
3243,PKQAS,SGSGP,6471.733265374946,5304.009711229285,10261191.16120968,1680291.5375542017,10757638.509728342,2345.005142232265
3244,PLGDY,SEGOT,6471.315853230475,2209.861506087702,10260529.337609759,1680183.1625539868,16718759.281576265,8325.835077648555
3245,AEKFA,INKAN,6468.624584503384,1709.7547127619875,10267096.847955488,1681258.6061241685,12431534.420727773,8254.279354524324
3246,CNYPG,VNHPG,6467.389814596525,2685.561317399036,10254304.446799627,1679163.8236501366,13151538.7240957,5522.384632092244
3247,SGSGP,THSON,6466.1457332834325,0.0,10252331.906268323,1678840.8160080255,10721357.748872112,
3248,PACOL,PAMIT,6464.238156453493,2449.9475697788366,10250346.354545416,1678515.6777560469,14107566.174146935,6443.436605187447
3249,PAMIT,USNFK,6455.634144182357,5290.815425920185,10235665.362584997,1676111.6345834327,12996834.502181986,2773.286337845264
3250,BRITT,BRVDC,6451.740605727795,2115.0497663552865,10229492.002105271,1675100.733879081,20932198.609573826,10688.778913420296
3251,BJCOT,CISPE,6445.416084341573,1467.34473776763,10219464.221248727,1673458.663767631,22098953.530265376,16200.972806294705
3252,CNWGQ,JPIRI,6443.2622390228,5220.668158531052,10216049.21360837,1672899.4491161713,11034788.679029683,2434.1114474744627
3253,BRVDC,GFDDC,6439.384554046472,5272.954818521165,10250054.804628149,1678467.9358466463,20879603.970432796,4278.070395567319
3254,AEKHA,CNYPG,6437.576128297884,1319.003924495472,10207033.6583128,1671423.1330597308,11868144.746341089,10264.99438550177
3255,CNTAI,TWKAO,6437.009894261836,0.0,10206135.871669313,1671276.1186170722,10216167.643910393,
3256,COCTA,TTPLS,6433.698676554455,5272.83787206437,10200885.803955058,1670416.4090362587,15507006.151405495,3257.7187042765304
3257,ESFER,GBTIL,6422.599196125731,2096.197971099533,10416573.10022062,1705735.6554063114,19746752.931475997,10233.999308581379
3258,CNWGQ,JPOTA,6419.079869351036,5260.8568011218495,10177707.102189686,1666620.848090559,12309838.521682905,2656.6888052898644
3259,CNWGQ,JPTOS,6417.245422839408,5259.353351935453,10174798.51409451,1666144.5606999653,11842929.96526986,2568.580892363594
3260,AUDWN,SGSGP,6414.229881471869,2847.4777056264547,10170017.25300756,1665361.6191859616,13418190.87271997,5297.162629966052
3261,CNNTG,CNPAN,6410.210442763148,5253.587724535075,10163644.27265443,1664318.0303093754,11287358.260716736,2465.301232249299
3262,CNSHD,CNSHD,6409.201770898918,4412.319283521843,10162044.983191561,1664056.1433112347,13259356.705462804,3382.215086860715
3263,EGALE,TRYAR,6401.9120667879015,850.8302694104791,10150486.866636911,1662163.477524999,14256479.45251485,18709.539966260854
3264,USLSA,USSEA,6397.6939178761695,3277.081007363041,10143798.823333073,1661068.296430555,13508617.934739387,4629.023877373263
3265,BJCOT,CGPNO,6394.740927803931,3369.1560703794735,10139116.739819137,1660301.5954517904,21163847.516346637,6774.441027668899
3266,FORVK,NLROT,6391.34066833079,0.0,10133725.492834613,1659418.767469869,19604449.958282337,
3267,CNFUN,CNNDE,6389.980460197736,3830.7743173402364,10131568.828599548,1659065.6091857485,11764054.065911798,3504.0225717127123
3268,ESBAR,TRGEB,6382.337283432432,0.0,10119450.267056337,1657081.169359175,16950854.685259797,
3269,ILASD,MTMAL,6381.529939276862,2852.7720935862403,10118170.19070376,1656871.554176214,14322005.895118538,5601.175602221904
3270,CASJH,USNFK,6380.083838438746,3758.269716686159,10115877.340159737,1656496.095098854,14420727.251284482,4277.825850285
3271,MYSPB,SGSGP,6378.316876215541,486.2743121619482,10113075.75109488,1656037.32902351,11269548.791541185,26580.8532289075
3272,GYGEO,JMKIN,6370.561057095899,1353.6165620145805,10100778.590607101,1654023.6432458127,16097250.137208758,13113.960244425085
3273,INHDA,MYPKE,6367.0289059810375,326.1373515044394,10095178.224165272,1653106.5715149029,12833548.14232999,44418.876424363494
3274,PABAL,USMIA,6363.93324522888,1490.1887220361994,10090269.930599144,1652302.828166453,12739788.89751692,9657.898702936072
3275,EGSOK,OMSAL,6356.666286388427,4051.9926050489307,10078747.87757797,1650416.067859334,12720479.767429244,3546.624398421141
3276,SGSGP,TLDIL,6354.076052001377,347.1721274012486,10074640.957668269,1649743.551125042,12879970.726994699,41851.61518259454
3277,IDMAN,IDMKS,6342.131910970736,99.95755585310503,10055703.0457757,1646642.4284003894,14866706.435318979,165203.6078992062
3278,CNFUN,CNSTO,6337.3999374873465,3052.094229749157,10048200.313124062,1645413.8402194446,10705676.844298229,4046.7592920723077
3279,CNSHE,INVIS,6326.429898913649,5184.924076024204,10030806.87952061,1642565.6290484671,13762633.45190315,2971.1522975210687
3280,CNNTG,CNTAI,6326.101128842441,3960.0231811898816,10030285.601462565,1642480.268675009,9574909.80160475,2832.657678258649
3281,USESX,USNYK,6325.533045248889,2479.3947609612965,10029384.8822719,1642332.77402161,13963918.801098427,6294.379507791358
3282,COSMA,MQFDF,6314.824031258483,1217.1431679013392,10035015.308124684,1643254.768044002,17482777.330736753,15713.872125461496
3283,NZAKL,NZTAU,6312.224409756226,4225.4105908098445,10009308.336302904,1639045.1975828677,23354525.13427036,5915.063115100241
3284,SAJED,TRAAP,6297.923262435316,0.0,9985608.47064423,1635164.2949584255,13521477.259340635,
3285,AUBRI,CNMWN,6285.721449764667,3090.936499809757,9966262.010091431,1631996.27153524,15078288.037531331,5406.220512810621
3286,GQBAT,TGLOM,6262.347108353543,2971.3918055450013,9929201.059701193,1625927.463310534,19905227.262384757,7246.151344132864
3287,CNWGQ,JPNAH,6260.912496221377,4656.114540444323,9926926.424958581,1625554.9871087954,10556435.368839918,2616.342499767244
3288,JPTOA,TWTAP,6251.805435962462,4898.229894856565,9938044.678412667,1627375.6243913271,12143888.267881518,2811.4776537404864
3289,JMKIN,MQFDF,6243.741550967354,1180.3589437405112,9919774.486499343,1624383.8422113499,15521833.015486421,14526.273510803485
3290,GYGEO,TTPLS,6241.050045780724,204.5979875480613,9895433.717743339,1620397.9903627955,18198716.122726545,96868.56821323188
3291,AUMEL,NZTIM,6239.141865758615,1917.5196787759403,9892408.22222707,1619902.5591372168,21624348.31801559,12122.040328676527
3292,IDSOR,IDSUR,6239.033611769259,1460.942025379297,9892236.581210176,1619874.452561318,14238765.104618682,10855.077944015402
3293,ITGIT,LBBRT,6237.667511832702,319.51109252282424,9890070.575285716,1619519.7645559993,15193636.900748711,52621.5116118501
3294,ESALG,GWBIS,6233.212667979647,364.89474598277195,9883007.242713884,1618363.1290581396,21241487.30152456,62647.79277381539
3295,ITGIT,TRALI,6230.356608555703,1063.7886907941056,9878478.846608058,1617621.5947142441,14944335.8306846,15568.841414393624
3296,CNWGQ,MYPEN,6224.911903003538,2915.270527226011,9869846.048840236,1616207.9560043912,9921172.199300632,3957.5675902309044
3297,GBFEL,PTLIS,6223.762220047179,784.7355664749514,9868023.180667793,1615909.457524428,19087791.05682213,26383.028116525944
3298,CNLYG,CNRIZ,6220.961737277159,3574.7837791902157,9863794.89271036,1615217.066518199,10160404.513895316,3294.079392706937
3299,AUSYD,FJLAU,6219.502827373773,0.0,9861269.74373517,1614803.568086349,21837766.399478845,
3300,CNZPU,VNHPG,6217.391499081254,5095.559958577929,9857922.148535363,1614255.3923631778,11856589.760848697,2643.6437335085984
3301,USPEV,USWMN,6207.550039966846,0.0,9842318.12266822,1611700.200455687,14323647.930922315,
3302,INMUN,QAHMD,6204.682106078097,4142.004190371338,9853495.824846862,1613530.5725913388,11802671.88699523,3239.060571395458
3303,MXLCS,NICOR,6202.78840973644,3210.689538600652,9834768.368061582,1610463.9123311562,13577981.813540272,4730.586854713821
3304,CNCQG,CNSAX,6195.842881432614,4645.737798013632,9823755.955973702,1608660.6067939517,12248733.991828054,2982.8189194291126
3305,NCNOA,NZTAU,6194.15758317787,2388.94976057948,9821083.8483873,1608223.043581813,23422879.052459754,10477.868772748847
3306,DZALG,FRMRS,6194.0457041045875,1116.8138407790796,9820906.459655283,1608193.9958055285,17229169.41238423,16867.05762443719
3307,CNNJG,CNZHE,6193.860249267145,4955.562145364491,9820612.41361526,1608145.8451508004,10536594.009613875,2450.7289987524528
3308,ESACF,ESHUE,6193.130036588152,5075.676099433036,9819454.632294515,1607956.2560353633,21654291.79970997,4583.083632610792
3309,EGDAM,TRBAM,6191.012927402437,1602.2971546273493,9816097.871258026,1607406.579387244,13721721.470997024,9566.969526292023
3310,CNQIN,CNWEI,6182.350652727297,3750.778911629836,9802363.489340886,1605157.5455912314,11120134.858455917,3392.7066094433153
3311,RUSPG,SAJED,6170.861002337399,2022.9700663441902,9784146.190482637,1602174.4247597698,14146174.09296071,7784.765963532077
3312,CLPAR,CLSAN,6168.36937345693,0.0,9780195.61353564,1601527.509512972,23625422.780687187,
3313,EGPSA,HRRJK,6167.949733708304,2527.5195951750616,9779530.257980503,1601418.5561476953,14870919.22952976,6517.194888270113
3314,FIHEL,PLGDA,6161.471681177239,2771.1932935534887,9769259.047371553,1599736.6239045947,17303183.909034353,6821.220510641398
3315,ESFER,ESLPA,6153.830694722314,0.0,9757143.958652789,1597752.752760296,20904887.18964029,
3316,COBOL,USMIA,6150.283142202848,0.0,9751519.172669807,1596831.6822783926,14353062.037950939,
3317,CNQHD,CNTJN,6142.750925537318,4805.551337014792,9739576.542789469,1594876.0516299808,11854041.025059406,2798.6210391925297
3318,GBLIV,PTLXS,6142.534684600677,335.61399275620636,9739233.684161529,1594819.9078117774,19750031.062490273,63599.40714929363
3319,DZALG,MACAS,6138.560898929867,93.16579839733771,9732933.08852048,1593788.1720833539,18115690.08363577,211552.72208006258
3320,CNFUN,SGSGP,6128.525203052191,3348.485468482297,9717021.092519725,1591182.5494216555,9952883.771946175,3447.5485798061964
3321,IDAMI,IDSUR,6127.90522993151,1925.1843694066579,9716038.100414634,1591021.5824062556,14010684.17221207,8104.006038355056
3322,ESALG,ESSCT,6122.601017062217,0.0,9707628.059397837,1589644.4205807915,20351783.26061221,
3323,INNSA,THLCB,6121.715785716435,4180.95619898106,9706224.489799324,1589414.5831202378,11880103.118963042,3221.6356883542417
3324,CNQIN,CNSHD,6114.270590288012,4637.086985165314,9694419.835560504,1587481.5462720185,11774575.720204232,2881.5627805178833
3325,LBBRT,ROCON,6113.7401464362965,1594.2852798370102,9693578.795681458,1587343.8242308532,14589997.150074715,10147.080437172097
3326,EGALE,EGALE,6111.462091795712,852.5521471243916,9689966.849208359,1586752.3604331813,13529142.968324421,17730.170969298044
3327,CNJIU,CNWHN,6105.963668491197,3736.497367657388,9681248.879802119,1585324.7746892048,11322955.396533517,3454.6472005988912
3328,IDSUR,IDTAI,6101.438065149466,3413.8223531725876,9674073.355239362,1584149.767517923,13087001.493229337,4297.573143228391
3329,LKHBA,SGSGP,6096.462239775296,2141.3359295158557,9666183.985690972,1582857.8667355936,12115184.56869446,6396.96100299737
3330,GRPIR,TRAAP,6093.414793620485,1920.7511231857334,9661352.138291556,1582066.641607006,14732087.59505151,8493.632537671028
3331,JPNAH,JPYOK,6087.51731292145,4978.39232058962,9746265.310473023,1595971.3513431202,11877767.477801442,2706.4437596490566
3332,JMKIN,JMKIN,6073.241900440229,2244.7187837281253,9629367.211733358,1576829.0429129868,12880372.431143947,6440.540159799346
3333,JPKOB,JPNAH,6072.318086367101,4866.070279199437,9627902.4676821,1576589.1880077089,11561915.872400936,2700.023696034695
3334,CNSHE,CNSHE,6067.148825323038,4132.6875880071475,9619706.39816559,1575247.0644634305,11305638.01788023,3116.8301034230954
3335,FIHEL,PLGDY,6065.296752339649,2761.6157455423117,9616769.862596557,1574766.2006154764,16371546.015223334,6498.482725124601
3336,MXMAN,USPHU,6063.968413581644,1656.6065604251107,9614663.728526467,1574421.3167516708,13082606.769319294,8847.621659973232
3337,CNHUM,CNQIZ,6060.237761385354,4966.762167211177,9608748.63070454,1573452.7070982847,11624743.750391718,2657.30389601094
3338,AUDWN,CNWGQ,6059.598477249811,0.0,9607735.020215334,1573286.726258377,13440327.305383634,
3339,IDMAN,IDSUR,6058.278263026941,670.9670580861732,9605641.767919678,1572943.9518121069,14478762.449360415,23923.240653509074
3340,BEANT,FIRAU,6053.670493098827,0.0,9598335.964957708,1571747.611280177,18045561.172088724,
3341,DEWVN,PLGDY,6050.242338335075,3334.2110387126136,9592900.488877557,1570857.5406912395,17217100.856064677,5634.903783418044
3342,ESVIG,FRLEH,6049.72311246702,3131.4598250907875,9592077.235558933,1570722.7312365852,19532130.544397857,6738.982600558392
3343,CNBYQ,CNQIN,6043.616581000577,4661.778842509925,9582395.086412836,1569137.259041405,10642482.945526829,2619.5194188992105
3344,CNNJG,CNXIA,6041.5456585715865,4949.854110101559,9593187.427376773,1570904.5274712788,10275973.593670344,2393.3792507065536
3345,CNZSN,CNZSN,6035.894527770154,1757.3287664094303,9570151.463088876,1567132.3400863796,11330849.195930298,7339.538157319192
3346,FORVK,ISREY,6033.119272373541,0.0,9565751.184990551,1566411.7853344663,21766783.042223606,
3347,BSFRE,USBAL,6023.566393329427,2468.353788419202,9550604.714332372,1563931.5190504736,13863583.620430607,6250.123143555229
3348,EGPSA,EGPSA,6015.591826849608,391.28348387135514,9537960.72118219,1561861.0386981089,13179061.166937493,37673.25433669997
3349,NLROT,NOKRS,6002.6346387410385,136.65423976733274,9517416.582750972,1558496.8930146317,18203314.969472323,144611.77272021255
3350,LKCOL,LKHBA,5998.695277817446,385.5940444764253,9511170.56891937,1557474.0951717885,14202343.591567634,40871.527744000094
3351,MYPKE,THBKK,5995.902219397359,327.60233150536385,9506742.063417407,1556748.9181234266,10788534.39359756,37683.74680055919
3352,CNZOS,JPOSK,5995.853865879486,3897.306651901907,9506665.396986658,1556736.3638348673,10821938.870670486,3176.2127900468113
3353,GBBTL,GBLIV,5994.45524519696,1120.4743521164178,9504447.828122657,1556373.232290236,18935252.886118274,18288.349108306425
3354,NZLYT,NZMPT,5992.6015239027965,4911.329836222222,9501508.679091163,1555891.940482332,24400037.29328786,5284.908588777536
3355,BRRDJ,BRRGR,5992.400124204619,1637.0549253217946,9501189.35183862,1555839.6499761199,23996111.155052878,15608.487174006254
3356,MXVER,PACOL,5984.544941097977,0.0,9488734.645787185,1553800.1657825047,13842430.785299655,
3357,ESSAN,IEDUB,5982.6740374259725,188.58436962261015,9485768.253410453,1553314.4128197755,19830222.022268265,113389.76012635717
3358,CNHKO,CNYPG,5973.812861187507,4881.1622717881055,9471718.505133197,1551013.7371219788,13241487.333481675,3030.5284370693025
3359,DEHAM,NOOSL,5967.5240967665,0.0,9461747.418370858,1549380.950787161,18615407.46232393,
3360,IQUMQ,SAJUB,5951.4105512754995,1930.3914384194206,9492673.856239444,1554445.21974199,11203351.867119512,6608.917151698218
3361,INPPV,OMSAL,5949.384079806476,750.1400472861577,9432985.698123474,1544671.1588752945,12109075.000962531,18201.596100933533
3362,CNCGM,CNXIA,5947.552355588957,2658.7685941484337,9430081.426334163,1544195.5782888238,11520759.193769632,4913.911951875969
3363,CRPTC,SVAQJ,5946.984775351244,2040.2555944418734,9429181.505234255,1544048.2143244569,15082168.05823077,8149.085005745787
3364,EGDAM,ILHFA,5934.564397239507,1862.7183597015078,9409488.500459025,1540823.4435592534,13064843.975064395,7841.049798298086
3365,MMRGN,VNHCM,5929.909848019699,4859.949897639738,9402108.527064689,1539614.9574637252,11752704.317468243,2735.073314518624
3366,EGAKI,SAJED,5929.786293736748,1214.962159201096,9401912.626822177,1539582.8783888377,14264968.293139737,13008.266184949274
3367,ESHUE,ESLPA,5925.329951767808,4856.196372393816,9394846.91892787,1538425.8539269492,20863400.385358304,4613.039614014308
3368,CNDAL,CNTAI,5921.977790190548,3293.411859568756,9389531.93307523,1537555.5138650495,10154486.198058411,3550.1304454081956
3369,ESBIL,GBGNK,5912.623319051719,1178.7038401158945,9374700.046062658,1535126.761311701,20448150.735625587,18650.38252083391
3370,CNGUA,CNSHE,5910.257920517614,3420.005027044699,9370949.612363428,1534512.6199407852,11295692.370712597,3751.5164127522476
3371,GEPTI,ROCON,5903.430277083823,1612.7493844007336,9360124.111437805,1532739.9214977552,14655636.127523422,10037.750567820842
3372,PACRI,USMOB,5880.1315743457235,0.0,9323183.089179836,1526690.7517558138,12993151.198194219,
3373,TRATV,TRBAM,5878.294659741824,2064.7062286488135,9320270.587825945,1526213.823560912,15535733.81505264,8263.619977443108
3374,CNLVS,JPOSK,5874.706600240335,2351.3686407848354,9314581.576407699,1525282.2360295088,11977337.362328907,5742.451168291305
3375,CNZPU,THLCB,5871.379755100143,4801.634292195249,9400223.751361098,1539306.3214959146,11471271.334606925,2709.614448824373
3376,CNWGQ,INNSA,5865.31305474943,2403.50429522751,9299687.735451767,1522843.3383882158,10868885.854172232,5155.69255156562
3377,FJLAU,MHMAJ,5863.967709188635,0.0,9297554.636417687,1522494.0389550973,22872335.70897021,
3378,GRTHE,TRIZM,5861.312455560426,2484.6878467924403,9293344.625908397,1521804.6409192712,15461724.014248446,6835.276582968873
3379,AEKFA,INNSA,5860.473481941931,450.2852103043916,9292014.399781086,1521586.8136056934,11806474.319276975,29599.153665013637
3380,NCNOA,PGPMO,5854.1980615696,4797.020600212045,9289853.286964241,1521232.926856992,20898080.731284525,4673.591282295203
3381,EGALE,MATAN,5852.543603808066,0.0,9279441.261785422,1519527.9359332377,16052091.63063801,
3382,DORHA,PRSJU,5846.640464376443,1756.9585654245554,9270081.59882106,1517995.2715255392,14490029.106540779,9111.213373548228
3383,IDMER,IDSUR,5845.74201030532,4790.968836414809,9268657.064064246,1517762.0009764165,15106289.767129505,3469.872657436461
3384,ROCON,RUNVS,5845.3762802636365,208.2899607246795,9268077.184499186,1517667.0444834847,14743494.706931327,78069.82964920251
3385,HKHKG,MYBTU,5827.159204957143,0.0,9239193.28517067,1512937.2454912644,12119477.021396022,
3386,CNFOS,CNHPU,5825.370820988897,3314.283481653779,9236357.731074832,1512472.917570981,11289914.082497187,3862.791783182036
3387,CLSAN,PEGSM,5823.864735060566,4405.882130798952,9233969.771778286,1512081.8842362566,20541347.475691155,5005.4515089645165
3388,EGPSA,LYBHZ,5814.059908851494,211.77792342796099,9218423.828843338,1509536.2035305274,15484442.516088035,80244.33540826217
3389,INKAN,PKKAR,5812.5260642864905,3139.741807669001,9215991.857121436,1509137.9630689977,12290401.497599224,4395.119186858629
3390,LBKYE,SIKOP,5810.700899298552,4762.250348576854,9213097.985252183,1508664.0854912119,15693877.833373964,3612.271648844745
3391,HRRJK,MTMAL,5809.822730259576,1851.421250365414,9218206.255630404,1509500.5754613539,16169518.253926042,9548.890521753545
3392,PHBAT,PHCDO,5802.260761253497,2657.3920276418694,9199715.809820035,1506472.7262445674,14679467.953031491,6090.911883121446
3393,GTPBA,USNOL,5792.467393295054,2498.5825236739574,9184188.034398373,1503930.0205071776,13206997.859261028,5887.709427398464
3394,GBLGP,USNYK,5791.852841643078,3560.102347207833,9183213.6382481,1503770.4610973776,15375787.88073813,4741.312663405321
3395,JPHMA,JPKOB,5791.43563282776,1751.1461879772226,9184780.422621746,1504027.0253190987,11768171.368605375,7579.149293786492
3396,AAAAA,ESBAR,5791.306404659158,1186.588822169145,9182347.240620196,1503628.5866717426,8974822.672077632,8830.734845111914
3397,HTCHA,USPEV,5783.1203710829905,0.0,9169367.957956223,1501503.2019594647,14662547.91224566,
3398,SAJED,YEHOD,5776.633783997555,649.8100156576215,9159083.215470992,1499819.05384329,13618595.949834988,23265.900246825404
3399,JPTOM,JPYOK,5773.514614891121,4731.773750495038,9154137.648471732,1499009.2068921216,13399293.85443195,3148.566234758247
3400,CISPE,TGLOM,5772.50283474446,315.3963020220297,9152533.430703124,1498746.512873597,21013390.977220766,71377.30323966176
3401,CVRAI,ESLPA,5768.154896229155,1969.7421290238694,9145639.600807287,1497617.6337938365,22145572.320721157,12003.190471552576
3402,GRTHE,ITGIT,5766.104087863706,0.0,9142387.962365158,1497085.1711906497,16187538.312208055,
3403,ESBIL,ESVIG,5765.418322192592,375.0109768110201,9141300.65354779,1496907.122095196,20621102.3952919,58979.632290958405
3404,AEJAL,JOAQA,5763.857859897829,2624.366337033973,9138826.478353938,1496501.970726769,11193885.499715665,4835.600613893316
3405,GBTEE,GBTIL,5758.681395631507,2730.798218275499,9722228.914901627,1592035.3412408428,18708920.402679082,7434.073893874148
3406,CISPE,ESALG,5757.880934198007,0.0,9129349.82431902,1494950.1487863106,20800655.726688042,
3407,FRSNA,MQFDF,5753.539781365476,1178.031188616916,9151464.17391634,1498571.4198359489,19531538.452994402,17851.91264547167
3408,PACOL,VELGU,5748.483860757659,168.25926451480407,9114450.389658568,1492510.3351641905,14755174.386607017,96563.38846258108
3409,GEBTM,TRTEK,5746.838795777182,214.0868712640519,9111842.07353287,1492083.2179373088,15506087.233850207,79398.47199141044
3410,VNHCM,VNQUN,5744.095609153854,1892.9372305038055,9115472.475535389,1492677.7038665656,12625216.311390808,7458.194486195347
3411,EGALE,GRTHE,5743.052836307565,1144.8993224939438,9105839.283823632,1491100.248553766,15128929.752438111,14516.586458264579
3412,INNSA,VNHPG,5738.382893985199,4702.981001904153,9098434.904051369,1489887.7658627501,12265421.545204815,2924.8064802937297
3413,CNNBO,CNZHE,5736.929142630819,4701.7895573582855,9096129.923308734,1489510.3204399697,10423852.896536047,2533.7933720005913
3414,GBLIV,PTSBL,5735.933639101901,2854.1625895762154,9094551.512766607,1489251.8524088166,19786005.528353244,7454.11542371908
3415,JOAQA,SAKAP,5732.869757401944,180.7101009623657,9089693.606154976,1488456.360029666,12455385.377809685,77161.38535467515
3416,BEZEE,PTSNS,5731.518496115391,4691.664107400147,9137772.565948606,1496329.3903637114,19439397.79326537,4462.324391596411
3417,PHCEB,SGSGP,5728.685397441704,323.76067614103033,9087524.278129602,1488101.1280233667,12164484.945040798,42168.75945464449
3418,DZALG,TRBAM,5726.6576279724395,391.11428147282834,9079844.027227588,1486843.4708572347,15764642.238267988,44108.55477882549
3419,IRBAB,IRBAB,5725.285695629226,1466.1034147599908,9084018.10888507,1487526.9854683492,9779529.37203613,7685.035205616076
3420,COCTA,PECAL,5724.559803697932,4105.1955640003625,9076517.843186826,1486298.8012561877,15987854.347588008,4256.5945705681015
3421,CNHUM,CNNSA,5722.684162569467,3279.4162513511537,9073543.939383965,1485811.8182817027,11291221.064383471,3896.1302571458878
3422,CMDUA,MATAN,5713.7657565151685,3512.1042328476587,9059403.450951591,1483496.2836935136,18923671.27473618,5810.524462106669
3423,JPYOK,MHMAJ,5710.514646837757,4680.141146266746,9054248.686915739,1482652.1802895856,16633423.888485024,3870.8396825222762
3424,DOCUC,USCHA,5708.665325181473,3340.9314606382836,9063027.032616613,1484089.6527782248,13452463.209112488,4470.775003279203
3425,BEANT,MAAGA,5695.465509179412,0.0,9030387.679054085,1478744.8902920056,19300458.948307615,
3426,HNPCO,USGUL,5680.982917204552,0.0,9007424.951965358,1474984.6956518148,12353262.71427213,
3427,CNWHN,CNYUY,5680.782387317023,2915.2974942880455,9007107.003832286,1474932.6309793037,11069817.034287069,4303.077023818445
3428,DZALG,TRMER,5679.189818034057,258.58157751896516,9004581.921728328,1474519.1434977578,15254785.47605126,64696.42880232657
3429,ESBAR,ESMAL,5666.588270974222,3405.046495334286,8992539.573844766,1472547.1838175282,19337293.1410386,6111.4702408235835
3430,COSMA,DORHA,5660.206320387202,3635.9025691418033,8974482.829217063,1469590.3540774877,15744962.179208621,4734.602263379497
3431,CNDAL,CNQUA,5646.472598195586,4627.6544886749625,8952707.465031847,1466024.59259885,10681163.868940704,2624.9125753158078
3432,COBAR,JMKIN,5634.405545742798,4068.0308494716655,8933574.67217821,1462891.5577087805,14342637.264285037,3885.3021048369283
3433,CMKBI,ESALG,5626.381196133445,2305.5941337255254,8920851.745890984,1460808.1518899542,19411514.804081526,9052.904260406256
3434,AAAAA,LKCOL,5620.700248966082,0.0,8911844.377621818,1459333.1764762294,6806805.310035958,
3435,MRNBU,MRNOU,5615.652039228753,1678.2606088359278,8910159.747756626,1459057.3148085224,23645643.171732757,14958.761681211334
3436,ITNAP,TRMER,5612.294870513882,0.0,8898517.31491023,1457150.8420529717,14542313.060599789,
3437,MXPRO,PAMIT,5612.1974755367455,541.1251504126963,8898362.891290225,1457125.5548618634,13292849.579772018,27257.973730078185
3438,CNNSA,CNYPG,5610.145084436349,3664.978174192999,8895108.743358726,1456592.6813245378,12663972.504976343,3852.837456367697
3439,BRITT,BRSTS,5608.57167497146,2757.955318337797,8892614.039910354,1456184.168411451,20969735.849316884,8131.357266238926
3440,INMUN,THLCB,5608.2941085264,3447.273534997578,8892173.94724338,1456112.102315767,11527906.712914877,3766.460271694038
3441,JPHTH,KRBUS,5604.086197032347,4592.916053981323,8885502.1357735,1455019.5792181196,12916316.018052028,3129.0220479454442
3442,CNMWN,PHMAN,5600.096254067092,1529.8820113774536,8879175.922097813,1453983.648482885,11777325.803894041,8648.581625235207
3443,INMUN,TZDRS,5595.298179354212,2620.4078270476725,8871568.383310944,1452737.8980778526,14031372.996958591,5909.046193195768
3444,CNZPU,JPTOK,5587.320650412584,3921.602752542091,8894028.92110617,1456415.8581697475,11789663.619522497,3377.7208742282146
3445,ESVAL,FRMRS,5584.407574426805,1422.5152303979696,8854300.894921206,1449910.3106993253,17451018.867561642,13286.978426918602
3446,CNTJN,JPMOJ,5583.077809218449,781.2167834073298,8852192.499157203,1449565.0564784058,10877110.568037417,15778.815671051247
3447,CNQIZ,CNSHE,5582.437124371473,4231.466934967748,8856624.760102231,1450290.8484884324,11637093.88668803,3092.8717951275244
3448,CUMAR,GTSTC,5578.14120865618,531.5874924418383,8844365.322112225,1448283.3398487289,12986527.630890122,27154.15839532414
3449,EGALE,ITSPE,5577.51678252733,653.0200966926492,8843375.269585112,1448121.2166744398,15055599.705976758,25272.914273599836
3450,ESBAR,TRYAR,5572.618273073309,3914.67945188103,8835608.487511192,1446849.389847729,16466730.64043027,4576.001751987739
3451,MXVER,USPEV,5564.1205068815325,912.0323101338399,8822134.94035442,1444643.068289863,13136936.021875417,15988.007144204623
3452,BRVDC,PACRI,5563.340080888353,0.0,8820897.543821711,1444440.442016768,17542217.569997568,
3453,INMUN,LKHBA,5557.247716257573,650.6469783083512,8811237.856758479,1442858.6480346883,13170445.009829298,22459.650386539604
3454,ESACF,ESCAD,5556.002440494918,0.0,8809263.422379766,1442535.3302710988,21615860.68770452,
3455,CNWEI,JPKOB,5555.488451894342,0.0,8808448.472957574,1442401.8805968717,11722500.714370549,
3456,REREU,ZADUR,5554.022952344279,413.8078129735731,8806124.864982208,1442021.3849257298,19181515.932688985,49838.443526274816
3457,ITGIT,SAKAP,5548.213775121483,2728.27496466811,8796914.182846809,1440513.1164407104,13905773.332727872,5624.904618451987
3458,ITGOA,TRBAM,5548.136316287298,4547.061458520539,8796791.368776435,1440493.0053795383,15438382.453978334,3712.0403173195045
3459,MYSPB,TWKAO,5547.253032268453,2955.119407082157,8795390.886742434,1440263.673514138,11998665.510765836,4547.677211307472
3460,GTSTC,USWMT,5543.782880682046,504.8326147357521,8789888.823025282,1439362.6990602205,12952464.617213637,28508.1171386026
3461,CNCHZ,CNYSN,5540.274872982363,4408.7333059534885,8784326.73693097,1438451.895816368,10572021.692989672,2724.2458899900507
3462,CNWEN,CNZPU,5535.771146824186,4335.585091407915,8780333.971308995,1437798.0720857074,10707744.521265632,2801.3618317446653
3463,TRDER,TRTEK,5533.554178107486,190.95201853671426,8773670.80721022,1436706.9650131846,16530815.859524501,94094.43776622387
3464,CISPE,CMDUA,5533.463839106041,0.0,8773527.57112104,1436683.5098036733,21177445.948940374,
3465,MYSPB,MYTPP,5525.820542248181,2943.701942107587,8761408.819166292,1434699.0387968118,11292092.51452257,4323.396798864577
3466,HNPCO,USNOL,5524.693585962245,2621.3860339324506,8759621.985036062,1434406.4409667093,12514466.754780732,5321.182387937786
3467,CNWGQ,CNYAN,5524.233779107873,4457.818350475906,8758892.942933045,1434287.0587958703,10007154.678201802,2566.6011572176803
3468,BJCOT,TGLOM,5523.641310887146,571.8298352402225,8757953.560943628,1434133.233028223,20029754.86612615,37535.44634504339
3469,GBSNS,NLVSG,5522.115618024023,0.0,8755534.514070116,1433737.1090376794,20517363.768202253,
3470,ESCAD,ESVAL,5513.662576262018,2860.0050432910966,8742131.879280193,1431542.3995283614,19390232.03008972,7280.327871610261
3471,TRANT,TRTEK,5505.291511889176,0.0,8728859.222909743,1429368.9742573812,16338445.806392614,
3472,TRIZM,TRMER,5501.096278026021,1180.3106418429331,8738755.257604372,1430989.4706589673,13676371.173013588,12799.47846618071
3473,CNFUN,CNQUA,5500.033629133586,3836.0432214709635,8729014.973693876,1429394.4787743941,10527319.793188646,3116.939403873071
3474,ESALG,MRNOU,5497.66792766736,2002.156080911262,8724290.834861683,1428620.8911492096,21086025.055115975,11245.200192393522
3475,BRIMB,BRPAR,5494.341228776912,2759.8865900121696,8711497.11237817,1426525.8923050084,23777346.430256277,9132.213045917279
3476,MYBTU,MYSPB,5491.864965411229,724.2897420799532,8707570.89806759,1425882.9664909341,13018036.749750944,19942.184566583903
3477,PKKAR,SADMA,5491.828099327105,473.78033505665053,8707512.445421126,1425873.3947476873,10742601.357698096,25683.79025480402
3478,CNWGQ,JPKNA,5483.288195557223,4493.914172004961,8693972.087453976,1423656.1327797333,11568420.822463563,2891.0380701478502
3479,TWKEE,VNHCM,5482.156053923256,1891.5175734347745,8697781.919206128,1424280.0007061828,10794487.349400043,6459.769405112306
3480,CNLVS,CNWGQ,5476.911898327662,4447.50775105746,8683862.213933188,1422000.6198226274,10959169.834467432,2783.8446040585886
3481,JPCBA,KRBUS,5474.82977005248,1994.2141945564026,8680560.916525258,1421460.0254598146,12629721.899928104,7045.974280868809
3482,FRMRS,ITSAL,5471.988224082587,584.9547527650345,8676055.532079574,1420722.259323449,16484485.92871141,30609.561001767
3483,ESALG,ESMAR,5466.092828267113,440.638174539027,8666708.146927403,1419191.6054332044,20099299.526336666,48834.831785242866
3484,IDSUR,IDTRE,5464.413841438722,3783.514218392921,8664046.046359159,1418755.6808912419,13064391.179376196,3827.961525784691
3485,FRDKK,GBTIL,5455.33372353184,1634.966111573186,8671062.636727236,1419904.662255368,19181068.862172455,12600.244970585534
3486,LYMIS,MTMAL,5449.74627765927,2459.7699435648665,8640790.039098255,1414947.4610087865,15715131.701783778,6964.098088769425
3487,CNNBO,CNTZH,5448.726745471576,4433.577408508322,8639173.530159466,1414682.7542854093,10927294.772841943,2783.75144718175
3488,CNTJN,PHCEB,5448.679842250261,4465.550357474489,8639099.163231743,1414670.5765452853,12877466.455147818,3200.532048142904
3489,ESBAR,ILASD,5448.168213334772,3189.379317167709,8638287.955184354,1414537.7395290157,15408698.959331146,5274.768231017388
3490,CNLYG,CNNSA,5446.852269460442,3968.046703781128,8636201.473696593,1414196.0738167153,10707568.182445252,3054.844149064881
3491,JPMOJ,JPNAG,5444.991770721724,833.0051783310571,8633251.578756498,1413713.0223437778,11309764.492800811,15274.187779524174
3492,CYLIM,EGPSA,5442.688641775359,664.3506644942224,8629599.875971712,1413115.048366825,13908937.496667821,23063.200451074277
3493,MYKUC,MYTPP,5431.870025652839,4147.875285927773,8615952.278487405,1410880.2257033982,11198820.204912838,3040.038468224044
3494,CNQIN,VNDAN,5427.097665270506,4447.862348467298,8604879.761012375,1409067.077783199,12125319.7281452,3042.896957139929
3495,MXMAN,USOAK,5427.089490245084,4445.014895664587,8630000.35729535,1413180.6280220994,12635061.642408222,3160.4488624171254
3496,LKCOL,MVMLE,5426.938145485275,644.5987842818628,8604626.836031828,1409025.6607880595,15210287.27828184,25782.414339464216
3497,BEZEE,IEDUB,5426.83973098525,78.02896411245304,8604470.79591763,1409000.1088926424,18791343.88449564,258882.63702022418
3498,ESLPA,PTLXS,5405.636869077706,2271.9352917810215,8570852.812870946,1403495.0937793362,20946232.725971475,9837.308263401443
3499,CVPGR,ESALG,5404.790394421805,4113.181500531859,8569510.693549713,1403275.3189303516,20890031.780220408,5419.966781497024
3500,CRPMN,MXPRO,5399.2380227757985,1301.4792779138074,8560707.186896779,1401833.726283131,14289512.346260786,12056.546991432853
3501,CNCGM,CNZOS,5397.459605206023,3440.4006124249445,8559659.922123212,1401662.234483694,11239453.620250732,3674.3150809476274
3502,ITTRS,LBBRT,5393.681125746183,4420.475303469482,8551896.505067674,1400390.9586857888,15462474.119404266,3814.717631123277
3503,CNYTN,INNSA,5391.925430654372,4419.036396234731,8549112.780488934,1399935.117957451,11756147.30805047,2977.138282277477
3504,CNNSA,RUVLD,5388.728167253231,662.4624043887414,8544043.391871303,1399104.994957016,11604898.449723052,19629.7983984147
3505,CACBK,CASJH,5387.653786963339,919.9032300358564,8542339.91907934,1398826.0477205967,17273019.37227042,20297.619152031042
3506,ESBAR,ILHFA,5387.475409564647,2943.592874799393,8542057.094600677,1398779.7346200373,15406807.365402773,5709.209056693385
3507,JPTOY,KRBUS,5380.979588206874,3848.7844893529095,8531757.710808424,1397093.188959182,12426023.71939041,3591.553890998364
3508,CNNSA,CNZSN,5377.150219068656,1649.161924108961,8525686.093338601,1396098.9488857314,11316176.789704818,7708.324787730572
3509,ECPBO,ECPSJ,5376.390724707062,0.0,8524481.884742448,1395901.7572067366,17844524.1390665,
3510,AEJAL,TRALI,5374.305201122162,1887.6837698204117,8521175.203935565,1395360.2813010735,11942249.197454143,7065.595250641009
3511,ITANC,ITTRS,5373.7078058038405,235.93424240809577,8520228.009836437,1395205.1762841041,17095926.83396713,78374.09195680506
3512,CRPMN,USMIA,5373.419789290142,1258.2485171052908,8519771.348168926,1395130.3969798898,13693080.524155516,11991.439462092223
3513,CNZOS,DJDJI,5373.030634064561,4398.997500424493,8559368.27066701,1401614.4759470804,12060198.184403049,3060.2001158334583
3514,DZSKI,ESVAL,5371.353373965661,962.9760540381697,8516494.964270907,1394593.8822564888,18725764.909374755,20893.934700928432
3515,ESSAG,FRFOS,5370.897981372639,1973.2220447685236,8515772.921155285,1394475.6461844903,18653132.609013256,10159.833916486326
3516,HKHKG,PGBMK,5363.630727832192,3134.412569930383,8571767.506394759,1403644.876759048,15428047.591178931,5369.967128581232
3517,DEBHN,NOAAL,5362.846976246893,0.0,8503007.731483895,1392385.3196480162,18944426.978239782,
3518,KRULS,VNHCM,5359.639448115629,4392.575916808259,8497922.067727333,1391552.5315595043,11193146.068365045,2864.992851180786
3519,CNQIN,CNQIZ,5356.7410405588,1881.51449219564,8493326.526968129,1390800.0021380307,11129172.245220747,6654.199209886792
3520,INKUP,VNHPG,5352.2495069425595,1595.0979547334762,8486205.021313714,1389633.840676095,13969437.90518116,9628.9207194323
3521,CNHPU,CNWEN,5349.33132747085,4384.127736118095,8481578.131395036,1388876.1777641186,10621882.880570399,2739.600618701267
3522,CNWGQ,JPSDJ,5344.365133522143,2190.0288072915773,8473704.032855783,1387586.77764151,11897798.723351013,6066.306277232327
3523,ESVAL,USMIA,5343.2799341234,1094.7920556319905,8471983.40593531,1387305.0213806296,14776121.598217653,14763.923921851647
3524,SEGAV,SENOR,5342.726361770123,2849.6396171640486,8471105.694894755,1387161.2943599855,19283907.43181335,7253.92383011053
3525,GRPIR,TRGEM,5342.586309380272,1297.362889355701,8470883.636245871,1387124.9317912837,14823621.202251822,12495.151716643997
3526,LKCOL,REREU,5340.191581850942,547.0796394202379,8467086.70025518,1386503.1755727746,16153557.366477435,32061.256311125217
3527,JPTOS,KRBUS,5337.352916079008,2526.0103711094716,8462585.882478211,1385766.157237973,12458251.671978485,5480.586298280281
3528,EGPSA,ILHFA,5335.646451101519,195.79904367650838,8460472.669428967,1385420.114176509,13021515.276793888,73580.21326586753
3529,CNDAL,CNQHD,5333.754459590647,4352.188833605003,8456880.386222683,1384831.870279949,11808494.788325055,3031.423305150276
3530,COSMA,HNPCA,5330.342471293424,0.0,8451470.542719873,1383945.9970792208,15889958.467254085,
3531,AEJAL,INCHN,5308.486528958467,4350.652745867499,8416817.074613076,1378271.41911922,11714137.890303563,3009.2977017893945
3532,CNNJG,CNNTG,5308.4864686048995,3853.0290219785234,8416816.978920087,1378271.4034492928,9740184.561250668,2885.6403368045885
3533,LYBHZ,TRISK,5307.251526981227,0.0,8414858.929730816,1377950.7687947815,16316572.941806026,
3534,CNNTG,CNYZH,5303.036029650817,4052.530248710525,8467655.171479909,1386596.2639260902,10410864.966137478,2911.1346507080125
3535,CNTJN,RUVYP,5300.782421083215,3740.9583459822124,8404601.904365331,1376271.1594149997,12122096.916818324,3608.2647353533257
3536,BHBAH,OMSOH,5291.577471008416,747.7232179800907,8390007.08896213,1373881.2278340668,12073478.468706934,17984.408365528456
3537,CNWEF,CNYAN,5287.1099584881285,4068.9178031141078,8382923.669713221,1372721.303100778,11942106.952247674,3272.3266725019794
3538,NZTAU,TONUK,5282.071167182772,3030.3025375324914,8374934.465170084,1371413.054129024,24915238.05910412,8674.596277980147
3539,PAMIT,USHOU,5281.483979643529,618.360340908682,8374003.45591173,1371260.5994136194,11537571.950799506,20875.9063222644
3540,PHBAT,TWTCH,5273.50817578191,4320.600399132626,8373631.566128606,1371199.7016829692,12447685.402974937,3198.3714826837704
3541,BEANT,NOOSL,5272.508238301306,0.0,8359772.0600940315,1368930.1785507414,18830859.3355111,
3542,RUSPG,RUSPG,5267.504356425052,345.36521348801136,8351838.205842795,1367630.9933051786,16096917.788615532,50568.34938741437
3543,THLCB,THLCB,5265.402151217423,3593.3838704184604,8348505.075657876,1367085.1862584825,11505999.969234513,3582.440846764831
3544,BEANT,IECOK,5265.244790199166,78.45842374429418,8348255.573488452,1367044.3297558308,18598150.001908783,254468.46085939326
3545,CNYPG,IDJAK,5260.467715494665,479.0331311134352,8340681.331052266,1365804.031697939,12406425.593669575,28750.056584512615
3546,BRITA,BRSUA,5258.9292500624,4310.037306734192,8338242.032761059,1365404.5914953453,22839840.28755867,5616.017485796394
3547,USNOL,USPEV,5251.1594116736715,0.0,8325922.644163107,1363387.265818066,12375312.443236979,
3548,AEKFA,OMSOH,5243.880045799792,1492.2581587444247,8314380.91929569,1361497.284204936,11166987.924771126,8395.655360006502
3549,CRPMN,MXVER,5242.3169970804065,781.1677229603073,8311902.643222461,1361091.4613089245,14367378.704914931,20134.56227635643
3550,ITVEN,LBBRT,5235.655088337743,0.0,8301339.921258511,1359361.7934710756,15775320.657303084,
3551,JOAQA,MTMAL,5232.776834665737,1429.534562570012,8296776.335287357,1358614.496713052,14260921.696878996,10926.308885817565
3552,MATAN,TRBAM,5224.287201491598,1834.9910900253735,8283315.683354366,1356410.28677508,16376382.33573357,9663.694128489446
3553,AUDWN,PGPMO,5220.339252067699,0.0,8277056.052113047,1355385.2590528836,18141663.65882083,
3554,PRSJU,USPEV,5219.9924005408075,0.0,8276506.105185996,1355295.2040920989,13730343.205240434,
3555,OMDQM,OMSAL,5219.4283684872535,1782.3598935515179,8275611.809873558,1355148.7613622095,12057955.92025014,7525.474922399365
3556,DEBHN,FIRAU,5217.244579104646,3054.1957042505965,8272149.324725932,1354581.7721695262,17895063.051362276,6302.68872316912
3557,PAMIT,TTPLS,5209.940409247782,4269.887739876611,8260568.272154401,1352685.350562503,15359577.864726482,3913.9818733904062
3558,BRSTS,BRSTS,5206.360404949302,2362.0636507301165,8254892.032581738,1351755.8544475557,21524975.029475342,9685.061144246334
3559,CNXIA,MYSPB,5190.865590307616,0.0,8230324.386091034,1347732.850894907,11893196.700879866,
3560,CNDAL,JPYCI,5183.937437560707,3369.560751541964,8219339.523641519,1345934.0566686683,11470638.44408272,3803.6330091055115
3561,CNSAX,CNTAI,5177.6530717505175,4118.619498503008,8209375.411052032,1344302.4123692575,11198013.129621442,3045.2717340238514
3562,BNMUR,HKHKG,5172.28928793934,513.8218396943935,8200870.91793141,1342909.783814028,12559010.427242402,27055.915371999163
3563,AEJAL,KMMYT,5171.341249156772,1589.3449490778912,8199367.764637342,1342663.6393148184,14072697.645932013,9699.191666472745
3564,ITGIT,ITSAL,5170.286937374554,215.46046372437195,8197696.111264554,1342389.9025749126,15754276.609269556,79349.43709076667
3565,CNNTG,CNNTG,5168.579623850577,2946.0815151463366,8203832.274911232,1343394.71221997,9615010.32816358,3719.6543897527654
3566,ILASD,ITVEN,5167.352060221481,0.0,8193042.746506232,1341627.9043525113,14838740.087740043,
3567,ITGIT,MACAS,5154.073580253021,0.0,8171989.187019218,1338180.3399045207,17263090.078557704,
3568,FJLAU,WSAPI,5151.944736607382,2814.9043225541523,8168613.82052859,1337627.61657433,25087253.259952176,9387.48811630991
3569,BRIOA,BRPEC,5147.099417371157,2531.0312562287786,8160931.373666017,1336369.5998150585,22753067.186844483,9517.637021422113
3570,ITGIT,LYBHZ,5146.692873544161,468.67247085865387,8160286.782216839,1336264.0466156083,16718091.976551441,38522.330936335355
3571,BRPAR,MACAS,5144.809502971679,4216.508692066055,8157300.623072267,1335775.0568032577,20891465.04640957,5271.479730383683
3572,CNDAL,JPNTA,5139.359072126079,4212.041706646536,8148658.747623401,1334359.9316041267,11950054.392721469,3153.913291827808
3573,MXLCS,USOAK,5138.922030243865,3369.346817736552,8147965.800291524,1334246.4600276372,12864263.913460234,4214.024599291947
3574,JPNTA,JPTOS,5126.9700197129805,3377.9884451690846,8129015.410992516,1331143.2941015551,13664120.07762943,4439.1103211664185
3575,CNNBO,CNSLH,5115.0815070100425,524.0180812933033,8110165.700031778,1328056.6144641652,11051735.375636851,23624.74203093729
3576,CNYTN,RUVLD,5111.004316715354,1196.800893025965,8103701.152236173,1326998.0312271495,11583190.431688068,10787.248353628298
3577,EGDAM,EGPSA,5109.169357114711,244.5138251617164,8100791.750617902,1326521.6106204458,13222389.865208,59501.385928612
3578,MYSPB,THBKK,5107.887888024187,0.0,8098759.9302745955,1326188.8957849992,12362096.505430983,
3579,LCPCS,TTPLS,5104.846680370874,3922.27175521797,8093937.974268073,1325399.2903927083,17652571.730702188,4838.515076332401
3580,BNMUR,SGSGP,5104.707694341628,181.89750568417338,8093717.606376451,1325363.2046890485,11627313.938381707,71208.65728395608
3581,JPYCI,THLCB,5099.376369245105,2507.563956171994,8085264.577842245,1323979.003567601,11836556.868164524,5248.335078090205
3582,USPEV,VILIB,5097.822740430551,0.0,8082801.237403758,1323575.626413051,15271389.878009053,
3583,ESBAR,LBBRT,5095.279541570504,1855.9625072936906,8078768.894197722,1322915.321770133,16345279.528894188,9519.693841459954
3584,JPSAK,KRBUS,5092.104124699881,1869.0298286759762,8073734.144125385,1322090.8709040163,12171944.71537561,7219.807506142812
3585,CNWEF,CNWEN,5066.186985848829,4152.072384628603,8032641.486996715,1315361.8622592946,11666208.165148279,3126.5278696649593
3586,THLCB,THSON,5060.766801173359,3809.0481317710783,8024047.568056697,1313954.590038899,11754711.446326585,3430.9532419294997
3587,NZBLF,NZNAP,5055.32423215809,920.704365732085,8015418.157853321,1312541.506049817,24690339.09008759,28242.377861933546
3588,CNHUM,TWKAO,5054.279159864019,0.0,8013761.154057426,1312270.1682088007,11089231.879031235,
3589,AUDWN,CNYPG,5049.626100508626,0.0,8006383.542902531,1311062.068934927,15711764.89879386,
3590,ESSAN,NLROT,5047.737162816022,111.80950121742043,8003388.556867008,1310571.6337007014,19291394.751863208,184259.53216178046
3591,PEPTA,USPHU,5047.6292197452985,4136.863078621127,8003217.408824001,1310543.607850309,16271868.605213718,4250.179877581176
3592,COSMA,JMKIN,5045.527830489304,3216.220662942312,7999885.572362936,1309998.0126536025,14841316.746394275,5021.8304188967195
3593,CLANT,CLVAL,5045.3431832291735,4026.174008086792,7999592.8067689445,1309950.071674593,22162926.664989535,5830.070108623612
3594,INMAG,INNMA,5038.745139165998,0.0,7989131.3448010115,1308236.9853731105,14928739.39862255,
3595,AEKHA,EGSOK,5028.3333931529805,3434.2074030452613,7972623.106315174,1305533.726756066,12131701.502229994,3912.7617094618918
3596,KEMOM,SADMA,5026.419697771031,2059.740242411484,7969588.865975947,1305036.863547418,12766175.2430913,6831.54691883116
3597,PHBAT,TWKAO,5002.724413790095,3435.185946722908,7932019.048343262,1298884.7272462936,12590237.316097202,4043.1936607662865
3598,CNYSN,KROKP,5000.257319629245,4098.038700676006,7928107.372172577,1298244.1820830673,11523338.78534606,3128.7120263930397
3599,CNNSA,KHSSK,4988.67068592441,4085.0795472346704,7940347.609837417,1300248.5466293232,12110113.512165984,3282.7664440153285
3600,CUMAR,NLROT,4987.962916189005,681.3271051683571,7908614.105262415,1295052.1188114802,15505814.417157192,24659.031482120692
3601,BEANT,GBGRA,4983.194248920363,727.2973581098228,7901053.193151043,1293814.0036221875,18399609.630344987,27077.540450784156
3602,NZAKL,NZWEL,4982.07637429309,1786.3729729967388,7899280.758352767,1293523.7637128418,23804482.03227398,14049.700804576963
3603,USJAC,USPHI,4981.363780999539,408.2554207069386,7898150.913270237,1293338.749214905,12549024.129041923,33906.13370004316
3604,AOLUA,TGLOM,4977.26361787626,1019.7984636436653,7891649.941138828,1292274.2014166364,19725077.020703495,20609.31838142477
3605,CNHPU,CNQIZ,4977.018801123526,3787.6365532525942,7891261.774414977,1292210.6383028612,11616684.58704235,3408.166291525471
3606,CNJMN,CNJMN,4975.172286638183,1920.9787842326798,7888334.052066249,1291731.2176381852,11402304.957438122,6608.108470155147
3607,ITRAV,SIKOP,4970.866559269252,232.79720260810225,7881507.149626212,1290613.2980694447,17185763.736987576,79366.83442953866
3608,RUNVS,TRBOR,4961.275713325741,0.0,7866300.480935057,1288123.1742315094,15277145.799713705,
3609,KRDAN,KRGWA,4957.463163612917,3595.95848826804,7860255.531334893,1287133.301077553,11540354.048204374,3567.195614502259
3610,INKAN,IRCBA,4952.530366765381,477.52039220306574,7852434.385231298,1285852.5720271554,12741411.201053945,29375.214131412427
3611,ESSAN,ESVIL,4945.9915160676455,2047.6768198665357,7842066.776704685,1284154.8544231993,20434601.401212446,10606.535193894142
3612,BEANT,GBTEE,4944.407886657878,171.1639351042941,7853728.446062294,1286064.4771977386,18257496.43497449,114180.36691119478
3613,TRIZM,TRTEK,4944.245757530035,0.0,7839298.806928865,1283701.5935768273,15198157.316465149,
3614,KRULS,TWKAO,4943.564560379699,4049.6606651779693,7855170.93901501,1286300.688439041,11075879.316106353,3052.645894715259
3615,SAKAP,TRMER,4934.9637680863925,0.0,7824581.842534314,1281291.659842805,12661598.715836758,
3616,AEJAL,TZDRS,4921.233898922245,1152.3639504192206,7802812.587477794,1277726.8987467824,13077559.679362664,12457.250656693235
3617,DEBRU,NLROT,4919.234818868008,2736.485020468789,7815373.412056508,1279783.7600714308,18726327.494368963,7310.879140501611
3618,CNHPU,TWKAO,4907.483530682533,731.089624754035,7789976.345793099,1275624.9372943607,11081172.71568187,16901.89168959073
3619,VNHPG,VNQUN,4907.146588003084,335.12771581538675,7782213.237100732,1274353.7119915704,13197504.963603709,43183.114951815725
3620,OMSAL,YEADN,4904.049478571366,1296.512924949513,7775566.003759895,1273265.2136140158,12500870.673992066,10623.986558516148
3621,CLSAN,CLVAL,4902.895037056716,3244.981354224908,7779480.878550211,1273906.282557904,21485437.82308229,7013.705664597404
3622,ITANC,MTMAL,4902.113871853427,0.0,7772497.022123714,1272762.66144525,16892039.179244444,
3623,DOCUC,MQFDF,4902.049864577083,4017.5512525763347,7772395.536034696,1272746.0428856816,16687882.37684681,4470.541205470591
3624,DKAHS,FORVK,4900.243582181239,0.0,7769531.603268175,1272277.0678986546,19423715.98643975,
3625,MTMAL,TNSFA,4900.076733739802,410.6969045252764,7771316.898503855,1272569.4137315527,17449096.32322838,45585.115277652905
3626,CNWEN,TWKEE,4896.075526897138,2515.870923821067,7762922.985408495,1271194.8928869925,10217930.76202988,4566.6594204552275
3627,ILHFA,SIKOP,4895.163293350229,0.0,7761476.602743346,1270958.044697135,14522986.253826097,
3628,MTMAL,TRISK,4892.764313117456,1603.9764537500641,7757672.923921763,1270335.184325949,15309790.617051763,10336.888526395582
3629,MYSAN,MYTPP,4891.460989855798,1639.993489982859,7755606.452918658,1269996.7953724088,12152920.210576348,8184.737980934942
3630,CNDAL,CNRIZ,4889.586334110948,3331.4002829335636,7752634.111480812,1269510.068238466,10490670.08372518,3530.1012046525584
3631,CNCHS,JPYOK,4883.1457088847,4002.0580575907748,7742422.243356112,1267837.853451413,12264181.569148961,3381.265146050031
3632,GBIMM,LTKLJ,4881.818840175154,0.0,7740318.440106475,1267493.3512643366,18521762.12973002,
3633,FOTHO,GBIMM,4877.701597807457,1817.0892052889824,7733790.388151984,1266424.3690883382,21025266.27897272,12267.80203370141
3634,CNRIZ,KRBUS,4877.629814258928,2398.522452186877,7733676.572473328,1266405.7315326508,10460692.9497248,4889.301190641409
3635,CNDAL,ECGYL,4875.364736348617,3995.681040460758,7730085.201123541,1265817.6369545015,13078949.440523896,3590.0681090961766
3636,MTMAL,TRGEM,4873.0907524655095,0.0,7726479.708998745,1265227.2300698783,15403425.275753027,
3637,ESBIL,GBTHP,4867.729942472443,1070.3332216973035,7717979.930985322,1263835.3736233253,20349769.752327133,20193.342304816277
3638,MYBTU,MYTPP,4866.4440532872,3031.1611664334187,7715941.102405582,1263501.5111744886,11210324.25551671,4115.197141222413
3639,ESCAS,MACAS,4863.755883190131,0.0,7711678.901522325,1262803.5668556492,19261363.043963987,
3640,AEJAL,EGALE,4861.164423351523,0.0,7707570.038610309,1262130.7319506598,11585664.894863907,
3641,CNSTO,CNZHA,4860.291418458827,3983.327468212094,7706185.854540711,1261904.0689110553,12328946.528233184,3411.9340439877155
3642,JMKIN,SXPHI,4859.570403904687,1820.6795654920077,7705042.657213709,1261716.8679551294,15235348.735841688,9060.93851794221
3643,GNCON,MRNOU,4859.418293299548,948.2409249762306,7704801.47978365,1261677.3746459791,23273984.27544877,25874.923770780908
3644,DOCUC,USHOU,4853.756006358699,994.492817380217,7695823.698047724,1260207.2440890209,12325881.864095144,13661.324517128107
3645,AUDWN,IDSUR,4853.090779890625,142.05093117202338,7694768.954955801,1260034.5276992952,14461572.939788256,110675.84941381846
3646,LYMIS,SAJED,4845.665428195363,2482.0878189255823,7682995.763747206,1258106.6429881523,13924717.2925717,6116.956789277512
3647,BRIMB,BRRGR,4833.777493733412,3688.383943171605,7664146.969610608,1255020.113482635,24505546.217585936,6984.242076739254
3648,CNZJG,CNZOS,4827.366127497103,3956.343033618602,7653981.4927811995,1253355.49536732,10121391.56124815,2875.065928297868
3649,CAVCR,USPTD,4823.6049182191455,1581.3041904090544,7648017.945487783,1252378.9520115338,15616254.04891489,10667.544614906015
3650,CNDCB,CNTJN,4817.234413581683,2820.0281641490997,7637917.256352754,1250724.9430168264,11318861.549400508,4457.25565872496
3651,IQUMQ,KWSHU,4816.876375980553,2368.6475967125557,7637349.573458939,1250631.9837543482,11370128.65951973,5328.255946891561
3652,JPSBI,KRBUS,4815.710551217086,2132.174191501019,7635501.11180765,1250329.2942886364,11958431.041570853,6194.972431666439
3653,NZTAU,NZWEL,4815.558901393613,1973.3331188602813,7635260.664965297,1250289.920614753,24385791.686881367,12991.25898332994
3654,CRPMN,PAALM,4815.343321943838,46.429288896795725,7634918.855151162,1250233.948542006,15946615.632150648,370387.9596114055
3655,ESCAS,ESVAL,4812.297099620846,438.2214419241434,7630088.948185897,1249443.0411635735,18719082.513526067,45567.20334589702
3656,CNDAL,KRPOH,4811.8923463946585,3943.6612555119696,7629447.195805705,1249337.9528676143,11276277.516991079,3176.138785336066
3657,COCTA,TTPOS,4811.666887803753,3015.59965919985,7629089.722219364,1249279.4158193718,15493276.024675544,5551.982137090881
3658,DZSKI,MTMAL,4805.411156224129,1009.8332039094746,7619171.010344265,1247655.2059820024,17716265.013052143,18779.259926903876
3659,CNXIA,KRGWA,4805.345169587867,2813.0681534802243,7619066.385901168,1247638.0735103823,10610995.825089699,4215.55157983962
3660,JPHIB,KRBUS,4800.605642152319,2439.944844282564,7611551.676157157,1246407.5240554835,11733099.81409934,5319.590468845736
3661,ESGIJ,NLROT,4800.298324818012,1656.4880819797086,7611064.412268926,1246327.7335735515,19170429.36781673,12325.326890966659
3662,KRBUS,KRPYT,4797.958914515559,2194.7396620924783,7607355.183947295,1245720.3396694935,10700841.437182525,5443.270554222406
3663,JPMIZ,KRBUS,4791.594526855942,0.0,7597264.193524562,1244067.9188592315,11706972.381047918,
3664,BEANT,GBLIV,4788.294754188572,980.228904185161,7626760.375596314,1248897.9804326561,17858973.60555144,19493.27499362812
3665,GPPPE,JMKIN,4787.889520871032,1307.4900082403983,7604847.46040795,1245309.6946892482,14709275.441604253,12202.452818561082
3666,EGDAM,INNSA,4786.33215734322,1120.7751442300894,7588920.49681817,1242701.621053508,12759962.41608504,12493.731779497666
3667,CNHUM,CNWEF,4782.658566637682,3919.7022563738983,7583095.872265233,1241747.826587352,12317203.866516117,3459.1789902039154
3668,BRMUC,GPPPE,4776.562878501056,3425.3681352624803,7573430.915650953,1240165.169705255,19798851.568891257,6142.118425756982
3669,HRRJK,ITGIT,4774.781114512844,170.14113773458678,7570605.857797437,1239702.560566629,16104568.689993173,101940.49176758273
3670,GBBTL,GBGNK,4768.758162576605,781.6619927813057,7561056.227329324,1238138.7885824367,20233078.103076003,27468.67199626742
3671,BSFRE,CAHFX,4764.673330344456,976.2405440205524,7554579.562937142,1237078.2212273618,14562940.430000473,16184.554870213631
3672,BBBTN,TTPLS,4762.3131992736,1798.0240859698513,7550837.48101094,1236465.4474767663,17789268.377206724,10581.467719561188
3673,ESACF,ESALI,4758.48152627317,941.3521760995835,7544762.21067571,1235470.6092389573,20977046.24265707,23596.394012633817
3674,CNDCB,CNWGQ,4754.566415322712,2597.7859310610534,7538554.646143509,1234454.107549396,10628016.471957153,4566.3772513624235
3675,GRPIR,MACAS,4751.542767959143,2096.877364260293,7533760.532676619,1233669.0614312668,16748235.568989368,8575.563329028564
3676,GRTHE,TRTEK,4751.4735196889815,59.002182815804346,7533650.73678291,1233651.082123781,16465149.838768505,299968.57872437016
3677,AEKHA,KWKUW,4747.14992357804,0.0,7526795.502739876,1232528.5231957291,10776230.247299662,
3678,CNNBO,KROKP,4744.294376714684,3888.260287496148,7522267.919319302,1231787.1219307454,11562447.75093237,3290.4779842045973
3679,OMSAL,SOBER,4743.619442049395,268.11773339916044,7521197.78349357,1231611.884948629,12895551.182219833,52690.14804827042
3680,MAAGA,MACAS,4740.008098456565,1726.5544006428117,7515471.854220016,1230674.2520411203,20017560.461351287,12306.72761048334
3681,PACRI,PAMIT,4732.779270885307,1212.1321572858606,7504010.259846689,1228797.3919641748,13635192.958639674,12262.68131016875
3682,BGBGS,ITGIT,4729.548851689003,0.0,7498888.301393693,1227958.6605431281,16454440.659310577,
3683,FRLEH,NLVSG,4728.474590576909,750.0570843054683,7497185.01756288,1227679.744249493,19109791.289112438,27114.564289721835
3684,NLROT,PTSBL,4726.535524670439,1684.219888669008,7494110.551245345,1227176.2939526716,19407172.90928483,12251.576734166374
3685,CNQIZ,CNYSN,4724.835268136623,3226.9268935307605,7491414.726710991,1226734.8470406474,10765104.196252655,3716.1793368589033
3686,PACRI,PACRI,4723.333410033239,1055.7494730153426,7489033.47079949,1226344.91139926,13634534.590005906,14076.142002667333
3687,PTLIS,TRBAM,4716.534348638174,3865.509124482436,7478253.287836013,1224579.6338674182,17280901.89950806,4787.333553598383
3688,CAMTL,ESVIG,4714.685956958759,0.0,7475322.589121227,1224099.7258165681,17293131.193832606,
3689,KRINC,KRPYT,4704.593298144456,2857.36589294636,7459320.276112978,1221479.3135557869,10709944.853392875,4175.672494867511
3690,ESBIL,FRLEH,4704.572865107527,462.6847085411284,7459287.878718133,1221474.0084145472,18939349.01850256,43573.56673940089
3691,CYLIM,ILASD,4700.506596136006,318.08587132521046,7452840.647115912,1220418.260740455,13753283.200452588,47074.39974875199
3692,MXVER,PAMIT,4697.189759856118,855.478881267596,7447581.670930899,1219557.0923789022,13370715.938426163,17055.09434573779
3693,ESVAL,ROCON,4694.484125818252,2885.578140917379,7443291.7802731125,1218854.6138015068,16117169.79744579,6007.81665393953
3694,IRBAB,LKCOL,4690.684532089064,427.1470561169842,7437267.372901639,1217868.1044805096,11696569.996054024,30234.173256241786
3695,CNBHI,CNFAN,4689.68608370335,3830.1132069204173,7435684.293171634,1217608.8718600653,14338470.970018396,4061.5195952357362
3696,CNHUM,CNHUM,4683.507281514976,1218.1879503925384,7425887.555914025,1216004.6356217004,11280937.745287605,10258.63240305603
3697,CNDCB,CNYSN,4682.473167143369,1096.4553580359272,7424247.926341159,1215736.1428460833,10667063.070635447,10837.467413873654
3698,JPMKX,JPNAH,4680.098649701254,3835.647680403644,7420483.0342496475,1215119.6338831584,12613128.465406138,3605.192460699123
3699,INMUN,IRBAB,4677.659047441183,0.0,7416614.947583928,1214486.2265926378,10664671.414315687,
3700,CAHFX,ISREY,4669.149437635805,255.11160555086389,7403122.621905509,1212276.8300125338,18335408.337237276,76624.05293181541
3701,CNPLI,CNPLI,4666.174904960499,3824.2362587190137,7398406.381735371,1211504.5358097989,13415207.426624876,3824.7406731440055
3702,CNMWN,VNDAN,4661.837455629613,3820.6814346201795,7391529.182859699,1210378.3800944125,12631951.201838536,3623.000194809238
3703,ARPDE,UYMON,4655.056172438211,1387.0302537610958,7387785.101236064,1209765.2788891753,24101046.690786522,18248.204681219067
3704,FRDKK,GBLIV,4654.982842896697,1364.6914011573745,7515545.748985245,1230686.3524636475,19143001.456855547,14929.153794066977
3705,CNNSA,LKCOL,4645.35307820246,2175.526518039232,7365392.545112509,1206098.4509383566,12457557.501775624,6280.620272571451
3706,PACRI,VELGU,4642.818570993152,951.27355293577,7361373.982865311,1205440.402956303,14282801.171099756,16281.585382308873
3707,ESVAL,ITSAL,4637.264203113164,1900.2710215547756,7352567.311103795,1203998.2920159246,16828726.069525033,9489.553940988286
3708,GAOWE,NGONN,4634.343554233274,0.0,7347936.5058399765,1203239.9879579835,19611591.604306176,
3709,DZALG,ITSPE,4634.261119760846,527.5112249186049,7347805.802696759,1203218.585044615,16966808.270824764,34444.81557463165
3710,PEPTA,PESAL,4629.976070084187,1235.44105031955,7341011.68556237,1202106.0341383205,18667157.157959517,16082.72866354781
3711,BBBTN,COCTA,4625.799360155373,583.2532080995018,7334389.34541838,1201021.6120738708,16212970.126432702,29856.65830325923
3712,CUMAR,PACOL,4620.09319800556,0.0,7325341.99778906,1199540.0899562119,14038122.462766258,
3713,CNNBO,JPMOJ,4611.768299000308,3009.7184918400526,7312142.538449829,1197378.650852354,10264421.054858664,3808.2630441306205
3714,PECAL,PEILO,4602.824291825558,0.0,7297961.458420101,1195056.4693051074,19617368.193647757,
3715,MGTMA,MZBRA,4601.622925572343,2030.7170581647265,7296056.644319553,1194744.5520078384,19745084.354957122,10311.544300459793
3716,AUSYD,VUPVI,4599.352415516513,628.2451412664461,7292456.6600864325,1194155.0470520095,21300218.75549828,35805.08996409438
3717,ITSAL,MTMAL,4597.082501313269,1421.739812863712,7288857.620601346,1193565.6968006492,15819226.173202425,11966.17814038378
3718,FIHEL,FIKOT,4596.023657466196,2583.472750208571,7287178.7814590065,1193290.7833759338,16391590.945926247,6806.683650091724
3719,JPNAH,JPSBI,4594.638347257082,3765.6073595959824,7284982.3168813735,1192931.1077023838,12415979.264049256,3614.00142717263
3720,HRRJK,ITANC,4584.259032182581,578.0155123696934,7268525.498941779,1190236.269307451,17285298.217440434,31963.734694599512
3721,EGALE,TRTEK,4583.105712910475,0.0,7266696.865245718,1189936.8267109236,14865363.054654814,
3722,ITANC,ITGIT,4580.675376427957,0.0,7262843.469839792,1189305.825144955,16827089.615311574,
3723,ESSAN,GBTIL,4578.21953210247,0.0,7258949.630731679,1188668.200838072,19708294.776248533,
3724,DEKIL,LVRIX,4575.597562244436,2395.834731174155,7254792.392967235,1187987.4444497102,18232384.204265364,8105.889524023013
3725,BEANT,NOBRE,4572.335894374123,0.0,7249620.888495518,1187140.5997643583,18602502.45092062,
3726,ESSCT,MATAN,4569.632084621719,2592.7705993180593,7245333.890315076,1186438.594836184,20379942.501079958,8317.890175701796
3727,SAJED,TZDRS,4568.619777698501,3744.2834360113447,7243728.837321231,1186175.7640477782,14354181.467313914,4150.422236174592
3728,DKAHS,SEHEL,4564.864912633063,2447.5179948966675,7237775.349029749,1185200.8678746202,17515059.222633243,7640.49953034048
3729,CNQIN,IDJAK,4563.223773155858,2991.1932907990513,7242879.830971102,1186036.737480293,10538102.647905733,3919.5525817236985
3730,CNJIJ,VNCMP,4559.499296393498,3736.808603624226,7229267.950520847,1183807.7635559766,11800543.426565854,3474.716681375832
3731,PTCNL,PTLIS,4559.365830339207,162.4651834540184,7229056.334769632,1183773.1110336336,21461896.255161818,139387.82996299467
3732,CNNBO,JPOSK,4558.384844181554,1494.2629804258122,7229610.246021952,1183863.8151609816,10579888.531778973,7872.611783226873
3733,ESVIG,PTLXS,4557.442917198526,705.7145341391332,7226007.479306366,1183273.8545678232,21220807.93911431,31746.66343100299
3734,ARPMA,UYMON,4557.365814654538,3589.364165117464,7293082.156696637,1194257.4734315968,23742417.428138312,6947.379467347483
3735,MZBRA,ZADUR,4556.37020528145,311.18700902568327,7224306.651786029,1182995.3405001713,20188872.769609824,68678.53570438124
3736,PACOL,USPEV,4554.5578499952535,0.0,7221433.090209693,1182524.7887753763,13873786.257596191,
3737,ITGIT,LYMIS,4544.280975255157,496.5781588942213,7205138.695505242,1179856.5475252806,15650182.137850909,33892.02360984476
3738,LTKLJ,SEGOT,4542.441124404209,992.7542168826325,7202221.53861457,1179378.856976483,16670325.740264963,17979.983659290476
3739,ECGYL,ECPSJ,4541.292694673793,2830.184982179399,7200400.657481835,1179080.6838784325,16352519.029508492,6194.506657259774
3740,JPMAR,JPTAD,4540.902805488753,3721.5675601032767,7199782.4726316035,1178979.4548148501,14109200.263072245,4107.994674551289
3741,DZGHZ,ESALG,4539.824473563885,3720.6837963931694,7198072.734364807,1178699.4815938082,18990376.10045477,5420.798080611011
3742,CLIQU,CLLIR,4523.556915768263,1235.7838220816104,7172279.872789382,1174475.8465056785,22872484.84829223,19458.873198624755
3743,JPSDJ,JPYOK,4522.203917798171,2990.4446694942562,7170134.640555209,1174124.5602356403,13219130.832312537,4813.0819939171
3744,CNJIA,CNNBO,4518.8731959702045,3676.079422271525,7164853.648280012,1173259.7866932228,10592294.226713922,3200.5712232781325
3745,TONUK,WSAPI,4518.2359275740655,3064.2890058108396,7166575.304099153,1173541.7114384142,25732547.27534427,8780.532428814782
3746,ESCAD,PTSBL,4514.724826260915,2052.8444903481213,7292950.071491647,1194235.8442027192,21142442.97028577,10880.843103074327
3747,CNTJN,IDJAK,4513.99745389162,924.8792151246942,7157122.964787728,1171993.8710848382,10825833.077702705,12972.317630870288
3748,JMKIN,USMOB,4512.05917444774,1706.7361446539524,7154049.745437988,1171490.6249816043,12616070.11876324,8078.320006834055
3749,CIABI,FRMRS,4511.642842584379,924.396775539823,7153389.634666843,1171382.5304606878,18695041.61040635,21491.230461362848
3750,DEHAM,GBIMM,4504.962755385655,1465.9857791760046,7142798.090035921,1169648.1428507734,18922163.652150013,13705.325167815687
3751,GBTIL,LTKLJ,4504.358511590115,2767.4049832339615,8004263.042593193,1310714.8325693645,17281187.61526119,6718.171919349601
3752,CNWGQ,JPOIT,4498.241766538652,3686.604041737481,7132141.694210642,1167903.1357219974,10925161.79246352,3280.2722481924334
3753,USCHA,USMOB,4496.618912212366,1842.6370031096972,7129568.5939628435,1167481.785168857,12022111.535371391,7157.998725891774
3754,BEANT,ESLPA,4488.873799744974,1839.4631893833655,7117288.40929915,1165470.8792178978,19055175.269032646,10992.688663168636
3755,INKKT,INVIS,4486.590861878143,0.0,7113668.72027611,1164878.1475614614,16429429.948246451,
3756,LRMON,MATAN,4486.142900528893,0.0,7112958.459693821,1164761.8409039665,21093548.899844307,
3757,ESBAR,ESCAD,4485.719411390014,1838.1705753507995,7112287.000776936,1164651.8881004243,19467425.197979722,11224.24510692795
3758,BRMAN,BRPAR,4479.5270447093635,3671.266100222404,7102468.75647592,1163044.13003867,21328865.031913936,6126.472052949269
3759,CLANT,CLARI,4478.295748599411,1966.2090923217702,7100516.487394024,1162724.441888844,21075410.848742664,11310.157895960047
3760,INGAN,MYPKE,4476.446429047671,2853.465481779185,7097584.317500668,1162244.2929294226,13323181.458887156,5076.432795249608
3761,EGPSA,GRTHE,4476.317011286197,444.6830627122025,7097379.120479145,1162210.6914875063,14953888.851744648,36241.766090521065
3762,ILASD,TRALI,4469.762857903096,323.2291507918527,7086987.2489346685,1160509.0007635732,13555032.074005961,45526.65203221656
3763,CYLIM,ITGIT,4469.255865102579,0.0,7086183.391632439,1160377.367447215,15142586.95713123,
3764,MZMAP,ZADUR,4465.942334406938,1917.2122825888403,7080929.656583063,1159517.0573325967,20500772.67940389,11297.804595476655
3765,BGBGS,TRTEK,4464.153177033296,146.34664830876872,7078092.876222127,1159052.5286088362,16732052.185871027,122251.55082972866
3766,FRBOR,FRLEH,4463.698175728568,87.10222153140866,7077371.4535097,1158934.3941291596,19264713.48800676,234479.0697992846
3767,RUVLD,RUVYP,4460.520620719966,909.5494385763205,7072333.313334337,1158109.3881265742,12643615.377531907,15174.243620293735
3768,BRPEC,COCTA,4457.734894470137,730.6812008725587,7067916.433280699,1157386.1147697172,17992192.50153635,26207.84357588259
3769,SEGAV,SENYN,4457.416637585513,1014.7625477722952,7067411.824299212,1157303.4839924471,18998653.571004055,19862.732517321227
3770,VNCHL,VNHCM,4455.513768487677,97.3756172266278,7064394.74946516,1156809.431671213,12975053.597816562,145127.32686045923
3771,CNSHA,CNZZU,4453.242339602353,3649.7240611074308,7060793.308391236,1156219.688154652,11481240.970837358,3462.5797587441293
3772,GBIMM,PLGDY,4452.752293962929,1216.4408121925046,7060016.321488709,1156092.4549225064,18570195.67104132,16216.397812573634
3773,EGSOK,SAKAP,4448.919136957485,0.0,7053938.698204351,1155097.2313843507,13359370.357921293,
3774,GBLGP,GBLIV,4427.789615465116,907.2159712358961,7020436.999310474,1149611.2580445427,18067331.224346317,21182.32382550729
3775,CNSHE,MYPEN,4427.448707916691,2417.0215212967805,7046876.133595066,1153940.721641966,10832208.488414299,4959.057709848382
3776,AOLUA,BRIJI,4422.757110201199,1812.3697084691612,7012457.761536704,1148304.6411521412,21785713.698459268,12654.161141869276
3777,ILHFA,ITSAL,4418.379586781337,329.1956135905665,7005517.023594953,1147168.080781646,14363081.258662542,47115.60148166158
3778,GUAPR,TWKAO,4406.556143795987,0.0,6986770.483266191,1144098.295551261,13937310.108828278,
3779,CNNSA,VNQUN,4405.271490469274,0.0,6984733.61418943,1143764.7539751402,12709938.74448435,
3780,LKCOL,TZMTW,4400.611957402247,721.3180024674875,6977345.738706591,1142554.9738960743,16240016.661039885,24098.34715822091
3781,AOMOC,NAWVB,4397.731832201593,491.48584921479807,6972779.185352136,1141807.1912228223,22170756.873695184,47432.82864025964
3782,KRBUS,RUNJK,4393.383050250035,65.4666445269828,6965884.018154486,1140678.0931570898,12750576.884748138,212188.28425183444
3783,CNCGM,VNHPG,4390.389069047547,2698.6587638227493,6961136.941568967,1139900.749426771,12315783.408127196,4986.063572740666
3784,CNHUM,VNHPG,4390.198805077661,3598.0557512995765,6960835.270457683,1139851.3501506585,11778787.28350283,3590.4498225152356
3785,CNBYQ,CNNJG,4387.724660037664,3596.0280272292193,6956912.414836948,1139208.9743290788,10430264.975222878,3217.2924854721914
3786,TRBAM,TRBAM,4386.070476772752,752.3732753564523,6954289.641307676,1138779.4896720913,14177724.378515542,20357.586280468462
3787,CNBYQ,CNRIZ,4384.59865312498,3375.6802378218226,6951956.006223212,1138397.3520408396,10601174.10124373,3477.6906064004443
3788,CUMAR,USWMT,4382.936476726657,0.0,6949320.559262179,1137965.7920828655,13462900.890835606,
3789,BBBTN,DOCUC,4379.046806902776,1096.6132092810676,6943153.332650666,1136955.8958122768,16853851.753049325,16405.791482902398
3790,LYBHZ,MTMAL,4379.008437040492,687.2332042396687,6943092.495703967,1136945.9336348742,16783041.540484313,26075.55537707938
3791,MUPLO,MUPLO,4378.5441119538855,578.7909622869017,6942356.289763573,1136825.3783706648,19035401.190679263,34852.35237493347
3792,CNDAL,CNWEI,4377.625274161297,866.7038735380602,6940899.435803547,1136586.8154843464,11362319.051518537,14421.195345510372
3793,CNJIN,CNTJN,4375.743270527821,1903.78969381543,6937915.443995276,1136098.180577853,11445261.269674212,6608.586805109479
3794,CNWHN,JPMOJ,4374.9277756697875,3585.5401414994662,6936622.444378924,1135886.4491833895,10690048.742717614,3298.2297576385295
3795,COSMA,GTPBA,4374.432485556824,0.0,6935837.142154469,1135757.8542998675,15816961.693932328,
3796,DKAHS,NLROT,4366.093424126274,230.8580523362031,6922615.227725184,1133592.7381279967,17333930.957959708,79995.14640794547
3797,CNHUI,CNSHA,4358.6952016168725,3572.236482821883,6910885.050922581,1131671.8971158988,11269062.398901237,3471.4203148782567
3798,CNBYQ,CNLYG,4356.937948251321,3464.2053641966645,6908098.855638688,1131215.6518044192,10554401.568759583,3373.2460960130898
3799,FRBST,FRLEH,4354.749147055043,991.3895645547063,6904628.424060635,1130647.361367115,19038806.634678658,20344.63012035547
3800,MACAS,PTLIS,4351.292046298252,169.81757674628844,6899147.05295426,1129749.7753715385,19631949.744875837,122258.83750105478
3801,BNMUR,MYBTU,4344.131016748675,796.3829346564728,6887792.955047843,1127890.518066126,13375801.896591466,18211.95782015833
3802,CNLVS,CNYSN,4343.728103752099,3559.969964847725,6887154.12042508,1127785.9075590551,10998216.433145726,3406.2091704258137
3803,CNZOS,JPNAG,4343.33937473017,2160.0063069613598,6904185.338345632,1130574.8051535494,10927270.345015764,5582.319417915021
3804,CNZPU,JPKOB,4338.021704227703,2369.507063359874,6887256.7671099175,1127802.716168619,11465534.573377134,5314.7498415509535
3805,ZAPLZ,ZAPLZ,4331.931670668826,2216.8143442740125,6903095.12924347,1130396.281130388,20651347.641321912,9825.69603932513
3806,GBIMM,PLSZC,4331.507860361784,1331.233002826823,6867778.437231304,1124613.0988672234,19881668.118831754,15779.567643750517
3807,ESBIL,PTLXS,4329.70056600602,591.4122463317245,6864912.899961979,1124143.8611395026,20628026.413219012,36780.04709790482
3808,CNWEF,JPMOJ,4321.980052794604,247.12646590051628,6852671.718399562,1122139.3420280423,12121217.764639929,53589.39221021857
3809,CLCOR,CLLIR,4321.655439924069,3226.181303780963,6882965.046063735,1127099.937861291,23629257.770993445,7673.5791878284135
3810,MYPKE,MYSAN,4317.255263260418,1489.7994679791445,6845180.376185854,1120912.6190551578,12387070.59297716,9066.980826859453
3811,EETAL,FIRAU,4317.011474321828,1802.415023710634,6844793.839102311,1120849.3227983953,18446358.32258296,10856.105496223794
3812,MXMAN,MXMAZ,4315.234528560366,3536.6176118802177,6841976.420739442,1120387.9646423582,13031537.22021156,4001.5423599415226
3813,JMKIN,PACOL,4313.82802242641,2419.002291714198,6839746.349177754,1120022.7857548026,13729826.726082187,6138.832345344253
3814,ITGOA,MACAS,4311.936238654902,1104.3482647062385,6836746.850570639,1119531.6115775304,17789430.29934611,17122.281543996003
3815,EGPSA,LYALK,4311.810812544714,243.68665853232284,6839697.436434769,1120014.7761907254,15902137.23613444,69852.62186631908
3816,CNNBO,KRULS,4311.294828219011,3533.3887691555524,6835729.868747439,1119365.0786746226,10447054.59380997,3273.463643019633
3817,ILASD,ITGIT,4309.8044412363715,0.0,6833366.800755306,1118978.1213431135,14257056.331185667,
3818,SLFRE,SNDAK,4308.247963560561,481.4852268830708,6830898.943333695,1118574.004523119,22769063.30975459,49612.39926075415
3819,CNNSA,MYPEN,4307.922186212605,504.37495255912836,6830382.410357704,1118489.4211667825,10830141.671213854,23689.977132597378
3820,CNHPU,CNXIA,4307.457122717145,3464.2576577413865,6829645.033640629,1118368.6741854404,10975703.9057959,3491.1007710282115
3821,MXLCS,MXLCS,4287.4305838586315,906.7207090744645,6800444.095110703,1113586.9593601716,12195697.913030382,14678.483395373214
3822,CNLYG,JPOSK,4284.837406908826,3230.0108657209757,6801082.523373751,1113691.503324988,10816766.238393506,3693.6277423498627
3823,ILASD,TRISK,4273.439208165525,177.31838983258842,6778594.449666687,1110009.034169875,13855537.296440253,84399.29070379867
3824,CNWGQ,JPMJR,4273.32652367526,0.0,6775529.607856763,1109507.1599063268,10935581.522113994,
3825,IDPTL,IDSUR,4272.440340348706,1624.42807838584,6774124.528854773,1109277.0752777935,13273264.980556877,8853.911260956718
3826,DZWAH,ESVIG,4269.333710598698,1884.076321188822,6769198.84350515,1108470.483988381,20957610.636867683,11711.88283229032
3827,KEMOM,MGTMA,4265.299459428907,1456.5385620334562,6762802.377404323,1107423.049271435,16952787.60879066,12399.40440220714
3828,ILASD,ITTRS,4264.0450425385825,0.0,6760813.449403174,1107097.3581468246,14525893.549841223,
3829,BSNAS,JMKIN,4261.228771697123,513.5818166766718,6756348.1396815,1106366.1543304247,13724592.382500518,28877.499271294982
3830,FIHEL,FIRAU,4253.3976481688105,355.7079830862466,6743931.581050913,1104332.9168568463,17538909.99844416,52411.65169683774
3831,CNWGQ,JPSKI,4253.167903058139,3327.306763834253,6743567.311016551,1104273.2668760102,11677505.711933933,3841.4789756507876
3832,NZNEL,NZTIM,4251.335844781717,2198.577313181135,6768654.490073457,1108381.344974173,24364537.390704766,11586.091870848068
3833,IDPJG,SGSGP,4247.952718398096,870.3689393293072,6735298.42777564,1102919.2199319038,11205767.28947578,14141.91839025479
3834,ESLPA,PTSBL,4246.504564968195,116.00963002124942,6733002.32276549,1102543.2279289018,20982207.191834446,190369.9754556419
3835,CNZOS,VNHPG,4240.200888708301,3243.4477830163833,6723007.592687966,1100906.569951718,11200307.033841593,3792.635006552586
3836,GQBAT,GQMAL,4239.561582322344,2178.556053375586,6728066.312429565,1101734.945901364,20619745.01597369,9970.5857594155
3837,IDSUR,IDTEI,4235.411753905348,2524.507356148204,6715414.228484774,1099663.1406644415,13901855.766968204,5942.354998925963
3838,CAHFX,CUMAR,4231.960788935341,1224.130349173567,6709942.585913018,1098767.1477367785,14164224.740650905,12468.436795715432
3839,PHMAN,TWTCH,4230.565697864966,3467.199029139011,6707969.51425778,1098444.053122011,11432008.055993041,3613.9985053660635
3840,CNHUM,CNXIA,4226.673110157777,3464.0357232290394,6701558.760357978,1097394.2787480669,10983763.069145268,3487.59606226917
3841,CNWGQ,INHDA,4225.87273169212,577.2299601003269,6700289.7283845255,1097186.472105312,12598990.469611458,23727.418686542656
3842,DJDJI,SOBER,4223.767375154685,763.6002094605866,6696951.601640535,1096639.8468616058,14450058.04533665,20359.734975951054
3843,CNNSA,MYSPB,4222.891159720201,164.80648413775864,6695562.327128906,1096412.3502514604,12200654.69611807,80682.91193721943
3844,JPONO,JPONO,4222.649198145803,3460.73786351921,6695178.687404158,1096349.528443267,14034092.288784392,4372.02770447386
3845,JPKAW,JPNAG,4220.85114129532,2150.9527634003375,6692327.796567814,1095882.689099614,12878064.397925505,6496.631318362556
3846,BRIOA,BRSAL,4220.529604395098,3026.6256277911025,6691817.986990801,1095799.2067139377,22789175.68210334,7891.618530385951
3847,CNCGM,HKHKG,4220.4095031172565,2161.8139291276657,6691627.561625584,1095768.0241616701,11828807.773291647,5978.579203006911
3848,IRBAB,IRBAY,4219.655403256234,1008.666240262277,6690431.9062252,1095572.2330863911,11378574.2146409,12366.971303097958
3849,USNFK,USPEV,4219.560687086122,0.0,6690281.729960554,1095547.6414086162,12763054.585631242,
3850,GBGNK,NLROT,4218.030645602336,1793.3800122276168,6883857.3883445235,1127246.0607781585,19191322.765828434,11329.762062736623
3851,CNGLA,CNNBO,4214.684846144945,3454.2105548950726,6682550.889717687,1094281.7001319951,11013495.207505215,3505.2226015808133
3852,CNQHD,JPYOK,4212.64847981938,2877.1180159857267,6679322.14970569,1093752.9871946874,12484528.05657757,4719.403572717269
3853,AEKHA,AEKHA,4211.460887975054,2136.6851441652866,6677439.17547971,1093444.6462226072,9709848.866208833,5056.099885344517
3854,TRAAP,TRTEK,4210.941923132361,920.3047957579906,6676616.33602721,1093309.904539397,15524553.631180294,18056.912897028553
3855,ITNAP,TRAAP,4205.21375210107,0.0,6667534.092438671,1091822.6681353508,15387069.694246436,
3856,CNNBO,GUAPR,4204.093686348377,2584.1478037975376,6665758.183523666,1091531.8593321166,13308485.386531895,5572.443350454819
3857,IDJAK,IDPTL,4203.145768238693,3280.7176419285906,6664255.221561269,1091285.7461638688,12903441.90675871,4265.751942217036
3858,CNHZH,CNWGQ,4203.132911591067,3444.742987159382,6664234.8368337825,1091282.4081220613,10743463.636900276,3435.5962372628424
3859,MUPLO,MZNAC,4200.927723970703,0.0,6660738.42392691,1090709.8631877634,18798611.706526212,
3860,AAAAA,PRSJU,4200.060863360205,2868.5210351869487,6659363.981861748,1090484.795421783,7146197.458154459,2871.4038183929288
3861,INNMA,INPPV,4197.787619828916,0.0,6655759.663594285,1089894.580758756,14608241.875550484,
3862,TZMTW,VNHCM,4196.708787928241,2579.6084974791197,6654049.13259591,1089614.4777262583,14999241.109650053,6236.936962759613
3863,CLMEJ,CLSVE,4179.269664403574,3422.057876787214,6654035.923624927,1089612.3147296028,22846292.283158146,6994.593738537199
3864,CAHFX,VILIB,4178.446228874024,3424.51063216265,6625093.116971657,1084872.8695396134,16102986.919317935,5019.070353419535
3865,MYBTU,SGSGP,4176.349844345754,1236.0084055216498,6621769.2157059675,1084328.5737477646,11187780.532535326,9928.823340892834
3866,PHCDO,SGSGP,4176.26576239015,0.0,6621635.900412477,1084306.7430893194,12257639.930484507,
3867,LYTRI,MTMAL,4175.526704340022,406.0139869962485,6620464.094403078,1084114.8574017503,17275830.134941023,45219.98152864723
3868,CNSTO,VNHPG,4172.423604240241,3340.0497034795144,6615544.005454639,1083309.1825347496,11610757.770373866,3800.5622909397143
3869,USMIA,USWMT,4171.808107693084,1834.6230645416908,6614568.111135379,1083149.377796641,12592911.032609584,7454.4252030444495
3870,ITGIT,LYALK,4170.871229897672,359.8213077756722,6613082.654031507,1082906.1310856284,17135786.696597848,50632.612449515575
3871,CNFUN,TWKAO,4169.823642891133,1569.1657170712585,6612749.085045125,1082851.508465681,10682000.491170825,7497.520415877301
3872,DJDJI,YEADN,4167.4936170882565,406.60005263321875,6608559.571993892,1082165.466931529,14055377.537108885,37229.56479224935
3873,CNQIN,CNWEF,4165.61796390066,3161.1083592308532,6604753.391312287,1081542.1968755263,11821632.361345148,4081.8513925793472
3874,INKAN,IRBAB,4162.4858571281065,568.5716768536331,6599787.311127487,1080728.990847275,11641927.921814647,22376.522487132443
3875,JPHMA,TWKEE,4161.543698103143,3410.657900030941,6598293.480423564,1080484.3729417215,11249365.735971829,3615.0943513864863
3876,JPNAH,KRBUS,4158.922381855654,3401.2682147883083,6657776.8203828465,1090224.8944064106,11171757.075548545,3605.120559631646
3877,ESALG,GMBJL,4157.619911022132,524.2218614256053,6592072.159540404,1079465.6186208876,21030952.187427156,42177.5958482911
3878,AESJH,BHBAH,4152.770870643915,816.8323182632021,6584383.812658815,1078206.6357211487,11856064.66103874,15834.671336537605
3879,KEMOM,ZAPLZ,4150.650800492022,1700.865228138835,6581022.356892377,1077656.1903011706,17887485.967856806,11150.29094863119
3880,CNHPU,CNYTN,4139.3014282678405,3268.0121937670406,6563027.474659648,1074709.4906578346,11261453.88299912,3774.8217088006177
3881,ITCIV,ITSPE,4135.757388200993,3163.556039898029,6557408.257810357,1073789.3321332338,17610440.41943147,5906.084645229472
3882,MYBTU,VNHCM,4129.980617808176,102.56939049661254,6548248.957996156,1072289.477610895,12034164.004018668,127781.3333799855
3883,EGAKI,TRAAP,4128.086822582757,796.0559522446682,6545246.270148655,1071797.781188832,15591015.155174483,20931.710753972216
3884,DOCUC,TTPLS,4117.792858059903,3269.338680150333,6528924.778912164,1069125.1028248798,16147887.77802212,5266.206583422955
3885,ESLPA,MATAN,4107.764149354322,561.0970056554223,6513023.861351391,1066521.2942809246,19619886.89392656,36867.792876640844
3886,DEKIL,FIHEL,4107.448318288015,1683.1615948335775,6512523.098601577,1066439.2933321444,18152356.67876288,11418.271442912337
3887,BGVAR,TRTEK,4104.2302007037615,0.0,6507420.644845031,1065603.7558459805,16263534.047415532,
3888,INMUN,INTRI,4104.116476210204,1681.7962633209568,6507240.3301255815,1065574.2289331271,14101203.585815351,9018.201636861424
3889,CVRAI,PTLIS,4103.4098830610355,0.0,6506119.998511234,1065390.7722855248,22005245.28352068,
3890,BGBGS,ROCON,4096.510929113204,1386.735355674981,6495181.431921997,1063599.5591033408,15850800.908636581,12197.280756216811
3891,CNCQG,CNLUZ,4095.9461636262677,1512.3219365727293,6494285.973721686,1063452.9259481274,11727617.66610671,8457.901907475043
3892,OMSOH,QAHMD,4093.585317153137,2426.9934626787367,6490542.757496649,1062839.9664537227,11515381.898537545,5182.6352474424675
3893,MEBAR,MTMAL,4091.411451249992,0.0,6487096.006421423,1062275.553748339,16052107.41722838,
3894,IDPNK,IDSUR,4091.1838497022286,2366.818864467397,6486735.13509153,1062216.4603124757,12379460.700116249,5679.2166744257775
3895,CNBHI,HKHKG,4090.025894208676,2514.0332781629118,6484899.15048149,1061915.813988393,13037383.820980646,5608.2390624804575
3896,IDANG,IDJAK,4083.913857562994,803.2884374723875,6475208.272654183,1060328.9124533886,13143321.773396827,17681.881156590727
3897,LVRIX,TRALI,4079.63148921668,1671.762737257097,6468418.406875979,1059217.0577155708,15417340.660192242,9855.799121914462
3898,PHILO,PHMAN,4078.255133854733,503.6489324882469,6466236.140565613,1058859.707038014,14000423.184910689,29900.357015648246
3899,CIABI,SLFRE,4074.645194692234,513.7598275753231,6460512.438072354,1057922.438770441,21584551.663869955,44072.09923263365
3900,CUMAR,USPEV,4073.225039424156,1451.4238995169937,6458260.725264239,1057553.7160834707,13332627.699342022,9914.526982926402
3901,GYGEO,SRPBO,4072.370797372527,191.814647213902,6456906.290427345,1057331.9245430105,19331861.67928117,106296.33294420518
3902,ESALG,MAAGA,4072.3247645342185,0.0,6456833.303526587,1057319.9727851911,19837011.332733788,
3903,CNNJG,CNWUH,4069.082149174082,3207.7434263277332,6451692.0075694965,1056478.07480736,10352573.519274667,3556.721993548985
3904,DEHAM,GBTIL,4068.538664684369,208.40213609633645,6450830.291238891,1056336.9669539598,17681589.13768118,89912.3514548493
3905,CNHPU,CNHUM,4063.8285882709533,2120.6560756393364,6443362.27726487,1055114.0640291686,11272878.581938237,5813.291833401489
3906,INMUN,SAJUB,4063.79292868934,2775.4539464609693,6443305.737576248,1055104.805536774,11502235.404019328,4524.427517728475
3907,ESVAL,ITNAP,4061.1920406522313,332.8413137487139,6439181.925879548,1054429.5227369927,16860937.137746375,53825.549655199895
3908,DZWAH,ESALG,4057.206119867913,0.0,6432862.089532128,1053394.6363026144,19610029.582282137,
3909,BEZEE,DEHAM,4056.1771581670373,2989.9915107763086,6449725.58588156,1056156.0691386622,18002540.797584146,6374.164206832309
3910,CLIQU,CLSVE,4045.7322441376523,946.9899317367591,6425990.416418097,1052269.3854422667,22634889.76671725,25013.10558679096
3911,INNSA,INNYY,4035.938751263263,3307.7164111748543,6399141.828544891,1047872.872962393,6127103.134345787,2169.162986000885
3912,NLMDK,NLROT,4035.345374644789,709.2816054757136,6401037.024012681,1048183.2151884083,18186595.747269146,27118.677284118807
3913,IDBMP,VNHCM,4030.8859148302536,122.35464001642843,6391130.354891793,1046560.9773772558,11719520.732016144,104336.71912793264
3914,CNZOS,VNHCM,4028.2052774741132,3025.6104823422133,6393194.634191456,1046899.0074347685,10628018.38162869,3858.698089922522
3915,BNMUR,MYSPB,4027.3471228948065,382.6869575005137,6385519.459164114,1045642.1814537417,13457570.155597324,37898.371117159375
3916,INKAK,LKCOL,4026.008704408706,219.97187244953864,6383397.343283187,1045294.6805349487,15107433.625595728,73430.88062241276
3917,AEJAL,VNHCM,4024.385222804228,3295.018018113987,6409352.421291018,1049544.8789035343,10387123.169347825,3470.896967901109
3918,ESLPA,MRNBU,4023.7018246381786,402.15700579601344,6379739.693417122,1044695.7327109847,22151345.7700756,57679.06854407092
3919,CNNBO,CNSHG,4021.2991835295807,1318.2873302466724,6375930.210130934,1044071.9218465664,11715317.081716808,9678.761762184191
3920,ESALG,ESLPA,4015.3120827301127,914.1143066624364,6366437.4230697835,1042517.4580892832,19591727.65345881,22572.937499344815
3921,COCTA,GYGEO,4015.0443993961126,365.6213466602982,6366013.000469498,1042447.9579998294,16622417.871952517,48314.645715598555
3922,CNQIN,JPFUK,4015.0058231809085,3023.758301161524,6365951.836342014,1042437.9422458884,11708985.394918308,4217.077579337594
3923,JPSDJ,JPTOK,4014.129899429671,2470.3511424940198,6364563.024305804,1042210.521367061,13227408.273057394,5776.35241766404
3924,USPMB,VISTS,4009.5844840594004,1971.6704168165254,6357356.086981767,1041030.3702903477,15927206.504314946,8606.020930213246
3925,DJDJI,INNSA,4008.127085809171,729.9828728766134,6355045.323940338,1040651.9780040325,13125312.695766272,19405.886357233383
3926,RUNVS,RUNVS,4007.329201665633,729.8375576840426,6353780.2468140675,1040444.8189757844,15047908.827346332,22043.745867744175
3927,BRITT,TTPOS,4005.299367947807,1094.2018092554417,6350561.86451214,1039917.8021351873,18735170.40893902,18072.61516459228
3928,EGAKI,SAKAP,4001.94479066829,409.98201646908973,6345243.048467242,1039046.8348712858,14249846.383282509,37291.619153998894
3929,TRBAM,TRBOR,4001.8254760109025,797.2893215746562,6345053.870320124,1039015.8565535935,14842053.57529831,19918.82871388092
3930,CNBAO,CNBAO,4001.8060878014167,3198.258171047005,6345023.129540853,1039010.8226866229,12319822.186580766,4176.908896911892
3931,CNQIN,MYPAG,4000.707513076012,819.7105254118403,6343281.295506599,1038725.5937164576,10589758.886627953,14186.08657550421
3932,CNZOS,JPTOK,4000.4047503810643,2294.52598395103,6349003.838759433,1039662.6721559835,11133380.892515391,5305.254178778206
3933,CNHKO,CNJIN,3994.2590916504096,3273.557197517198,6333057.066196939,1037051.3547594853,12240900.492649412,4056.1233686338055
3934,AOLUA,GAOWE,3985.529972316875,1088.8010373080665,6319216.699408395,1034784.9657188689,20776861.04932343,20032.719723494247
3935,CNWEN,CNXIA,3976.322293868605,2987.285414447902,6304617.558060258,1032394.325755395,10332767.367777428,3804.5114934668154
3936,CNWEI,KRBUS,3973.474093559249,1472.1266226416312,6300101.622894004,1031654.8319164453,11332341.917518158,8398.731847704956
3937,DJDJI,OMSOH,3973.2286093275516,814.0803346128951,6299712.3978556385,1031591.0955014527,12485826.301260421,16604.52515806019
3938,PTLXS,PTPRV,3967.1900131908706,0.0,6290137.962883892,1030023.2617278547,21481113.84637781,
3939,CNWGQ,INCHN,3964.2931989397807,3248.998183814766,6285544.9483744735,1029271.145985073,11634827.199428312,3897.8471605496593
3940,JPMOJ,TWTAP,3961.556716191245,2862.12562517636,6307829.4932864895,1032920.286873848,10908598.446651123,4172.2552736619145
3941,MTMAL,TRGEB,3959.5829479635727,202.82111402037128,6278076.657624183,1028048.1977375882,15864161.621047188,83286.2490691582
3942,CNYSN,TWTAP,3958.8609843230392,3239.4744535005643,6321616.498856832,1035177.9379032562,10244944.99438825,3482.0842374917474
3943,ESBIL,GBBTL,3958.147719530121,1315.119551565476,6275801.045711306,1027675.561522173,19813248.236847017,15847.170528003197
3944,EETAL,PLGDA,3957.0337826112677,2432.2864621433696,6274034.85430675,1027386.3439816213,18210632.23317315,7909.437838256075
3945,BGBGS,GEBTM,3954.2585888950957,162.03870814966507,6269634.674005225,1026665.8052441388,16036556.278736025,105303.37028001933
3946,IDGOR,IDSUR,3951.75406957674,961.4954587343459,6265663.658754939,1026015.5431823834,13535826.755653352,15144.99331905744
3947,CNLYG,KRGWA,3950.8988374474,2666.6052217491165,6264307.654110353,1025793.4945826267,10324517.619293816,4256.464744500647
3948,CNNSA,MYKUC,3950.720683575934,215.85830784212254,6264025.184043022,1025747.2395176648,12107382.386508342,60841.43694683041
3949,ITSAL,PTSNS,3950.7092981006094,1295.1461145953417,6264007.131917884,1025744.2834443757,17875310.209413327,14593.76226346723
3950,NZTAU,NZTIM,3948.5990855744512,3236.1358289732584,6260661.305810133,1025196.3974137331,24243423.04352333,7808.269113646611
3951,CNZOS,JPYOK,3944.495826035451,2891.6733768405147,6262155.032016504,1025440.9982075937,11125103.451770531,4201.907638425606
3952,LKCOL,YEADN,3941.235753451284,1076.7003651809991,6248986.449106205,1023284.6151836226,13863973.285724357,13826.74175874859
3953,BSFRE,BSNAS,3940.5856417775544,0.0,6247955.67112344,1023115.8231306995,14431603.808534157,
3954,CNCFD,CNNBO,3938.790612237522,1681.3005947967663,6245109.580208533,1022649.7697842316,11654083.29466549,7539.837375708577
3955,MXMAN,MXMAN,3935.8143873843933,2877.852703951869,6262168.866841517,1025443.2636891571,11737293.370926356,4434.812322774447
3956,ESSCT,MACAS,3934.022368244836,0.0,6237549.339218069,1021411.7644923927,20532332.389229707,
3957,PACRI,PECAL,3933.190638849152,1611.7537983360764,6236230.5990948975,1021195.8180360423,15839767.692275228,10461.25253603745
3958,FRSNA,NLROT,3926.895087011872,446.9927748877871,6226248.750613401,1019561.2694471794,19207224.117981102,45250.81058078848
3959,CNDAL,CNYAN,3923.9360934019796,2638.7059609690277,6221557.148251116,1018793.0097370673,10652453.518910807,4423.094767391882
3960,CNCHS,TWKAO,3920.023029444332,3212.7158774691225,6215352.829307646,1017777.0395194563,11649829.746748427,3942.958938605872
3961,IEDUB,NLMDK,3919.2116961738748,3210.282753939834,6229716.6744016595,1020129.1492286538,18725423.017674204,6150.720568981047
3962,JPTOA,KRBUS,3918.7081384576013,1172.9461391316322,6213268.017215159,1017435.6471741272,12036877.018533079,11129.507340696575
3963,ILHFA,ITGIT,3912.0383116415956,400.77148471689014,6202692.740830181,1015703.9235235486,14255164.737257296,38103.68063378654
3964,ILASD,TRTEK,3908.857829146165,0.0,6197649.959007713,1014878.1574415311,14534667.857746117,
3965,GBGRA,GBTEE,3908.8432638449467,545.7585597063655,6199293.4001938095,1015147.2743767954,19211489.022155724,37061.50996040274
3966,EETAL,LVRIX,3907.549737889846,2939.5042635603468,6849417.163828828,1121606.4019026905,17419790.54551591,6307.6611853459735
3967,ESALI,TRGEB,3906.6583856400744,0.0,6194162.653623076,1014307.1038830687,17829820.094036803,
3968,JPSZU,JPYCI,3904.5390056581305,2504.367942896049,6190802.292148613,1013756.8376556926,12059645.908620937,5220.24041369838
3969,EETAL,LTKLJ,3898.885815866931,589.9186237186863,6181838.934306216,1012289.0690415005,17230560.798050836,30924.349789288535
3970,CNXIA,INKKT,3897.9915423472917,0.0,6180421.027980484,1012056.8839118462,13662909.701784883,
3971,MYSAN,MYTAW,3897.8117269662957,829.7434438621602,6180135.923523538,1012010.1974600689,13352491.15962743,17311.979339331516
3972,AUBRI,AUTOW,3889.1797857920737,637.4875634298155,6166449.636581693,1009769.039316962,19551187.8494772,32253.11059900831
3973,PHMAN,PHZAM,3885.458440875112,0.0,6160549.2958222795,1008802.8461634608,13882885.068826286,
3974,MATAN,MRNBU,3883.4464905555546,265.22825048466865,6157359.268361431,1008280.4724874598,21106499.169100635,83380.1814142209
3975,MMRGN,MYPEN,3882.0854006123573,276.6629133366691,6155201.205981222,1007927.0852541445,11366064.038296305,44725.87588381472
3976,CNSHA,CNTJN,3880.0825616608536,3109.31577786198,6152025.624957751,1007407.0772125121,10152274.084432587,3589.111547016524
3977,INPAR,LKCOL,3877.02134299306,176.52628756347556,6147171.940689804,1006612.2762509803,15096723.72592779,91223.44453308865
3978,ITGIT,SIKOP,3875.7129642395016,0.0,6145097.454002698,1006272.5747124016,15914181.604433108,
3979,CNNSA,RUVYP,3867.300811356207,1728.8217617279704,6131759.650160466,1004088.4814065113,12340221.31128819,7718.730807366147
3980,GBTIL,MAAGA,3865.504003069445,2640.028300812056,6128910.73897169,1003621.9662342921,19751882.916012205,7861.849388456267
3981,JMKIN,USBAL,3864.4913424094075,3167.204019171433,6127305.125114012,1003359.0436032593,13156572.194396965,4470.798582058058
3982,LTKLJ,SEGAV,3863.200258140143,1266.4583563866436,6125258.059521394,1003023.8323263174,17544260.676534194,14645.001484121534
3983,BEANT,GBGNK,3862.5994549442107,1292.1037928439493,6197031.36484726,1014776.8613525429,19156798.822509166,15611.420534153545
3984,DEBRU,PLGDY,3859.025941292985,2148.2658778642594,6118639.513703797,1001940.0315907592,18124383.696753837,8903.145520962893
3985,CGPNO,GAOWE,3852.1861366715602,1916.619582263251,6110756.0758770285,1000649.1021402652,21130068.99192197,11546.745269047628
3986,IDLUW,IDSUR,3850.3089647310744,2770.7537246381967,6104818.399763872,999676.7952444156,13288496.243329387,5156.782037869332
3987,GBTEE,NLMDK,3849.869263138999,0.0,6104121.235355952,999562.6331128943,18963951.195760615,
3988,ITGIT,LYTRI,3846.6508195487077,0.0,6099018.2647038335,998727.010983998,17210880.571008153,
3989,CNQIN,JPKAW,3845.1769695267844,2993.8058930885923,6096681.416722346,998344.3472341317,12157680.04336514,4394.414621526019
3990,INKAN,INMUN,3844.4329285258045,1200.2652845501564,6096109.124571684,998250.6331961941,12527069.964094203,11268.609341108711
3991,MZMAP,MZNAC,3843.8891383397204,945.0957486639296,6094639.5090212785,998009.9805727307,19946919.914342962,22161.70152550711
3992,GLNUK,GLSSM,3838.726864129291,0.0,6086454.517408103,996669.6710583185,19805333.872752562,
3993,CNHUA,CNJIT,3838.0799489841465,2774.4529755942226,6085428.807648877,996501.7089376118,11750894.34761399,4594.561943808548
3994,CISPE,GNCON,3838.018663955345,196.59424522341425,6085331.63779189,996485.7971700757,22988614.94702084,122003.06635086746
3995,IDAMA,IDMRK,3837.3498268978155,3144.959767755638,6084271.169966411,996312.1433432435,15760514.154913487,5328.152833641822
3996,CNHUM,HKHKG,3835.1423417195256,2003.830065799004,6080771.114189829,995739.0018814032,11291811.648667281,6132.032281714052
3997,IRBAB,IRBKM,3833.2893461304216,483.32799039280286,6077833.115792645,995257.8984922764,11260597.532615703,25357.222579117733
3998,GTPBA,JMKIN,3831.277532623688,1255.993249794314,6074643.3052539835,994735.5603377378,13856017.378681997,11823.911427431436
3999,CNQUA,CNSHE,3830.0931766304207,738.5911687295217,6072765.461598891,994428.0595073829,10946901.317345368,16167.712101667123
4000,CIABI,GHTAK,3829.238620909663,1120.8257509503076,6071410.529427086,994206.1865272897,21306082.21072522,19896.30268428871
4001,CNFUN,MYTPP,3829.2164981150327,1046.0979905267482,6071375.452854023,994200.4426650073,9975427.494927559,10486.233638656511
4002,CNGLA,CNYSN,3827.9723486828366,3021.078964753338,6069402.804317165,993877.4173367607,10974386.241918907,3961.5858436301546
4003,CNGLA,CNNSA,3823.8825334418175,3111.5372775545825,6062918.239165717,992815.5562158133,11844309.115153834,4125.653503807158
4004,CNJMN,CNNSA,3822.54011534528,1761.0161664735017,6060789.781742951,992467.0168562662,11351904.67045873,7009.800320024912
4005,CUMAR,USNOL,3819.3927142183,2561.1076935893675,6055799.451749326,991649.8398710454,12539648.64840705,5283.377392582079
4006,PABAL,PABAL,3814.6598767470105,1042.121288668955,6048295.349210418,990421.0273681917,13722593.606973791,14118.332284655771
4007,CNCGM,CNSHE,3813.997360265074,1562.735552081084,6050347.036623092,990756.9954778451,11830284.00620828,8204.229426157506
4008,DZALG,DZANN,3809.241214569978,135.73577900408944,6039703.844252382,989014.1504424002,18447490.783291988,143193.67433069219
4009,INBOM,INBOM,3803.3576478624386,0.0,6030375.214622544,987486.5678082076,15072786.39316875,
4010,CNNSA,CNQHD,3800.128733034678,3114.454641042691,6025255.641405864,986648.2269746017,12072165.419529272,4192.969605147918
4011,RUNVS,TRSAM,3799.0954459224645,332.52122077288976,6023617.323485753,986379.9489848696,15625229.50715504,49956.53936771016
4012,USBOS,USNFK,3793.6936317074315,1243.6722614425696,6015052.531643303,984977.4463876873,13800141.872940276,11888.27617830625
4013,CNWGQ,CNYUY,3791.738578981575,1281.8760733846125,6011952.717586134,984469.8453454279,10566033.782163514,9010.62424623581
4014,AAAAA,CNNBO,3791.1791383920618,2519.24990610773,6011464.766835994,984389.9423884201,4819938.284091051,2303.990649124296
4015,SEGOT,SEHEL,3791.1463072443566,712.0421353377427,6011013.647129152,984316.0705918692,17501831.34386493,25962.153778565746
4016,GBTHP,PTLXS,3789.153500892674,0.0,6007853.97319276,983798.6673690523,20949475.296149544,
4017,CNYTN,VNCLN,3786.082997726263,3102.9432400899086,6002985.567982024,983001.455822316,13160781.235073784,4558.182859473215
4018,IRCBA,IRCBA,3784.2931155061024,2109.003893698226,6000147.638348029,982536.7389026857,11978495.930514729,6145.5707635938525
4019,ESFER,NLROT,3783.8704864054325,0.0,5999477.5430560205,982427.0093955722,19329852.907090675,
4020,CNJIN,CNQUA,3783.6309817625715,3100.933652248412,5999097.798894199,982364.8254939646,11306715.780809663,3963.0259736105977
4021,CNNJG,CNWGQ,3782.302632338241,2898.355058923451,5996991.647912226,982019.9388608027,9674462.116995323,3676.7345060250523
4022,KRBUS,KRPOH,3781.5278987968427,1417.939233014942,5995763.27698881,981818.7905501274,11246300.382990701,8623.866868779962
4023,DOCUC,GTSTC,3780.392080699378,563.3234837232825,5993962.392103025,981523.8918793831,13844281.25556644,26318.457468619577
4024,IDAMA,IDJAK,3778.2906588065134,3096.556907463274,5990630.5038949,980978.2882089873,14380977.144795746,4960.979530516485
4025,JPKAW,KRBUS,3773.109319264971,3092.310460009614,5982415.28343899,979633.0286582842,12369887.102427378,4317.005133774362
4026,JPNAH,TWKAO,3769.7006966252416,3089.5168702799865,5977010.776320345,978748.0293016364,11263415.655400908,3962.4848151721217
4027,HNSLO,MXLCS,3766.3729636915587,1646.2877733161392,5971734.523056221,977884.0317822048,13733024.699271673,8935.806345339915
4028,NZNAP,NZNEL,3764.8721547109717,1870.0360991588002,5969354.93057075,977494.3685303124,24370610.651613384,13554.874706186716
4029,IDSUR,TLDIL,3764.016467508424,1723.8913872096823,5967998.204389446,977272.2017774076,13923352.794062985,8643.598492570218
4030,INKAN,INTUT,3763.458233015234,0.0,5967113.101340152,977127.2642998548,15140724.047925083,
4031,CNQIZ,CNTES,3762.785120349172,3068.6577272349227,5966045.854366849,976952.5003733722,13340953.789665338,4665.853139294279
4032,JPHTH,JPSDJ,3761.383247018902,2544.156168539237,5963823.128300145,976588.5243260004,14715227.595041526,6167.788091553044
4033,CNDAL,TWKEE,3758.6279476024715,1437.5396123682706,5959454.491204172,975873.1508544722,10615539.151289368,8063.368969045382
4034,INMUN,INMUN,3749.164213193587,980.6444284127557,5944449.362919909,973416.0296801513,11549813.456595244,12770.408033159534
4035,FIKOT,LVRIX,3748.162705080731,2091.4826036656114,5942861.43187051,973156.0026459985,16471618.47142873,8340.865204185948
4036,CNGLA,CNZOS,3747.932223870149,1534.985172859982,5957594.057556398,975568.5009492689,11255545.54639673,7968.229441954158
4037,CNJIJ,CNJIJ,3740.0867197843804,2452.197019764131,5930056.635142509,971059.1903710748,12494484.242808446,5491.215968639718
4038,MATAN,PTSNS,3735.9964852705816,2186.1722233270166,5934668.382992681,971814.373737629,19231733.79055173,9241.51718181776
4039,MYPKE,PHSFS,3735.481989573355,2753.604643873416,5939670.3390125325,972633.4545089869,12030774.073221657,4722.3219050935095
4040,ESBAR,ESSAG,3734.9269184131185,0.0,5921875.564314442,969719.5228934336,19045286.15466278,
4041,CNHZH,CNTAI,3732.114943043393,3058.712881019708,5917417.06523449,968989.4343338757,10769085.554596793,3837.586411516157
4042,TRGEM,TRIZM,3732.094682658752,80.49200727121531,5917384.941586732,968984.1740192947,14612661.413860548,193580.0350384849
4043,EGAKI,EGPSA,3727.327486453829,1018.1506103595494,5912818.803234145,968236.4593034674,14756783.67795554,15444.689594308526
4044,CNLYG,JPNAG,3718.108212802294,2133.063413093791,5895208.835900259,965352.7902807527,10922097.712738782,5572.947541103806
4045,SNDAK,TGLOM,3718.082932733993,507.86878810057635,5895168.753343892,965346.2266782227,20798260.049457744,42852.81314004669
4046,AAAAA,BRMAN,3716.499832771746,3045.91527439308,5892658.685225536,964935.1977682554,9877310.02012991,3559.6017095579127
4047,CNNBO,KRPYT,3714.1707878777497,0.0,5888965.891672347,964330.4950919407,10163675.294738505,
4048,GHTEM,GNCON,3713.4688823763045,507.2385353047703,5887852.992510391,964148.2555239797,21034704.546921,43369.837406432736
4049,LKCOL,SCPOV,3710.6884342521485,0.0,5883444.481135482,963426.3525557868,15475926.735815398,
4050,ITGOA,SAJED,3710.4607773089047,3040.9658725082813,5883083.521973846,963367.2447372917,14447235.463373506,5067.6671012422985
4051,CNSHE,JPYOK,3703.7862674978487,3034.6407051865194,5880077.408501917,962874.9873620559,11715933.837728081,4178.0263486945
4052,NZAKL,PFPAP,3702.475708073018,3034.4215847517726,5870422.876285108,961294.0374968713,23527293.3034762,8070.2653395396055
4053,CNTAI,CNZJG,3700.783017235934,1450.2937001876571,5867739.047464617,960854.5549081088,9826807.575788543,7438.260353265555
4054,AEJAL,AERUW,3700.3310807546877,2471.059492047411,5867022.484152033,960737.2161653313,10778657.429764468,4750.753546691446
4055,CNYSN,VNHPG,3699.182653848993,2273.79203318679,5865201.607498006,960439.0438006786,10919147.729363767,5224.570497115709
4056,GEPTI,TRGEM,3696.5255309219865,1190.1784024705726,5860988.633140933,959749.1604285722,14951391.502153264,13368.70222947542
4057,ESALG,ESGIJ,3695.581117819614,0.0,5859491.228507394,959503.9572845609,19672457.808923632,
4058,CNYTN,CNYTN,3693.60023965399,1698.3914933129354,5862471.352746146,959991.9588684477,11258088.347409368,7193.912801838666
4059,EGALE,ITTRS,3692.0379894875205,1210.3468760209923,5853873.457249913,958584.0354786458,14856588.74674992,13066.644856572726
4060,AESJH,INMUN,3687.1330354660845,1373.5669357513434,5846096.457057372,957310.5354136159,11045109.660469364,8738.140008675759
4061,AAAAA,USNFK,3684.0413757743613,1646.8982404581639,5841194.507332109,956507.8308823903,6178908.838545264,4332.6396823659215
4062,AOLOB,AOLUA,3683.7643052635735,321.179400360751,5840755.200988701,956435.8935488365,21156937.814809177,68850.53550607577
4063,PECAL,PEMAT,3683.4040415718296,125.78296265316835,5840183.988539447,956342.3563142653,19539852.389733665,162948.89477650294
4064,CNTAI,TWTCH,3681.843144290406,0.0,5837709.123656899,955937.0920078701,10073615.730788127,
4065,ITLIV,MATAN,3678.677605535908,753.7293698674135,5832690.035731579,955115.205851121,17776850.423877526,24852.37590386552
4066,BEANT,FRSNA,3677.43886051595,655.0826934753577,5835352.838325419,955551.2453512446,19172700.174661834,30726.275660296076
4067,DEHAM,PTLIS,3671.8071338649324,501.54777958215305,5821796.628928067,953331.3876784052,18699396.358644996,39184.158611361774
4068,PTLXS,PTPDL,3669.509110493105,0.0,5818153.021235301,952734.7392897204,21591120.929575387,
4069,IDJAK,VNHPG,3668.779021235283,3006.804940663577,5816995.435603746,952545.1822187977,11531523.69129193,4151.938393035764
4070,AWBAR,CWWIL,3663.8105022438976,1149.1940780458708,5809117.650616612,951255.1784326299,16548830.644582473,15228.137837929735
4071,LYTRI,TRIZM,3662.435170012753,0.0,5806937.0065209335,950898.0933961248,16485066.273048548,
4072,GRPIR,SAJED,3660.961904897144,2250.2987259885845,5804601.085931732,950515.5815086871,13406040.733016765,6379.844661831925
4073,CNFOS,CNMWN,3659.8973088372472,2519.0525555682243,5802913.126426584,950239.1746054655,11309033.21436892,4866.620333853676
4074,TRBOR,TRYAR,3655.8097402233093,477.6512088462949,5796432.12339196,949177.8967886064,15245099.354393177,33903.98045950094
4075,CNGLA,KRINC,3649.8474718547336,1359.6769521611716,5786978.709140214,947629.8804113021,11559764.766159585,9198.798748990122
4076,CNCHZ,CNNJG,3648.978613127384,2351.0260581461753,5785601.098981107,947404.2938633049,10723871.771653812,4964.3329239490095
4077,IDMKS,IDSEM,3646.820736687487,66.41797081879965,5782179.699837461,946844.0325897994,12945406.727984566,209164.0348133333
4078,CNNSA,CNYJG,3646.4618533907096,2413.465109889429,5781610.676059472,946750.8537547304,12874138.13047408,5726.575009349111
4079,ASPGO,NZTAU,3644.55943145571,2323.187532518753,5778594.3102199305,946256.9175328315,24847499.538519345,11102.744007965257
4080,CNHUM,THLCB,3642.51717572427,2985.281636486246,5775356.232320073,945726.6754968348,11393468.85726106,4133.343863422363
4081,BHBAH,QAHMD,3641.946857531009,1410.968646406859,5775098.361210213,945684.4485626641,12613626.887564605,9609.93100070445
4082,AOLUA,AOMOC,3639.867673600443,552.4278140349844,5771155.34105033,945038.7707555783,21408711.77235364,40464.56383112815
4083,ILHFA,ROCON,3638.712096501676,2186.919624702593,5769323.127480064,944738.7419471542,13651524.9865833,6674.348505384806
4084,JPKOB,THLCB,3629.2719862426547,1487.2131676619854,5754355.456227453,942287.7544401941,11500263.208004719,8366.353413885898
4085,IDJAK,PGPMO,3625.769629674373,2970.6553268378248,5756782.496830937,942685.187420758,14836324.353696544,5311.625821604014
4086,PACOL,PACOL,3621.2823119758223,777.3014525683228,5741687.5090785185,940213.3515703785,14579281.021020427,19965.863078361715
4087,AAAAA,CNYSN,3619.8236229620734,2878.972800795361,5749333.950288895,941465.4723287142,4780829.3185047405,1987.6168296041499
4088,AOLUA,AOLUA,3619.5378970972833,868.2061112404946,5739611.307779276,939873.3692604724,20505961.72832544,24701.317832172434
4089,ITGIT,MEBAR,3619.335201452565,0.0,5738600.287700277,939707.8126056601,15987157.85329551,
4090,AEKHA,INKAN,3617.059138409661,988.1390352750668,5734991.498984716,939116.8658973967,11607087.668900998,12696.800841701317
4091,MACAS,TRBOR,3616.4977547211106,592.791403017391,5734101.402760601,938971.1107770123,17193101.420666087,30587.61048009185
4092,CNJIJ,KRBUS,3610.2839101909217,2958.8643621019305,5724249.104472684,937357.7763036006,11604346.547939293,4238.688493085728
4093,CNYZH,CNYZH,3609.093958572541,2693.4832591024333,5725367.705046045,937540.949489617,11206719.604111377,4508.756649056696
4094,CNTJN,JPYOK,3608.5199914785235,1689.953551469115,5721452.341015575,936899.8004316293,11495742.62605777,7356.79534841737
4095,DEHAM,DKCOP,3589.9350101124705,233.50691304536102,5691985.111958887,932074.4799750433,16964713.11199236,76643.50214972341
4096,CNJIT,JPOSK,3583.4467043665063,352.4243414911141,5681697.644468853,930389.8856336267,11186945.955921669,34382.80054744975
4097,SIKOP,TRDER,3582.8844505435827,1258.4608750952307,5680806.16861199,930243.9045954911,16521025.849532854,13867.153202365362
4098,CAHFX,ESVIL,3582.162834944036,0.0,5679662.018303529,930056.5475868561,17316281.90264524,
4099,COCTA,DORHA,3579.3555708454664,1530.5303792777008,5675210.989131863,929327.6822404204,14309185.598702054,9956.36119822329
4100,CNZPU,JPHKA,3578.1864667540362,2543.8167221638014,5702620.775546032,933816.0921564156,11584195.54281653,4920.956579106443
4101,CRPTC,ECPBO,3577.285591634444,2931.8200766066975,5671928.954549616,928790.2422056458,16709261.254518034,6016.075692181644
4102,DZALG,ITVAD,3576.279050539868,0.0,5670333.043507004,928528.9084308958,17759500.80527089,
4103,BRITA,BRRDJ,3576.2633138049023,2198.2366896770504,5670308.092286193,928524.8226162449,23360313.260830306,11049.236962292216
4104,GBBEL,IEDUB,3575.7306129811705,508.314851298778,5696412.661658265,932799.5005087303,19769101.250865914,40726.53139777427
4105,JPTOK,JPYCI,3575.3977699060506,2007.7795679340475,5668935.737919852,928300.0967153179,12154949.153080095,6516.27771232762
4106,MTMAL,TRYAR,3572.5017938244673,1097.9622902496435,5664344.052361609,927548.1985910736,15380037.576217664,14852.59186005458
4107,MYBTU,MYSAN,3570.4010482861927,0.0,5661013.236540657,927002.7705263227,13878864.445804723,
4108,ESSAG,TRBAM,3570.185556129383,0.0,5660671.565132999,926946.8211179263,17159325.671842918,
4109,TRISK,TRYAR,3564.040609343407,625.9210596965754,5650928.506965922,925351.3749430295,14913568.97753938,25304.980727378883
4110,DORHA,PACOL,3560.972954132935,2188.838100512899,5646064.617302893,924554.9028266848,14633472.158896534,7107.893022365422
4111,CNNBO,CNPAN,3558.3843747338888,2916.329290153714,5641960.321442665,923882.8157859881,11299791.380725998,4191.458844439237
4112,ESACF,ESBAR,3553.6740559992645,194.16459167549496,5634491.923258703,922659.8499460148,20098080.833880063,108262.4823734999
4113,NZNEL,NZTAU,3553.3032994169143,545.9859364701359,5636033.025640254,922912.2086877575,24056949.13605918,45751.84025113305
4114,AEKFA,SADMA,3551.551653618981,1697.9254992190636,5631126.769651151,922108.7989968117,10883734.280826645,6953.098404643422
4115,HTPAP,JMKIN,3551.1747852583762,2046.389455478597,5630529.229837285,922010.9506011609,14561906.986705562,7566.457057259142
4116,CNCHS,CNYSN,3546.627899764641,2548.7802638519424,5623319.961573872,920830.4178282442,10981896.058865735,4669.969649994671
4117,RUNVS,TRDER,3536.5987382121275,931.6525283719133,5607418.326006227,918226.4917091605,15953978.702705065,18109.976284719407
4118,JPHMA,JPMIZ,3533.5895830597574,2095.7955039846574,5602647.190518087,917445.2082831628,12370776.099730758,6340.418844658043
4119,ITGIT,ITRAV,3530.435599123053,0.0,5597646.423217145,916626.3221670153,16917942.220418774,
4120,JPKOB,JPSBI,3529.085401546216,2398.5066649914393,5595505.631118148,916275.762978409,12348589.838423248,5530.4685181890045
4121,CNMWN,CNMWN,3528.312118024867,2323.673923002713,5594279.559259341,916074.9911443773,11303057.682332333,5258.540173178354
4122,CNSTO,CNZZU,3521.39359015226,2861.1334952982716,5583309.957431838,914278.6958769455,12234034.043189414,4595.490829307024
4123,NLROT,NOBRE,3519.6274528056506,369.81608354478755,5580509.676241715,913820.1439688277,18637026.394239884,52866.40416178913
4124,AEAJM,AEJAL,3518.099531373498,9.976862352463655,5578087.095883142,913423.4413627068,10557938.254669279,1149796.5282841937
4125,CNNBO,VNDAN,3515.4375306254497,900.3536049133379,5573866.387546297,912732.2915352195,11800360.64476342,14120.111106260652
4126,ITGOA,MATAN,3513.8634190826037,1079.9405430417382,5571370.570925327,912323.596337789,17637040.41119636,17176.282645420823
4127,CNJMN,CNSHE,3513.8470395619997,2129.6207236452574,5571344.600542254,912319.3436331839,11353971.487659177,5759.847608120677
4128,HTPAP,USPEV,3510.398319838191,0.0,5565876.517897877,911423.9336510829,14705866.518219566,
4129,MEBAR,SIKOP,3510.2752879827412,0.0,5565681.445985002,911391.9902169077,16254979.36986431,
4130,CNHPU,CNQUA,3507.8158346971104,2874.8850562152156,5561781.88472667,910753.4288959452,10926492.01769969,4117.467382219225
4131,CNNBO,JPSBI,3507.369662789494,2874.5193890849687,5561074.461375446,910637.5868409777,11421264.899126833,4290.074553956431
4132,BSFRE,TCPLS,3505.6790289989067,2873.1338038521244,5558393.894084202,910198.6383344583,15141887.240466762,5586.960780343593
4133,CNDYI,CNYAN,3500.394080332171,2868.80244192754,5550014.397228748,908826.4781793675,12018522.82024698,4506.1831757715945
4134,JPHKA,JPTOA,3498.085627232593,775.8220816980765,5552372.070439859,909212.5521041887,12545696.784824867,17342.776977267382
4135,CNQIN,JPIRI,3496.3931347173293,0.0,5543670.738413396,907787.690765986,11437903.326676069,
4136,ITTRS,MTMAL,3496.359991020833,2865.496241253637,5543618.187760953,907779.0854866178,15980146.870452736,5893.543223965629
4137,CNDCB,CNJMN,3492.5891373641575,1589.0161361244209,5537639.348920496,906800.0381079861,11587386.230849769,7862.844174402678
4138,CNDAL,CNNTG,3491.6970458314095,2584.7383953173976,5536224.90222199,906568.419499534,10194586.724617243,4294.8853795912255
4139,ESLPA,GNCON,3489.376942254285,635.5051499925092,5532546.2854832485,905966.0383062686,21779686.87379161,35697.040240138536
4140,JPISS,JPTOM,3488.2041593388335,2858.8120024769987,5530686.791404524,905661.5422574645,14683998.85773355,5453.1953785290725
4141,CGPNO,GQMAL,3470.7403997340125,1279.9073178802198,5505310.660520681,901506.1476926329,20792802.71689097,16949.906107665418
4142,CNNSA,PHBAT,3458.7941585122485,2834.2687078576528,5487956.35943398,898664.3445532091,12792226.501449436,4830.4844237409025
4143,PHDAV,PHSFS,3457.0421237113505,2630.896051858838,5481278.141289599,897570.7723491981,14396706.591794346,5813.333960244267
4144,BJCOT,NAWVB,3456.3368748769726,2832.6946735752454,5480159.941139959,897387.6647334044,21572684.67508964,7932.401804343693
4145,DEBRU,FIRAU,3456.1637047580443,1724.1625430578906,5479885.37301101,897342.7036273975,19291747.679974664,11709.505269610876
4146,CNWGQ,CNYPG,3454.4124339515793,1132.4469872266188,5477108.663313111,896888.0116004854,11755003.03306312,11172.170695290817
4147,DOCUC,MXPRO,3451.319121572889,0.0,5472204.093186758,896084.8779730947,14081159.493067656,
4148,DZWAH,ESBAR,3447.1700376287317,0.0,5465625.555143066,895007.6285942816,19325491.34835172,
4149,MRNOU,SNDAK,3440.701430348341,783.300111581073,5455369.320355701,893328.1486733223,23152828.0420249,30698.52261626979
4150,ITVAD,TRMER,3438.476510630974,0.0,5451841.621422188,892750.4805866552,15662726.183301717,
4151,CAPRR,USSEA,3436.4205107245366,704.0929768485465,5448581.751584805,892216.6700752606,15747632.811491165,23633.02863216278
4152,CMKBI,GAOWE,3432.368801444483,1306.0595163574767,5442157.604953992,891164.7026135717,20676034.083234187,16513.182221586205
4153,NZPCH,NZTIM,3429.5977271187326,1613.8140981841686,5451467.4628019845,892689.2113291826,24315445.75009785,15620.22229808918
4154,FJLAU,NZTAU,3424.702252589203,2374.95756095144,5430001.98603013,889174.1945633258,24269944.04371203,10593.50223849738
4155,BEANT,NLVSG,3421.7690342756146,934.7880206210376,5425351.25142796,888412.6270345014,18907411.226890054,21176.80524058595
4156,INNSA,MZNAC,3418.902765957617,0.0,5420806.668713519,887668.4420995539,15408014.245532367,
4157,MATAN,TRTUZ,3418.023447234468,1399.8422253792876,5433659.811218056,889773.1710966117,17752319.049854092,13317.280964216967
4158,ITANC,ITRAV,3416.3756488836825,582.1293682377909,5418385.638995146,887271.9934140126,18098671.74786604,32614.646807382138
4159,DZALG,TRYAR,3413.2049619258096,0.0,5411772.573213587,886189.0900458295,16167688.017362855,
4160,CNWGQ,PHCEB,3409.8174704775,2514.5586736408313,5411852.1433194615,886202.1198172707,12186621.377704458,5198.854031349198
4161,CNBYQ,CNYAN,3406.7462874671933,2755.3144104583967,5401532.087311231,884512.1890377654,10762957.536429357,4227.274274491729
4162,FJLAU,PGRAB,3402.7751975414612,2788.797367384147,5395235.765881498,883481.1532203942,22338038.72086851,8326.714642545136
4163,ITCIV,ITSAL,3401.914830204227,1533.4507319690995,5393871.6191600235,883257.771338499,17250508.76295432,11825.46407018066
4164,USPEV,VISTS,3400.5784442254903,0.0,5391752.725900571,882910.79813072,15232638.470455365,
4165,CNCGM,VNCMP,3400.1644389656267,2089.993259673378,5391096.304052047,882803.3076786067,11730766.302429797,6035.22023419331
4166,NZNEL,NZPCH,3399.4460570962224,1625.093972272249,5391674.029439798,882897.9114204935,24128971.842633698,15391.02979939181
4167,JOAQA,TRMER,3395.574872674821,0.0,5383819.363682925,881611.6934566881,12951797.51605501,
4168,BEANT,SENYN,3394.5210141859775,309.11472477366095,5382148.429024857,881338.0744078225,18284156.542026468,62001.23475343205
4169,ESBAR,ITNAP,3385.373070777714,1040.450693843151,5367643.999964665,878962.9437798085,16938130.305636376,17124.399411570896
4170,CNDCB,CNSHE,3383.6820806802657,2292.205353443921,5364962.867734685,878523.9027633882,11539052.76107082,5417.3054980337765
4171,ESVIG,PTLIS,3383.594708034288,1053.0674805267145,5364824.334920386,878501.2177249865,20798981.670843884,20585.084326909808
4172,FJSUV,PGLAE,3382.169378404083,2375.0742361139805,5371331.135322946,879566.7199148597,22251916.43808361,9739.267432686844
4173,PHSFS,TH7003,3378.2892806325644,2768.7295531298123,5356412.368213992,877123.7405638188,14232083.303316124,5457.0902480526765
4174,CNNJG,CNTAZ,3373.8053552461274,2691.6461509116793,5349302.925711316,875959.5544682384,10984120.390606726,4406.255235688343
4175,JPNAG,VNHCM,3371.9622103473866,2763.5441042152597,5346380.545976512,875481.0086677787,11431311.480679324,4453.264368234773
4176,ESLPA,ESSEV,3369.377091307083,0.0,5342281.736653057,874809.8200589663,21034145.796013817,
4177,JPIWA,JPKOB,3366.6607482594554,860.3954521002277,5337974.866433257,874104.5610427391,11987498.060650175,14948.478156524081
4178,MYTPP,PHGSA,3359.7451576172607,611.7627991072039,5332318.218405245,873178.2730842492,12734237.676497359,22242.960783885577
4179,JMKIN,PABAL,3357.6916946968095,2161.9548771540635,5326144.74124641,872167.353273449,13301483.01905887,6555.941810862451
4180,JPNAG,KRGWA,3357.4433324790875,1420.2038358268103,5323360.28615679,871711.3929224252,11132983.35062143,8452.797014560234
4181,FRLEH,IECOK,3356.1862250314725,976.0245532054221,5321367.092169767,871385.003233696,18800530.064131167,20155.143641375744
4182,GNCON,TGLOM,3351.9816861542104,0.0,5314700.628118298,870293.3557870098,20919416.282881614,
4183,AAAAA,ITVAD,3346.4489150689874,342.8292857537577,5305928.198936082,868856.8521406892,9083720.756260674,29030.710099690703
4184,IDDMI,IDJAK,3345.41631855621,2741.7880054886714,5304290.975988917,868588.7534550696,11730681.826814989,4595.275256528988
4185,DZDJE,MTMAL,3345.3679329733786,265.3304855159305,5304214.258717898,868576.1908413095,17552104.93217753,69425.42274100221
4186,BBBTN,LCPCS,3344.278766978458,1418.7958955903575,5302487.3426010115,868293.4047113482,18358535.705729395,13551.511651674538
4187,MGANT,MUPLO,3342.6740576231923,0.0,5299943.011928321,867876.7652363697,18889754.110816568,
4188,AOLUA,ZACPT,3336.4892504071004,911.4905626211248,5290136.753459807,866270.9698797835,20854920.47895027,23830.407400343873
4189,EGSOK,SADHU,3336.467393327263,0.0,5290102.098188144,866265.2950064874,14774440.33323371,
4190,NLROT,NOFRE,3328.9969395580183,481.4702202196084,5278257.395842743,864325.7001969625,18830389.261890497,40905.364724539555
4191,BNMUR,MYTPP,3327.5351859579237,1090.8532980000957,5275939.727220427,863946.1771073182,11649857.66136309,11471.57354835197
4192,DEBRU,LVRIX,3326.050796590019,2127.478236225842,5454576.366496511,893198.3008185911,18265179.90290761,9005.205260154986
4193,CNDAL,VNDAN,3324.913718836641,2724.9847808255267,5271783.28656515,863265.5512472515,12367503.921207821,4855.355364020363
4194,BGVAR,ROCON,3323.298124016709,680.9151737372115,5269221.696554161,862846.0855194888,15382282.770181088,23857.786523597326
4195,RUVLD,TWKEE,3321.501228608208,247.4716383048536,5266372.64723039,862379.5477273752,11182603.848737303,48672.17705823238
4196,COCTA,GPPPE,3315.910705862648,1552.9178408212215,5257508.650487787,860928.0497013167,15234443.176348016,10364.599338711763
4197,ESALI,ESHUE,3315.129688064388,120.75405005094746,5256270.315624525,860725.2697746292,20384821.718762174,175940.65772181618
4198,AUDWN,TLDIL,3313.0112935227576,887.6713340358249,5252911.516604974,860175.2594025164,16858869.025389105,19961.26674974559
4199,KHSSK,MYKUA,3312.084252358423,2714.470191920198,5251441.655871924,859934.5666298816,12120121.018700462,4781.800744751718
4200,CNFOS,CNGUA,3307.008824692798,1329.2605863492638,5243394.362918658,858616.8055593434,11300377.734975236,9147.186537689004
4201,EGAKI,LBBRT,3306.7723762253754,100.37469485820554,5243019.464444863,858555.4151492962,15537709.951303348,163350.58741264272
4202,MXALT,USMOB,3305.714398291785,1354.6248394458726,5241341.998242881,858280.726546439,12011583.118530516,9500.684964806598
4203,GTPBA,PACRI,3303.5754452512033,902.4988888802637,5237950.602903445,857725.3784586949,14233098.458112977,16721.155031331902
4204,DEBHN,NOKRS,3302.896683498461,48.338221015774835,5236874.399077946,857549.1478289113,18018292.90542661,390495.1745554625
4205,FJLAU,PGMAD,3301.59993909502,0.0,5234818.359116886,857212.4669803464,22047137.814452123,
4206,EETAL,FIHEL,3300.9445257792513,2088.6658906952384,5391587.626309182,882883.762726944,17339763.02001343,8724.538885764414
4207,CNHUA,CNTJN,3299.877565411475,2231.734147842711,5232087.466959687,856765.2776716567,11756526.436650045,5651.789540664709
4208,DEBRU,DEHAM,3298.3813426177103,1514.5811415654166,5229715.146056303,856376.8051565564,18476351.677862525,12764.405915577074
4209,DZALG,FRFOS,3296.237095381764,158.9107298709029,5226315.356559004,855820.0825078865,17258449.17543833,113990.22125606006
4210,ILASD,TRDER,3294.7032648376344,2362.697166474158,5223883.407067757,855421.8456866733,14863900.57628541,6653.126200438948
4211,BEGHE,GBHUL,3293.2730808760675,0.0,5221615.793366208,855050.5191951097,19172910.659749325,
4212,IDBLN,IDKTG,3292.9476980215,0.0,5221099.885875218,854966.0382632518,11982555.339634882,
4213,AUSYD,NCNOA,3291.02228827393,385.31550449813005,5218047.071942175,854466.133589727,20990701.408226576,56694.234430741206
4214,ZAELN,ZAPLZ,3290.623353446802,0.0,5217414.544865708,854362.5559565689,21210994.378100365,
4215,DEBRU,FIHEL,3285.9392095746216,1985.2102620537414,5282507.257610927,865021.6239598732,18185152.377405133,9596.048522163694
4216,BHBAH,IQUMQ,3284.8304205985887,347.3721148355203,5208229.618833976,852858.505087453,12061884.920264805,37178.411489555954
4217,CNLSN,CNQIN,3283.4390482635067,2690.931089218685,5206577.878615034,852588.0291681838,11648806.964969542,4645.750701021303
4218,GDSTG,TTPLS,3282.455567762835,2256.2863258638304,5204464.194962477,852241.9090444419,17691416.889973402,8218.66382225151
4219,DERSG,LTKLJ,3277.1445610175138,2124.487381577302,5490408.547195847,899065.8954336115,18062845.814179767,8925.405664464488
4220,NLROT,NOKAS,3276.0676052435992,0.0,5194335.825659742,850583.3673643155,19064945.337424744,
4221,CNTAI,JPMOJ,3272.8319733702397,1498.9325629630227,5189205.602299413,849743.282547388,10211887.408290572,7379.672017380038
4222,CNDAL,KRMOK,3272.4847262120893,2681.639867923894,5191988.471635843,850198.9832280067,11992975.167901222,4789.298632061404
4223,IDSUR,TL2839,3266.796275916477,0.0,5179635.763305021,848176.2013747051,13854913.136556866,
4224,NOOSL,PLGDY,3264.9070720829723,0.0,5176640.355292488,847685.6970408604,18263439.48121524,
4225,ITGIT,ITTRS,3264.78819302409,167.2317481542485,5176451.86780417,847654.8318199927,15915197.306519864,100237.25951174302
4226,INNSA,IRCBA,3262.4144585934305,486.1386435409269,5172688.217208547,847038.526154619,12116351.09960315,26666.034058381556
4227,AUSYD,NZPCH,3258.0629833106987,1334.3014042902962,5179889.165703944,848217.6965481031,21575679.85121908,16805.721312790094
4228,NZAKL,NZPCH,3255.774967220433,1422.969918969829,5164400.044637237,845681.3205422718,23426547.840844877,17057.443616910212
4229,CNTJN,KRKHN,3253.9150394956514,2661.9549702889913,5201822.203078732,851809.2773416698,12169821.754160438,4891.754810596376
4230,EGDAM,TRYAR,3251.3740644904406,532.9428425353128,5155183.2321078805,844172.0481924061,14124767.250091892,28087.325888596497
4231,BNMUR,TWKAO,3249.6803132409714,2421.205520437981,5152497.721961266,843732.2902829705,12356430.657606356,5451.896931699338
4232,JPKAW,JPYOK,3245.8464255580966,2066.019724353506,5150678.088494042,843434.3214927597,13075897.504680276,6737.269573033065
4233,MXVER,USCHA,3245.6043339685207,1329.992770119176,5146035.09428971,842674.0214702882,12399017.906969564,9956.213466674191
4234,CNCQG,CNNJG,3241.7676944353834,2592.0401586369767,5139951.949318825,841677.8937444027,10750804.89689845,4472.33919274567
4235,CVPGR,PTLXS,3239.675080961251,0.0,5136634.027209847,841134.5770519844,22244536.85273307,
4236,AUTOW,SGSGP,3239.199564798368,1061.8945647973849,5135880.0773717575,841011.1161873753,14844074.94027482,14770.85068182357
4237,FJLAU,PGLAE,3236.236348752055,2650.9394781019832,5143295.291731511,842225.3730647782,22163270.483220898,8678.242580157705
4238,AAAAA,ITVEN,3233.172840206681,0.0,5126324.465207992,839446.3646879955,8404863.80048653,
4239,IDAMA,IDMER,3233.1680302336517,2649.793173977762,5126316.838803951,839445.1158483656,18331033.277261276,7234.707441083675
4240,EGDAM,MTMAL,3232.9691843422274,529.9260413465983,5126001.560713854,839393.4884009822,14520988.88960428,28985.898369842143
4241,CNTAI,CNWUH,3232.726244052532,2610.4688791608883,5125616.369196975,839330.4124835783,10187298.759628749,4224.003304592828
4242,EETAL,NLROT,3230.184140698342,2219.086892397679,5243736.7696218435,858672.875373922,17880938.13697726,8444.739625361586
4243,MTMAL,PTSNS,3227.877293855361,661.364267161026,5117928.165301031,838071.4529980383,17832343.251940954,28230.153384433157
4244,RUNVS,SAJED,3226.5536325904136,0.0,5115829.447582707,837727.7835773625,13621669.61232611,
4245,COBOL,PAMIT,3222.055660162561,0.0,5108697.732935723,836559.950371518,15292495.607557638,
4246,BDMON,MYPKE,3221.0095901862246,2639.828535226351,5107039.147274813,836288.3534967935,13264697.67705873,5341.629519640919
4247,VNDAN,VNNGH,3220.889200430348,2358.6475107911497,5109428.946488335,836679.6881217749,14659191.944100615,6569.812386686252
4248,CNYSN,KRULS,3220.8238490507506,2639.676308188256,5106744.647297844,836240.1285089402,10407945.62822366,4259.683553567997
4249,DEHAM,GBSOU,3220.163033155351,1319.5673631187578,5105696.897344777,836068.5572603442,17765763.161870454,14096.917094983259
4250,CNFOS,CNJMN,3212.392758183928,1926.8798124838577,5093376.816527553,834051.1182307096,11358656.851921815,6327.6951116299415
4251,BEZEE,GBTEE,3201.7358350480445,2279.1651478154395,5726722.397257246,937762.783175659,19029872.06258205,8760.942516559853
4252,GBBLY,NLMDK,3199.17185537447,0.0,5072414.547922102,830618.5028557198,19932151.496393852,
4253,AAAAA,EGALE,3197.424584557461,561.5355164639351,5069644.18036699,830164.8493679682,6764571.4841622105,13524.943856365948
4254,MYPAG,MYTPP,3195.0700502070317,2532.714647741616,5065910.9722642,829553.5287245364,10187051.529299289,4349.722171760316
4255,ROCON,UACHO,3194.054357172212,0.0,5064300.550455386,829289.818781438,15622036.372877335,
4256,INCHN,INKUP,3188.511664380454,1152.8798622340187,5055512.390011818,827850.7391081329,14724163.973923996,13489.70974555481
4257,CNDCB,CNFUN,3175.517832286003,2602.5450570931266,5034910.151079757,824477.0793459917,11119471.236914098,4589.333922848853
4258,JPNTA,JPOTA,3173.8272528581815,2601.1595164141336,5032229.669982847,824038.1449539751,14131028.63404248,5749.384720400762
4259,JPKAW,JPTOK,3169.7574218140458,2198.290597064555,5032232.621278681,824038.6282348473,13084174.945425132,6326.831217052032
4260,JPOSK,KRULS,3169.2816266158643,1901.740001816693,5061600.464784831,828847.674099439,11387066.557406839,6423.545921017946
4261,ILASD,TRBOR,3162.6157977809207,2419.1729276699343,5014453.460886191,821127.2534945294,14187067.67329405,6203.853703523363
4262,CNDCB,CNZZU,3159.5297163016744,2589.441747829928,5009560.355639249,820325.9972651474,12647828.435805283,5201.180696324745
4263,PHBAC,PHMAN,3158.010629647683,0.0,5007151.783173747,819931.5884808468,14004960.187322399,
4264,PAMIT,PRSJU,3157.261662600273,1437.546071735181,5005964.266054024,819737.130066066,13964123.12179118,10284.094918789267
4265,GTSTC,PAMIT,3157.156200992656,1232.141188772191,5005797.052469726,819709.748491525,13055971.342270797,11261.437582968245
4266,CNLYG,CNYSN,3155.4858862802753,310.33530768066106,5003148.7018872285,819276.0755385184,9837645.309210323,34340.02229522316
4267,PHCEB,PHGSA,3143.730754119545,0.0,4984510.471094886,816224.026221501,15436886.324231206,
4268,FRMRS,MTMAL,3140.995175453507,335.77193170981536,4980173.102035051,815513.7729563595,16441518.971239034,51395.10219427592
4269,CNFUZ,CNFUZ,3137.758112338979,947.4310229966811,4975040.609384777,814673.3165384519,10369900.842494115,11805.159307171796
4270,DOCUC,HTPAP,3135.6305208495123,385.47821854140943,4971667.228237692,814120.9183124235,15727956.348065952,42913.130938944
4271,CVPGR,PTLIS,3132.7861806291476,135.13282457813844,4967157.41339646,813382.4266895108,21822710.584462646,167509.9523880905
4272,CRPMN,USNFK,3128.8804552544343,2136.935557477165,4960964.730068866,812368.3618283625,13993497.268670755,6928.55036207957
4273,CNNJG,JPKOB,3128.3338286550756,106.82811135985204,4960098.0317981215,812226.4381718332,10679942.620556343,107576.26351753648
4274,CNGLA,HKHKG,3124.381826226757,2155.724526886409,4953831.974356678,811200.358145911,11844899.699437644,5870.926410000641
4275,TNRDS,TRALI,3124.2984591314917,116.38942830657625,4953699.792502761,811178.7130905694,15306832.870123511,138483.4672506367
4276,CNDDG,CNNBO,3115.344090817151,58.02792570100269,4939502.284473048,808853.8414239283,11476511.182643946,211714.70245843357
4277,BEANT,GBBTL,3113.9867169578065,1148.4523232883632,4937350.114091971,808501.4190178076,18521896.323730595,16831.69370705758
4278,ILASD,ILASD,3113.957585732287,1361.0845703145822,4937825.876262352,808579.3260693593,12867752.574507026,10048.11324649388
4279,SADHU,SAJED,3113.576354546493,0.0,4936699.468125087,808394.8743784063,13595378.46276108,
4280,CNRIZ,CNWGQ,3111.9441388878263,1500.2601454883159,4934111.525111505,807971.093291291,9845371.243016176,7100.996696036297
4281,NZAKL,NZBLF,3107.7403906838435,318.37462500881537,4927446.314704048,806879.6511314368,23795367.919926,77274.52390521459
4282,EETAL,PLGDY,3100.6740907971957,2105.570440483773,4916242.414455676,805044.9890070133,17278994.339362137,8588.665086034447
4283,CNHEF,CNNJG,3098.4125050917874,1397.115700997404,4912656.580136019,804457.8011291411,10663888.926889012,8208.587678050482
4284,EGALE,LBKYE,3097.1488313466875,1450.46658445093,4910652.975022495,804129.7065966484,14367447.75703522,10459.791094997909
4285,GBBEL,IECOK,3095.8319020919207,289.9699671913409,4908564.931174759,803787.7850446305,20348282.995886613,72945.72946919616
4286,ITBAR,ITGIT,3090.5829988102378,0.0,4900242.585714662,802424.9835501934,17045793.387275204,
4287,CNSHE,LKCOL,3083.4095192601376,0.0,4888868.747835956,800562.4937829867,12459624.318976073,
4288,CNJIU,CNNJG,3080.9915453910694,1893.8059257324921,4885034.95384663,799934.7019900277,11010068.821752394,6236.12132757189
4289,EGDAM,ITGOA,3079.421182705136,1261.893776232983,4882545.081187785,799526.9801288407,14982379.546459815,12506.525369909461
4290,AAAAA,ESALG,3078.767792362864,194.09631201868066,4881509.104745304,799357.3368172545,9259360.906008048,51823.335220595065
4291,PGLAE,SGSGP,3074.6797656690314,2014.8811466937075,4886537.4402532345,800180.7372850188,14580890.121110527,7633.736056161381
4292,GTPQL,SVAQJ,3074.2500358021957,1205.0019149576872,4874346.021566823,798184.366948698,14830244.790095733,12969.630141702482
4293,BEANT,SEHSD,3073.930837129103,0.0,4873839.919342164,798101.491649732,18150086.47482191,
4294,DZSKI,TRGEM,3073.0890154014546,1511.1587557263472,4872505.1774242185,797882.9248659826,17343431.073075123,12004.902813286073
4295,CNTAZ,KRBUS,3071.5093903101715,2517.303319884775,4870000.618852342,797472.7981557872,11408545.41997292,4848.8468281555415
4296,EGAKI,GRPIR,3069.9780830533387,0.0,4867572.670133722,797075.2164694684,15475578.628850613,
4297,CNFUZ,CNJIT,3068.648167019472,2514.9583598103145,4865464.035229858,796729.9230888961,10611946.129480805,4536.3280103890775
4298,DEWVN,LVRIX,3067.4800012475794,2117.05344957716,4863611.861816361,796426.6258143508,17357897.062218454,8575.27885829183
4299,BJCOT,GQBAT,3067.340481141589,1955.2451531657264,4863390.647124764,796390.401445422,20990789.815429363,11142.940403968927
4300,TRANT,TRIZM,3067.3234982741283,0.0,4863363.720111191,796385.9920905697,15335019.981872555,
4301,CNCGM,KRBUS,3067.2132294888943,1675.297421926963,4870597.445397583,797570.5297522072,11534569.423803236,7361.164526458086
4302,CASJH,JMKIN,3062.8874705811663,836.7456971319723,4856330.221311505,795234.2419353648,14682004.628311193,18496.94467900619
4303,CNHUM,CNSHE,3058.8728721324474,1810.572735661294,4849964.915383617,794191.9097619806,11293287.881583916,6676.053136816435
4304,MHMAJ,VUPVI,3055.0123253229654,2503.782893545966,4843843.864472753,793189.5748590559,22334788.06498964,9237.213697507874
4305,PFPAP,WSAPI,3051.9933178970396,1945.4622592440248,4839057.107812017,792405.7334333381,24925912.174323734,13219.64370449972
4306,CNSBU,HKHKG,3050.352601576151,1996.6154992461852,4836455.6866595065,791979.7452727527,12786399.398143388,6800.6980555558175
4307,CNNTG,CNSHA,3047.9343823583727,1840.1504819753222,4832621.503660017,791351.8897785649,9527151.451244574,5607.4236548016825
4308,CNJIU,CNTAI,3047.6092399582108,2497.71557972792,4832105.977419075,791267.4712772006,10844794.062106477,4658.6815679995125
4309,IDJAK,PGLAE,3045.014812373706,2079.6577301886377,4827992.409027597,790593.865840097,15254449.114380645,7715.2325343292705
4310,DORHA,VELGU,3043.2557818100317,0.0,4825203.395925213,790137.1591049394,14809365.524483124,
4311,RUKOR,RUVYP,3042.653368431141,0.0,4824248.245490948,789980.7512214322,14742606.359570803,
4312,JPTOK,KRULS,3041.569917479103,2396.89034519787,4822530.390802447,789699.448919342,11698508.579251744,5210.170775309352
4313,MYTPP,PHBAT,3033.6257178087435,2486.2551665377196,4809934.54543958,787636.8528679622,11883664.319853935,5096.540911513742
4314,GRTHE,TRALI,3028.4583054160494,1214.6055971446715,4801741.407033533,786295.2092991595,15485514.055028347,13396.78435747351
4315,CNNSA,KRINC,3024.4868536307235,991.5061072723774,4795444.511860985,785264.0795302009,11016960.034485089,11903.32971975642
4316,GBFEL,MACAS,3024.320776372319,0.0,4795181.189745233,785220.959982402,18335661.38119739,
4317,JPNAO,KRBUS,3022.565138546578,1152.1815333385393,4792397.555964132,784765.1341223677,12544050.099291801,11568.329163194318
4318,INNSA,INTRI,3021.2196466183495,1238.0437889147177,4790264.224858649,784415.7966870713,14453399.991863517,12307.978057794078
4319,JPYOK,KRULS,3018.898680306848,2199.2759055731512,4786584.240220149,783813.1914973564,11690231.138506887,5671.88695988255
4320,JPTGA,KRBUS,3015.408073498673,137.2958118132819,4781049.7439332055,782906.9061422282,12596178.132012503,97447.14613982456
4321,ESVAL,TRATV,3014.7736652014787,1853.1035050848,4780043.864280131,782742.191242924,17344501.129982498,9782.09974320668
4322,DEKIL,PLGDY,3013.593119088525,1987.9176968477275,4778172.061342198,782435.6795926521,18091587.998111583,9494.368759648889
4323,JPKNA,KRBUS,3009.3582020874055,739.9099039126272,4771457.4315639855,781336.1449073622,12183742.529172188,17522.509977931775
4324,CNNSA,IDBMP,3006.4936581833454,0.0,4766915.582976606,780592.4076914456,11804243.165109687,
4325,AAAAA,CNWGQ,3004.935783606175,2121.7313401403926,4764605.289277166,780214.092260864,4741782.719826445,2602.590020526314
4326,IRBAB,IRBUS,3001.869156680015,1040.865938820535,4759583.251434937,779391.7230490444,11555601.02972915,11850.70266278065
4327,CAHFX,USPLD,2999.4576051589984,1671.6114675004706,4755759.640334546,778765.5987254693,15605623.149044454,9801.553211566079
4328,COCTA,MQFDF,2996.228202348807,818.2170261071412,4759092.6752050975,779311.3901642384,16047000.750230182,20564.607681716832
4329,LTKLJ,NOMOS,2993.1712783407147,0.0,4745792.418488528,777133.4452787915,17964659.25052712,
4330,CNTJN,RUNJK,2992.8678637461435,516.3897753608377,4745311.342549775,777054.6680865427,12826100.255482871,26342.804549265016
4331,DERSG,FIHEL,2989.9486264773386,1985.9343265692557,4968438.692824954,813592.2388786726,18172048.03614236,9560.054439372692
4332,NGLAG,NGLAG,2989.5338958510897,1039.444435990602,4740025.20350577,776189.0517499567,18603375.676473267,18644.156490918427
4333,CNNBO,CNZHA,2981.2744839901493,2443.3498981679218,4726929.576645234,774044.6154318895,11676445.452809397,5095.663980659071
4334,CNJIA,CNZJG,2980.629831466031,2017.128797461588,4725907.454361869,773877.2407678666,10831758.880888455,5753.542429348678
4335,AAAAA,IDSUR,2976.674051506433,1996.0196253820545,4719635.407493947,772850.1799608179,5763028.35423107,3274.4560479663955
4336,AGSJO,DORHA,2976.1903802944853,1143.367097749192,4718868.527500373,772724.601756175,16260540.245606385,14897.459338207194
4337,MZBRA,TZDRS,2975.9440267080063,406.49687315822854,4718477.924065334,772660.6396258409,18610575.16202328,47683.60369183999
4338,JPSDJ,KRBUS,2973.503653989526,2331.0254894449986,4714608.615807081,772027.0322969853,12513120.43005964,5699.27163924738
4339,CNMWN,IDJAK,2973.3083332966976,1218.410557698639,4714298.92705993,771976.3201162124,11044734.121599069,9698.463598374383
4340,FIHEL,LVRIX,2971.7151949121885,293.5963413757521,4740895.076803314,776331.4953237721,16512342.22137711,58885.86225457897
4341,DEHAM,EETAL,2971.6347856149378,2029.541277792349,4711645.450475563,771541.8077696668,17630962.32047082,9067.32192619308
4342,CRPMN,GTPBA,2969.962157803018,811.3595683993341,4708993.432381509,771107.5342539637,15230419.593235517,19721.869009393216
4343,IQFAO,IQMAB,2966.1898087563727,0.0,4703012.222540625,770128.0986190478,13677828.76706538,
4344,AUTOW,PGLAE,2962.460960852861,0.0,4697099.985496845,769159.957424073,19985672.48705978,
4345,CNFUZ,TWTAP,2959.469952773738,0.0,4692357.622916978,768383.3856220499,10649066.097130569,
4346,AAAAA,EGPSA,2956.867414482944,71.27490307437272,4688231.194677253,767707.6743578699,6589530.583468746,103223.40600238503
4347,JPAKI,JPTOM,2950.003923426835,1940.9877823456136,4677348.855916973,765925.6686004075,14712814.405887289,7974.671564280636
4348,LRMON,SLFRE,2948.4734868428077,105.06379697844682,4674922.287684807,765528.3129716361,23248928.170206126,228570.2323142212
4349,FOTHO,ISVES,2946.6623912680516,1176.5301887151297,4672050.72343119,765058.0883126183,21592470.78116274,19002.936842523068
4350,JPAKI,JPHIB,2946.3865714375356,2414.756966507154,4671613.400091224,764986.4757000303,13752630.767807573,6012.040733236494
4351,CLCOR,CLMEJ,2946.023273724421,2411.714811741104,4695263.889150155,768859.2928028797,22633372.550475635,9703.565168380585
4352,ITNAP,JOAQA,2944.4625326816195,1447.908054361626,4668562.759920118,764486.9269845742,14336099.722572716,10429.244180297794
4353,IDBUT,IDJAK,2935.651338621075,2165.362865450944,4654592.260379063,762199.2284332616,11701431.188651415,5755.908451163488
4354,ESVAL,ITVAD,2935.3789782009217,1199.2739361797815,4726753.492431058,774015.7812731327,17981350.260448307,15638.934088291444
4355,OMSOH,SAJED,2934.870532091732,1803.9891129358844,4653354.260491092,761996.5033594794,11585331.938492881,6844.458402389038
4356,CNSTO,MYTPP,2930.1783961372203,1801.1049781552194,4645914.691830062,760778.2584142494,10214629.369659005,6093.707896646207
4357,JMKIN,MXPRO,2925.4084368367885,665.9900027310642,4638351.731150767,759539.80776767,12915110.131707268,20532.81563296521
4358,NOMOR,NOTHA,2916.6320544174223,0.0,4624436.426854958,757261.1475533345,20560683.345267996,
4359,LTKLJ,SENOR,2906.8699138064776,1818.124836019731,4608958.1636379855,754726.5495431315,17953557.0072286,10289.878442961164
4360,VNNGH,VNSOD,2906.031507612306,0.0,4607628.837184566,754508.8695530372,15259572.447656022,
4361,HTPAP,PACOL,2905.3671813107544,2232.3177065455975,4606575.5213425625,754336.3868784739,15411361.281643802,7241.6652975162315
4362,DEBHN,DEBHN,2904.1058230553417,612.0270311642734,4604575.58753027,754008.8935292449,17144620.801710863,29244.835250480886
4363,BJCOT,NGLKK,2897.4822310943305,1719.5934386153235,4594073.618351563,752289.1740871839,21229247.020443067,12782.984454878213
4364,DEHAM,DKFRE,2896.1793255710195,602.8212918929222,4592007.809689265,751950.8935933376,18264955.59714003,31546.507640793978
4365,AAAAA,TRALI,2891.1399986949177,789.8262593548982,4584017.755977354,750642.505568419,7121155.7867524475,9966.493515612243
4366,PHDAV,PHZAM,2888.908724816618,0.0,4580479.982268301,750063.1877161626,15099361.01721608,
4367,JPMMA,KRBUS,2886.337975603958,1169.7741125164587,4576403.956879591,749395.7300243699,11858902.589835346,10778.404296139111
4368,CNGLA,KRBUS,2883.276143868311,1181.5169167318297,4571549.300568116,748600.7698886751,11550661.349949237,10409.721558501808
4369,CNGUA,CNHPU,2882.074517881632,1781.1472735113273,4569644.074649805,748288.7851553853,11275283.071066918,6750.464734181814
4370,NZNAP,NZPCH,2881.6940605035456,506.0865455189073,4569040.844305606,748190.0049234774,24321519.011006467,49536.40684168978
4371,CNSLH,CNYSN,2879.570302624102,1769.9281659426938,4566493.563121348,747772.8822960518,11012626.41005054,6644.563049869768
4372,CNBAO,CNNTG,2879.4541340327332,2115.2775154646542,4565489.35156609,747608.4405512579,10967416.257372173,5538.292073865325
4373,AESJH,INNSA,2877.3811605175997,673.7721451772621,4562202.569395274,747070.2230889145,11397306.06651753,18024.455858755322
4374,BBBTN,USPMB,2874.3716416823786,157.04906734164385,4557430.857273472,746288.8452379474,16526329.957062522,109982.30740667622
4375,JPKOB,JPTOA,2869.371202852636,831.0299072573952,4549502.462109776,744990.5539293999,12427035.815385472,15850.243480148418
4376,KEMOM,TZZNZ,2868.21586722756,164.96076837709433,4547670.631405676,744690.5878161121,16716772.639445942,105852.21807009156
4377,MGEHO,ZACPT,2866.6803005300103,0.0,4545235.92917395,744291.9002278817,21077779.81996151,
4378,LCPCS,VILIB,2864.5139738038274,2347.657005009035,4541801.131764432,743729.4449602864,17798163.660535507,7898.0417777955745
4379,CNYSN,CNYUY,2864.4760957217586,2347.625961437414,4541741.074554874,743719.6104664732,10605080.380841808,4834.160201721228
4380,CNHKO,CNQIZ,2862.931120169343,2263.824484998183,4539291.454208567,743318.4800057446,12212541.897992916,5722.99684178434
4381,EGDAM,TRISK,2860.2653668957373,167.44107093574107,4535064.796092813,742626.3558895031,14054520.290925993,88372.2647264613
4382,DZDJE,TRALI,2859.4311126773123,703.0473801218817,4533742.052762505,742409.7538996021,16785131.111064952,24930.810298910357
4383,COBUE,SVAQJ,2857.776442799467,780.7117188748186,4531118.507689023,741980.1429006348,14894860.514125874,20028.955988470003
4384,CNFUZ,CNPAN,2857.4231122262204,2341.8455790545954,4530558.287975615,741888.4057495748,11664803.517882004,5297.826652020399
4385,BRVDC,PACOL,2852.160727696076,0.0,4522214.567458499,740522.1040447955,18014590.78550483,
4386,MACAS,PTSBL,2851.509797817033,81.99997298972315,4521182.4921785835,740353.0995567476,20089750.479009233,254025.73707160325
4387,CNBYQ,CNWGQ,2851.442153397012,2243.466039523195,4521075.239253229,740335.5366656545,10239368.297880445,4894.080695279711
4388,CNJIT,CNNBO,2849.273888199453,2335.166755684632,4517637.368320045,739772.5781021233,10246933.9923248,4704.891650106505
4389,OMSOH,SOMOG,2844.9436993139852,1665.441344283448,4510771.681170105,738648.3074559288,13316212.946317602,8439.12113867967
4390,GHTAK,TGLOM,2843.620811914962,68.54510850123783,4508674.190447061,738304.8389582994,20636526.120233655,311835.97818370885
4391,JPTOK,VNHPG,2838.9837676378966,2326.733327242792,4501321.971837476,737100.8977668872,12209710.680391854,5564.372773866988
4392,CNCQG,CNCQG,2834.757155616165,1508.2207528981496,4494620.509935254,736003.5193488618,11636250.999459146,8203.211960207995
4393,CNNSA,MYKUA,2826.995442668042,514.8684686556774,4482314.004547395,733988.30332421,11311511.890013816,23395.295937987525
4394,JPSEN,KRBUS,2825.9176353852895,0.0,4480605.098121594,733708.4663188728,12127801.718199497,
4395,KRGWA,TWTCH,2820.8208673159825,2311.509615933918,4475521.318742774,732875.9868011619,10573912.7218534,4891.517054791176
4396,DJDJI,SDPSU,2816.7528378423094,0.0,4466073.946158728,731328.9597595934,13764289.421034252,
4397,FRFOS,ILASD,2815.664408116879,0.0,4464348.1974264765,731046.3647913105,15016545.413681623,
4398,IDBAN,IDSEM,2814.335379046855,1929.9556454798233,4462240.968839155,730701.3016980164,13453458.300843542,7349.474396348166
4399,IDSUR,PGMAD,2812.998784515353,0.0,4460121.744910976,730354.2743425411,15508139.519410038,
4400,CAARG,CAHFX,2805.5083227501395,2231.671593513046,4448245.3190901205,728409.4847474878,16618570.6941056,7773.088221975291
4401,AWBAR,COCTA,2802.8033587495697,1100.6846985877469,4443956.490803187,727707.1801355437,15549911.701101169,14788.630115529
4402,CNSTO,CNWEF,2800.9038119205297,2295.5243069315393,4440944.683558791,727213.9903931448,12149174.353387153,5609.345239734078
4403,GTPQL,MXESE,2800.771479915254,0.0,4440734.865887512,727179.6323101561,14291906.764439613,
4404,PACOL,USMIA,2799.631163923672,0.0,4438926.849411244,726883.565826538,13168132.604540236,
4405,CUMAR,HNPCO,2796.2079835586173,723.6870845433808,4433499.2604385875,725994.786767967,13471782.010885775,19618.66820742283
4406,PGLAE,PGMAD,2795.7871108630525,858.8438917459796,4442398.533665691,727452.0613922244,19606354.99912671,23675.789344186276
4407,HRRJK,ITVEN,2792.327131597044,559.4099268025874,4427346.014899388,724987.1799272432,16686252.446547545,31124.295069256284
4408,DEHAM,DKAHS,2791.8139673525957,681.5541312133358,4426532.372526709,724853.9442851107,17083955.14145327,26129.706020612437
4409,DORHA,USJAC,2790.8850253653695,285.91415681214517,4425059.497963168,724612.7579914227,13066173.435046814,48234.00963002762
4410,IDJAK,IDSIB,2786.6595573137693,1141.925103199213,4418359.849871205,723515.6765886248,11958700.811980005,11105.99675323555
4411,ARROS,ARZAR,2784.0715504213877,760.4598540265858,4417356.3896487495,723351.3578761504,23931072.71435642,32420.41501821429
4412,CNFUN,CNSHA,2782.9696974277113,2280.826124306935,4412509.429883798,722557.6580660638,9952883.771946175,4680.5152379847195
4413,CNQIZ,VNQUN,2778.445373054968,468.8184413828142,4405335.933177371,721382.9829605022,13043461.430492597,29360.71450784377
4414,COCTA,PEPTA,2778.0102046459083,2276.1346728779927,4410200.904633634,722179.6322227538,16023262.471673338,7356.964551980046
4415,GRPIR,ITRAV,2776.8271281612606,0.0,4402770.141368734,720962.829179577,16403087.71085044,
4416,CNBAO,CNNSA,2773.743534606257,2272.4170762843182,4405389.1842502,721391.7029351752,11810663.28503005,5514.856897861672
4417,ESBIL,PTSNS,2773.173147998289,303.03962796899015,4396976.610113031,720014.1263059463,19958374.078774236,68236.58128037363
4418,IDBIK,IDMKS,2772.7996189079463,0.0,4396384.364845324,719917.1449033148,15038283.445979126,
4419,CNWGQ,CNYZH,2772.737484236777,2028.4197354496357,4396285.847846484,719901.0125384795,10345142.521882135,5455.006841553851
4420,LYMIS,TRBOR,2768.811922704784,103.146495441292,4390061.7135005295,718881.7975072224,15580193.47995929,158018.70153449348
4421,AUGLE,AUTOW,2767.393906047977,756.0202473633526,4387813.391545865,718513.6300796043,20712548.858372003,28347.20705324123
4422,AAAAA,TRMER,2763.8426766718826,377.52504613173096,4382182.775760081,717591.6049552856,6579005.427041042,19327.45153403757
4423,NCNOA,VUPVI,2762.502469106186,2150.849294382334,4380057.823222112,717243.6395279627,23219440.66331347,11128.945373048744
4424,MYKUC,MYPAG,2759.1480184558613,291.7809931084939,4374739.207952848,716372.7051414915,11901491.713923793,43244.29869348462
4425,INNSA,SAKAP,2758.0127302905626,2260.3722535075185,4372939.163295643,716077.9440599366,12209696.423141504,5718.42728433069
4426,VNCMP,VNVIN,2757.079678054386,0.0,4371459.771768489,715835.6905998116,13185908.595675575,
4427,CNSTO,RUVLD,2756.9394000566344,225.94925890110582,4371237.355409282,715799.2694552955,11426585.617498223,53739.4322336239
4428,VNHPG,VNNGH,2756.622955746354,1841.9094459534738,4373286.9120568475,716134.8886477009,13817087.994287273,7890.302595962734
4429,CNRIZ,JPNAG,2755.2020001591336,2258.068675887516,4368482.638590666,715348.1788084147,10968870.24522293,5174.430055560182
4430,BDCTG,LKHBA,2754.3416415083625,410.429737375693,4367118.505641925,715124.7991818335,14161855.019237215,36247.32436188264
4431,DZSKI,ESBAR,2753.215483974144,376.07343260563266,4365332.937964395,714832.4087360122,18802958.077264756,51898.881425288004
4432,JPFUK,JPHMA,2752.100302830895,1616.1647517572571,4363564.773792445,714542.868150669,12584996.172663389,8229.073815867756
4433,GRPIR,ITBAR,2748.47410286051,0.0,4357815.28913986,713601.3780005239,16530938.87770687,
4434,LBBRT,TRBAM,2747.918935207569,563.0249316667166,4356935.048688075,713457.2367834945,14459319.046074327,26948.675679320306
4435,LBBRT,SYLAT,2747.365381796485,331.12441961093725,4356057.367681124,713313.5146809157,15249029.589050205,48206.48118458454
4436,DERSG,NLROT,2746.8030193532522,1567.3402453987956,4541653.937191415,743705.3415407583,18713223.15310619,12413.978746329141
4437,HKHKG,PWROR,2745.876815539742,0.0,4353697.1865225015,712927.0300744384,14058446.39259556,
4438,HNPCA,HNPCO,2742.6274400793272,2247.7629994878776,4348545.172156853,712083.3769347637,14212127.995061515,6639.584055523896
4439,JPFUK,JPIRI,2738.7376498526105,1737.7355313866083,4342377.754641843,711073.4494033277,12857093.986648714,7807.958800972126
4440,CNJIN,CNZPU,2736.906430435644,2018.7668313032598,4339474.283233937,710597.9998809878,11730904.822394079,6162.9221509663785
4441,JPFUK,JPMIZ,2734.8480659564193,1120.6936461811267,4336210.664272109,710063.5754426154,12913955.981958324,12156.774158420652
4442,ESVIG,MACAS,2730.5286169869855,1118.923610369885,4329362.0056873085,708942.0932596169,20046851.995219145,18549.78650563775
4443,CNTAI,CNWHN,2729.1694375145,2236.7332840514428,4327206.972434595,708589.2020522715,10012970.609472962,4793.40111222606
4444,CNBYQ,CNRUG,2727.7792551609705,2235.5939384694875,4325002.782877708,708228.2613971939,10322119.296945767,4933.967375978153
4445,BEZEE,FIHEL,2727.3150946917626,372.5355880889414,4324266.837944764,708107.7488735011,17711341.497126754,49443.46214140134
4446,ITNAP,ITSAL,2723.770520321137,886.3577936923001,4318646.773935528,707187.4516246854,15894404.198896147,18730.124300440337
4447,DZALG,ITGOA,2722.3731620648036,1636.1864132111693,4316431.206698595,706824.6478506777,17025300.31373078,10837.472318805349
4448,EGAKI,TRMER,2720.789840916662,185.82213793798195,4313920.7878811825,706413.5615130058,14746258.521527836,83158.4021931669
4449,JPISS,KRBUS,2717.779780163336,2227.398713122607,4309148.2165266145,705632.0429608742,12704924.258624637,6020.725531795406
4450,CNKHN,CNPZE,2712.75346190429,1168.6468198296445,4301178.788495782,704327.0324344182,11694629.165425554,10609.669223818526
4451,CNHUA,CNJIN,2710.335265786937,691.8795322090753,4297344.642122937,703699.1829379202,12336532.11178465,18847.54597825278
4452,CNDCB,CNZPU,2707.7441956970565,2219.173893698761,4293236.397173072,703026.4492255269,11604505.102120377,5545.996907359336
4453,CNJIT,CNNJG,2706.938614841551,2218.5136673721227,4291959.116603062,702817.2918578146,10359675.105402626,4986.443202923425
4454,JPKOB,KRGWA,2704.7218709267827,103.1021814139368,4288444.380730589,702241.746499535,11014964.851975696,113646.54401862502
4455,ESALI,TRBAM,2703.603842491519,0.0,4286671.702063611,701951.4666561786,16942650.27011241,
4456,CNFUN,JPNAG,2702.744958969489,0.0,4285309.90799031,701728.470025348,11098519.20681659,
4457,DEBRU,EETAL,2702.072284005313,1864.8634864884916,4284243.355010802,701553.8197418024,19092600.70154393,10614.264617598265
4458,BRPEC,BRPEC,2699.730650246976,1896.3800936963837,4281974.893267363,701182.3543816038,22053677.102441233,11999.102675914271
4459,PHCEB,PHZAM,2698.9120535675384,0.0,4279232.683633325,700733.311812385,15201926.763976427,
4460,CNXIA,CNZHA,2698.0994273313154,2211.26937369202,4277944.232331243,700522.3252139068,12199801.365219813,5833.899679483575
4461,COSMA,PACOL,2696.9407825477097,1921.645697853216,4279894.7634403845,700841.7287670553,15690771.041332515,8529.986973359142
4462,CNXIA,MYBTU,2696.513160329939,0.0,4275429.142746058,700110.4740282323,11811428.441874007,
4463,CNZOS,RUNJK,2695.278751482858,1587.6883072753612,4273471.938295319,699789.9777014244,12455461.081195634,8285.789470524502
4464,CNHUA,CNWGQ,2694.5733194547415,2208.3794971082225,4272353.4476847015,699606.8225220375,11065681.359206686,5327.566297882614
4465,CNDAL,CNSHE,2691.768727904594,1930.3208316507835,4267906.65594513,698878.6510639797,11039900.569475567,6081.258114227938
4466,ITTRS,TRGEB,2688.1926136678676,0.0,4262236.584220497,697950.1649470617,16068049.275769873,
4467,TRAAP,TRALI,2686.718627201218,314.5631516909352,4259899.519900457,697567.4657713043,14544917.847440137,48456.04207382656
4468,DZALG,PTSNS,2686.5922648542146,0.0,4259699.167360416,697534.657623374,18619993.693086147,
4469,CNWGQ,JPMIZ,2685.1109331092493,191.35864792386252,4257350.456808703,697150.0513527953,11091650.67433929,61605.79024566789
4470,CNYSN,JPOSK,2681.7676463320017,549.4711021044125,4252049.542305377,696282.0155038085,10540779.56619266,20450.68710376176
4471,JPNAG,JPOIT,2680.6704601688734,2196.9851924231657,4250309.909891983,695997.1470536687,12048660.794670273,5800.975803422332
4472,JPIWA,KRBUS,2676.451252998735,0.0,4243620.188677239,694901.6911978006,11597339.263797782,
4473,CNCGM,CNYTN,2675.1626058708343,2192.4711447195723,4241576.987269437,694567.112689213,11806509.170972852,5701.820210391418
4474,FJSUV,TONUK,2673.179122234985,2190.5687959544966,4240886.369711624,694454.0226181046,25337993.26880112,11883.875703650798
4475,DOCUC,DOCUC,2673.072956703693,1368.817431743993,4244029.30759696,694968.685277519,15212471.153864725,11621.301329334166
4476,ESALI,ESCAD,2669.605517944268,1070.6826633421163,4232766.002765605,693124.2955282505,20346390.60675673,19650.56092027354
4477,CNHPU,CNMWN,2669.534679990698,2007.2735287282128,4232653.686365463,693105.9034825589,11283938.550460603,5966.822300263028
4478,AESJH,QAHMD,2668.8061529346637,81.00968943689419,4231498.577667138,692916.7520146389,11297968.09086935,148017.9090456183
4479,CNWGQ,JPIWA,2667.8348025105847,0.0,4229958.462835873,692664.5549863231,10982017.557089157,
4480,BDCTG,BDMON,2665.208311718949,1354.274027783519,4225794.056950926,691982.6248032203,15054674.02221929,11627.378450721952
4481,DEHAM,NOTAE,2664.060015802554,0.0,4223973.387985657,691684.4864480366,18784827.814332657,
4482,KWKUW,QAHMD,2662.346145259565,1818.3060124790834,4221255.977896885,691239.5048562805,11949070.97289285,6951.695914218145
4483,CNNSA,CNQUA,2661.167376829187,1853.850966419147,4219386.993545564,690933.454755468,10944834.500144921,6276.53903451352
4484,CNSTO,CNSTO,2661.139736113896,2125.557505676593,4219343.168089259,690926.2782452363,10944878.719029674,5474.236743160276
4485,CNQIN,KRKUN,2659.6399695320356,2136.1543400128226,4216965.228368536,690536.885637032,11359063.42707063,5640.791064111657
4486,CNTAI,MYPKE,2655.474063840329,2174.3974706326467,4227483.621924549,692259.2946052663,9743745.030067937,4799.4924872851425
4487,GEPTI,TRSAM,2654.422485524602,0.0,4208692.699420647,689182.2417007746,15537370.927747138,
4488,DZDJE,ESBAR,2648.681933685376,868.3073990943212,4199590.825567426,687691.7907997849,18638797.996390138,22257.65875926914
4489,JPMKX,KRBUS,2641.095556287165,330.18574028328817,4187562.3216856904,685722.0981038411,12155580.242927738,38891.147540212296
4490,DZBJA,ITVAD,2638.12268279136,1081.0572496708849,4182848.7122108135,684950.2346829633,19038127.266947377,18244.248866223134
4491,JPAKI,JPNTA,2631.7695988938826,1815.3973398934127,4172775.644353706,683300.7487303489,13939608.212429324,8054.935765201808
4492,CNHKO,CNNTG,2631.6166030283634,2156.7823404239116,4172533.0633080117,683261.0255761998,11035772.184326792,5433.57249837257
4493,MACAS,SNDAK,2630.7607822721775,1232.0462509741906,4171176.1253720904,683038.8241480328,20766073.927542526,17409.34054604731
4494,JPKNA,JPNTA,2630.6956475901006,1337.2829151400358,4171072.8517363253,683021.9128739417,13389610.934823133,10523.302652246504
4495,COCTA,VEMAR,2627.3984953470517,1393.328151231946,4165845.0853766478,682165.855186635,15555964.82723674,11654.204121309129
4496,CNQIZ,MYBTU,2625.362749482243,0.0,4162617.3291299236,681637.3033429503,12452409.123120457,
4497,SXPHI,VILIB,2624.895774456133,2151.2741807775096,4161876.9216047768,681516.0600604406,17482406.651192788,8443.332269570798
4498,CNSLH,CNWGQ,2624.372337504473,716.9483966260038,4161046.9914451763,681380.1572590963,10973579.811372247,16256.344282908205
4499,INMAG,OMSOH,2622.974153057814,1074.8496430280516,4158830.114250537,681017.1389767714,12473486.565570867,12238.459388132605
4500,PACOL,USWMN,2620.146951870652,0.0,4154347.4740298903,680283.0972548779,15029142.694346553,
4501,CRPMN,USNYK,2619.5260411053105,0.0,4153362.9952518,680121.8867936616,14259210.170486862,
4502,DECUX,SEGOT,2619.3879569342494,0.0,4153144.0572922933,680086.0352443795,18553061.845322028,
4503,CNQIZ,MYSPB,2614.558103465937,0.0,4145486.1320214635,678832.0339470993,12534177.382126316,
4504,BDMON,SGSGP,2610.7754976216515,0.0,4139488.659618918,677849.9352836607,13008003.571676534,
4505,ESLPA,PTLIS,2610.496943137366,1986.6538663163562,4139047.000376353,677777.6126579435,20524406.45770105,10672.309066939766
4506,CNQIN,JPMOJ,2608.5983688173746,467.66942870480756,4136036.7350838347,677284.6754133932,10589380.138240444,24091.086827839976
4507,ESVIG,PTSBL,2608.478836956473,43.62896784016467,4135847.2125518834,677253.6407019633,21256782.40497728,502740.2006399714
4508,CNHIA,CNHIA,2607.6390171675034,1329.7704851142016,4134515.644787543,677035.593692513,11373229.956795627,9061.913830530879
4509,CNBAO,CNQIN,2605.8505442369815,1779.566020845534,4133330.955537623,676841.5983473334,11304808.460763214,6732.905617863869
4510,ESALG,ESALI,2604.6761432506555,227.09604971953888,4129817.8900438487,676266.3265170631,19113148.986862686,87141.16928858719
4511,DZBJA,ITGIT,2603.135272180585,492.33231288439384,4127374.777517972,675866.2617255561,17777586.554618858,37481.70155282399
4512,TZDRS,TZDRS,2602.5408534829144,1066.4764287024882,4126432.3029695796,675711.9295449014,16512932.537321938,16117.22866465894
4513,JPSDJ,JPTOM,2601.8409075434847,2132.3792058177064,4125322.51077134,675530.1987487542,14492195.02916855,7113.052493916492
4514,KWKUW,SAJUB,2600.462963103582,277.95938021483954,4125159.6027365658,675503.5222169627,11648634.48991695,44337.910102578215
4515,DERSG,PLGDY,2599.7432046645163,516.5236365523978,4121996.519208048,674985.5606662962,18111279.35549107,36370.58129914182
4516,GYGEO,VELGU,2599.671864999395,0.0,4121883.407324235,674967.0383584878,17122597.797733586,
4517,INNSA,YEADN,2597.9658845085514,709.3943730886692,4128211.70386493,676003.3101672288,13184271.110034186,19538.179249793655
4518,CRPTC,MXMAN,2597.784834454605,1824.9042754258335,4118891.445147622,674477.09828749,13394034.950434757,7709.178085759824
4519,CNYIZ,CNYSN,2590.505504504385,2123.0890998546324,4107349.7772386,672587.1260014164,11106949.99791975,5548.300881356185
4520,GBIMM,NOMOS,2589.019594400556,0.0,4104993.8075163397,672201.3310264613,20272511.1283077,
4521,CNXIA,CNYPG,2588.9784267075074,1414.5583729878026,4104928.534497395,672190.6424329403,12356514.509738138,9210.440092798788
4522,DEHAM,SENOR,2581.4655449641346,2115.680260332902,4093016.560907142,670240.031816218,18353958.52964859,8992.000784878219
4523,CNLYG,CNLYG,2577.0227308384224,2093.348471523881,4085972.3019477124,669086.5196623256,10113631.981411166,5150.942926011773
4524,CNNBO,CNSTO,2573.7927507450386,2053.881589204313,4080851.039709907,668247.9022479741,10292377.643605888,5336.54208863135
4525,AUBRI,PGLAE,2572.7906505360506,0.0,4079262.1698684804,667987.7214846611,19288003.030312907,
4526,GEBTM,GRPIR,2571.8361378290433,210.77883298617928,4077748.7519090585,667739.8961250077,14713621.197721424,72973.9361203076
4527,JPTOY,KRULS,2570.7110363489833,679.6342694951281,4075964.8586475076,667447.7798683088,12696035.602574259,19662.75684180808
4528,CRPMN,USCHA,2567.8716821259254,0.0,4071462.949303829,666710.5827871731,13660816.062305616,
4529,CNQUA,TWTCH,2564.36357713979,502.5718443709589,4065900.7089579673,665799.7542843064,10600293.401670422,22416.88085423064
4530,AGSJO,TTPLS,2564.227886440283,813.5043364010182,4065685.565943052,665764.5241651471,17458360.798309825,22279.07647383536
4531,IDJAK,PHMAN,2560.7365213170915,1678.9531731330962,4060149.8673174116,664858.0419245396,11519002.243160775,7256.819594526869
4532,CNXIA,IDSUR,2558.6681985361733,2095.782290747918,4067614.6679556123,666080.4186588621,11106322.550732536,5617.1879213609545
4533,DECUX,NLROT,2558.186554443719,0.0,4056106.7931563645,664195.98006527,18747023.695932932,
4534,PHMAN,PHPPS,2556.670733026152,0.0,4053703.3978534197,663802.419052178,13715085.92458095,
4535,COBAR,PACOL,2553.013241926253,1484.707719316345,4050330.4032161394,663250.0841179393,15192091.559223277,10679.099621467609
4536,CNWEI,JPMOJ,2547.2000582284427,53.52813967786229,4038687.2653059186,661343.4959067113,11419720.261750698,225695.56555416386
4537,AEKHA,AERAK,2546.86789137179,850.3917542266888,4038160.6015091008,661257.2536072525,9873081.430449596,12387.630326491513
4538,KYGET,USMIA,2546.736874788381,0.0,4037952.869491646,661223.2370544445,13381068.592307633,
4539,MYKUC,SGSGP,2545.747321354063,444.64407944602004,4036383.893061777,660966.3138789269,11176276.481931455,26621.838326416822
4540,DORHA,GTSTC,2543.034150720598,122.5990125357891,4032082.0528311366,660261.8785339564,13581877.327020397,116168.46588708689
4541,AUSYD,PFPAP,2542.667403940776,520.9706600194178,4031500.5611872138,660166.6580597354,21676425.313850403,42874.951865960364
4542,DORHA,VEPCA,2542.3049797433173,0.0,4030925.9231699975,660072.5598812378,15456004.653494475,
4543,IDPJG,IDSEM,2538.893881528112,1664.6319928484304,4025517.4909277186,659186.9177773765,13280555.390107933,8374.068483468443
4544,CNJIN,CNJIT,2534.1740841212068,1456.9451486471046,4018034.0639308807,657961.4909378274,11439629.180638157,8303.394731647659
4545,DKAHS,DKFRE,2532.5582621377107,175.0503945681482,4015472.113743,657541.9662303446,18334197.44180388,108492.98257731504
4546,RUVLD,TWTCH,2531.30600337618,1481.8365910271436,4013486.607541113,657216.835432528,11260357.351248553,8042.434812883345
4547,CNWHN,KRBUS,2531.249056800293,2074.5245559855266,4013396.316474224,657202.0500812733,10602670.398485072,5427.688197798755
4548,CNZPU,JPOSK,2529.030729500063,1942.926412150707,4012110.7865398475,656991.5418628736,11478221.597677592,6245.842901537114
4549,JMKIN,LCPCS,2528.638290092742,609.5249592651202,4009256.8417516127,656524.2024282038,15551105.745184403,26590.592725117436
4550,MZBRA,REREU,2527.50620445976,1657.1656344826386,4007461.874837101,656230.2728376465,19700860.94980379,12284.282753061585
4551,LVRIX,PLGDY,2526.9868906982397,1035.5157157142223,4006638.4821598846,656095.4405627309,16451573.540725818,16520.91679698839
4552,AAAAA,FRFOS,2526.645378886266,0.0,4006097.001563764,656006.7719813628,8582669.12642811,
4553,ESPDR,ESSCT,2526.5618008591314,1049.146074833999,4005964.485268957,655985.0721606252,22012440.377517138,21606.548404867714
4554,CNDAF,CNYSN,2526.078757047369,2070.287156362431,4005198.600043394,655859.656851327,11102905.443829147,5679.774935831148
4555,GBFEL,GBLGP,2526.0336657609473,265.392101468063,4006828.348829739,656126.5316274628,17826917.486948602,69644.28826756282
4556,BSFRE,CACBK,2525.683738439611,517.4908531787835,4004572.2822889024,655757.0960076434,16178398.601136813,32530.34443746693
4557,AEAJM,AEKHA,2524.0639698908917,884.1750244216604,4002004.074664486,655336.5466318261,10591769.277071998,12720.451848388915
4558,EGAKI,ITNAP,2521.711497867129,0.0,3998274.1364628654,654725.7614415573,16130560.728045538,
4559,CNBYQ,CNPAN,2521.3746993421937,1801.095082940931,3998265.5238490286,654724.3511080085,11977438.674688948,7013.60141696153
4560,IDBLN,INHDA,2516.0971981598937,2061.6226586412818,3993662.087606651,653970.5287846335,13532149.384801151,6881.045788920067
4561,JPNAH,TWKEE,2513.467132331308,2059.9511030633475,3985202.3661507973,652585.2316832528,11043110.239767391,5677.656840523063
4562,TNSUS,TRALI,2506.207772261757,0.0,3973692.361283901,650700.4442866234,16693929.436599258,
4563,IDJAK,INMUN,2502.932235035963,1025.6585320200486,3968498.866396009,649849.9986245793,11168112.008730525,11522.316285986006
4564,GBTIL,PLGDA,2502.72225098579,1501.416057007588,4422805.732411273,724243.6991633602,18261259.05038351,12645.064411650232
4565,HTPAP,PAMIT,2501.9750504964336,976.4440897880712,3966981.2121395804,649601.4795624211,14939646.43477031,15965.32569285789
4566,DEKIL,FIKOT,2501.3856973231177,1793.7933781164256,3966046.769182048,649448.4625715862,18111632.9288145,10458.886525206251
4567,ARBBL,UYMON,2500.0458522484037,1947.3975886721526,4000706.6747749294,655124.0946834122,23524297.72947265,12416.273885109911
4568,ESSCT,PTSBL,2496.1409643309776,0.0,3957731.0358823175,648086.7438322535,21742262.798987843,
4569,CNNTG,JPTOK,2493.4209388289273,113.52899628989593,3953418.3269841876,647380.5287202247,10878897.433614615,101527.17225564583
4570,MACAS,TRYAR,2491.8541381559016,1021.1189186719404,3950934.102038848,646973.7316839495,16931818.00297819,17215.22480214644
4571,BJCOT,CMDUA,2491.6356073990764,291.7226767230475,3950587.612809697,646916.993347196,20193809.837845754,71440.20158219819
4572,CNMWN,CNSTO,2491.569172198522,1455.4711422015203,3950482.277150027,646899.7444123729,11123968.200681005,8087.324855708901
4573,CNJIA,CNJIT,2488.8071566713165,1975.9987413679994,3946102.9913926055,646182.6272002364,11199351.650856618,5994.7074003984935
4574,DEBHN,DKKAL,2486.943165874074,1146.494797641785,3943147.5596544696,645698.6690650268,18510448.594211236,16708.446739294737
4575,ITSAL,LYMIS,2483.919853160107,70.1977645035051,3938353.9767878656,644913.7098338053,15758098.659256155,233668.58596004048
4576,OMSAL,OMSAL,2483.345791201639,593.6066871934969,3937814.302338465,644825.3370127444,10887405.396607334,19427.393562803543
4577,DKFRE,PLGDY,2480.6021108067653,1720.2443611903975,3933093.56398726,644052.3062234415,17912987.61603134,10787.444121841758
4578,JPHAC,JPSDJ,2473.540853697593,1869.5555411787914,3921897.659263664,642218.9533829411,14648742.17922147,8178.928518466566
4579,GBTEE,LTKLJ,2473.276765278014,1953.4044049369759,4568298.4212745,748068.4315976468,17641643.039367337,9414.185523738646
4580,LBBRT,LBBRT,2471.2094087659875,525.069640124336,3918640.3769198954,641685.5665790435,14740913.71363311,29296.303013386125
4581,ESACF,ESSCT,2470.6206090077467,134.98903787285073,3917267.494859278,641460.7542670738,22215680.51640659,169325.90698367174
4582,INMUN,SAKAP,2467.2216857962794,1516.5374457603816,3911878.36657092,640578.2732260857,11857500.017093338,8241.193335027063
4583,KRGWA,VNCHL,2465.4484889008063,2020.5966765702026,3909066.8921845662,640117.8884086485,12676725.467758669,6590.549965058622
4584,NOBGN,NOKAS,2462.5153656299626,0.0,3904416.3082764586,639356.3455562925,20406058.595006187,
4585,HNPCO,PABAL,2456.8372503297696,1610.831361592463,3895413.4300456154,637882.1053957443,13584596.862116626,8829.278661083472
4586,VNHCM,VNHCM,2454.78593100494,223.48948138763615,3896173.574738548,638006.5806808048,11132059.517292252,52664.96671294436
4587,CNJIT,CNWGQ,2454.3901251623265,2011.533622477258,3891533.4155102684,637246.7448915978,10168778.428060193,5372.033085702976
4588,CAHFX,VISTS,2452.3431242573183,2009.8559710299792,3888287.8139484986,636715.2708402098,16064235.511764249,8309.526166716225
4589,MXMAN,NICOR,2451.1380450452293,753.3256236030675,3886377.112803598,636402.3895271018,13348779.542488258,18564.590787614372
4590,CNJIN,CNTAI,2450.366917041926,1907.8245226700858,3885154.4586046073,636202.1773420208,10780038.109927367,5983.904783492272
4591,DZWAH,ITGIT,2450.3554723476313,0.0,3885136.3125854307,636199.2058933865,18173848.720206246,
4592,ECGYL,ECGYL,2449.0056893293686,1294.6579725787421,3886549.911449605,636430.6856671916,15383735.759976892,12374.053058766242
4593,CNSHA,CNYSN,2448.996303296936,2007.1130318284227,3882981.2958568824,635846.3173919076,9500475.605667524,5050.199845409569
4594,DZANN,FRMRS,2443.3315690199797,667.4901368989099,3873999.633771967,634375.5514196776,18325100.097655784,28404.128542122322
4595,PECAL,PECAL,2442.210361156,1571.1859104992811,3891185.785834541,637189.8198043295,18045000.794544548,11890.502893074043
4596,CNSDG,CNZHA,2441.075990776859,1864.1188353666264,3870423.3245233214,633789.9232921272,14130597.590619238,7920.30380992721
4597,ISGRU,ISREY,2439.0774216283157,23.51745715292395,3867254.5134427077,633271.0238428126,21845745.047290664,955843.8195491147
4598,GRPIR,GRVLS,2438.0951847029323,111.0099361355941,3865697.1376295104,633016.0002925644,16111414.199991053,150837.2203712556
4599,JPCBA,JPSZU,2435.5707599989196,1996.1099188892367,3861694.5615965114,632360.5700865578,13248706.498466698,6954.0594619546655
4600,SYLAT,TRIZM,2433.209181887024,0.0,3857950.1853290373,631747.420632775,14975938.478206197,
4601,CRPMN,USSAV,2431.136305403155,0.0,3854663.5570051605,631209.2283631901,13568948.904311622,
4602,OMSOH,PKQAS,2429.794573690468,942.7302178121678,3862870.018369058,632553.0535942364,11525608.962405495,12896.756448749114
4603,DEBHN,NOTAE,2426.1214960120415,0.0,3846712.3767433665,629907.2059471215,18849781.566793375,
4604,CNJIT,CNXIA,2424.8672553150946,1987.3376950568772,3844723.7281038435,629581.5605685624,10770289.904735213,5736.252823895394
4605,JPOMA,JPYOK,2424.3651736881534,1575.002480560922,3843927.6576631567,629451.2023670858,13429308.282783626,8926.182440134202
4606,TNSFA,TRBAM,2420.229955750395,425.0436694355634,3837371.104725535,628377.5530954243,16649828.904621124,40650.426533022204
4607,JPYOK,RUVLD,2419.7052092503627,0.0,3836539.09822477,628241.3102888669,12017261.086771352,
4608,ASPGO,WSAPI,2419.431460493233,1430.2236039373931,3836750.105346099,628275.8631467917,25664808.75475949,18383.89783633947
4609,MYBTU,MYLAB,2413.634669647165,0.0,3826914.0156130726,626665.1828581808,13632931.773317512,
4610,CN7683,CN7683,2412.2028112718353,1622.1196741384288,3824643.747061733,626293.4216294055,9718510.380234618,6377.3369910938
4611,BBBTN,TTPOS,2412.086427940335,426.3822090184872,3824459.2166486993,626263.2043879009,17775538.250476774,43157.99549241231
4612,GBIMM,NOFRE,2411.1507537617213,1390.5861604548293,3822975.6679272573,626020.270178507,20487863.800744653,15183.44182572426
4613,CNQUA,CNYPG,2410.22282298653,1889.451465137992,3821504.3966807197,625779.3464313353,12307302.621641926,6844.887104379112
4614,PAALM,USPEV,2409.180782858951,0.0,3819852.2005057093,625508.7958483051,14716172.949111134,
4615,KRDAN,KRINC,2405.390782020173,1839.9504183887939,3813843.0030445103,624524.777181962,11638860.262361562,6665.062773964482
4616,CNNTG,CNWHN,2404.525593161797,1970.6663692806928,3812471.211609001,624300.1434621372,10053071.136031792,5418.152684764821
4617,PLSZC,SEHEL,2403.891593804286,25.25829186206282,3811465.980346101,624135.5347380819,18405321.844651137,753394.468767339
4618,JPSZU,TWKEE,2403.501491835623,1969.8270511016863,3810847.4581189514,624034.2504283228,11204546.615827585,6004.882946266988
4619,CNYSN,JPTOK,2402.851590694459,1444.1492373055994,3809817.013943965,623865.5130371223,10852221.588037565,7946.6074589950495
4620,GBSOU,IEDUB,2402.4817329868906,93.76149008893549,3809230.589800048,623769.4848556997,18554566.248781946,204543.8454044026
4621,DEWVN,SEGOT,2400.837817334424,357.75345367489626,3806624.095979743,623342.6660351419,17625082.8030689,51008.38379519057
4622,BRMUC,GFDDC,2400.1605517975777,1963.6788877771435,3835571.757195019,628082.9061698243,21684416.038297158,11362.600618334503
4623,HRPLE,HRRJK,2399.536852682668,0.0,3804561.3646466904,623004.8894604028,17276505.263803266,
4624,CNTAI,CNZPU,2396.6652278720894,1910.409920622724,3800008.2889996655,622259.313789962,10485675.98751263,5814.425051604531
4625,DOPPL,DORHA,2393.245646821553,1217.4341671354266,3794586.4068837045,621371.4692411239,15525921.14420256,13263.380517270689
4626,CNCQG,CNYIB,2392.9760896050816,449.81669585012827,3794159.0131680374,621301.4826253054,12037085.505127173,28141.211974866426
4627,CNHKO,CNNSA,2390.78450243206,1959.4046445332676,3790684.1643127636,620732.4688496077,11879019.211984672,6379.362075979836
4628,JPOSK,JPSZU,2388.9155254882126,945.1800184659628,3787720.826840356,620247.216133858,11736039.272761589,13072.94509774956
4629,CNLYG,CNXIA,2387.75755561646,1467.6928973737295,3785884.819433106,619946.5660766842,10400110.187207049,7508.421395922049
4630,CNSHE,CNZHH,2386.3656553558117,1170.3592763485021,3783677.9060659767,619585.1793919763,11808176.166719602,10618.757502299592
4631,CNZJG,CNZJG,2386.290545715226,879.4184161666906,3783558.8167357314,619565.6782647992,10118805.876531167,12210.764929853989
4632,LKCOL,MYPEN,2385.4527537515805,0.0,3782230.464169305,619348.1577507391,11986194.789510144,
4633,CNWGQ,RUNJK,2379.649584344097,229.4445704861011,3773029.3076646533,617841.4491076993,12135255.178039515,55582.47292637395
4634,IDBIT,IDKEN,2378.267830137201,237.70078182544353,3770838.481270336,617482.6966984725,15036281.024571337,65854.9105352342
4635,CMKBI,GQMAL,2377.9532677134466,1122.087379464882,3770339.730003879,617401.0251343036,20338767.808203187,18676.057869335797
4636,CNLYG,JPTOK,2376.81207805036,1753.1579940222102,3768530.3282866017,617104.7318145698,11128208.260238409,6699.517688708769
4637,AEJAL,MZNAC,2369.6350729509563,0.0,3757150.900508889,615241.3266896969,14102004.521888278,
4638,INHDA,INVIS,2369.2157108170286,133.9122486696579,3756485.985122924,615132.4454030436,15967022.192748046,123828.51309634012
4639,CNHUA,CNXIA,2365.3269201689473,1938.5404868167575,3750320.1524797007,614122.777397681,11667192.835881706,6335.341302799569
4640,JPOIT,JPSBI,2364.240622692447,1325.7606596101605,3748597.784513154,613840.7360368608,12784705.687672857,10106.308651253505
4641,CNJIU,CNYSN,2364.2139965265624,1937.628372926241,3748555.5676653916,613833.8229396461,10858218.743088257,5920.667103311768
4642,AAAAA,GRPIR,2360.1319695751968,1289.5219228089627,3742083.3511577556,612773.9839349786,7308325.53436382,6142.66370985325
4643,IDMKS,IDTUA,2359.466799008752,1856.3882239913094,3741028.6967000975,612601.2820592991,14811509.298824323,8308.6664640229
4644,FJSUV,VUPVI,2358.676719688695,966.5451057611277,3739775.9944326854,612396.1494400994,24155151.609428458,25624.82351960677
4645,ESMAL,MATAN,2352.5094404269803,1051.6558482696335,3729997.5272347867,610794.904962266,19649990.615436763,19265.6043835401
4646,CISPE,GHTAK,2350.852905725992,77.06712332137405,3727371.0254098494,610364.8097890568,22705724.784372877,302542.6224478704
4647,CNQIZ,MYKUA,2350.6439970691295,1100.8610678248958,3727039.7924038833,610310.5696907934,11645034.576022062,11132.508455337804
4648,CNJIN,CNXIA,2348.909707098479,1603.5727818236126,3731358.954558824,611017.8415371368,11355927.668905875,7462.676871350972
4649,HKHKG,PHCEB,2347.575935594891,576.9043958592863,3730830.9130636365,610931.3736366853,13096181.433901493,23759.76488638423
4650,IEDUB,IEWAT,2347.161789738071,939.45842793455,3721518.613822849,609406.4651378924,19569789.917807247,21479.605465151013
4651,TCGTK,USPMB,2346.140945786067,1922.816322937717,3719900.025029438,609141.4178339663,15366665.008196445,8308.545249721126
4652,CNHEF,CNWUH,2345.9447993823005,701.7692823565238,3719589.027084668,609090.491269342,11151103.651825923,16757.92092752311
4653,DOCUC,MXVER,2342.8803510333205,0.0,3714730.2220284133,608294.8517680028,14159025.851721803,
4654,ITSAL,PTLIS,2342.3408306335164,639.9006264755903,3713874.7909204317,608154.7731329672,18123136.275587685,29272.187389294857
4655,DEBHN,DEBRU,2341.9864197885063,855.9537397920458,3713312.858393065,608062.7555050353,18541305.430323247,22371.96625892496
4656,DZANN,MTMAL,2340.3575327807234,319.67940613454783,3710730.193088193,607639.8386537718,17659840.3421468,57143.12473763821
4657,GMBJL,MRNBU,2338.8454627726483,425.96382140027197,3708332.7457945906,607247.2516396636,23590570.304043945,56807.21305424029
4658,IDBEN,IDSUR,2338.35568921742,1916.4357947621445,3707556.190292405,607120.089050227,13291146.898164457,7252.143288703103
4659,CNNJG,CNWHN,2337.7636809307323,1887.3543274689887,3706617.537546745,606966.3826977719,10178245.36911888,5714.460498935575
4660,AEDUB,AESJH,2337.488397751773,0.0,3706181.065089223,606894.9094189656,11489786.259775288,
4661,BRMUC,TTPOS,2336.4067246453988,1913.8558150440433,3713165.193743847,608038.5751095453,20057684.417218786,10797.951878027317
4662,MXVER,USNOL,2336.3882425388015,1914.823343219132,3704436.7251289063,606609.2700981606,12343956.970940443,6763.321685470252
4663,CNRIZ,CNYTN,2335.574543988062,1914.1564639090366,3703146.573629399,606398.005088794,10732632.696894415,5923.774213747898
4664,JPYAT,KRBUS,2335.4811011895067,1578.27639344277,3702998.4163461337,606373.7440234473,11926837.13553262,7941.074789959173
4665,CNDAL,KRGWA,2335.358591315275,173.9981342304893,3702804.1720552957,606341.9361141134,10654783.189123685,64719.803893532415
4666,CNMWN,CNZSN,2333.7408688523574,1234.797469369001,3700239.208581508,605921.9179747542,11316953.439131316,9655.733553777713
4667,CNDCB,THBKK,2333.6307827327682,956.2817120616521,3700064.6626490694,605893.3357128527,11698427.753183288,12866.837181659783
4668,JPOIT,KRBUS,2333.574827359456,1536.2846014145885,3699975.943173388,605878.8077129488,11540483.499172146,7906.323018339766
4669,ALDRS,ITGIT,2332.1958597437597,0.0,3697789.5350305364,605520.7788016504,16653175.508191615,
4670,BGBGS,BGVAR,2330.2482207777384,0.0,3694701.47578522,605015.1026344441,16794003.092301354,
4671,AAAAA,SXPHI,2328.6498227177763,0.0,3692167.151922905,604600.1017956168,8795162.520269714,
4672,DEBHN,NOEGE,2328.297596876143,0.0,3691608.683805522,604508.6514720734,18818871.789273955,
4673,IDMKS,IDSBU,2328.2519531211374,0.0,3691536.313811856,604496.8007340821,15013617.675313305,
4674,PGKBE,PGLAE,2327.311196693381,995.1569264550571,3690044.7069817362,604252.5469925202,19888801.034798823,20592.785958684522
4675,DEHAM,SEHEL,2327.2372691705336,130.0447854945712,3689927.4919463033,604233.352785043,17445817.377969395,138798.7273930945
4676,LYMIS,TRMER,2322.8948765346167,380.75292902512876,3683042.455263384,603105.9136123089,14406007.520959796,39419.56132287964
4677,ESCAR,ESVAL,2322.5785721362445,28.410528551247836,3682540.942026708,603023.7897697337,19260887.919058062,699174.3104320156
4678,DEBRU,FIKOT,2321.6877287346374,1566.9914304144859,3681128.4742898955,602792.4952204024,18144428.62745675,11963.83130041644
4679,AWBAR,PAMIT,2319.9825602700944,76.05511244037494,3678424.8616935057,602349.7729969132,15402483.414422156,210437.30886554677
4680,CIABI,CMDUA,2319.8669989491636,146.25254622541777,3678241.6346110087,602319.769178513,19777803.375292715,139348.84328823598
4681,CNJIT,CNWEF,2318.4077087373994,281.494387693007,3675927.871789122,601940.8856718669,12103730.702106062,45136.50056012668
4682,ESFER,IEDUB,2316.3678567367265,1598.66553640111,3672693.605100248,601411.2677296487,19868680.177495733,12804.48660406311
4683,DEWVN,GBLGP,2314.62525585829,1517.58971904633,3669930.641918963,600958.8267236145,17992878.329155415,12252.21607824518
4684,HNSLO,MXMAN,2311.581788942282,420.9984062520534,3665105.1037613475,600168.6347465818,13503822.42821966,33501.293243666405
4685,PLGDA,SENOR,2311.4131844392577,1368.145021887187,3664837.7745984746,600124.859036427,18933628.442350917,14277.545866039072
4686,PGPMO,SBNOR,2307.0368842196644,630.2559935802254,3657898.9760895264,598988.6162521141,20010006.240155306,32699.403204936116
4687,CNBAO,CNQIZ,2304.0596905555385,1887.311255715106,3662178.0291385246,599689.3201483788,12144185.971038297,6752.397227853122
4688,GRPIR,GRPIR,2302.6199008514327,204.0159971117644,3650895.672826118,597841.8106791981,14616651.06872764,74574.9994843395
4689,BEANT,GBTIL,2300.2631359436778,338.3721833203242,3647158.928085742,597229.9109039567,17897041.01086835,54656.593636908015
4690,CNNBO,KRKUN,2299.8490618365636,1884.877089049183,3646502.397077158,597122.4025766549,11034104.34368885,6170.814433387176
4691,PLGDY,PLSZC,2298.44214831486,639.7553313434645,3644271.679585952,596757.1179167884,17622249.782362472,28478.08530492425
4692,BZBGC,CRPMN,2298.184344427352,418.5088549327834,3645839.6588554885,597013.8778052137,15175398.483643671,37687.16521895836
4693,ITCIV,MTMAL,2297.9373908911994,1883.3103493763454,3643471.3665628657,596626.0649835607,17207541.805481944,9453.655833390032
4694,ESCAS,LYMIS,2297.3742528842636,1075.9136119195234,3642578.4887969927,596479.8543798894,17648455.10325719,16957.62071927553
4695,ESVAL,TRGEB,2294.3979227278787,0.0,3637859.398648928,595707.0934873018,16873661.517369792,
4696,NZTAU,VUPVI,2292.6496479648054,1878.976697372773,3635087.439297297,595253.1793395373,23732396.39973146,12947.286474114584
4697,AEJAL,OMDQM,2292.115476694453,1252.3592726635618,3634240.4894473646,595114.4895282653,11435346.63264817,9606.237910140297
4698,ESLPA,GWBIS,2291.20438031952,804.7680881925933,3632795.9098137305,594877.9365885935,22314493.14296728,28467.047110438245
4699,CNNSA,VNDAN,2287.7292958847097,511.3484035239949,3627286.024868733,593975.6813922401,12631174.552412037,25863.286445527527
4700,JPHMA,JPOSK,2285.578638806671,1062.8134116158083,3629241.1700385166,594295.8405074797,11780858.392905833,11643.769356089715
4701,PEGSM,PEPTA,2284.3201977717163,1248.100111229005,3621880.763868267,593090.5585858657,19188842.820417363,15849.636740696984
4702,MYTPP,PHMAN,2284.0155006910168,1871.9004476093019,3621397.6544966176,593011.4484147226,10867986.97287204,6122.65381736736
4703,ASPGO,TONUK,2281.9822929322663,1202.2933503533714,3618173.9225182594,592483.5555534088,25826902.808745723,21974.15993071416
4704,AOLUA,CDMAT,2281.6154387492365,480.7405899287924,3621020.3015468875,592949.6560791017,19860288.32871001,42545.26955549698
4705,NOMOS,NOOSL,2278.214009228045,66.01020310597521,3612199.1584399,591505.1754256024,19965754.938481618,311425.4940392145
4706,BEANT,PLGDA,2275.2127728360233,932.3430175035203,3607440.578462063,590725.9479907057,17809835.082678914,19735.827571208407
4707,HKHKG,PHCDO,2275.1566843582277,932.3200334111051,3607351.6479439153,590711.385432156,13189336.419345204,14780.383678295442
4708,DZANN,DZDJE,2274.928267976991,490.6454906900881,3606989.484663058,590652.0804366174,19435686.05859428,40816.30937005871
4709,ITNAP,MTMAL,2271.841836749925,286.44974336598807,3602095.824877001,589850.7334002942,15851437.24142377,57396.76280253299
4710,DEKIL,LTKLJ,2269.6607479007607,1160.1246957245585,3638548.6716502206,595819.963384465,18043154.45680029,16066.35432283746
4711,JPCBA,JPTON,2269.273772222965,1859.8186346314421,3598024.056164523,589183.9727481471,14185217.174983848,7944.0010292508005
4712,KMMYT,REREU,2269.004982296823,1446.3542672946453,3597597.87901827,589114.1853481174,18598356.291671794,13266.093177095123
4713,PGLAE,SBNOR,2268.622050934415,587.1424756759819,3596990.7260732753,589014.7627821163,20428131.00083941,35795.64864460591
4714,LBBRT,TRDER,2267.8148230664174,928.7262428743466,3606066.7592307036,590500.9822150647,15800481.145848455,17648.884430501836
4715,MYTPP,THSON,2265.917550678284,1857.0679910347312,3592702.6330716405,588312.5785746794,10743901.471853495,6102.2074071256975
4716,IDLMB,IDSUR,2265.034135528797,359.29238214216724,3591301.943124777,588083.2126631127,13239884.287129242,38486.670430771366
4717,VNHPG,VNHPG,2264.7688531724543,742.441845882433,3591076.0244416166,588046.218005716,12276636.821718056,17327.529571603536
4718,GBTYD,NLROT,2263.540523334984,1494.9374582607809,3601290.95861323,589718.9348643709,19253862.52477955,13273.853932812723
4719,JPTKU,KRBUS,2263.528574740086,295.13114728159377,3588914.8164580395,587692.3156732629,12195654.348452894,43314.12249053188
4720,JPHOS,JPSBI,2255.4358884973867,1834.4739636349607,3576083.53971363,585591.1672402085,13011451.780127216,7411.957442244234
4721,HRPLE,ITGIT,2254.0984712338,0.0,3573963.011310924,585243.926274298,16818296.661674406,
4722,KWSHU,SADMA,2250.264239129817,1037.3844802259218,3567883.683414962,584248.4236024233,11098468.564017378,11261.704035783854
4723,DEBHN,NOBRE,2248.111832433441,210.56857572037342,3564470.956767783,583689.5824683727,18452004.330194168,90401.39938991264
4724,KRBUS,KROKK,2246.258416448409,0.0,3561532.2918160916,583208.3699295496,12259362.570228951,
4725,CNFUN,CNHPU,2245.1866579441066,1840.0776652787517,3559832.975969726,582930.1034016758,10865647.194077827,6221.790261089424
4726,TRBOR,TRGEB,2237.279041812061,291.29981980033585,3548373.069247707,581053.5196811656,15729223.3992227,55991.37318410748
4727,JPOMA,JPYCI,2235.207498587739,1285.0635406984447,3544010.620877975,580339.1596265173,13449750.337542929,10917.817720938494
4728,ITGOA,ITGOA,2233.520671808053,272.6301356076186,3541336.089754326,579901.1995550803,16699040.529441124,63378.69322658014
4729,CNDAL,JPOTA,2233.439729675424,1830.4502874095874,3541207.7527753673,579880.1841060636,12955137.362391913,7394.365003844181
4730,CNCHZ,CNTAI,2231.30011686768,1520.3699594440404,3537815.311348787,579324.6647193593,10558597.012007892,7325.796992726757
4731,ITTAR,MTMAL,2231.1389415354674,76.19019336185212,3537559.7614324833,579282.8178854934,17074015.404846996,231700.39927436862
4732,CNHUI,CNNSA,2230.264924915518,1330.051335643882,3536173.9732289803,579055.8921656032,12200168.303478122,9608.068390425893
4733,PTCNL,PTLXS,2228.2149232755983,0.0,3532923.61388235,578523.6390169825,21883722.52343224,
4734,EGAKI,EGALE,2227.270999101048,234.0249497780918,3531426.9844633704,578278.5628159784,14931824.578649003,66275.4255739486
4735,INKAN,MYPKE,2225.907330567582,0.0,3529264.833625467,577924.5060891552,11728503.62834156,
4736,IQMAB,IQUMQ,2225.258141886901,0.0,3528235.5190849854,577755.9536779702,12298287.742170893,
4737,EGALE,LYBHZ,2223.7223667783983,383.6813203000022,3525800.4864093834,577357.2119788632,15659483.416781498,42318.55910020509
4738,CNZPU,JPHMA,2223.6880980982864,1516.8258674582507,3545749.874769141,580623.9660928496,11739179.49520758,8122.094780691443
4739,NZNEL,NZWEL,2223.1546318939254,411.4240912341019,3524900.3201108696,577209.8078627113,24506906.034062807,60969.00102928722
4740,DKAHS,PLGDY,2220.323250076076,1415.3225896711353,3520411.0513335597,576474.6807007852,16731987.16034458,12229.340482064348
4741,PHILO,SGSGP,2219.694718916278,0.0,3519414.4901161846,576311.4917148378,12594272.509345599,
4742,DZANN,TRBAM,2218.897177399896,0.0,3518149.9562389343,576104.4216447541,16860572.92353954,
4743,MAAGA,PTSNS,2214.366384400921,0.0,3510966.203267672,574928.0670543512,20521864.070801668,
4744,EGPSA,TRAAP,2212.229398035403,201.4518922263622,3507577.926169974,574373.2295852206,14013292.644156437,72412.65253219946
4745,ESBAR,TNSFA,2212.06881528345,319.80903825954925,3513383.99198055,575323.9850184566,18535789.387440987,59757.890134891466
4746,DEBHN,NOFRE,2211.627539372596,0.0,3506623.6552601806,574216.9657256872,18645367.19784478,
4747,AEDUB,AEJAL,2210.592665902808,603.9085402490151,3504982.8221068783,573948.2758612536,11040676.738305243,19232.42385242198
4748,AAAAA,AEJAL,2210.4012099855972,603.8562366902147,3504679.2611155813,573898.5671133321,4821093.410701697,8934.2324381469
4749,ESBAR,NLROT,2205.0412088683997,722.8703350969247,3496180.765607103,572506.9206796489,17732155.13697878,25322.192887060555
4750,KRINC,KRULS,2204.984953133605,1560.7029507776676,3496091.569896313,572492.3146952488,10993324.15246434,7410.645607735008
4751,DZALG,TNRDS,2203.322873531415,75.24031455316768,3493456.2764094104,572060.779868985,16861457.132381283,231704.47938426785
4752,MATAN,PTLXS,2202.8262285944584,386.8629677548106,3492668.8260574886,571931.8332250923,19901386.12499651,52921.36923066092
4753,ILASD,JOAQA,2201.601826191396,451.08925953636145,3490727.487222762,571613.934926126,12806668.376267482,29657.7274416688
4754,IDBTN,IDJAK,2199.522239411705,1305.3691823857519,3487430.219457277,571074.0004257009,11605081.484149406,9327.748539552169
4755,CNQUA,CNQUA,2196.4296677201482,1475.7725088419354,3482526.8237199113,570271.0591069658,10588164.616810508,7561.081134838116
4756,CNJIA,CNTAI,2196.092742097792,1527.6707559151903,3481992.6147103086,570183.5812631152,10539760.58014583,7272.472892729592
4757,AUBRI,FJLAU,2192.9825411856887,449.32324224626706,3477061.267140778,569376.0627733375,21728785.84563832,49626.103908932404
4758,CMDUA,CMKBI,2190.238416721079,41.745208815716964,3472710.348376532,568663.5907157284,19788305.026333857,487648.02463714685
4759,CNNSA,TWTCH,2189.752804694617,768.9647834267462,3475440.2578281485,569110.6191043213,10956963.285004836,14989.079022247792
4760,MXMAN,SVAQJ,2188.695696872537,1395.161925901362,3470264.3045386663,568263.0459157454,13425426.478722366,10030.15439630587
4761,BRIMB,BRIOA,2187.927824695178,1673.6069442618389,3469046.812581541,568063.6790585787,24052020.054096118,14710.79205160303
4762,CNHUM,CNYTN,2185.651879140396,287.00146582287726,3465438.210148083,567472.7628543997,11269513.046348486,41243.64234609196
4763,CVPGR,GWBIS,2184.9162496073714,149.22350951615272,3464271.8401892674,567281.7673314955,23612797.269728873,162039.34028533884
4764,DZALG,ESMAL,2184.8236835064145,0.0,3464125.0729450043,567257.7338879458,19038250.517971184,
4765,CNLVS,CNNTG,2184.6558390034297,1485.4258766715145,3463858.9487924995,567214.1555007617,11024892.278722776,7803.894234156393
4766,JPHIB,JPTOS,2183.8321608332158,1789.7936323683039,3462552.9742083647,567000.299428157,13477142.633007683,7846.7945568966215
4767,NCNOA,NZMPT,2180.716649591799,1787.2402666465848,3457613.2068999503,566191.4021885078,23984035.156392395,13736.388451366262
4768,BZBZC,JMKIN,2177.8647013045097,0.0,3453091.3291652286,565450.9352415289,13733154.445191836,
4769,ESHUE,ESSCT,2177.146569776174,1784.3143521758434,3451952.7029906036,565264.482821376,21623455.992511693,12435.432382346482
4770,INCHN,INCOC,2173.0511076285843,593.6526174796338,3445459.184443609,564201.1555631611,14381144.679294698,25175.237832368493
4771,TZDRS,TZMTW,2171.908295503825,1017.154995987159,3443647.2102486514,563904.440994821,17689677.6196649,17945.72325031392
4772,JPHMA,JPMKX,2168.9692583117157,249.7472120517088,3438987.2495825524,563141.3626787107,12819383.961610576,53584.28314114076
4773,JPMOJ,JPTOA,2167.491189617373,248.29707820465373,3437726.23107749,562934.8682581834,12124255.36276562,51096.81645374276
4774,AAAAA,SIKOP,2166.3252551590585,394.54346119539747,3434795.0771508776,562454.8856654436,8091001.560500954,21932.834522077603
4775,CNWGQ,JPFUK,2165.755256191126,186.83983408997406,3433891.321057755,562306.8937129081,11305870.747271921,63520.59612335999
4776,ITLIV,PTSNS,2164.899750834371,0.0,3432534.8832002077,562084.774173622,18433543.921477657,
4777,NOKRN,NOTHA,2162.854538390602,0.0,3429292.11731505,561553.7644702166,20617166.946473446,
4778,INMUN,YEADN,2162.2523535000632,506.31644726910355,3428337.329158178,561397.4159103911,12832074.703986023,26452.76919629253
4779,JPNGU,JPNGU,2158.771822762597,1769.2550423116957,3422818.808883141,560493.746660663,13601584.92008542,8004.543340592669
4780,CNNJG,VNHCM,2158.703993793014,1767.703675181094,3435932.7657785485,562641.1845603198,10498709.155815003,6257.468655905879
4781,CNWEI,KRPYT,2158.1493378565037,0.0,3421831.8342421176,560332.1274966657,11318974.50163054,
4782,FRLEH,GBGNK,2156.8870646301148,353.5420718906949,3419830.4497068566,560004.396588513,19359178.88473155,56341.762027910794
4783,CNCFD,CNJIT,2156.4893583594135,653.4866737476322,3419199.870555594,559901.1379321858,12261140.718808189,19619.438883449504
4784,PTPDL,PTPRV,2156.3454837534396,0.0,3418971.7516306313,559863.7829805871,21844502.818911776,
4785,ESVAL,ITRAV,2155.08921319486,883.1184511657073,3416979.884564547,559537.6105779399,17992391.680674247,21007.294397216854
4786,CNRIZ,RUNJK,2154.5616920137118,0.0,3416143.478696229,559400.6473657342,12497060.9814028,
4787,LYMIS,TRYAR,2151.8610917775163,0.0,3411861.5693317205,558699.4757418241,15318910.062271392,
4788,CNNBO,CNYPG,2149.0312081554375,978.4844277923522,3407374.6760035474,557964.7375646681,11833158.597327724,12663.58766981007
4789,MGEHO,MUPLO,2148.999861422042,0.0,3407324.974507757,557956.5988406673,19993540.80051359,
4790,ESBAR,ESBAR,2147.7136640215267,105.59213520147365,3408151.3952666875,558091.9269703039,17949645.344155263,175275.71760730215
4791,MXCOA,MXTUX,2147.2319279894514,0.0,3404521.8455516906,557497.5806049134,13766239.496781357,
4792,TTPOS,USPEV,2145.7519560445844,251.2263439895458,3402175.291017257,557113.3273866785,15112067.821445785,62370.772507378846
4793,CNYTN,PHDAV,2143.230919819432,351.303650691189,3398178.0875526113,556458.7769499888,12971317.084822353,38507.35918956857
4794,IDKEN,IDMKS,2142.545478651902,707.2602527073067,3397091.2932486157,556280.812107177,13942516.092346938,20499.945881243115
4795,PHBAT,THLCB,2137.759095904257,1751.4271102556713,3394876.522523336,555918.1387636204,12894474.294327024,7679.675822265404
4796,EGALE,TRGEB,2137.6251623909825,350.38479354364955,3389289.935612783,555003.3234598085,14740603.497344375,43653.7404095384
4797,MXMAN,MXPMA,2137.2384339436385,0.0,3388676.762238209,554902.9150358582,13048423.528503908,
4798,LBBRT,LBKYE,2137.1834507606522,1342.8641663262074,3388589.5842090566,554888.6394510509,14973333.129689565,11563.508922590845
4799,ESLPA,GMBJL,2136.449865508821,437.74018371710383,3387426.4555395925,554698.1746960647,22103958.02886987,51762.796851680934
4800,ITRAV,LBBRT,2133.550779481803,0.0,3382829.839038851,553945.4691196618,16465219.033303175,
4801,CNHUI,TWTCH,2132.234807483529,0.0,3380743.312959456,553603.7961053876,11855627.205003623,
4802,HKHKG,MOMAC,2131.1783131716084,1341.5115177069413,3379068.1990987924,553329.4927033467,12521442.97898279,9746.299080633293
4803,CNDAF,CNWGQ,2130.877074346103,1746.3934671468223,3378590.572928656,553251.280417932,11063858.845150854,6652.057708706555
4804,CNDJK,CNQIN,2130.0578029703265,1745.7220205412427,3377291.5854928275,553038.5685054922,11677586.70477946,7006.05544833133
4805,DZALG,LYMIS,2129.908080431652,0.0,3377054.194437374,552999.6952231117,16502782.142928971,
4806,CNWUH,CNWUH,2129.2087894964766,1451.7444843302312,3375945.440774499,552818.134489305,10839788.244211579,7847.528612417573
4807,JMPRO,MXALT,2127.4804610147794,0.0,3373205.1070473753,552369.3991037712,13691776.154315207,
4808,BEANT,ESGIJ,2126.0178538111277,0.0,3370886.0850025807,551989.6543883623,19135905.42449746,
4809,JPKOC,KRBUS,2121.333190510599,1684.2412652322214,3363458.3645324223,550773.3496091954,12147927.030591618,7539.715741645798
4810,JPHIB,JPKOB,2120.7556695884305,1459.1442622345476,3362542.6820809105,550623.4046905022,12123258.610951731,8685.832061754694
4811,ESFER,PTLXS,2119.3526503019534,1187.0817883596842,3432667.57005793,562106.501924394,21186386.42071024,18320.97260348574
4812,SAKAP,SAKAP,2118.275043894444,192.89614188627067,3358609.5511248517,549979.3462612488,12165186.577591432,65917.16039271223
4813,CN8229,CNCQG,2116.5017894750367,385.4693286047765,3355797.9855320067,549518.9465085578,13226417.665022723,35738.087544848
4814,KRBUS,PHSFS,2114.3690277446913,433.21601016379856,3352416.4067618377,548965.2059045851,12411538.107211748,29916.95368833663
4815,CNNSA,JPTOK,2111.5018048666134,1384.411330820425,3347870.310554326,548220.7731319781,11722144.461272495,8863.236641622148
4816,CNNSA,JPOSK,2110.0620660152726,1729.3342031445925,3345587.5471940264,547846.9658520737,11410702.43942759,6915.117612046553
4817,CNJIU,CNKHN,2109.4378181679135,513.4079209953226,3344597.7773393267,547684.8889659842,11261499.123399552,23001.56177853969
4818,BEANT,FRBST,2108.8773439238175,314.2478628577832,3343709.123075658,547539.3699696421,18836426.572456274,61683.68422985385
4819,PHZAM,SGSGP,2108.406604635256,0.0,3342962.747162289,547417.1493510643,12476734.393261196,
4820,ESVAL,TRBAM,2108.1633031856204,246.82543464555192,3342576.9830119237,547353.9796637282,15986491.693445401,66985.988282983
4821,CNSTO,CNTAI,2108.0553790732747,1727.6895916330677,3342405.865028182,547325.9587356031,10239843.997037796,6243.696789060945
4822,COCTA,COCTA,2104.5631806155275,919.9080032219575,3336868.8451173734,546419.260131783,13930707.90063147,15737.581486471947
4823,NOAAL,NOTHA,2104.4531538195015,0.0,3336694.393244809,546390.6932723828,20648803.886059314,
4824,CNSTO,CNYTN,2102.979033799686,1400.3674700158308,3334357.117170899,546007.959421486,11101483.533219522,8317.453627017869
4825,CNJIA,CNWGQ,2102.7688934436696,1001.4558008511542,3337766.539381307,546566.2594470965,10514138.662449315,11044.626145752743
4826,PTSNS,PTSNS,2100.8322363979587,191.30775029404802,3330953.2842840627,545450.5746593132,19888427.28815186,106811.5527541537
4827,AEJAL,SOBER,2100.504453302131,344.30022258185244,3330433.571114842,545365.4705396766,12272941.894617861,37230.029272229614
4828,RUEGV,RUVLD,2099.845280018064,0.0,3329388.425587544,545194.3257712536,16305107.039743887,
4829,CNYPG,CNZHA,2099.056034354816,1550.4064792506529,3328137.045116245,544989.4095989348,13869727.481955022,9297.379161186762
4830,INNMA,INNSA,2098.8737724657885,614.3445225189507,3327848.061623257,544942.0879468838,14069972.707237408,23789.444293016324
4831,SXPHI,VISTS,2094.6690878571635,1673.8006821397394,3321181.3665089007,543850.402663166,17443655.243639104,10746.503952494244
4832,FRDKK,NLVSG,2094.0390134385675,755.1047555594755,3320671.1038599345,543766.8460860087,20191439.078194164,27460.03885105578
4833,CNTAI,JPSDJ,2093.658762353717,935.9403383778223,3319579.455135115,543588.0863216228,11923420.641047528,13320.302818635906
4834,CNYAN,KRBUS,2092.600321712003,403.53486090821,3317901.2552909506,543313.2775833221,10622476.384910427,27669.950589556556
4835,COBUE,CRPTC,2087.94672623347,366.68769262839953,3310522.7940914384,542105.0391128627,14863468.985838268,42012.79272430641
4836,INNSA,INTUT,2086.9473492150837,570.130059092689,3308938.241977301,541845.5653864337,14515663.946474288,26410.657132906483
4837,CLIQU,CLVAL,2086.7291325248107,1707.6547652372994,3331124.1201306917,545478.5493868951,21907623.202117663,13148.501798245166
4838,IDAMA,IDMKS,2085.372034009409,1709.0991031860844,3306440.5169009184,541436.5576754335,15138744.204552474,9174.529863714211
4839,JPIMA,KRBUS,2081.3223650472437,0.0,3300019.6052754777,540385.1199526478,11883587.919976305,
4840,GBBEL,GBGNK,2081.283020735914,348.4753719507803,3321238.8412461444,543859.8142717305,20906931.816486996,61556.11947747199
4841,JPHAC,JPTOM,2079.7902484225233,1684.9322287264436,3297590.3732717987,539987.3281257136,14828905.201340884,9121.37133318601
4842,JPMOJ,JPTOK,2075.0665466878813,517.5900680321218,3290100.755807644,538760.8875841798,11515875.04030044,23289.928985145256
4843,EGSOK,TRBAM,2075.0040813096466,283.4336477006914,3290001.7144595636,538744.6693560586,14365639.258383349,52585.09019182711
4844,JPHKA,KRULS,2074.8147389999726,1665.423085491458,3292603.2257758835,539170.6722811564,11493040.502545778,7224.717418442827
4845,ARBNA,BRIMB,2072.1421504585805,678.8995747687329,3294378.89815348,539461.4423508949,23242810.797491677,35030.61884807337
4846,NOSOE,NOTHA,2069.9116113711816,0.0,3281927.400303126,537422.483506924,20576805.186179284,
4847,BRPEC,TTPOS,2063.4503328264586,845.566415917232,3271682.785518406,535744.9063857276,19554760.625580426,23759.819635424956
4848,PGKBE,PGPMO,2059.5386563487373,482.2648447152426,3265480.6664796844,534729.2964071255,19470676.274114724,41482.19757202956
4849,INKAN,INPPV,2059.153306565129,0.0,3264869.679031439,534629.2459331885,13417535.538455445,
4850,JPHKA,JPIWA,2055.9823909230895,0.0,3259842.065836514,533805.9637456911,12106159.030089572,
4851,CNMAA,CNWGQ,2055.2979728213813,1668.5603870197244,3258756.8936441755,533628.2645270596,11101378.493700752,6973.0810156709495
4852,DJDJI,KEMOM,2054.1739195912196,1346.029446605846,3265765.657075948,534775.9642139777,14560021.708616333,11214.314598312409
4853,CNHKO,CNTJN,2051.9877231057417,1681.738471655871,3253508.3607194256,532768.8062712413,11660894.817514805,7250.630124302228
4854,CNHUM,CNZHA,2051.4637246898537,1437.641046599682,3252677.540335902,532632.7576938657,12496976.04136215,9063.186412125426
4855,CNMWN,CNYTN,2046.698886019572,1322.342262332107,3269906.702551847,535454.0690811869,11280573.01487085,8935.679831568776
4856,CNYPG,THLCB,2045.119486690071,837.843428414912,3246364.4048452443,531598.9685388126,12766220.29785393,15871.484832852893
4857,GRPIR,ITTRS,2045.017577895865,502.80779420376064,3242456.9175453703,530959.1093119521,15400342.79695153,31684.675714886376
4858,ROCON,TRBOR,2043.0145311072424,93.02135291733467,3239281.0069878586,530439.0473084307,14972731.679298697,166662.49458212394
4859,CNSLH,CNSLH,2042.8361215087666,669.6952536596681,3238998.1314551556,530392.725847665,12463594.183091601,19402.835600120095
4860,MZMAP,TZDRS,2041.1768268407832,1254.6586750364684,3236367.2535924893,529961.9140891152,18922475.071817353,15504.16649001455
4861,LYMIS,MACAS,2039.416278122043,668.5741393126901,3233575.833394709,529504.8131870466,17266912.128544305,26618.46442344672
4862,CNFUN,CNLYW,2039.2073449990667,887.859060503721,3233244.561596744,529450.5667365121,11790427.038300265,13875.938370271488
4863,CNWGQ,JPTKU,2038.524763736946,0.0,3232162.3017868176,529273.3444265985,11580332.641744267,
4864,AAAAA,CNQIN,2035.3341977883192,1492.5014141534718,3227103.532247216,528444.9603224252,5144897.367472831,3801.230788791651
4865,JPKAW,TWTAP,2035.2347568992714,1664.4218921295994,3258461.026095535,533579.8155964817,12476898.351775818,7816.815092912299
4866,HNPCA,USGUL,2034.6673333547456,1667.5432766942572,3226046.19209568,528271.8186587499,13118790.592074186,8183.932975812726
4867,CNLYG,CNSHE,2034.5611897907881,1666.914485235752,3230678.292279079,529030.3347624837,10709634.999645697,6742.196695722333
4868,IDBIK,IDSUR,2033.2300876787597,111.09102397559863,3223767.381764325,527898.6586956121,14650339.460020564,136628.8434072775
4869,PABAL,PESAL,2033.2101606548435,0.0,3223735.786673289,527893.4849333011,16470545.440088812,
4870,MZBRA,SOMOG,2032.4638520184023,666.2949517097272,3222552.4845701633,527699.7167363135,18182705.099839978,28081.26456393672
4871,AAAAA,NGLAG,2031.0282970053013,416.1402119557794,3220276.3548522294,527326.9957292362,9301687.838236634,23619.478607393838
4872,DJDJI,TRALI,2030.4555565721862,1248.068587116097,3219368.25205674,527178.291995087,14119365.348172931,11735.367584254067
4873,CNJIT,CNQUA,2027.528716923025,1661.6927125059644,3214727.631081378,526418.3805938284,10721078.016639002,6768.698154949909
4874,CNGLA,CNXIA,2027.2147888668023,1661.4354278821154,3214229.8856299384,526336.8737339745,11536851.119915633,7260.702276601226
4875,CNQUA,CNWGQ,2021.7725711535384,621.3656901236309,3205601.0324299005,524923.8809553552,10035865.028231699,16996.092763161436
4876,CNWGQ,VNDAN,2020.8379892757293,1183.0065875293037,3204119.215594941,524681.230345999,11722205.080498813,10352.339910821884
4877,JPMOJ,JPYOK,2020.8332149851044,254.8008168764378,3204111.6457667737,524679.990770787,11507597.59955558,47222.288130109315
4878,BRIJI,BRITA,2013.951094473963,1444.2443406403877,3193199.769262665,522893.14814592653,23076689.739187665,16340.436464420816
4879,FRBST,FRSNA,2013.2646056230765,376.3163227270559,3192111.31381493,522714.9112873494,20563509.703954354,56033.24475121332
4880,EGALE,ROCON,2012.190523783352,274.8536762707084,3190408.314227607,522436.04153918073,13984111.77742037,52779.16604859885
4881,BHBAH,INMUN,2012.0917687677015,1099.3607476095608,3190251.734212306,522410.4012338275,12360768.45716462,11718.791021429048
4882,KRBUS,TWTAP,2005.1248431931465,1459.0525108003785,3195951.701598484,523343.7828279193,10821220.102418581,7775.295132471498
4883,SENOR,SENYN,2005.1066559643334,372.07162947475456,3179176.5593219176,520596.8181562993,19407949.901698466,53561.048844243945
4884,BHBAH,KWSHU,2001.7063719267283,1254.5226412703007,3173785.2733894535,519713.98379657115,12479967.196988922,10362.253141658977
4885,JPFUK,KRBUS,2001.2132601814596,141.3901267595114,3173003.4250538438,519585.9544945792,11921192.453980548,87989.01800007213
4886,CISPE,NGLAG,1997.0282673543752,272.78259906862127,3166367.9520443557,518499.3818959066,20842982.65891663,78309.5480201024
4887,TRSAM,TRTEK,1994.4836810637307,0.0,3162333.409011781,517838.7170267868,16202066.663974477,
4888,ARBBL,ARPMA,1988.4221396895705,1626.138374885419,3183512.871741227,521306.8983943423,25220619.875590775,15830.096117004156
4889,TWTCH,VNCHL,1988.3945120584585,1629.6196658998213,3152678.7887402223,516257.7527424525,12715234.932435604,8119.374699538907
4890,JPHKA,JPMKX,1984.1629811030723,1448.7532871607802,3145969.527672542,515159.0971947533,12664400.009219527,9097.172874922791
4891,CNDAL,TWTAP,1983.9694914265247,1624.4694479852233,3159124.8074243916,517313.3017986743,10851197.236418962,6998.291382037152
4892,CYLIM,EGDAM,1980.0961737745909,811.409316809962,3139521.442483892,514103.20974409604,13952266.194938328,17828.695215821084
4893,DZANN,ESBAR,1979.2545341331534,170.75040576359214,3138186.9892708943,513884.6902363863,18746533.406359404,112798.66662959666
4894,CNDJK,RUVYP,1975.49928188469,1619.0511793343844,3132232.887085286,512909.69353677984,13222158.456855152,8483.40579081547
4895,CNJIT,KRBUS,1974.7963301156778,0.0,3131118.3290243824,512727.18232064263,10784100.13476882,
4896,GHTEM,NGONN,1970.9657473915302,1384.5734147908427,3125044.787365673,511732.6271572332,18675095.83972563,13857.573937154697
4897,ESALM,ESCAR,1967.9597400159503,40.321800761623784,3120278.642803156,510952.16100575635,20832876.57484295,529337.1906187946
4898,FORVK,ISVES,1964.743555645927,0.0,3115179.254234861,510117.1254505863,21829128.99932651,
4899,BRITT,BRMUC,1963.0253271364954,1608.8279555998963,3112454.934416514,509671.01237614476,21737010.677438185,13827.881105856986
4900,CWWIL,JMKIN,1962.1903258578977,482.44308519230094,3111131.006592512,509454.2164229213,14404459.109369013,30913.3114009651
4901,IDFTG,SGSGP,1961.1002460480272,1607.250225435588,3109402.641585583,509171.1930341819,10979949.674191725,7148.308760766973
4902,LBBRT,TRAAP,1960.5806455587199,100.42652367303218,3108578.7942900266,509036.28631456115,14794218.917504245,152382.60415787183
4903,GMBJL,MRNOU,1959.6277121446892,481.77214523921714,3108276.2643523053,508986.7464038214,23598255.43052703,50038.679934392516
4904,CNQIZ,CNSHA,1959.134070239864,1605.6388154542346,3106285.191437869,508660.7040451693,10703921.1649107,6983.252871713763
4905,ILHFA,TRISK,1957.949908470074,276.611858570859,3107240.403051186,508817.1219468743,13853645.702511882,51922.80222064145
4906,JPKNA,KRULS,1957.6066745080007,1604.3870145127407,3103863.4445980666,508264.13792949246,12453754.412356036,8079.109611979843
4907,JPKOB,KRULS,1955.8703868072764,1129.4478821847322,3126745.075761486,512011.05294211535,11374379.533106381,10524.071781918983
4908,ISREY,ISVES,1954.4065935538517,480.5293015100615,3098789.588637786,507433.283392345,21901677.05478774,46634.22244545659
4909,JPMIZ,KRULS,1953.7657326102521,0.0,3097773.4780565277,507266.89315712923,11976984.264231766,
4910,ITCIV,ITVAD,1953.7524501210792,869.2381792513593,3097752.418140287,507263.44455174956,18403132.953877594,21755.13783197619
4911,CNBYQ,CNJIA,1952.937772848734,1455.0550395455418,3096460.714838646,507051.9254315344,11269941.52067687,8093.847398230873
4912,NZLYT,NZNEL,1949.270953581605,694.589280307134,3090646.826671325,506099.88907100295,23959995.53653666,35223.83100238637
4913,AAAAA,FRLEH,1948.7007011576193,798.5439927290101,3089742.668713523,505951.8313122848,8925188.58380426,11810.420591714412
4914,VNCMP,VNCMP,1947.4438943521498,21.8638075326312,3087749.951406611,505625.5196809218,11106602.610323261,531116.4632543172
4915,GLNNT,GLNUK,1947.3314494048918,0.0,3087571.6654588417,505596.32498367905,19821517.375596028,
4916,JPSAK,JPSTA,1941.3644543847308,1591.0754502480854,3078110.756912527,504047.0813999475,13913773.725841943,9061.68265307206
4917,DZANN,ITGIT,1940.6100996757807,198.8071508883802,3076914.6974405907,503851.2241571058,17594890.77821393,91036.67509692612
4918,DERSG,EETAL,1935.6338571452418,1160.9353467353371,3102341.024697764,508014.83848317154,19079496.360281162,16872.180913300912
4919,CUMAR,USJAC,1934.273744176933,198.15801854389105,3066868.153126578,502206.08149020816,12470823.73891654,65468.104272213866
4920,CNJIU,CNPZE,1931.6160111675283,1471.4581056153709,3062654.2114595342,501516.0397190688,12587908.89119303,8895.547131760193
4921,ITSPE,MATAN,1929.4665023354403,527.1080994964268,3059246.0794917396,500957.95097338775,17578548.36829035,34299.42802346617
4922,CNBYQ,CNYSN,1928.7074596328407,1185.5266599225647,3058042.587018932,500760.8765610902,10278414.89655874,9092.309888521524
4923,GBGNK,IEDUB,1925.3581163172323,229.1465042171666,3078897.671395472,504175.9402941731,19730150.03623349,88303.00966473046
4924,JPKOB,JPOIT,1925.1094267400558,922.0636691181529,3052337.7623910825,499826.6995835046,11930642.296024537,13481.139548092535
4925,PTLIS,PTPXO,1921.3132219370987,299.9318382203557,3046318.7282972867,498841.0701479778,21662024.48584251,73886.33926788796
4926,DMROS,SXPHI,1920.976753897823,74.96982823995899,3045785.244803905,498753.7111089276,17586666.17016209,241235.9786044097
4927,DEWVN,LTKLJ,1915.6043932153925,897.121937849588,3037267.1527118958,497358.85569365986,17168667.31475338,19691.889614016927
4928,LVRIX,SEGAV,1915.2109175792134,1477.3090937937422,3036643.28140037,497256.6954601343,17733490.423999265,12340.50964422258
4929,ESSCT,PTSNS,1914.6206652419833,0.0,3035707.412782596,497103.4450144499,21036635.99868009,
4930,SAJED,SOBER,1912.8255854328565,285.03381383174354,3032861.2421640344,496637.37861634174,13549563.68256911,49279.06928781781
4931,AAAAA,ITGOA,1912.5801006511665,671.779193657787,3032472.016253633,496573.64205855137,8349520.264720562,13168.157022864612
4932,CNJIA,CNNTG,1912.1591285157892,1302.7252416840518,3031804.548146169,496464.3427584079,10579861.10670466,8502.426371307998
4933,CNNSA,CNSHA,1911.5899329779245,1566.673277875835,3030902.065923457,496316.5594048194,10370398.478902452,6936.171818185885
4934,CNHPU,CNYSN,1911.2454312399682,1566.3909361153314,3030355.844680463,496227.1145325998,10413239.027799176,6964.71480445832
4935,IDMER,IDMKS,1911.1688548835095,1566.328176770709,3030234.429813714,496207.23259395093,15494233.753088068,10208.870160689718
4936,KEMOM,SCPOV,1910.8543532456956,0.0,3029735.77492579,496125.5768119685,16230933.57297529,
4937,BBBTN,SXPHI,1909.5310797975508,662.109424608853,3027637.67210647,495782.00808229233,18042778.69638668,27999.240028067554
4938,DKAHS,RUSPG,1907.7360108558182,312.70294720512845,3024791.5187185956,495315.94450574525,16625057.387366327,54749.638546391325
4939,CNZHH,CNZHH,1907.2802486922376,1220.847513639056,3024068.8896341166,495197.61248011934,12310714.315558977,10489.36233638853
4940,HTLAF,USSAV,1906.7630763826332,426.19564157379955,3023248.8923143065,495063.3362020881,13868122.081640344,33700.92046179529
4941,INHDA,INTRI,1903.7750426442813,222.89549469814241,3018511.2456703363,494287.53664444236,16183504.607302744,74823.37032667792
4942,CNWGQ,CNZHE,1903.5377315094956,1509.091161348416,3018134.979403037,494225.9222553449,10345697.332271442,7183.080473972828
4943,DJDJI,JOAQA,1903.3310981348084,1039.9302392220006,3017889.5387407676,494185.73083299404,13371001.650434455,13332.805277054318
4944,NOAAL,NOBGN,1902.3657775312527,0.0,3016276.7996373116,493921.6414280462,20470562.29986694,
4945,ESHUE,MACAS,1902.2300612451907,141.72747721256889,3016061.616053893,493886.4046657096,19970943.672533087,144395.64211324227
4946,EGDAM,LYMIS,1900.6212110635172,556.3156039767221,3013510.7199358125,493468.6900853016,14459861.375658007,26879.2210012664
4947,BEANT,DKSKW,1900.0806673833852,0.0,3012653.6663760664,493328.3457703924,18754503.151638113,
4948,ESGIJ,MATAN,1899.770753439779,0.0,3012162.2854602486,493247.8811165727,19700617.04939138,
4949,PHBAT,PHCEB,1899.682958915449,1311.0860900932405,3012023.083741,493225.0865435849,14586312.967587782,11501.562077482613
4950,AGSJO,USPMB,1899.5409219740386,1556.798323400001,3011797.878506482,493188.20871489734,16195422.37816562,10719.828211552212
4951,ARMDP,UYMON,1899.0836600119692,444.6000349492223,3013940.1453034217,493539.0093883794,23397036.133782245,53734.982602732285
4952,INCHN,VNHCM,1895.2082684783231,258.7416928106002,3011986.163204425,493219.0407284164,12459074.238247992,50058.77923376473
4953,CNJIN,CNQIN,1894.2091521283924,1086.7000119147235,3003344.144804808,491803.89212080074,11157530.839877238,10719.917736517147
4954,CNLYW,KRBUS,1893.9010921570607,1164.1320848295363,3002855.703435961,491723.90882395237,11914293.980051944,10656.881680821045
4955,CNWEI,JPHKA,1893.442584892241,0.0,3002128.7218840034,491604.86407266365,11841161.683809945,
4956,AAAAA,GTSTC,1892.5980523652631,193.8885233208349,3000789.681885624,491385.5934692439,6238045.678634076,34707.73389185015
4957,CNQUA,CNZZU,1892.3256648280342,1539.2241580455259,3000357.8005835325,491314.8720017524,12055676.99207983,8151.5039888754645
4958,JPKNA,JPTOS,1890.006010941846,686.2586627065849,2996679.896847702,490712.60756420664,13927785.348080529,21010.2964657358
4959,JOAQA,TRBAM,1889.84733086504,516.2845966514133,2996428.3032583473,490671.40858716256,13461654.27827174,27024.485675832162
4960,IDBLN,MYPEN,1888.822853476312,712.0865152409651,2994803.9535061233,490405.41791416856,10854331.114490325,15931.682863795719
4961,MYTPP,PHSFS,1883.4612224342113,926.1719732451978,2986302.873686715,489013.3482941596,11796623.690820845,13264.963088947266
4962,AAAAA,TRBAM,1882.1926128617206,308.51604933826655,2984291.44262204,488683.97224577994,7088862.189257771,24561.27056519933
4963,DZDJE,ESVAL,1882.035943387057,685.5341536823422,2984043.0369225573,488643.29529237724,18561604.828500137,27788.911787201603
4964,GRIRA,GRPIR,1879.2430990765445,0.0,2979614.870899864,487918.17383445683,15644490.547350941,
4965,CNFOS,CNHUM,1877.8941513300401,1026.0382504333784,2977476.0604566988,487567.93914614216,11297973.245846555,11486.454018663258
4966,CNQIN,JPSKI,1877.7356800680711,947.0323064991876,2977224.797951595,487526.7943848374,12080620.35958032,13271.085967937819
4967,LYALK,MTMAL,1877.5810346694511,159.18628510532457,2976979.601505392,487486.64295337885,17200736.260530718,111116.50034285804
4968,DEHAM,PLSZC,1876.9663141787103,85.46094179297917,2976004.937654527,487327.0397070462,17974217.763471164,216023.184578278
4969,INHDA,MMRGN,1876.8433802917764,699.0430262562007,2978483.273992951,487732.87247160956,14043882.308607131,20787.869466210617
4970,CNSZH,CNYSN,1874.7291116022768,1536.4634180865974,2972457.763758168,486746.1825544364,10741569.250674684,7307.896368409519
4971,ILASD,TRGEB,1873.463884943423,0.0,2970451.6964379624,486417.6848304442,14409908.300435675,
4972,KMMYT,MZBRA,1872.775568205124,460.45870835828225,2969360.342801845,486238.97338745126,19605713.128592633,43634.64462126442
4973,TRIZM,TRYAR,1872.722997456165,279.0580501852464,2969276.9897830426,486225.3241560976,14589273.714325186,54022.80646795086
4974,BDCTG,BDCTG,1869.1702769908156,1345.3090971423007,2966524.341416454,485774.5722225671,13532633.475411078,10420.213523725872
4975,CNTJN,JPTOK,1868.914681452583,1361.0290624137215,2968026.28258541,486020.5182337516,11504020.066802628,8809.540454465097
4976,GRTHE,LBBRT,1864.3372003175011,203.72620872979573,2955980.9740248946,484048.0737364719,15734815.125092456,79611.0785153823
4977,ITCIV,ITGOA,1863.764204152754,763.7384787748205,2955072.465756705,483899.3036053191,17668932.462337483,23768.387046654167
4978,DEBHN,NOMOS,1863.6597913266476,58.745822476658674,2954906.915057313,483872.19433166325,18430014.52540783,321961.39099515544
4979,DOCUC,GTPBA,1863.3620866000997,254.52456597526333,2954434.8923420003,483794.89962370845,15022066.740042387,60920.884317206044
4980,CNQIX,CNZQG,1860.0571232399395,361.5269790587376,2949194.7411446637,482936.81389330374,12484384.149716683,35868.19716019914
4981,MYKUA,VNHPG,1858.6404907903209,913.9666431167118,2946948.6139056934,482569.0058549759,11799078.109133177,13437.741089878933
4982,JPHOS,KRBUS,1857.136620173102,0.0,2944564.1670732554,482178.5476936038,11767229.591626503,
4983,CNSTO,CNZOS,1856.8165689375048,1014.5219433262473,2944056.7130767475,482095.45103916724,10534427.982497402,10858.832089345853
4984,ILHFA,ITRAV,1856.5634533798566,0.0,2943655.388266777,482029.7332612398,15526746.86981176,
4985,BHBAH,SADMA,1856.1739756194115,1026.8479806539242,2943037.8557466487,481928.6110180777,11790224.82476245,11951.285552478073
4986,ESVIL,PTLXS,1855.8948540931856,751.3509383017048,2942595.297436476,481856.14116815734,20514405.09277109,27944.679594594723
4987,INMAG,QAHMD,1855.304861082069,0.0,2941659.839990596,481702.9580527314,13013634.984428536,
4988,CNWEN,PHBAT,1853.3354586276625,1518.929916861644,2938537.2738665966,481191.63131189026,12130947.48098573,8303.305486507468
4989,IDMKS,IDTEI,1852.8652287400243,314.18162744265055,2937791.705628705,481069.542951863,14289799.752926765,47013.79076844601
4990,FIHEL,LTKLJ,1852.829256456606,344.816709270483,2951209.585542839,483266.7488821909,16323112.473912032,48740.03715872966
4991,OMSAL,PKKAR,1852.5456269495892,1518.28259801846,2937284.964245424,480986.56298933446,10981940.960106308,7549.930123717501
4992,BEANT,DEBRU,1851.7523244982226,1225.7800433703553,2936027.1515747937,480780.59353090764,18691803.551049694,15641.129294179435
4993,JPSZU,KRULS,1850.574886989983,606.6669789663056,2934160.277453596,480474.88898469607,11603205.334792588,19918.143961562833
4994,LYMIS,LYTRI,1849.7739636684335,174.92435056656464,2932890.3815893983,480266.94087802275,17214702.620994758,101157.84054398559
4995,CNPZE,CNTAI,1848.9876829448085,1515.3666296403544,2931643.7021481027,480062.7945092103,11277924.104132475,7759.1697406140165
4996,CNCZH,CNXIA,1844.5923698374265,1511.7643823830122,2924674.757947402,478921.6153047538,12203192.075571772,8388.948594545904
4997,CNTAI,CNZHE,1844.5310290009575,1340.1720829307565,2924577.4996051327,478905.6890475675,10371319.249967957,8096.14308282538
4998,AESJH,IQUMQ,1844.507930753206,137.42683445613565,2924540.8764122496,478899.69192305114,10746226.12356955,81680.74204660133
4999,BRIMB,BRRDJ,1844.1076431299334,604.5468468266134,2923906.2044235505,478795.763056024,24142147.774411447,40726.27897524848
5000,ROCON,TRDER,1836.1979903081894,926.0828541574595,2911365.1344667664,476742.1365920789,15649564.582290057,17413.45997983483
5001,NOBRE,NOOSL,1836.0189278953146,167.1930982909797,2911081.2238708013,476695.64563753695,19987744.743267957,122400.03085109155
5002,BEZEE,GBLGP,1833.537206101411,1314.4798650258572,2911056.406712387,476691.5817758844,18426350.289566197,14380.624895285284
5003,NOBGN,NOFLO,1831.0320057494175,0.0,2903174.2599483393,475400.8637396142,20482885.357650112,
5004,KEMOM,KEMOM,1828.6323432306017,666.0818196472336,2899369.4993350273,474777.82622276765,15123624.294391695,23418.14723133503
5005,CLPAR,CLSVE,1824.8505628794746,0.0,2893373.3357848017,473795.9418866369,25017300.81510628,
5006,DZSKI,FRMRS,1823.0127626777485,814.9518979155583,2890459.4302802416,473318.783759123,18381524.768561132,23136.142882231696
5007,CYLIM,ITGOA,1822.0921860073609,0.0,2888999.819260125,473079.76939844195,15668927.177919637,
5008,HNPCO,PACOL,1821.5127333461592,0.0,2888081.073959345,472929.32293176814,14012940.569139943,
5009,CNLKU,CNYAN,1820.9480852466488,1492.3863409925366,2887185.8018814786,472782.72025449475,11489609.583176138,8015.613634921667
5010,RUVLD,RUVLD,1819.1166290478216,278.6701574885104,2884281.9550464908,472307.20925518416,11908292.51596677,44427.43290778241
5011,CLPAR,CLPCH,1815.5353118604896,0.0,2878603.633836197,471377.37226771633,25957720.48665378,
5012,MYKUC,VNHCM,1814.8512541529205,114.4145837069489,2877519.033063137,471199.7666201881,12022659.953414798,109198.13991576128
5013,LYTRI,TRBOR,1809.6827967903857,0.0,2869324.2378157373,469857.8517401449,17140891.91311654,
5014,DKAHS,LTKLJ,1807.774328700368,987.7263892027063,2866298.285556315,469362.3457219185,16683553.619033283,17366.060229089406
5015,DEBRU,LTKLJ,1806.2610776467059,855.7497660179558,2886633.827301979,472692.333261376,18075950.155442536,21675.31120109557
5016,PLGDA,PLGDY,1805.9275834770046,1015.7384691293594,2863370.197363254,468882.8651494669,17242415.22838306,17436.86847729
5017,DEBRU,PLGDA,1802.4069005106553,934.0632008004445,2951088.1644100472,483246.86591746437,19056021.590564854,20918.572147728504
5018,DEKIL,PLGDA,1799.3679329096897,1071.036137645025,2873573.6019131164,470553.69400841923,19023225.891922604,18200.860737335708
5019,MYSPB,VNHCM,1798.7438249675488,0.0,2851980.0617846022,467017.70659977006,12115932.263024528,
5020,CNNDE,CNXIA,1796.848350416965,1387.0167126738631,2848974.711300087,466525.57416532084,11874110.777629873,8897.251373420844
5021,CVPGR,CVRAI,1796.358904998271,490.74463188711286,2848198.6760714618,466398.496771769,23443876.447482754,48722.43808823702
5022,ESACF,ESPDR,1796.243858565024,511.1595859606285,2848016.2653639195,466368.626636477,22043276.18471541,44036.432905878566
5023,ESALI,ESSPC,1795.5391348829232,735.7810201529911,2846898.897864156,466185.65536884405,21521686.96048328,29883.718135703177
5024,TRALI,TRATV,1794.7406495860096,1286.9377020756763,2846712.184533636,466155.0806700306,15568027.412547316,12459.175348858094
5025,AAAAA,EGSOK,1791.2258720867735,825.765209245172,2840060.047703779,465065.7793358818,7276777.069125577,9375.356047681205
5026,MTMAL,MTMAL,1790.0966559351455,258.70648433460946,2847980.775566379,466362.81510782114,15776259.21573005,62783.97726525385
5027,NZBLF,NZLYT,1789.378017625443,266.63865468688226,2837130.2007696885,464586.0107659041,24279723.97501086,92800.91071129343
5028,JPHMA,TWTCH,1787.988413379746,1465.3737289931673,2834926.927825822,464225.2202081279,11327119.238483079,8046.64654851758
5029,CNRIZ,CNWEF,1786.6777808382622,1424.723915381482,2832848.867668086,463884.93350625143,11780323.517062047,8594.092033114928
5030,CNHUA,CNQUA,1785.4424391859868,1358.7666264918885,2830890.184217515,463564.19499012444,11617980.947785493,8891.552756169893
5031,CAHFX,CUMOA,1785.0980219889266,0.0,2830344.097017483,463474.7720677205,15269250.440465195,
5032,JOAQA,LBBRT,1782.1321123436514,0.0,2825641.5290053133,462704.7167094798,13743248.945830524,
5033,JPSTA,KRBUS,1781.0883392779383,1386.7327325893896,2823986.5851877886,462433.7161942349,12456037.863536477,9315.761628853006
5034,ESGIJ,FRLEH,1781.0618704025744,0.0,2823944.6177304173,462426.84393521876,19338285.48671984,
5035,ITGIT,TRDER,1780.5921596914395,364.82800354546737,2823199.872667575,462304.89037182933,16253204.332964053,45817.50595045175
5036,GTPQL,MXPMA,1778.5246039871863,0.0,2819921.680651952,461768.079565385,14453241.839877276,
5037,GRPIR,LYBHZ,1777.892796379077,168.1268894967152,2818919.9244951275,461604.0398972256,16203237.466983108,99120.61988874139
5038,MTMAL,TRAAP,1776.9170281322722,0.0,2817372.805029764,461350.69584540994,15311891.668552715,
5039,DZALG,TRIZM,1776.1323460084425,545.8713391777572,2816128.6602321905,461146.964529814,15773145.794982763,29740.144965233376
5040,CLCOQ,CLSVE,1774.5437260187637,1454.3549262392564,2813609.839890223,460734.5024249049,23350450.06663462,16372.333973957564
5041,AEJAL,AERAK,1774.2364168823958,0.0,2813122.589000152,460654.7140714487,9839250.408046877,
5042,FRMRS,TRALI,1773.6421750664358,581.4464184505094,2812180.3949047658,460500.427815561,15674545.15012646,27749.840855396676
5043,DEBHN,ISRDJ,1773.2981229222273,1453.3340728373225,2811634.8865105864,460411.09967382735,19737259.013100736,13897.472363902507
5044,BRITA,BRPAR,1772.9909816335764,1210.901958678711,2811147.9017497646,460331.354899593,22995511.916675135,19370.555232373088
5045,MYPKE,MYSIB,1771.6058491183999,1451.947143506106,2808951.7189129535,459971.72536169237,10855366.215744091,7793.216159220467
5046,KRGWA,KRPOH,1770.7232331411533,390.71409511255104,2807552.296085545,459742.5669435894,11156897.58504386,29731.817452454852
5047,BZBGC,MXVER,1769.978797592889,290.12273362161545,2806371.963838416,459549.28506673966,13913600.328307621,49541.617900650774
5048,LYALK,LYBHZ,1769.9453537500617,725.2931293431163,2806318.937291995,459540.60185873613,18207518.58528498,25737.26184894389
5049,MYTAW,PHGSA,1768.1201680470422,362.2133852233948,2805525.1576009854,459410.6187723155,13933808.625548441,39736.85079430113
5050,EGALE,TRIZM,1768.0734803406974,941.8838882071813,2803351.0073580104,459054.59711778746,13861937.230134757,15204.625545205665
5051,CNJIN,CNLYG,1766.7911143840731,1405.412883529468,2801317.7649977375,458721.64942408516,11069449.463109994,8202.693491454935
5052,ESCAD,ESSEV,1764.1811703087592,0.0,2797179.5945913414,458044.0153555269,21194381.57446514,
5053,IDJAY,IDMAN,1763.181180525082,847.0939234254251,2795594.070913401,457784.38253349095,17533047.81832804,21238.296844476627
5054,LBKYE,TRMER,1761.3679534334906,979.5562078113692,2792719.1270548445,457313.6044570881,14181881.699914051,14944.722097244035
5055,CNDAL,RUVLD,1760.4116631435695,0.0,2791202.8906668294,457065.3175738514,11341227.818518834,
5056,CNMWN,MYPAG,1759.7061579302235,0.0,2790084.2840181123,456882.1433929827,11096390.360321289,
5057,FJSUV,NZNEL,1758.5977219131228,0.0,2788326.814512641,456594.354081668,24479704.345756177,
5058,CNHSI,CNWHN,1758.046694257502,1148.2792931960003,2787453.1381916944,456451.28775480745,11617880.295608792,10515.152241191401
5059,NOKAS,NOTAE,1757.468801700355,0.0,2786536.866498105,456301.2463464904,20585084.038461544,
5060,DEHAM,SENYN,1756.0713272351763,1259.3136363039162,2784321.115007414,455938.41240054404,18068704.668839294,14710.110767647717
5061,KEMOM,MUPLO,1755.3704527259515,575.4564686944947,2783209.8505247366,455756.44051473745,17079512.74253548,30471.929914753557
5062,CNFUN,CNYTN,1754.2037611123044,159.74277682979232,2781360.014447922,455453.52598396793,10862281.658488076,70849.74612987488
5063,CNJMN,CNMWN,1753.8982904080083,893.6859548351265,2780875.6784652104,455374.2149526951,11352681.319885228,13212.757200616805
5064,CNFUN,CNQIN,1753.34956723341,1436.9849235816548,2780005.6559908194,455231.7469508585,10378134.852256222,7538.956339364468
5065,DOCUC,JMPRO,1752.1104743357005,717.9847028572409,2778041.0247910265,454910.034478343,15462312.51590832,22169.305957416105
5066,IDBLN,INKKT,1749.2733875548452,1024.0315907801983,2773542.7105673775,454173.4261056396,13994557.140299559,14109.653155716485
5067,BSFRE,USWMN,1748.4765702467603,0.0,2772279.324951261,453966.5440657207,14886699.825441951,
5068,DZBJA,TNSFA,1745.8338153820328,390.0761174324108,2772927.04426042,454072.60945879173,19515373.22605006,51193.715644406235
5069,EGDAM,LYBHZ,1744.2100589562974,285.8988994686888,2765514.601167429,452858.80638212373,15527771.21435854,55896.08791932701
5070,CNTJN,JPHKA,1743.7618650617192,649.6032604828708,2764803.9718752485,452742.4393476119,11298551.990096662,18089.95604595513
5071,JPKOB,JPMJR,1743.6048755139211,506.3380546660636,2764555.0586870476,452701.679291869,11941062.025675014,24477.25109885475
5072,NLROT,NOLVK,1742.9915489982425,0.0,2763582.60503923,452542.43797091313,18624549.052310187,
5073,ARROS,BRSTS,1740.400783781639,1222.6050399375692,2759474.8434781013,451869.7834144375,22893530.937033903,19094.801638999004
5074,CNNJG,CNYIZ,1738.8755164686274,1097.4483408633882,2757056.4713312625,451473.7699117994,11258800.076583885,10670.455647400167
5075,IDMAN,IDSBU,1737.0683542408683,0.0,2754191.143556157,451004.56648919586,17578379.430253018,
5076,GTPQL,GTPQL,1735.7484702488327,533.4148225326187,2753164.0626466833,450836.37983976514,14546929.993673092,28116.51596463788
5077,CNQUA,CNZPU,1735.3241908175478,1335.1377450628283,2751425.7028976497,450551.7197910792,11012353.658394923,8585.560119601432
5078,LYBHZ,TRALI,1733.4645790128666,157.85420800376139,2748477.2142268377,450068.8985976812,16016067.719371734,104312.30707246688
5079,AUGLE,PGPMO,1732.9232931073973,1065.1831895598705,2747618.9838392218,449928.3615747443,20031239.278523605,19227.835963653433
5080,CNXIA,CNZZU,1728.7146149130426,1390.7023727849464,2741096.1070586257,448860.226844307,12104888.880176041,9026.912841085386
5081,PHBAT,PHSFS,1722.6358777522807,1317.692171972111,2731307.8765693367,447257.38360706595,14195907.990386445,11112.736104425634
5082,SOBER,YEADN,1721.5664595313572,47.031219435112234,2729612.2713355906,446979.7246997778,14509016.459604567,318001.45443685015
5083,MZBRA,TZMTW,1721.3711618111565,705.3882618837695,2729302.619012457,446929.0184835139,19787320.244366243,28685.265060710437
5084,ITCAG,MTMAL,1714.9217426376322,82.67592952456114,2719076.80773368,445254.5204757866,17346335.371125035,215196.73251832437
5085,USMIA,USNYK,1714.5037785651193,351.2870632393809,2718414.1090298383,445146.0021754724,12323113.834391393,36347.082408400755
5086,IDBIK,IDJAY,1713.579289076514,41.30560509441657,2716948.2940804088,444905.9719083765,17704624.828988194,439396.3182335733
5087,CNQIN,KRKHN,1713.0698808835293,1403.973079798155,2716140.6070771036,444773.71147044835,11882091.324363464,8779.986748468218
5088,PHDUM,PHMAN,1712.6360773979382,0.0,2715452.7943522087,444661.08069660293,14045185.78121769,
5089,INCHN,THLCB,1712.24041702561,233.88221329753654,2714825.4590544,444558.35322807066,12646044.464219123,55970.920716377004
5090,EGPSA,TRATV,1708.320247705753,280.0160888026332,2708609.874275809,443540.5382063704,15036402.209263613,55282.33328900213
5091,JMKIN,JMPRO,1707.771086240256,520.7684295802086,2708317.704059325,443492.69472167443,14296263.15454793,28303.858321732983
5092,GTPBA,HNPCA,1705.9794443440362,60.78965226914418,2704898.437203165,442932.7826147093,14904659.09954181,252470.46675321588
5093,CNHPU,CNZPU,1702.634479010549,1395.420583796659,2699594.8612819863,442064.3109529765,11350681.059284106,8451.032976847304
5094,KHSSK,VNCMP,1701.4385781370063,0.0,2697698.712758849,441753.8126621526,12012662.625587946,
5095,INCHN,INPAR,1699.4535656154967,0.0,2694551.3962509856,441238.43299413123,15182962.8954937,
5096,DEBHN,DKFRE,1698.3362182573005,979.4836914378953,2692779.797458856,440948.3299825423,18329909.34960075,19164.032891683393
5097,FJSUV,WSAPI,1691.3074448340556,882.0873960596542,2681635.3969146274,439123.4110592529,25175899.21481489,29039.0983255154
5098,CNNSA,CNSHL,1690.5476475536213,27.618231886643912,2680430.7080285735,438926.1407317812,12441563.99908281,466376.34851793514
5099,CNQIZ,CNQIZ,1689.8104457172776,1228.5495907394074,2679261.8451201483,438734.7369831586,11968549.755495831,10099.132005743142
5100,DJDJI,SAKAP,1687.42528319003,753.9001858849741,2682606.872744725,439282.49226050975,13080802.850216202,17933.521699037665
5101,INHDA,INPAR,1686.6791376139254,47.667039153684634,2674297.0312572145,437921.7383177643,16147126.165676845,347935.3490054688
5102,ESCAS,GBLIV,1686.5274312320378,0.0,2674056.4947392386,437882.34995930985,18957618.093307998,
5103,SIKOP,TRBAM,1686.1118272744284,345.46979685989857,2673397.538091689,437774.4444285486,15179863.749758726,45206.95683426367
5104,MACAS,MTMAL,1685.1539156407453,690.5470580265588,2671878.7309984863,437525.73658695485,17328039.642490573,25726.799024888835
5105,AAAAA,BRSUA,1680.4057829665917,1377.2027100292235,2664350.37730552,436292.952906847,11295883.382667562,8518.844938466218
5106,CNSHD,KRPYT,1680.2844332420298,1377.1032559740054,2664157.972478246,436261.44621352316,11973415.363378854,9011.4352397019
5107,NZBLF,NZTAU,1677.6642959897272,0.0,2660003.640383268,435581.16563462024,24376677.574533384,
5108,CNQIN,RUVYP,1676.0975932921879,1144.7265551143332,2657519.570781969,435174.39403625677,11834366.487021353,10718.315938632306
5109,CNDCB,CNFOS,1675.1682667268283,1148.492205016183,2656046.0864544604,434933.1078924423,11543738.125333458,10429.910782944418
5110,CNSLH,HKHKG,1673.9617314815587,1028.9410405138947,2654133.0767108905,434619.84854146844,11883139.86756928,11971.297898622804
5111,AESJH,OMSOH,1673.0010797319094,712.9897165355644,2652609.925054557,434370.4292685654,10757819.672011679,15697.547722936857
5112,ITAUG,MTMAL,1671.2420192009304,40.28507073023256,2649820.8644378153,433913.7147528322,17157161.16892148,436664.8628091601
5113,JPHAM,JPKNA,1669.8766419285043,0.0,2647656.004326152,433559.2143767582,13544700.661602015,
5114,IDBMP,MYKUC,1668.9901185517508,71.99193813719093,2646250.3861610126,433329.04145913,12610121.16813869,181179.31739442356
5115,COBUE,COBUE,1668.2639032359882,1139.376369619315,2645098.942819071,433140.49020099227,14676161.441733371,13261.027992868272
5116,MYKUA,VNHCM,1666.904236080343,620.9715032575128,2642943.1363252625,432787.47237379843,11226789.456920274,18776.3478164938
5117,ESALG,ESALM,1665.426701114589,52.4971680919937,2640600.4457183904,432403.85188179207,19728979.06598057,384047.0572152092
5118,IDJAK,IDMLH,1664.743854823001,1364.3667330870608,2639517.7656936753,432226.560760827,12322733.210252743,9348.62999932121
5119,BEZEE,GBBEL,1661.3835398052674,0.0,2634189.8522360353,431354.1037765407,19968125.664749146,
5120,JPNTA,JPSAK,1658.0128629204028,1315.0163650887998,2628845.5096248654,430478.9564839646,13377813.121026555,10500.471662630662
5121,CNZOS,JPHKA,1655.5700517107264,928.2649725399069,2626331.3628207967,430067.25968067185,10927912.815809425,12235.708996335965
5122,CNNSA,CNZHH,1654.2513762880683,907.3212994973511,2622881.5225750245,429502.34111714305,11806109.349519158,13485.423187370046
5123,INKKT,MYPEN,1653.1661469792264,451.6260141501835,2621160.8482308965,429220.57709054014,13499004.984757602,30840.17555555703
5124,CYLIM,ILHFA,1648.4915511065317,135.10469046566772,2613749.090069021,428006.8861727764,13751391.606524218,104951.19335845864
5125,GBIMM,ISREY,1648.114009031558,506.5265565651731,2613150.4820541586,427908.8628569758,21334472.552597716,42963.94953707545
5126,CNJIN,CNZHA,1647.1434851297822,1349.9420762067298,2611611.677706964,427656.8804231705,12869140.641122755,9849.902270554649
5127,RUBRA,RUSPG,1646.7598246606058,122.69342193624215,2611003.3687341143,427557.2685551877,16821800.41916225,140589.0993624833
5128,PHGSA,PHZAM,1645.5841686804572,0.0,2609139.319296745,427252.02655686735,15749135.772451602,
5129,COSMA,GPPPE,1644.86332978744,0.0,2607996.4004874583,427064.8712088006,16670219.756854583,
5130,CNBAO,CNSHA,1644.5440968353391,860.0322321355791,2607490.2439120645,426981.987009788,10879557.380453166,13146.64607323757
5131,CNJIT,CNZPU,1643.7756894230076,1283.030425547959,2606271.9033185467,426782.4811866351,11145267.058223417,9019.310305496332
5132,CNYUY,CNYUY,1640.5399926202658,211.63899425611848,2601141.5770100933,425942.37951173657,11648502.124674136,57052.078453811686
5133,CNRUG,CNYSN,1638.1020684856258,1091.489465441315,2597276.1510791588,425309.4079221082,9605363.037396507,9189.893959501458
5134,INKNP,LKCOL,1636.7572577031362,134.14298818879834,2595143.8999574063,424960.2473364088,14582713.8179379,111878.18512102841
5135,GRPIR,LYTRI,1636.2583540478063,447.006999211094,2594352.8683174346,424830.71424909955,16696026.06143982,38301.09328467984
5136,MZBRA,SCPOV,1633.82018356747,0.0,2590487.051795576,424197.67869938945,19023230.319141757,
5137,ITANC,SIKOP,1631.7796931648188,348.87402819375086,2587251.772894908,423667.8950053706,17094911.131880373,50214.626516011725
5138,CISPE,GMBJL,1631.3598161935997,0.0,2586586.0412138887,423558.8800486931,23312886.102099102,
5139,CNJMN,CNZSN,1630.6326128992246,975.7182714828613,2585433.0313924598,423370.0722762594,11366577.07668421,12083.351817366845
5140,EGAKI,ILASD,1629.3531993109782,801.2170623661119,2583404.4701299793,423037.89112212195,14601129.381740306,18751.68163355614
5141,BSFRE,BSFRE,1628.9802733048493,190.72230475690876,2582813.1810763427,422941.0663015465,14294395.283211228,77166.3092487857
5142,PFPAP,TONUK,1628.8394988185792,762.8232910727977,2582589.977514792,422904.5162509984,25088006.228309963,33442.75278837338
5143,CNHPU,CNSTO,1628.8062253696526,1334.9134896045243,2582537.2211346957,422895.87728329626,11104849.068809273,8635.57454161897
5144,AAAAA,BSFRE,1627.3904944015062,0.0,2580292.523230547,422528.30330153817,7147197.641605614,
5145,ESSCT,ESSPC,1627.3516012995601,417.79222379618955,2580230.8566664974,422518.20527255745,22760321.234232802,55488.920374962705
5146,CNDAL,CNDDG,1625.4629713931952,1318.0014155484496,2577236.3586383304,422027.8499505581,12043654.459088348,9458.018908008273
5147,DEBHN,PLSZC,1624.400110207862,256.01969026065177,2575551.149845984,421751.8934823172,18039171.515931882,72107.43591877354
5148,CNFUN,CNWEN,1624.215007049609,1330.805964560432,2578312.8308970984,422204.12453685154,10222710.656059355,7998.848114655276
5149,FORVK,SEGOT,1622.3103593035446,0.0,2572237.7664555963,421209.32001457136,19410488.107671432,
5150,CUMAR,PAMIT,1621.6033635044091,0.0,2571116.7964236704,421025.7588247538,13566407.615892768,
5151,USANC,USDUH,1620.9907692992072,0.0,2570145.5038833153,420866.70763757604,20291329.291814856,
5152,HKHKG,MYKUC,1620.838948303706,0.0,2569904.7856408847,420827.28952136164,12107972.97079215,
5153,CNTAI,RUVYP,1620.675168901275,1129.0121223787992,2569645.106867409,420784.7665784889,11456873.75707148,10520.399460923458
5154,GTPBA,MXALT,1617.338204817198,530.2058779578308,2564354.217246231,419918.372324944,13251530.378449274,25785.17009926766
5155,JMKIN,USPHI,1616.5923467024586,529.7156894117123,2568610.0032576034,420615.26619508094,13266868.5579534,25839.302285626887
5156,ROCON,ROCON,1616.461112701211,73.59977002230819,2562963.552721121,419690.6480971805,14439080.586516319,201886.1095640623
5157,MACAS,PTSNS,1616.2223829860386,60.209100261288576,2562585.0372380507,419628.6653942912,19384123.67870148,328916.264454272
5158,KRPOH,KRULS,1615.1772908210248,441.24789473357,2560928.0019359835,419357.3223940733,11516312.266174547,27049.80517986494
5159,CNSHE,CNZQG,1614.1254017259482,1030.816825031115,2559260.189830265,419084.21466969297,11339408.059953857,11406.965805266733
5160,AEJAL,IRCBA,1613.8250955450385,0.0,2558784.042405325,419006.24453190045,10810341.375959063,
5161,GUAPR,MPSPN,1613.4921962245899,0.0,2558256.217257951,418919.8120588564,16944469.13879068,
5162,BRSUA,BRSUA,1613.2054532228417,754.8283601926408,2568212.0648521148,420550.10294797784,22591766.765335124,30486.82068915653
5163,CNNBO,MYSPB,1608.868635099395,1318.5733272282819,2550925.3767233156,417719.3715719788,11369840.788469452,8939.631885941126
5164,DZALG,TRBOR,1604.6808759034761,0.0,2544285.517525727,416632.0807258209,16428971.435050756,
5165,PTLXS,PTPXO,1604.0584340969283,1314.631052140007,2543298.611220752,416470.4727519945,22083850.754112937,17115.312459901234
5166,JPYCI,KRGWA,1602.7231626322864,0.0,2541181.4850678393,416123.78891161137,11351258.512135502,
5167,GTSTC,USJAC,1602.6689250379877,0.0,2541095.4891992826,416109.7069080768,11960387.465294572,
5168,CNYAN,KRKUN,1601.8147187555394,1312.7921803151075,2539741.111075851,415887.9246545649,11479538.017973155,9061.16453235765
5169,HNPCO,USJAC,1601.465009554092,0.0,2539186.6331918375,415797.12774009054,12445641.845290225,
5170,CNSPU,CNSPU,1601.4462199596865,1312.490171392361,2539156.8415406477,415792.24929483037,12606166.74002822,9921.566860579724
5171,USPEV,USPEV,1601.3589088973877,343.2479452660418,2539018.406369728,415769.5802457364,13168291.494171953,39575.068872995194
5172,DEWVN,GBFEL,1596.9991034501577,934.8896198933007,2532105.7609801134,414637.62008947384,17957463.535350498,19651.62599359782
5173,BDCTG,INTRI,1596.938008545888,327.19884914276577,2532008.8925731536,414621.7576850109,15092613.59522327,47393.91777671581
5174,DEBHN,SENOR,1596.2317393651697,832.5014489737223,2530889.074623703,414438.38515111094,18418912.28210931,22622.604069311223
5175,INCOC,INHDA,1592.8692025379241,261.09214865763533,2525557.6383984843,413565.3513062577,15345307.949477842,60357.51508349024
5176,AERAK,BHBAH,1592.7174807421645,356.0008356352789,2525317.077441199,413525.95894581516,11604018.726212177,33757.068754383225
5177,KRINC,KRKUN,1590.2102132806224,1303.2815272629678,2521341.704900305,412874.9833685993,11580373.90234322,9202.347025434281
5178,JPYOK,KRGWA,1587.6468608593893,464.70738996252373,2517277.407419358,412209.4461462587,11330816.4573762,25269.720596587616
5179,KRGWA,VNHPG,1586.835910164285,867.0107097552127,2515991.6127545345,411998.89457769395,11406020.03944726,13630.76465037161
5180,PHMAN,PHNPT,1586.3033387370194,0.0,2515147.1995196124,411860.62014244107,14168896.649865873,
5181,TRBAM,TRIZM,1585.0498817403065,134.38472040451458,2513159.7934680614,411535.1782402641,14186227.935230317,108626.65836956399
5182,JPHMA,JPMJR,1584.598395488963,394.5363872385692,2512443.9440129427,411417.9563931412,12214706.94750546,32002.434534039076
5183,CUMAR,USHOU,1582.8821807636978,259.4551448348677,2509722.8171296935,410972.36616850726,11468128.239418829,45784.79495231395
5184,PGLAE,PGRAB,1576.825452787933,387.69355155196575,2500119.6334040477,409399.82472626417,19897255.905543096,52378.11062108288
5185,HKHKG,KRPYT,1575.423814802965,1075.9692535696483,2497897.280486705,409035.9097828815,10995079.786670933,10598.923397317705
5186,JPIRI,KRBUS,1571.5757140550454,0.0,2491795.9633027515,408036.80631905695,11650110.38573831,
5187,ESLPA,ESPDR,1571.3432996719177,253.66128954373414,2491427.46103047,407976.46330039995,21252384.770363744,85390.88196163115
5188,DZSKI,TRALI,1570.2982864798316,428.98746592750115,2489770.550943129,407705.1408043557,16949291.19193957,40460.38103984431
5189,MRNOU,SLFRE,1569.668769517111,0.0,2488772.4266959107,407541.69586899877,23269563.565945543,
5190,IDAMI,IDMAN,1567.0679530932568,588.6443419013893,2484648.7285448816,406866.43166255887,16963389.91311035,29508.915839851565
5191,KMMYT,MZNAC,1565.9263776150124,296.16446119300895,2482838.715102287,406570.0381715236,18532515.3464169,63947.86635877258
5192,DEKIL,FIRAU,1564.9056545056822,285.0095071839005,2481220.3179097543,406305.02224264253,19258951.98133241,68998.60007436937
5193,FIKOT,PLGDY,1564.428386176646,394.5081937357556,2480463.589942359,406181.1064535428,16330822.265274953,42424.9828963985
5194,BRIMB,UYMON,1560.9933373655042,639.2986294093045,2481558.3795055053,406360.3805367809,23348839.059482343,37158.22050481841
5195,ITSAL,PTLXS,1560.7222342863251,0.0,2474587.338332528,405218.8579487235,18544962.54385811,
5196,BBBTN,GDSTG,1560.0406713068141,311.8428316189493,2473506.693050284,405041.90002109844,18397380.865000613,60294.54859490563
5197,EGALE,ITVEN,1558.7787122170384,182.5030502038522,2471505.80659115,404714.2506739545,15169435.28464874,85336.37940805202
5198,ITCAG,ITGIT,1558.4956102000906,121.64660292984013,2471056.9370542103,404640.74734743655,17281385.807192165,145388.57747421064
5199,KITAI,VUPVI,1557.4762562946378,1276.4539034068468,2469440.7107890244,404376.086912454,22741154.53490331,18132.680357700734
5200,CNWGQ,JPNTA,1555.9885296891366,1275.234613915197,2467081.8609309285,403989.8203092254,11304755.552012462,9181.64018178095
5201,EGAKI,TRTEK,1555.0088493179278,318.60792540527865,2465528.538636321,403735.46053113363,16268044.664979396,52326.94731087915
5202,DERSG,LVRIX,1554.718174301346,924.7377200627076,2492233.6035888023,408108.47083223,18252075.561644845,20178.893569099466
5203,NOAAL,NOMAA,1554.3002877961846,0.0,2464405.086088766,403551.49282418384,20527522.40312385,
5204,GRIRA,GRVLS,1553.1279912401894,0.0,2462546.3631523536,403247.1230515479,17139253.678614352,
5205,CNLYW,TWKAO,1552.6674169422745,1060.427286900087,2461816.1042369977,403127.5416251405,12005952.559904309,11701.962270137838
5206,DZALG,DZBJA,1551.6015001086237,141.29323950568988,2460126.050592395,402850.79180219857,18630186.559696924,134705.93085759535
5207,PGPMO,PGRAB,1551.46536490069,363.29359537800025,2459910.202791644,402815.4462728829,19479131.144858997,54726.9394343302
5208,CNFOS,CNZQG,1551.0790337994517,1008.2017959864816,2459297.659425165,402715.1410140773,11344093.424216496,11651.247410977712
5209,BEZEE,DEBHN,1550.397695811911,907.6089707186763,2458217.3708766624,402538.2415023493,18067494.550044872,20350.20960284472
5210,NCNOA,VULUB,1549.4651679651022,1142.8994621675047,2456738.8107897607,402296.12419230654,23035672.42611979,20507.463102539285
5211,IDENE,IDSUR,1549.0366644939124,423.17903486967043,2456059.4014490442,402184.8694902154,13636209.074623939,33173.6517817752
5212,CNJIT,KRPYT,1548.6853432548414,0.0,2455502.3676150963,402093.65403358766,10770732.718881203,
5213,JPHKA,JPKNA,1548.4242971204212,1269.0352293983601,2455088.4685594123,402025.8771965966,12692562.295463976,10318.53794860259
5214,DEWVN,GBSOU,1548.2553693250823,1268.8967819948234,2454820.6268036817,401982.017548288,18320118.702254396,14754.628576147705
5215,GBTIL,MATAN,1547.5684227883044,1014.6670274162354,2453731.445676715,401803.6618582172,18461752.635762267,18590.883302530237
5216,AAAAA,ITGIT,1547.2950982245973,181.15853955294443,2453298.078681777,401732.6971054113,7823180.043932155,45401.73905869779
5217,CNJHH,CNYIC,1546.5594033224975,974.4810549088489,2452131.605077687,401541.6846103764,12986471.80700279,13738.608281990106
5218,DOPPL,TCPLS,1545.1763719486576,1266.3733417793899,2449938.7536842516,401182.60060330393,16176779.094677389,13090.895984897223
5219,EGPSA,JOAQA,1542.887540262691,541.9274974937948,2446309.719775948,400588.33870233956,12962322.672482716,24658.11584203303
5220,INNSA,IQUMQ,1542.7558988140493,1264.38960535434,2446100.9970097495,400554.1599123503,11603126.325743593,9493.656413200235
5221,JPISS,JPSTA,1539.9756718463896,1262.1110270768968,2441692.8362872833,399832.3143642292,14446753.269090973,11763.29598976766
5222,AAAAA,CNSHE,1534.7110533510718,891.854048285585,2433819.6504864274,398543.06370444415,5652819.008940115,6785.148404357326
5223,DZALG,DZSKI,1533.2177122506398,114.23385782930305,2430977.821865609,398077.7083175577,18503915.45419734,165467.52006537063
5224,CNWGQ,JPYCI,1531.4555095523435,376.5384586432249,2428183.779217288,397620.17798372207,10825339.603373714,29805.613540239556
5225,CIABI,GWBIS,1531.2507345261067,0.0,2427859.100247513,397567.01112260786,22123778.642548848,
5226,AAAAA,CNZOS,1529.2445997723053,1163.79362353507,2424678.2935980735,397046.1473737817,5061988.622982564,4690.724076812096
5227,CNQIN,RUNJK,1527.2464501164004,1182.1408955752731,2421510.147639766,396527.3568396374,12538369.8256859,10941.925138484396
5228,HTLAF,JMKIN,1526.6185583790752,192.4867687492881,2420514.60025222,396364.3338704473,14553947.823026186,77669.29776024891
5229,CAHFX,CAHFX,1526.6041369899615,714.2464559833,2431276.998429916,398126.6991063795,14831485.576789718,21322.629112565293
5230,CNTZH,CNWEN,1525.2991583608261,1195.7312419635632,2418422.6389104584,396021.7708205803,11096829.660026856,9611.567405376576
5231,MTMAL,TRTEK,1525.2417907214578,0.0,2418331.680230629,396006.8761463087,15988921.17835763,
5232,EGSOK,ILASD,1521.9974386217864,1247.3766862590794,2413187.630603752,395164.52724928444,13710653.35637909,11308.386663800933
5233,CNHPU,CNHUI,1521.9089103652236,1162.7411395793247,2413047.2655227897,395141.5421733801,12181825.821032891,10816.652937692194
5234,CGPNO,NGLAG,1519.1752031488109,933.7977594430241,2408712.863720962,394431.77480295015,19907876.64499789,21741.654672538963
5235,AAAAA,MUPLO,1517.8471524705215,0.0,2406607.18641275,394086.96573485836,9517700.595339632,
5236,CNJIT,CNPAN,1517.182910234504,1243.4308645952358,2405554.003860003,393914.50488668995,11906848.804868694,9892.59930728803
5237,VNCHL,VNQUN,1515.0615617106,1241.6922803998877,2402190.5211837636,393363.72755598783,14468210.391915116,11968.806083488676
5238,VNHCM,VNNGH,1514.7829631088464,551.7617558134438,2401748.7919911942,393291.393475811,13244799.342074374,24717.354169362476
5239,LRMON,MRNOU,1514.511781843243,206.87361662564672,2401318.8232808667,393220.98519922537,23632692.902476434,116138.12471385534
5240,USBAL,USPEV,1514.4956831929308,1241.2285058544885,2401293.2982288417,393216.80541851185,13300531.725910967,11032.41543901089
5241,PTLIS,PTPRV,1514.128333128519,0.0,2400710.8500531456,393121.42831021023,21059287.578107387,
5242,EGSOK,RUNVS,1513.8436552633977,0.0,2400259.4819460884,393047.51583760406,14800731.482798742,
5243,DEKIL,NLROT,1513.1822992858606,825.758854099395,2414622.0379409897,395399.41445412254,18693531.795726713,23116.835036543413
5244,CNGLA,CNQIN,1512.5742241358473,1239.653744182368,2398246.748273105,392717.9264843865,11338454.290886996,9463.265264534697
5245,CNJIT,JPHKA,1512.3514019719732,88.53365191502786,2397893.454846953,392660.07394612755,11292919.901060607,131990.26271075127
5246,CNDAL,CNHUA,1511.6585857727835,1238.9033185126873,2396794.9671361716,392480.1942834709,11710980.199915692,9769.495499236742
5247,AAAAA,ROCON,1511.3535946858312,450.4194030258479,2396311.391605884,392401.0077778747,7219540.293258159,16899.674503141272
5248,ARROS,UYMON,1508.53193062941,0.0,2391837.530726827,391668.4036915488,23154091.063306324,
5249,CNHUM,MYTBS,1507.4442313282857,1235.4493787436038,2390112.9401114406,391385.9983673274,11938487.210242633,9980.071559992919
5250,PAMIT,PAMIT,1507.3879255527843,212.99517759619096,2390300.4974632207,391416.7112763894,13635851.327273445,65857.20952398074
5251,ITSAL,LBBRT,1505.6797059644095,246.800646904393,2387315.2147842227,390927.8649871116,15301553.422153955,63583.631096478064
5252,CNTAI,CNYZH,1504.554612882846,1054.0854966103864,2385531.334838823,390635.75091096037,10370764.439578649,10209.228971553968
5253,LBBRT,TRYAR,1503.5199065943289,616.116568668629,2383890.766758092,390367.10445271543,14862364.825169194,24756.243713071464
5254,CNQUA,JPOSK,1503.3645631043678,616.0529115812968,2383644.463460231,390326.7717719803,11054032.556093177,18576.90973083716
5255,USPEV,VEPCA,1502.8620613302287,0.0,2382847.7268594075,390196.3044853864,14696318.752194133,
5256,ILHFA,TRGEB,1502.6162009864638,307.8731228356997,2382457.905480361,390132.4704183586,14408016.706507305,48065.73903114913
5257,INCHN,INGAN,1502.3394289526964,895.4659334657294,2382019.0723841703,390060.6105800276,15239885.545944044,17454.54022581446
5258,FMKSA,MHMAJ,1502.1338535792058,0.0,2381693.12443191,390007.2359203744,20674762.40870388,
5259,GBFEL,GBGRA,1499.8107180079683,267.1807344964923,2379444.8346338943,389639.0737584749,18572552.45533495,70971.40280278095
5260,PGRAB,SBHON,1499.1517258631122,1228.653126841038,2376964.842021741,389232.96977562044,20830416.60533089,17270.659319171606
5261,FRDKK,GBSOU,1494.3626283290182,765.594208119945,2573731.635885765,421453.9442616288,19265242.88636173,25714.270852397905
5262,TRTEK,TRTEK,1494.1201867949796,81.6352967131045,2368987.1361899152,387926.6037419198,16201583.140985208,203214.91331168395
5263,CNHPU,CNZSN,1492.4844861584372,848.6465532345507,2366393.6676049423,387501.9178309199,11297834.307259586,13769.379231616214
5264,ARMDP,BRSTS,1491.252214959933,0.0,2364439.8524812637,387181.9765135148,23136476.007509824,
5265,BEANT,SEGAV,1490.8136325254704,0.0,2363744.4625423662,387068.1049550113,18160114.072141346,
5266,BRVDC,TTPOS,1489.9580426048324,305.2795751634842,2362387.89060541,386845.9634599412,19252872.349354427,64333.548362339185
5267,TGLOM,TGLOM,1488.1278071523875,32.095218492279635,2359485.9793124897,386370.7694096968,18944192.313081544,602287.941649038
5268,USLGB,USPHU,1486.8192537041,1218.5458573642768,2357411.2156399237,386031.0225141691,13647629.43978145,11516.727398877318
5269,INTRI,OMSAL,1486.3392272271265,203.02540736581093,2356650.1145189893,385906.3906120208,13769999.555821396,69724.80011295987
5270,CNDCB,HKHKG,1484.994576021857,998.1297605689417,2354518.1164132818,385557.2714582285,11537576.528154187,11945.474697414229
5271,ITCIV,ITLIV,1482.675865572584,472.55836411053684,2350841.7085343013,384955.251970374,17808742.475018647,38500.42472792483
5272,ESALG,TNSFA,1482.488117083668,866.6124151521085,2365873.2671492435,387416.7011666835,18820327.621371403,22164.16934110819
5273,MXLCS,MXMAZ,1479.5420725881647,173.22596147609738,2345872.9547933484,384141.60814170475,13260739.491263572,78769.26173844947
5274,CNBBU,CNBBU,1479.1119048615762,0.0,2345190.9067093325,384029.9213398733,10107556.213565635,
5275,SAKAP,SDPSU,1478.213654827164,0.0,2343766.695460859,383796.70376591897,12848673.148409486,
5276,INNSA,SOBER,1477.1487739095962,0.0,2342078.284302515,383520.2229035408,13578951.618261954,
5277,LYALK,LYTRI,1476.449359059635,147.56671327211447,2340969.3341678055,383338.62999705976,18700307.17974169,129322.15800285747
5278,CRPMN,DORHA,1475.8125003671735,907.1438260343174,2339959.5693153217,383173.2788882175,15158420.07851181,17132.4468197528
5279,JPOSK,PHMAN,1475.361921815371,201.5259704525039,2339245.159054021,383056.29271209566,11885747.210415795,60879.51580423939
5280,CNFOS,CNQUA,1473.5696019527868,0.0,2336403.364440759,382590.9428940178,10951586.681608006,
5281,DERSG,PLGDA,1473.2996695450922,1030.5395285584052,2387885.37549631,391021.22999751975,19042917.249302085,18858.023337042912
5282,AAAAA,PHMAN,1472.0897967763276,0.0,2334057.074324286,382206.7329747776,6125796.962727874,
5283,IDBUW,IDJAY,1471.4769454354284,0.0,2333085.3740850296,382047.6150260511,16644736.305057762,
5284,NZAKL,NZNAP,1471.3777347626142,516.8102229487386,2332928.071607126,382021.85641593405,23668186.649824563,46535.86062794658
5285,CNJIA,CNNJG,1468.8945781115397,994.9218268903041,2328990.9277176782,381377.1408604359,10705035.339791749,11142.998556282077
5286,CNZQG,CNZQG,1467.562510045815,989.0195430868175,2326878.8806814887,381031.28873605083,11373178.102027489,11884.708925040664
5287,IDKUP,IDKUP,1465.565340794635,1137.9096779536055,2323712.2891939664,380512.75274975237,15661771.364970678,14098.029420551691
5288,COCTA,VEGTA,1465.3266251539621,218.3511343938432,2323333.7960265772,380450.77370110253,16017314.083003612,75098.14364933787
5289,BSNAS,USPMB,1463.6080851326274,719.7136697685636,2320608.982293685,380004.57974712003,14563119.947874099,20762.59650928464
5290,CNCDH,CNYUY,1460.3394261126232,0.0,2315426.3930753497,379155.9199113002,12465189.015656501,
5291,USMEE,USMEE,1459.9502351770948,149.56561688660224,2314809.315327564,379054.8721380614,14158923.753179831,97201.34164485348
5292,HTCHA,USHOU,1459.0866503525162,0.0,2313440.0671516033,378830.6548823128,12798048.452322464,
5293,JPMIZ,JPOSK,1457.908195529252,668.5477790105912,2311571.5800368665,378524.68620503193,12109818.202200767,18679.806111820104
5294,PRSJU,VISTS,1455.0731175841086,1192.527817471422,2307076.450902344,377788.599397342,15794690.181523848,13561.510720322256
5295,JPSZU,TWTAP,1452.355877064916,238.060172143604,2302768.1577055906,377083.1073656592,11440204.700957177,49639.91961324108
5296,EGDAM,ITANC,1450.8597183799532,849.3390432745904,2300395.9384492678,376694.6514954781,15636768.853118675,18854.029649779113
5297,ARMDP,ARUSH,1450.8427561391993,475.62430356641966,2300369.0441401605,376690.24749605043,25117033.468111668,53600.5488458972
5298,INPAR,MYPKE,1450.1016040545146,0.0,2299193.9179554693,376497.8181228253,13266258.808436813,
5299,CNNSA,CNZQG,1449.386301262696,997.808362871504,2298059.7768553924,376312.1001430204,11337341.242753413,11739.381807932288
5300,MACAS,PTFIG,1448.021511490643,0.0,2295895.8482489977,375957.7523028845,20307365.08263359,
5301,EGDAM,EGSOK,1444.1010717030065,473.4142026087104,2289679.834632958,374939.867058154,13909636.35086483,30173.526985901543
5302,JPONA,JPSZU,1443.7085197009267,1183.2137844195481,2289057.4277801276,374837.94663280615,13092445.372422695,11381.952692228122
5303,DZWAH,MATAN,1443.0213503889383,0.0,2287967.8934341813,374659.5331023879,19638188.82274989,
5304,CGPNO,GAPGE,1440.457574168862,694.0319540837315,2290054.2057699584,375001.17111569707,21227313.677687313,31125.82168831494
5305,ARPDE,ARUSH,1437.7923178213805,642.6300840213271,2281538.158987792,373606.6506241986,25821044.025115944,40761.63150007589
5306,CNJHH,CNWHN,1437.6094833942707,1126.2351408757406,2279387.162508753,373254.4204469945,11824946.950965568,10830.95432622308
5307,JPHKA,JPMIZ,1436.3413476950345,588.5879519768221,2277376.4827890196,372925.16743292223,12215792.147339705,21387.99693825258
5308,BEANT,DELUB,1436.2234214668629,0.0,2277189.506051788,372894.54960070824,18147381.845690303,
5309,CNWEF,KRBUS,1435.6539943267237,0.0,2276286.656614434,372746.7061149532,12033839.420407386,
5310,CNFUN,VNHCM,1435.5437541550618,0.0,2276111.866426291,372718.0838556687,10799267.243429517,
5311,CNJIN,CNPAN,1434.6943196856153,698.1467210571783,2274765.054202656,372497.54053408984,12492486.569039358,18427.335861568565
5312,CNQIN,KRULS,1433.6099182235344,1174.937318423569,2273045.6924425787,372215.9914458736,10772013.677191751,9484.956766536281
5313,JPMKX,JPMMA,1431.9093436106416,241.96774969795976,2270349.363581166,371774.46194923756,13300273.979692943,56503.59793281766
5314,ESACF,ESLPA,1430.704955535427,130.2840567828096,2268439.7582613397,371461.7600797799,21455624.909253195,167534.59485622155
5315,BEZEE,FRLEH,1430.6394259449196,424.50063339675575,2319788.37337409,379870.2033183435,18420372.7329937,44287.90314369345
5316,FRBOR,FRSNA,1429.0997892399437,28.56685297629529,2265894.7030917136,371045.00196691114,20789416.55728246,740734.7801596583
5317,CNHKO,CNSHA,1427.8733055500072,1170.2357882333895,2263950.0642936532,370726.56329203944,10947913.307407785,9672.101968259458
5318,DEHAM,SEAHS,1426.4715066363995,0.0,2261727.456217535,370362.6065658731,18315839.367841057,
5319,DEHAM,DEKIL,1425.5671161833657,778.8971432325794,2260293.5090904795,370127.7947214159,18443555.97922028,24154.259567394398
5320,CNNJG,JPYOK,1424.0570377092113,875.3310799015674,2257899.2194533236,369735.7247801624,10995794.225956846,12984.264139250126
5321,DZALG,ITCAG,1423.521797113269,194.44490696259416,2257050.5741450274,369596.7573340333,18133985.812270224,95161.05543028617
5322,CNWEI,CNYAN,1423.04248666433,518.345162416921,2256290.6083150944,369472.31133816356,11240609.449358441,22398.36040248073
5323,TTPLS,USMIA,1421.5046513886132,699.0097551635714,2253852.3091622214,369073.0347465641,14420144.295119783,21157.38331349268
5324,CNYTN,PHMAN,1420.309648747935,258.6748612433478,2251957.5848231087,368762.76966885617,11754841.136432556,46868.117944774545
5325,CNDNG,CNHUM,1420.1517102970226,605.376003177094,2251707.167111182,368721.763244203,12691781.173462527,21574.199948731806
5326,MYPGG,MYPKE,1418.1042053422816,205.09930061129802,2248460.766358461,368190.1583236234,11144650.232301155,56133.006579304674
5327,CUMAR,MXVER,1416.764944724676,0.0,2246337.315244452,367842.4387576175,13301272.227045484,
5328,EGSOK,EGSOK,1416.0261961525644,580.2631526805617,2245165.9999247887,367650.6334215199,14553554.138251154,25714.548136898306
5329,JPKAM,JPNTA,1415.0041065661,1159.688635934703,2243545.4361282703,367385.2627066997,13566018.187364765,12014.779673029403
5330,CLARI,CLMEJ,1414.3761982716728,632.2260630099047,2243373.9541149405,367357.1821679675,21031509.902311686,33846.86006553388
5331,NOAAL,NOKRN,1412.3096378005248,0.0,2239273.2484549303,366685.6830300737,20712596.215182845,
5332,BBBTN,GYGEO,1411.981366546365,182.71757404917247,2238752.7612912077,366600.45216721686,18904680.09775375,105470.31751162988
5333,AAAAA,INNSA,1411.4385391463468,289.19160491705514,2237892.0868025157,366459.5149176113,6127103.134345787,22454.1879461745
5334,GBTIL,PTLXS,1410.6174152037927,885.2359711870973,2408082.3059580796,394328.51964901487,19788098.46780718,22798.92327510331
5335,TRBOR,TRDER,1408.9893352231204,835.3576731970306,2234008.7763169818,365823.61469472054,16183215.675072435,19810.72278468655
5336,PAMIT,VELGU,1408.6856570102645,0.0,2233527.282400927,365744.76905781345,14283459.539733525,
5337,DEKIL,EETAL,1408.6633959572246,962.0766732338268,2233491.986613643,365738.98929874325,19059805.00290168,20191.263890543538
5338,CNFUN,TWTCH,1408.153411902485,223.36008726932857,2233099.6825634753,365674.7486891212,10539448.57804856,48823.06172090735
5339,ARSAE,UYMON,1407.6249343572856,0.0,2231845.464336904,365469.36782843515,23596523.220116254,
5340,CNHUI,VNHCM,1407.185829922396,0.0,2231149.2467455138,365355.3607401029,12115445.87038458,
5341,CNCGM,CNYZH,1404.9195515329748,1148.9479777826507,2249310.84139125,368329.3598901317,11780824.799323857,10574.1551350833
5342,DEWVN,SEHEL,1404.6087306187337,57.55844719017151,2227063.153034301,364686.25433941925,18000172.91835334,319064.53473311703
5343,AAAAA,PECAL,1400.966510784528,0.0,2221288.268248815,363740.6048643286,9022500.397272274,
5344,PAMIT,PEPTA,1400.765432370564,1148.0191089144514,2220969.4504052065,363688.3977748962,15875834.184994325,14145.690134134662
5345,CNCSH,CNHNY,1400.575399222272,0.0,2220668.1452707658,363639.05842825805,11805787.183678018,
5346,CNDAF,CNLYG,1399.7503646187058,933.304836074731,2219360.0200074613,363424.85017743625,11378892.11602999,12581.438038608003
5347,ESBAR,ITCIV,1399.5025396707174,191.1640142581771,2218967.0836700764,363360.5060294584,18294234.869694557,97599.93505119612
5348,CUMAR,CUSGO,1399.4198476482197,191.15271900252756,2218835.9721709522,363339.0362469553,14330836.712396352,76871.3928073867
5349,ESBIL,PTAVE,1396.7354678126258,538.6900182335938,2214579.7808984076,362642.07601445285,20868082.228162777,39411.76481011178
5350,MZNAC,ZADUR,1396.2614656859755,0.0,2213828.2316251392,362519.0082473595,19115674.98743409,
5351,CNBYQ,CNZPU,1395.432840208072,1055.6757230967582,2212514.4128873823,362303.86767817504,11215856.92804367,10967.535335337672
5352,COCTA,USMIA,1394.1528705847809,285.64992024943444,2210484.970009166,361971.54215761484,12843846.044345759,46230.77638170466
5353,CLSAN,CLSAN,1392.3378262110393,622.4247998920272,2207607.144777294,361500.2922502986,20820826.353262786,34031.94514291141
5354,CWWIL,DORHA,1390.8129633893893,0.0,2205189.413967638,361104.383767967,15308104.542183358,
5355,NZMPT,NZTAU,1390.4418401107946,1085.293569734716,2204600.9832103923,361008.0269994103,24496990.892810386,22904.40081192591
5356,EGSOK,YEADN,1386.1947245879103,142.0096823250933,2197867.012189488,359905.3251451329,14333945.044813976,103470.76431254494
5357,KMMUT,SCPOV,1385.0168777773608,0.0,2195999.489103156,359599.51432952186,18128547.773289617,
5358,GLAST,GLSSM,1384.851394768748,0.0,2195737.109194146,359556.5490700498,19984500.072078653,
5359,TRGEB,TRMER,1384.3196131011568,0.0,2194893.9481546804,359418.47968442476,14555037.440223206,
5360,CNRIZ,JPYOK,1383.8792389573773,850.6348247388636,2194195.717389214,359304.14293462236,11166703.351977699,13549.889047219163
5361,BZBZC,USPEV,1383.8730483829625,0.0,2194185.901986622,359302.5356418964,13877113.97670584,
5362,CNPZE,CNYSN,1383.8405208917393,1134.1480343252579,2194134.3283522106,359294.09035127657,11291348.785114255,10272.59451399295
5363,CNBAO,CNTAI,1383.6391607524215,982.4967269966268,2193815.063821819,359241.81011594814,10927315.730813343,11487.628641197542
5364,CNZPU,CNZZU,1381.2362755060296,1132.0136844919402,2190005.193445425,358617.9358646981,12479866.033664245,11341.27983204637
5365,ITSAL,TRISK,1380.8534737654936,0.0,2189398.2460210775,358518.54695313325,15352757.57452414,
5366,AEDUB,AEKHA,1379.6812001896944,807.670855940172,2187539.5595206823,358214.1831469714,11074507.760707961,14155.174548853362
5367,IQUMQ,KWKUW,1378.6706408098426,1070.227890654379,2187940.6416236847,358279.86118112464,11397329.00559305,10984.210904451704
5368,IDKTG,IDSUR,1376.830828200012,0.0,2183020.181068673,357474.12546276965,12070642.05884981,
5369,CNHPU,CNJMN,1369.377636299033,978.2569230274157,2171202.8481037463,355539.01244660345,11333562.188013498,11948.90720965796
5370,CNHIA,CNTAI,1368.8270688316677,1015.7231925038025,2170329.90142963,355396.0656009391,10454019.615920775,10642.088081966533
5371,ARLPL,BRRGR,1368.1646597104366,1121.3006383452112,2169279.625353475,355224.0806943982,24313046.806644157,21999.693965878236
5372,NGLKK,TGLOM,1364.400877270445,838.6619789056917,2163311.9982090453,354246.86925446615,20143684.467398457,24441.231213795054
5373,INTUT,INVIS,1362.5482687286708,0.0,2160374.6134908367,353765.8663565565,16498375.255091535,
5374,JPCBA,JPYOK,1361.064571022359,707.9018164532721,2158022.1516130627,353380.6457984808,13335732.302181,19337.586978607625
5375,MYSPB,VNHPG,1360.9374433578137,0.0,2157820.585631542,353347.63894696743,12688220.91523743,
5376,DEBHN,FRDKK,1358.1212719296398,1113.0694235935164,2153355.433533597,352616.460941783,18579146.773741417,17008.609556053103
5377,CNYZH,CNZHE,1357.4922350020329,925.6908307031044,2152358.0704011936,352453.14064057067,11207274.414500684,12487.676416067676
5378,CNJIT,CNSTO,1357.0835497221476,1112.2189422092565,2151710.0835930672,352347.03144398367,10899435.067748584,10116.517236114129
5379,JPKNA,JPKUS,1356.6497384159409,1111.8634054022514,2151022.2584682745,352234.398639629,14567188.03582678,13418.39506721497
5380,CLANT,CLIQU,1356.5928028255753,1111.8167429531313,2150931.984819368,352219.6161406054,21920500.5742054,20032.72601488869
5381,ITAUG,ITNAP,1356.1835145394207,0.0,2150283.0419207555,352113.35038219945,17232339.194615208,
5382,MMRGN,MMRGN,1355.7680871980237,317.4688098360817,2149624.365305254,352005.4907072724,12373349.117644237,40083.79473536937
5383,GRPIR,HRPLE,1355.1524308402102,0.0,2148648.217599826,351845.64447664825,16303442.152106073,
5384,ARMDP,BRIMB,1352.1485477606466,0.0,2143885.441193351,351065.7298677756,24699779.911244407,
5385,LYBHZ,TRIST,1352.135714192381,886.5310932818035,2143865.0930591105,351062.3978181887,16203043.636379223,18672.899529013277
5386,DEBHN,DEKIL,1351.3593506661416,658.5299158766206,2142634.1377297314,350860.8263056257,18508509.731680997,28638.593484217705
5387,FMYAP,MPSPN,1351.052932124473,0.0,2142148.2989130695,350781.2691821469,16852012.23442933,
5388,DZBJA,ESMAL,1349.9056169381095,553.168077846289,2140329.1849343735,350483.38545927027,20316876.97964767,37361.80953458754
5389,CNLUZ,CNYIB,1347.5808627150404,222.27539465480547,2136643.194411036,349879.7967933382,12128452.171774736,56139.06113156146
5390,PKKAR,QAHMD,1346.8904549677736,551.9325163888078,2135548.5253968183,349700.5424502395,11566003.420500249,21589.059548280886
5391,CNNTG,CNQIN,1345.956483349216,825.9120453920623,2150651.850857352,352173.7436177801,9952402.531554623,12476.602481661104
5392,CNYIZ,CNYUY,1345.2096123059807,638.2822206412739,2132883.482330713,349264.1360680913,12150371.741752075,19583.243075863753
5393,JPMAI,JPSAK,1344.5483899974247,558.3190822051142,2131835.0879933797,349092.45930022246,14000060.262079049,25700.63101677708
5394,CNJIA,CNWEN,1344.3986200377867,1101.8228106826257,2131597.6217500977,349053.57370567764,10761829.113898834,10084.092088019897
5395,HKHKG,PHSFS,1344.0460085256038,856.7485285570166,2131038.5421366794,348962.0232483782,12705776.456700157,15237.538256337657
5396,JMKIN,PACRI,1341.8475169592748,549.7646182820749,2129350.522214624,348685.60645176156,13257453.510574926,24749.026518919425
5397,CNWEF,KRPYT,1341.3396444785624,0.0,2126747.4940202353,348259.35513470386,12020472.004519772,
5398,ITSPE,MTMAL,1340.8692334392408,183.1550411618687,2126001.638559126,348137.21974127326,16179157.829679575,90236.6374661474
5399,ESALG,MRNBU,1339.2956151823312,0.0,2123506.6040626783,347728.65261837095,21078339.92863288,
5400,JPKOB,JPMIZ,1338.7580539703442,508.6357601908629,2122654.2793251057,347589.0826579939,12097131.177900309,24466.860638914746
5401,CNDCB,CNZSN,1337.7363817516416,862.4719667653505,2121034.377281816,347323.82030665054,11551658.350095857,13796.369770752002
5402,CNBAO,CNXIA,1336.618860842189,1095.446787964686,2119262.5033172485,347033.6722349987,11503205.289791847,10817.722131482356
5403,ARMDP,ARPDE,1336.6074977706953,469.4732036496902,2119244.486714278,347030.7219785391,25451987.54254858,54953.12206099356
5404,DEHAM,NOBRE,1333.3975616909538,0.0,2114155.0050593843,346197.3087011816,18387050.577733446,
5405,CNNBO,CNZJG,1330.0545862793374,1062.1165003726426,2108854.584238683,345329.3536937582,9879341.222356634,9626.694032587835
5406,CNNSA,MYBTU,1328.2064025570305,0.0,2105924.215248185,344849.4996359507,12118886.43711221,
5407,BDCTG,INPPV,1325.749687543781,0.0,2102028.9956299043,344211.6492676373,13431689.040364401,
5408,IDANG,IDSUR,1324.9954659148964,108.5920653767893,2100833.1471617194,344015.82657710166,13513144.847194994,127607.48794758585
5409,BDCTG,IDBLN,1320.2679322254046,1082.0461299624412,2093337.4539803464,342788.3911241519,12441258.372721681,11814.696628774578
5410,AEKHA,SDPSU,1317.6403482229016,1079.8926526025334,2089171.3147659765,342106.1771047268,11621004.292718183,11078.055250206491
5411,CYLIM,EGAKI,1315.4493640045941,0.0,2085697.4219194453,341537.3198774623,15486660.007685866,
5412,CNFOS,CNZSN,1313.699106623628,760.467969799374,2082922.319048086,341082.89097176027,11322928.971167902,15337.939696811754
5413,INKNP,INVIS,1312.580134704814,0.0,2081148.1444503155,340792.36616660445,15885722.950864974,
5414,GBFEL,GBTYD,1312.4841702532378,859.9413575451204,2087542.8221374943,341839.50802707113,19392281.406450246,22948.217039836796
5415,IDSUR,IDTBO,1312.1063513878319,698.9821665943249,2080396.9421085014,340669.35521026317,13720795.115658732,20117.057548665594
5416,CNWEN,VNHCM,1308.29583931523,1072.2342149073133,2074355.2232681622,339680.01109999255,10555502.929922089,10161.196863097573
5417,MYPAG,MYSIB,1308.2847784278615,1072.22514978494,2074337.6857901718,339677.1393012516,11323887.342354232,10877.906085298304
5418,IDNNX,IDSUR,1307.0973063988545,257.10046526496956,2072454.9015361571,339368.8294374786,13099610.241353538,52271.31369420398
5419,MYTAW,PHDAV,1303.5311989880308,305.2369370798492,2066800.696033028,338442.94144755247,13284033.87031292,44629.18853165161
5420,ITSPE,ITVAD,1302.5106991494688,533.7239143427608,2065582.618976902,338243.47877919924,17374748.978075225,33187.556301775585
5421,NLROT,NOEGE,1302.4058438029692,0.0,2065016.4005120804,338150.75932003517,19003893.85331967,
5422,JPMAI,KRBUS,1300.5828439275613,36.7556175692119,2062125.9615150804,337677.44388226845,12542324.399773585,350422.6753747895
5423,BEZEE,DKCOP,1296.1311102019733,0.0,2055067.560174367,336521.61588382936,17952540.61278709,
5424,BEZEE,GBLIV,1290.8583466819816,634.7658278737115,2046707.383354973,335152.6194250958,18631349.233159,29879.52567660516
5425,CNNJG,CNSAX,1288.1722832783232,1023.7494704416972,2042448.5227181276,334455.2220785999,11363287.88926736,11426.372808084543
5426,CLCOQ,CLCOR,1286.6710461309292,351.50375970883,2040068.2513571098,334065.4476594155,23137530.33395211,66774.80719140627
5427,JPOSK,JPTOA,1285.7244389441416,331.9988474922454,2038567.3679152397,333819.67485325603,12439722.83968593,38474.65920747675
5428,DEBRU,SEGAV,1285.6442978419598,585.3721064377403,2038440.3010019972,333798.86738015956,19406300.580027286,33722.30967330348
5429,CNCHS,CNTAI,1284.786133242643,779.5216886132815,2037079.6468093276,333576.05740716896,10968471.377883954,14498.69529018074
5430,GBTIL,SEHEL,1283.3846108562936,0.0,2034857.4771782046,333212.1724772886,18112693.218861155,
5431,DEBHN,NOOSL,1280.6822641427711,139.947077286697,2030572.7987042507,332510.5474059088,18680361.21478465,135857.5836724378
5432,TNSFA,TRYAR,1280.0484864833106,0.0,2029567.9189524506,332345.996242532,17052874.683715995,
5433,CNWHN,CNYIZ,1279.5913897021276,809.0041138915855,2028843.1737785437,332227.3177028316,11571686.65136501,14714.281132398646
5434,AAAAA,EGDAM,1279.2130664364213,403.2303753100866,2028243.3271546238,332129.0915622044,6632859.281739254,17272.975449692596
5435,CNJIA,CNYSN,1276.7615315133828,1005.1900720651798,2025877.3259450004,331741.6539101897,10553185.261127612,10828.725051645742
5436,DZANN,ESVAL,1276.153577961505,261.4728811036554,2023392.3861764786,331334.73982012155,18669340.238469403,72667.86099609737
5437,ISREY,ISSKA,1274.9906512952264,38.70142332473046,2021548.5195738485,331032.80280324863,21899173.479908034,574402.8093278429
5438,CNDAL,CNLKU,1273.695920381543,1025.7229248483025,2019495.672081089,330696.6447280524,11611319.185336232,11642.535757724658
5439,CGPNO,GQBAT,1273.5999477471275,695.1936704320517,2028249.9248940863,332130.17195585574,21039319.912605245,30741.721326776595
5440,JPMOJ,JPSBI,1272.7611386314213,18.96565814487746,2018013.5383406074,330453.94222475344,12045809.385803396,652561.763661807
5441,ILASD,TRGEM,1270.3464050746807,0.0,2014184.8819956882,329826.99173182325,13949171.955141516,
5442,VNCHL,VNDAN,1269.8533562791117,1020.321646755197,2013403.1334693383,329698.9787738066,14389446.199842803,14425.985399237672
5443,ITAUG,ITGIT,1268.9137940684566,0.0,2011913.4201180537,329455.0350933684,17092211.604988612,
5444,CNTJN,CNWEF,1266.453653476462,632.8913416780264,2008012.7691080736,328816.2953232919,12109362.791142117,19652.945564853595
5445,GRPIR,TRTUZ,1265.838921627339,622.4627923791072,2007038.0872480404,328656.6891279203,15773124.437742116,25867.861218383223
5446,NLROT,NOMOS,1262.23731032475,64.65538941918338,2001327.5889087522,327721.5830682071,18615036.589453544,292980.3430570847
5447,CNTAI,KRBUS,1260.9299388229067,114.82386156079849,1999254.6992594048,327382.14304790524,10124509.064058032,91025.42855669183
5448,ARUSH,UYMON,1258.8320895438387,515.5746966783006,2000761.9209104453,327628.95374908735,23766092.61634961,46731.776647162114
5449,LYALK,TRBAM,1258.8262037968198,114.63228947423077,1995919.1434863163,326835.9388060675,16401468.841923464,145930.12891441933
5450,EETAL,FIKOT,1256.737589293479,828.0222117391436,1992607.5619049927,326293.6603883285,17299039.270065047,21286.062958907656
5451,PHCEB,PHILO,1255.5836786505226,381.1233864163012,1990777.9905668665,325994.06425094954,15319464.88006083,41050.902416211844
5452,ITGOA,PTLIS,1255.501232465491,1028.965573270037,1990647.2688528476,325972.6582965735,18541559.974970847,18336.408062037182
5453,GDSTG,TTPOS,1255.0549307769766,154.28996996637528,1989939.6397288353,325856.782545881,17677686.76324346,116686.41551821474
5454,NORKN,NOSOE,1255.022367119974,0.0,1989888.0087521388,325848.32786534185,20680031.59419736,
5455,PHMAN,VNHPG,1254.876474207626,411.3814171669078,1989656.6897219373,325810.44888981007,12264115.3735869,30604.02171099688
5456,CNSHE,PHSFS,1253.9030500786787,1027.33450186255,1990959.8042170971,326023.8366168566,12707252.68961679,12686.497438375145
5457,KWKUW,SADMA,1253.0229863915854,1026.7968993886548,1987938.0160943836,325529.0124847352,11125668.9100907,11152.349534161402
5458,NICOR,SVAQJ,1251.8451240646427,705.3537925042763,1984850.3631911252,325023.4028568918,15036912.650284268,21779.050763447944
5459,CNNJG,CNZOS,1248.7183423122387,969.5430474528329,1979892.7260381142,324211.579392774,9994668.020151444,10643.033980444503
5460,PLGDA,SEGAV,1248.2360502148485,682.0075200634799,1979128.0326856645,324086.35925519356,18524332.111656506,27636.672494692328
5461,DZWAH,MTMAL,1247.1167490782768,0.0,1977353.3361000107,323795.7489734289,18238798.284139115,
5462,BHBAH,SAJUB,1246.7784332253755,0.0,1976816.9228244415,323707.91017641104,12313190.404588703,
5463,ESVIG,FRSNA,1246.4560041071004,0.0,1976305.6986001274,323624.19613927713,21056833.613673553,
5464,EGDAM,JOAQA,1244.2462316242684,509.87068108972915,1972802.0162109851,323050.4608120367,13005651.370753223,26141.33804100734
5465,CNYPG,MYSPB,1244.063178006335,0.0,1972511.7774002457,323002.9335990754,13563122.817615075,
5466,TRBAM,TRSAM,1243.9718948288707,0.0,1972367.0442823383,322979.2332479755,15190137.282739645,
5467,CNCHS,CNNJG,1243.0472118764696,984.0282771057143,1970900.9225883456,322739.1527508152,11133746.137529872,11642.435036498362
5468,ESALG,TRGEB,1242.09524282142,0.0,1969391.537690534,322491.9878134449,17235392.91919021,
5469,NLROT,NOSGN,1241.6927140189712,0.0,1968753.312222881,322387.47705679876,19138259.25743297,
5470,DZSKI,ITGIT,1241.2565374726864,369.92404065879566,1968061.7369156277,322274.230152214,17651315.449119274,48587.24414683194
5471,DEHAM,DKABG,1240.1577059665556,63.524409209421336,1966319.4957452915,321988.9345126628,18543666.346696228,296982.7742752296
5472,AAAAA,ITSAL,1239.3282514141936,203.14215099286403,1965004.36247692,321773.57868633786,7931096.5653374,40626.08426507035
5473,LYMIS,TRGEM,1239.2188161686838,203.12421312116464,1964830.8485312886,321745.16541443684,15342297.761806754,77115.58699246509
5474,IDANG,IDBIT,1238.2215380385046,179.0830113166798,1963249.6242880996,321486.23663384357,14994853.765377954,85526.482324598
5475,JPKUS,JPMUR,1237.7611700268658,1014.4264290262992,1962519.6924478605,321366.7087666714,15504564.06541696,15600.865988255262
5476,GTPBA,USMEE,1237.2651501394125,1014.0199082084388,1961733.2331368518,321237.9244078034,14495293.039699942,14611.676599412587
5477,IDFTG,MYPKE,1236.3532403153388,1013.2725383209112,1960287.3637471676,321001.1602678779,11236643.779573921,11406.254983475537
5478,INKKT,INKUP,1234.549872934273,0.0,1957428.0528528187,320532.9421220964,16150734.999605546,
5479,AAAAA,IDJAK,1234.545560179179,674.5273506227129,1957421.2148076405,320531.822377881,5393205.280432902,8470.72709140104
5480,JPOSK,JPTKU,1233.3531009635826,208.75500892509774,1955530.5231704179,320222.2176635512,12598500.169605745,61884.61035636559
5481,NOKAS,NOSGN,1232.3218784934982,0.0,1953895.4788227337,319954.4757281582,20688539.665055424,
5482,CNMAA,CNTAI,1230.9111740401213,1008.8124082152192,1951658.7506581913,319588.2068079477,11127000.411397265,11346.597766830011
5483,IDBIT,IDTEI,1227.2163408808822,0.0,1945800.445347839,318628.8970472441,15383564.685151163,
5484,FRLEH,FRLEH,1226.6810146053747,305.87761896599005,1947778.5984568815,318952.8237607115,17850377.16760852,59400.65197574799
5485,JPHIB,JPMOJ,1225.442111465402,464.18620510897784,1942987.3338598413,318168.2441509851,11820478.15833188,26150.381611691915
5486,DZANN,TRALI,1225.329167710316,167.37293134333868,1942808.2570323702,318138.9199455352,16892866.521034222,102830.2802779629
5487,GBTIL,NLAMS,1225.193103741591,0.0,1942592.522184225,318103.5929124453,19075143.31764117,
5488,THBKK,VNCMP,1223.7507995028282,668.6293412219353,1940305.69129987,317729.11956696026,11365495.30621421,17473.394757743972
5489,IDBAL,IDSAM,1223.5673815687132,871.9945120092484,1940014.8748512974,317681.4977645944,14068138.601439398,16497.603942547998
5490,AAAAA,RUNVS,1222.892074792079,0.0,1938944.1490281892,317506.1641691722,7523954.413673166,
5491,ARZAR,BRIOA,1222.7775164775758,601.087257638885,1941723.8506794306,317961.3461347088,23526257.927684054,39668.48235559111
5492,CNJMN,CNSBU,1222.3864698893562,670.4526870859645,1938142.4922932552,317374.89120031596,12836209.10083897,19618.959317188554
5493,CNYPG,CNYPG,1222.2254239482882,815.2083062954969,1937887.1475317713,317333.0779609815,14026440.626473347,17595.225163511757
5494,IDSBU,IDSUR,1221.9174784152829,0.0,1937398.887609454,317253.12437638233,14625673.689354744,
5495,CNBYQ,CNFUZ,1221.0928221062115,0.0,1936091.3621471561,317039.01434423117,10682535.999301055,
5496,HNPCO,USESX,1218.4474916517156,499.29880167652755,1931897.0852254885,316352.1927163212,14242597.119366786,29158.790814633623
5497,LYBHZ,SYLAT,1216.2020861610724,996.7573463400323,1928336.9052815482,315769.20579618786,16773484.664852938,17144.848676961064
5498,CNRUG,CNTAI,1211.4677971192834,709.198061486056,1920830.5012197297,314540.01641413866,9591938.356414728,13968.563805815826
5499,CNGUA,CNMWN,1210.2698821083154,886.7475816126254,1918931.1592013878,314228.9951817884,11294402.202938648,13091.24652700959
5500,FRSNA,PTLXS,1208.7152743117695,0.0,1916466.266547914,313825.36384878407,21063757.631600667,
5501,BHBAH,INNSA,1208.3451935484645,495.15905386491306,1915879.488740232,313729.2777541794,12712964.863212785,26308.100476581098
5502,CNXIA,IDBIT,1207.8700842141066,494.9643622405832,1915126.183944992,313605.9225166875,12588031.468915496,26065.790541019174
5503,CNCQG,CNWGQ,1206.796989455571,906.6284818912097,1913424.7494142554,313327.30904981174,10559908.219556019,11993.04427975224
5504,INNYY,LKCOL,1205.7836359190571,655.231051243409,1965486.397243159,321852.512888595,6806805.310035958,10879.609275837507
5505,SBHON,VULUB,1205.568297148832,988.0422590712403,1911476.6087661833,313008.2969396685,22375115.30183444,22962.705684371176
5506,CNTAZ,CNWGQ,1205.0330470639728,892.0290459022127,1910627.9484128314,312869.3270298801,10793223.713264294,12450.371533654816
5507,JPMIZ,JPMMA,1204.7614141343329,113.49206500459017,1910197.2635711636,312798.8014852881,12851666.117813122,115994.58445633159
5508,DORHA,TTPLS,1203.620761928081,493.22306313669344,1908388.7140131297,312502.6477084147,15885483.849476079,32841.097077196755
5509,PLGDY,SEGAV,1203.4922054426233,915.8878539619013,1908184.882579076,312469.26988430566,17592694.217845492,19549.51516201088
5510,ESCAD,GBTIL,1202.765441752898,164.2908558855433,1907032.5697683492,312280.57624883385,19666835.015188556,121608.20201311911
5511,GWBIS,MRNBU,1201.9847657216442,246.27633003072694,1905794.7767903027,312077.8850569849,23801105.418141346,97911.08751778875
5512,CNRIZ,PHMAN,1200.1987021973066,983.6415239666843,1902962.9018508112,311614.1596062568,11229385.485917604,11732.932541301247
5513,ITSPE,TRBOR,1199.9981177664952,491.73856593745154,1902644.867237189,311562.0807723746,16044219.607855083,33261.13268632237
5514,JPHAC,JPYOK,1198.382626096764,374.15357353774255,1900083.4407749549,311142.641826063,13555841.004484868,37062.277703762484
5515,MTMAL,TNRDS,1197.7961957860148,327.2241708164426,1899153.6321325745,310990.38371403766,16073806.691236086,50072.08677179665
5516,LCPCS,SXPHI,1197.6052979710958,218.11467981652112,1898850.9560347167,310940.81986926956,17906082.049882144,83520.38883891556
5517,COBAR,USMIA,1197.150985980771,392.45748828505515,1898130.6262577628,310822.86436006514,13780943.142743086,35906.47758737075
5518,NOKRS,NOLVK,1196.5786031479786,0.0,1897223.0904518447,310674.25347164547,19313199.091980215,
5519,CNJIT,CNQHD,1196.5258053793377,980.6313442216263,1897139.3774842834,310660.5452979289,11848408.93602335,12399.225818110588
5520,CNHUM,CNMWN,1195.9743393947315,815.1986936844255,1896265.0061752517,310517.3651653143,11291997.713809969,14232.744935514793
5521,AAAAA,MYTPP,1192.8007760043674,733.1838288211403,1891233.1948697756,309693.39552842424,4742190.010144167,6890.3366483073305
5522,CNCHZ,CNWGQ,1192.577518243073,710.8330647676833,1890879.210786543,309635.42989362223,10532975.094311379,15253.385163995737
5523,GRPIR,LYALK,1192.3156040250726,526.1742813289165,1890463.9353497266,309567.42767133884,16620932.187029513,32176.600444896
5524,ESVAL,MRNOU,1190.4870103999426,0.0,1887564.627239484,309092.6598977085,20724293.653295554,
5525,CNBYQ,CNBYQ,1190.2254239525523,894.1495559320435,1887432.7892163058,309071.0711453703,10995171.156108,12642.451312823228
5526,AAAAA,SAKAP,1190.2236123280518,0.0,1887146.999093153,309024.272414316,6082593.288795716,
5527,KWSHU,SAJUB,1188.8933172279171,880.4438957565396,1896098.4606717292,310490.0929903991,11621434.143843628,13552.168734819013
5528,CNPAN,CNWEN,1188.2697606693512,973.864974298379,1884049.089375854,308516.98321169766,11469326.26791091,12093.91811180801
5529,CNGLA,CNYTN,1184.6499776725852,965.4130235419245,1878309.7790908278,307577.1591355433,11822601.097118849,12564.755146715317
5530,ITVEN,TRMER,1183.76320263581,161.69525908843355,1876903.7619086888,307346.92087804596,14983869.22752757,94568.11680571674
5531,LTKLJ,NOOSL,1183.340115782972,0.0,1876232.9408323637,307237.07252223097,18215005.93990394,
5532,AAAAA,KRBUS,1183.3063494705368,484.8985667047095,1876179.4029975217,307228.30558967794,5357104.426535071,11681.479635253652
5533,UYMON,UYMON,1181.7057339524604,40.35355516886177,1873641.563266942,306812.72902006074,22046095.282020185,553926.6098737328
5534,RUSPG,RUULG,1181.3309795135453,0.0,1873047.3751602112,306715.42947347113,17549535.979522288,
5535,JPCBA,KRULS,1181.2681411805852,968.126688086641,1872947.742477541,306699.11441307276,12899733.783111952,13641.223881169502
5536,AUFRE,AUFRE,1181.0778321754894,967.970717379912,1872645.9999611373,306649.70344422245,15418680.169598501,16245.666930511907
5537,AESJH,IQBAS,1179.1006715631436,0.0,1869511.1329683582,306136.362410363,12195811.58907675,
5538,JPCBA,JPTOK,1176.6704692784465,696.4812071605076,1865657.950338428,305505.3956869091,13344009.742925858,19597.82259489906
5539,HKHKG,VNQUN,1176.486825988722,385.6832347255878,1865366.7765795495,305457.71537423244,12710529.32876816,33747.86838583539
5540,LYBHZ,TRMER,1175.4969075380934,642.2645224950484,1863797.2214017652,305200.69742753194,15473917.35966033,24567.942809279975
5541,JPHMA,JPHOS,1174.6904695614085,921.7683717596168,1862518.5818319463,304991.3175207556,12431033.310309341,13816.946879526324
5542,FRMRS,ITAUG,1174.386242412191,0.0,1862036.2175554002,304912.3293604957,17822420.92443047,
5543,MTMAL,TRIZM,1172.152925966066,0.0,1858495.20527361,304332.48118517274,14985495.35383757,
5544,CNGUA,CNZSN,1171.9922478090482,655.4167076313868,1858240.4436484035,304290.76343562466,11308297.95973763,17717.871070360776
5545,CNLYG,CNSTO,1169.4530846787684,958.4434746637949,1854214.4992528434,303631.5066113199,10529255.350220421,11302.58293075836
5546,CNQIN,TWKEE,1168.9760798694174,383.2210151796429,1853458.189106417,303507.6592412786,10373354.958226748,27860.84842571335
5547,CNTAZ,CNYZH,1167.7705348385737,781.7606184906891,1851546.7493873055,303194.65698509716,11654800.795493538,15296.236686321461
5548,JPIWA,JPTOA,1166.6831039201563,165.26451992061737,1849822.584303403,302912.3213425472,12920007.42926072,80010.6384416614
5549,PAALM,PAALM,1164.1885195553416,47.70644091946696,1845867.3213181251,302264.63874716905,16264054.404050313,347255.3962003373
5550,CNFUN,CNYPG,1163.8886609228205,953.8830645806341,1845391.8834990019,302186.7848088148,12246457.798020063,13155.327994365613
5551,CNNTG,CNZHE,1163.2263889542353,934.6473424337792,1844341.8248838359,302014.83551196614,10411419.776526786,11462.542207782302
5552,TRAAP,TRGEM,1162.6373849393653,0.0,1843407.9355309424,301861.90917505015,14939057.72857569,
5553,MYPAG,PHZAM,1162.1508179886928,0.0,1842636.4642281476,301735.5791339091,13201949.625253534,
5554,NOLVK,NOOSL,1161.4097728603094,0.0,1841461.5076269375,301543.17753033404,19975267.401338257,
5555,JPNAG,JPTOY,1160.197952655281,633.9055247899315,1839540.1183689246,301228.54601632507,12934201.014888538,20879.1831642277
5556,MYPAG,MYTAW,1159.5461706188744,0.0,1838506.6919595278,301059.3202779957,11386622.478350371,
5557,CNWGQ,CNWUH,1158.9831915085845,867.2659533235352,1837614.0661306235,300913.15092953056,10161676.841932233,12063.87723715781
5558,EGAKI,TRBAM,1158.5241840155757,406.7972726369017,1839481.4980559107,301218.94681732974,15256115.283744562,38243.45755741589
5559,CNXIA,KHSSK,1158.116597599509,949.1524802587384,1836240.0469312016,300688.1524087006,11802655.51692778,12751.737914689025
5560,DEHAM,SESOE,1157.8820559421406,0.0,1835868.1717807841,300627.2570741867,18328435.200155474,
5561,AEKHA,YEMKX,1157.5412643081554,0.0,1835327.833055582,300538.77547657234,12063932.9948907,
5562,CNTAI,CNTAZ,1155.1405959989888,705.882836893977,1831521.4777215612,299915.47682087077,10818845.630960809,15751.56743675255
5563,IDBOJ,IDSUR,1154.663186868815,86.029289432015,1830764.5265083478,299791.5244748008,12543389.80266293,149288.4738666487
5564,CNLYG,RUVLD,1153.8401664334285,315.2158881821464,1829459.5947890095,299577.83917349007,11010962.24868897,35881.88448586927
5565,TNRDS,TRBAM,1153.4108372130497,0.0,1828778.8761900263,299466.37007761636,15274539.272628834,
5566,KRINC,TWTCH,1152.6586471336889,472.3396660087235,1827586.2488246216,299271.0748494054,10672418.936010588,23228.390076935357
5567,CNHUM,CNJIN,1152.020395354883,944.1562428396053,1826574.2751781875,299105.362045929,11653102.345048212,12659.141744534967
5568,DJDJI,DJDJI,1150.5448552276325,182.50585954177794,1824234.74746731,298722.2594847642,13996419.122840969,78327.02696898009
5569,AUSYD,AUSYD,1150.075931827576,269.3036078559759,1823491.2507175768,298600.5103352602,19071479.50041138,71926.55220982333
5570,VNCMP,VNQUN,1147.1200655174969,0.0,1818804.6068138527,297833.0625831193,12612487.857906314,
5571,AWBAR,LCPCS,1146.884199574294,469.97339682888264,1818430.6319554364,297771.8234170242,17695477.280397866,38285.67579616902
5572,FIRAU,LTKLJ,1146.54607812811,93.96696809646744,1817894.5269194702,297684.0350948868,17429707.776481565,188655.56876728567
5573,AAAAA,MYPKE,1146.4298768485096,341.66343505368906,1817710.2851569834,297653.8651205138,4976340.392544979,15436.226755832786
5574,JPHTH,JPTOK,1146.1567199395863,362.5563628218434,1817277.183985391,297582.94389683724,13630603.861049782,38416.611134723884
5575,LYALK,LYMIS,1144.1293701001164,91.47780154371205,1814431.4741432418,297116.95295183134,17139608.746584445,190611.5517129503
5576,GRPIR,MEBAR,1144.0186137695682,0.0,1813887.1313930047,297027.8156867339,15472303.343727177,
5577,MXESE,MXMAZ,1143.713742701454,0.0,1813403.746157371,296948.66034228576,14181332.30235145,
5578,IDBTN,IDPWG,1141.7704965996804,935.7557788050974,1810322.6519734904,296444.12471847306,11125543.808029996,12206.163393758194
5579,JPNKI,KRBUS,1139.5185273012619,0.0,1806752.0648505816,295859.43360099307,12114300.027567208,
5580,TRDER,TRGEM,1138.4243218171898,397.0269656122076,1805017.1584226887,295575.33904087445,15945319.9569199,40906.27766534104
5581,GRPIR,UACHO,1133.2874006722525,0.0,1796872.3651058385,294241.6120816529,15710821.613982998,
5582,JPHAM,KRBUS,1133.2336340762545,0.0,1796787.1160238695,294227.65236598573,12075166.985499969,
5583,JPTOS,RUVLD,1132.69401984363,0.0,1795931.5361402093,294087.5493686212,13055293.5034268,
5584,CNWUH,CNYZH,1131.850530087856,888.9746443802849,1794594.149497155,293868.5495055978,11023253.924161479,12730.534605468281
5585,CNJIT,CNWEN,1130.9982383477327,926.9272069160346,1793242.806956925,293647.26433519094,10416468.879509712,11554.430665033953
5586,HTCHA,USSAV,1130.8448419771373,264.8004252952421,1792999.590894462,293607.4371957163,13832762.639345812,53347.2333391881
5587,LYTRI,TRALI,1130.407302075372,0.0,1792305.8539327285,293493.8363156843,16508856.31382845,
5588,CLANT,CLSVE,1127.2462404317725,923.8521986351408,1787293.8646452709,292673.11257574824,22890193.229589123,25093.696130630236
5589,DKCOP,SEGOT,1125.7260193598545,26.360179365653075,1784883.493514911,292278.4092563111,17020727.077887893,656786.3308890376
5590,JPHMA,JPSBI,1123.9612782374973,921.1599567479981,1782085.4260940182,291820.21985753975,12622234.760253694,14019.34038220914
5591,MYSAN,PHGSA,1119.622284384348,131.08626668741522,1775205.778316708,290693.66312938253,15402777.866785372,119718.654947562
5592,IDBIT,IDBIT,1119.2848498217718,887.7361132886764,1774670.7623620923,290606.0531465966,14489474.54482806,16649.182540542235
5593,GRTHE,LYMIS,1119.2082074950695,611.5096691022688,1774549.2428968912,290586.15407973214,16191360.362194654,26952.879650244657
5594,ITTRA,MTMAL,1118.841315311856,152.82730190917457,1773967.5207100937,290490.89585363277,17347253.932890624,115409.6461064685
5595,IDPTL,IDSAM,1118.657097887619,904.5886620888995,1773675.4366380514,290443.06647526956,14553028.771339683,16409.084548481987
5596,IDBOJ,IDJAK,1118.587674699844,479.2133303617926,1773565.3634054922,290425.04175296635,12173566.72886476,26009.275996574972
5597,AAAAA,EGAKI,1118.566752843178,114.59234868888511,1773532.1909674616,290419.6096967823,8167253.094486793,73806.60926276946
5598,CNDCB,CNHKO,1116.5550013982152,849.7264539282415,1770342.4788302127,289897.2876556811,12114500.77237571,14598.107429380949
5599,GLQSG,GLSSM,1114.4276463960498,0.0,1766969.472643174,289344.9508301452,20032247.47341301,
5600,CNDCB,CNHPU,1113.8549052018723,807.3687104286074,1766061.3686409898,289196.2468983973,11518643.461425142,14625.089572836081
5601,GRPIR,TRSAM,1110.5386086606636,0.0,1760803.248233175,288335.2186721527,15409600.627845695,
5602,NLAMS,NLROT,1108.9083407810024,390.45286826349457,2027630.3134554087,332028.7092854284,18658243.293255843,48636.52836512347
5603,DOCUC,VELGU,1106.8239644316964,151.18580075438504,1754913.5316817763,287370.7652549589,15071769.453029165,101591.15566174388
5604,CNNDE,CNZOS,1104.6347192108856,226.33014363409973,1751442.3960851205,286802.3595331347,11592805.204110973,52487.96016693855
5605,FMKSA,FMPNI,1103.3378634977075,0.0,1749386.179638033,286465.6497846133,19806045.869656343,
5606,CNHUM,VNHCM,1103.1703990795895,0.0,1749120.6581252408,286422.17008094396,11206498.63128993,
5607,CNDAL,JPKNA,1102.2408184959763,903.3586159514352,1747646.771041662,286180.8179849797,12213719.66317257,13837.14093211189
5608,CNNSA,CNTAI,1101.884436291932,752.0523218900637,1752422.6774538215,286962.88265977486,10418156.829262627,14234.541135406926
5609,DOCUC,USPMB,1101.8769131123622,0.0,1747069.7845447315,286086.33523801167,14884949.357877918,
5610,MYPAG,MYSPB,1101.2931004515108,0.0,1746144.1262906464,285934.7567607598,11994764.023533523,
5611,JPAKI,JPISS,1100.310298564846,901.7764282989837,1744585.8547088092,285679.58652652125,14724455.212332875,16645.07335501432
5612,CNHPU,CNZOS,1099.7646878046962,772.5679410082867,1743720.767091638,285537.926617887,10694398.332277,14212.259758753198
5613,GBTIL,NOLVK,1099.0994514962517,0.0,1742666.008397418,285365.20767325227,19041449.076695506,
5614,AEKFA,QAHMD,1098.722546924451,300.15838724446314,1742068.411169258,285267.34987589053,11707136.343628796,39953.585184136486
5615,JPHKA,KRGWA,1097.091523775612,740.4669434479516,1739482.3589275598,284843.87840663025,11133625.821415093,15420.633967334346
5616,JPTKU,KRULS,1093.9354138900587,163.0094167922428,1734478.2208499424,284024.44031874434,12465666.231636742,78214.44259386009
5617,FIKOT,RUSPG,1092.4240210003006,0.0,1732081.8471544324,283632.0291085717,16223892.4922967,
5618,CNJIA,CNRUG,1092.1866470657978,249.80052929081128,1731705.4813156775,283570.39841443993,10596889.661514638,43556.59329793625
5619,FRMRS,ITSPE,1090.5007681600723,738.3043749992684,1729032.4530839897,283132.6844447083,16844417.58518856,23198.494888575246
5620,ITCAG,ITPAL,1087.8288151540212,81.04973039380683,1724795.9650452214,282438.9506579914,18861340.565333568,236197.94196692816
5621,BSNAS,TCGTK,1087.378320661682,891.1778245600499,1724081.6880635517,282321.98630668817,15372357.394179435,17566.280206999552
5622,JPTOK,KRGWA,1087.0493818027637,395.9592167107789,1723560.1423858628,282236.58210995304,11339093.898121059,29349.816823987705
5623,BNMUR,CNNSA,1086.5377775043703,0.0,1722748.9733698592,282103.75148515485,12558419.842958592,
5624,BSFRE,USPMB,1085.0157746238308,869.031527661599,1720335.777110878,281708.58554499067,14425911.42255117,16924.150091161377
5625,HTCHA,HTPAP,1084.346797693324,0.0,1719275.087511216,281534.89540217165,16200122.936293269,
5626,DZWAH,TRALI,1082.2230899584054,0.0,1715907.8642118364,280983.5055365982,17471824.463026535,
5627,JPIRI,JPMIZ,1081.1316774822485,708.8466327452979,1714177.386209368,280700.1361404151,12642873.913716083,18231.83387329454
5628,FRFOS,ITLIV,1080.2604524091462,442.67213243244623,1712796.0241147077,280473.9352051153,17071999.403829835,39199.38046175296
5629,NOAAL,NOSGN,1080.0097340499542,0.0,1712398.500158481,280408.8398249466,20753043.36991618,
5630,TRALI,TRALI,1077.7767713196754,176.66174507535763,1708858.0487072703,279829.08348680526,14242311.573504895,82203.08619048832
5631,JPKOB,JPUBE,1077.4864232688694,700.366469676091,1708397.6902947032,279753.6988328479,12622005.670032287,18421.440670670607
5632,JPHKA,JPSZU,1077.2346698392998,802.6040342475663,1707998.5251931183,279688.33471169055,11842013.217900528,15102.96613943163
5633,GWBIS,MRNOU,1076.464573837362,196.05184300214307,1706777.5072734451,279488.39047077385,23808790.544624437,122866.88340303894
5634,DZALG,TRGEB,1074.081346515414,0.0,1702998.8053201428,278869.6201140656,16651812.06219238,
5635,CNMWN,RUVLD,1072.9694630449658,0.0,1701235.869739917,278580.935721565,11605675.099149551,
5636,CNCQG,CNWXA,1072.697585535568,562.6534397598454,1700804.79710729,278510.3466753914,12434713.858102454,22595.12393668858
5637,CN8229,CNYIB,1072.4157617665226,210.78052673376007,1700357.9542833716,278437.17522737425,13627252.17069075,65972.36263425132
5638,IDKUP,TLDIL,1070.3067921895777,0.0,1697014.098921163,277889.6119104404,15991210.122317256,
5639,SEGAV,SEGOT,1068.6481163338876,0.0,1694384.202210064,277458.96081751405,18000676.164849713,
5640,FRLEH,IEDUB,1068.2066058194332,159.17551769262582,1693684.1696835787,277344.3290255723,18221348.31911046,116215.69017829574
5641,JPIWA,JPOSK,1068.0943169602792,131.3059978841212,1693506.1312197226,277315.1748543385,12000185.084950633,93502.96603084332
5642,FRFOS,FRFOS,1067.2320738881458,624.7618960710125,1692139.0104457678,277091.3059651227,17165338.25285622,27918.52331026087
5643,CNSHG,CNTJN,1066.3438216848206,786.5448062248223,1690730.6511571596,276860.68418278714,12328006.59489556,16025.618857720143
5644,GHTEM,GHTEM,1066.325094724357,436.9616628056288,1690700.9588145823,276855.82199952024,19174768.841160316,44515.63219131284
5645,CISPE,SNDAK,1063.7809609731764,0.0,1686667.1333013736,276195.274625699,22867458.71359697,
5646,ILHFA,TRBAM,1061.9323646727594,348.1292781349925,1683736.11015183,275715.31344797806,13520846.882582912,39630.57134964977
5647,DKAHS,NOFRE,1061.8696085498261,704.5057125650176,1683636.6078164359,275699.01973221905,18649655.29004791,26863.308518642483
5648,AAAAA,CNMWN,1060.8348270753281,642.6175109753159,1681995.9205253336,275430.35375302617,5651528.841166167,9223.152331973815
5649,GBBEL,GBLIV,1060.5579532134334,203.7519725900434,1714201.302821631,280704.05253574986,19609106.59952927,97617.7575079681
5650,GBBTL,IECOK,1060.4664882769014,372.4807772250767,1681411.9046724297,275334.71993429936,19674429.28247562,53559.177338042864
5651,CNLYW,CNWGQ,1059.931069901459,620.4878593309749,1680562.977487647,275195.7063303055,11298972.27334332,18653.335122710014
5652,CNSHD,KRBUS,1057.3059178875978,324.94931957909824,1676400.6942882477,274514.12374140555,11986782.779266473,37732.951461137825
5653,IDJAK,IDJAY,1057.2195036118826,519.8764180278885,1676263.6810082174,274491.6875299218,14210519.0036316,27862.41150562148
5654,AUBRI,AUBRI,1056.912110004697,692.9670139989573,1675776.296186296,274411.87724484474,18853518.39273033,27602.944849556658
5655,BBBTN,VCKIN,1055.4409742947826,140.27076897303465,1673443.751854737,274029.9182266652,18383595.431323465,133011.49973118657
5656,JPMIZ,JPMKX,1055.2301926298542,274.41731496173765,1673109.5491197938,273975.19182906375,13148343.770905513,48912.070160755226
5657,JPHMA,JPYOK,1052.0478019407253,800.6348518314223,1668063.7417801255,273148.93031226983,12084022.97400588,15434.216829371817
5658,ITSAL,TNRDS,1049.2344778384067,0.0,1663603.1042308654,272418.4915738851,16116773.648708463,
5659,ITTRS,TRTEK,1049.2235762864138,0.0,1663585.8193854666,272415.66114426,16192808.833080314,
5660,CNZOS,TWTCH,1049.0526737359914,245.64784119872883,1663314.8465768057,272371.2887794783,10368199.716247734,43316.36277812433
5661,ITGIT,ITPAL,1049.0190850910426,59.29240800681891,1663261.5904408474,272362.5679757073,17226314.846005715,295125.0927769537
5662,CNQIZ,CNYTN,1048.9046363274877,859.6461178336426,1663080.1273624345,272332.85301666934,11613319.0514526,13826.214831774952
5663,DEBHN,NOLVK,1048.8382425392006,0.0,1662974.857363565,272315.6148339399,18439526.988264468,
5664,CNYAN,CNYAN,1048.6758894833436,859.458644797749,1662717.44011946,272273.4622212369,10530743.916750714,12569.560437098351
5665,DEBRU,DEKIL,1048.0533376425299,472.42163251162685,1661730.3593507688,272111.8256786117,19905194.36029338,42710.37733538886
5666,CNNJG,CNRUG,1046.9772582922515,774.352699788342,1660024.1926308093,271832.4373058424,9757213.116060648,12951.521388261168
5667,EGDAM,TRTEK,1046.259583924012,0.0,1658886.2913017473,271646.10358066804,14733650.852231858,
5668,CNHEF,CNYSN,1045.6314590145162,856.9635344293696,1657890.3742104266,271483.02007171075,10512038.848224875,12583.408085709343
5669,ITTAR,MEBAR,1044.1860492976111,0.0,1655598.619466642,271107.74043393455,17349863.60634533,
5670,GEBTM,TRDER,1041.2156828691554,0.0,1650888.9850470196,270336.5279366778,15835319.952389503,
5671,GBHUL,NLAMS,1040.81709045854,0.0,1650257.0008855874,270233.03920699336,19847237.374813605,
5672,CWWIL,PAMIT,1039.7545890596562,511.28823252094776,1648572.362549003,269957.17615207797,14782198.557433762,29439.667835439857
5673,ESALG,ESCAR,1037.755384610569,40.50040833731252,1645402.544174043,269438.1117562051,19622619.32087848,491156.95987460896
5674,JPHTH,JPKAW,1036.903575462085,827.4470284389532,1644051.9668021007,269216.9518837075,14571994.267409267,17936.1466162881
5675,ESCAD,MACAS,1036.1568486917383,42.45992350473756,1642868.0017309946,269023.075124325,19932512.560527638,475778.8985040901
5676,CNCHZ,CNJIA,1035.9091022558796,693.8341926845771,1642475.1898777224,268958.7513608813,11563548.317107802,17053.79641595127
5677,DZBJA,MATAN,1031.9068809870723,0.0,1636129.508462141,267919.63274247723,19241926.657162502,
5678,CNCHS,CNNTG,1030.7190137565838,576.2857248465874,1634246.097600418,267611.22027038,11008571.904442783,19567.000601507156
5679,FJSUV,NZTAU,1029.9005942094627,422.0355296867539,1632948.4607728915,267398.72952287755,24358589.998574745,58350.5107884535
5680,IDBAL,IDPTL,1029.2495799946644,411.96017956733505,1631916.2517752724,267229.70313827577,14535583.08275133,35932.630191190794
5681,ILASD,TRAAP,1027.9487502411569,0.0,1629853.7343287724,266891.9615879075,13857638.347941203,
5682,CNHUM,CNZSN,1026.7397989375638,478.89138723083363,1627936.8938283871,266578.0749424843,11305893.47060895,24165.12773902386
5683,NOKRS,NOMOS,1025.8534955419943,26.273568646229233,1626531.6244521867,266347.9591397752,19303686.629123576,744856.3555172788
5684,GAOWE,GQBAT,1025.331385122695,462.10988901775505,1626825.4394892273,266396.07196728117,20957011.291004695,45927.18716339034
5685,CNHKO,CNHUM,1024.9760363608323,840.0350613523295,1625140.3779306044,266120.13960887084,11868735.892888803,14445.654224196773
5686,CLPCH,CLSVE,1023.9159156958318,0.0,1623459.514342527,265844.894676927,24545002.09364847,
5687,JPSBI,JPYAT,1022.603700216475,702.1841639661968,1621378.944373672,265504.19698822475,13171059.32403333,19135.38386443644
5688,CNFUN,CNNTG,1021.7846475272972,837.4195089691771,1620080.303674167,265291.5418545839,10040742.64886518,12306.89526615638
5689,DEWVN,DKCOP,1021.3519469881461,193.1688190404457,1619394.2397148344,265179.1974447608,17519068.652376305,92065.83100814732
5690,JPNAG,JPNAG,1020.6456086665106,464.71443996945135,1618274.3121397027,264995.80695942603,11730563.444066396,25812.75342297168
5691,MYKUC,THBKK,1018.7255810609552,0.0,1615230.0318074443,264497.29968089744,12268824.195821254,
5692,DEHAM,NOIKR,1018.2480368875962,0.0,1614472.8664778755,264373.312272826,18862602.19735025,
5693,CNBHI,CNBHI,1017.4922314007475,813.0540527204222,1613274.5067397295,264177.07835657615,14772082.089914333,18493.554171411644
5694,CNGLA,CNYPG,1017.1574693469905,833.6272330830179,1612743.7281544164,264090.1622518857,13206777.23665084,16159.341806868742
5695,TTPLS,TTPOS,1016.1806894163205,33.99292644449453,1611195.0046239425,263836.5555310496,17069574.275449567,509912.2859952508
5696,TRALI,TRANT,1015.4302659497965,0.0,1610005.1782936365,263641.71897820086,15358810.022652457,
5697,GBFEL,GBTEE,1015.0543446649735,578.6323545323302,1610469.4555739455,263717.7453549563,18430439.25996446,32307.48653940835
5698,CNSHE,KRPYT,1014.4512182338151,665.1274262946682,1608452.85909912,263387.5234598492,10996556.019587569,16929.002019620493
5699,JPHMA,JPTKU,1010.7174957717892,20.20364030536871,1602532.893248437,262418.1166565615,12859458.067135733,649480.7859109143
5700,JPMOJ,JPOIT,1009.0338477225031,655.3342356137983,1599863.4021285921,261980.98189630013,11627861.843404688,18143.173634389386
5701,CNZHH,CNZSN,1007.4145824223111,615.9553655359592,1597295.9924247835,261560.563181653,11820781.755744636,19615.61339499514
5702,KRGWA,RUVLD,1007.3440556446955,0.0,1597184.169406525,261542.2519282779,11221847.886571616,
5703,CNQIZ,TWKAO,1006.4630557022026,412.4312299765884,1595787.30886666,261313.51309012514,11433037.884135349,28354.669935856462
5704,JPHKA,JPKUS,1006.4282807402544,824.8339595919416,1595732.1717777934,261304.48427637704,13606474.126016522,16812.812383662655
5705,PHCDO,PHGSA,1005.8887611692056,63.41475291780347,1594876.7419838363,261164.40585651566,15530041.309674913,249014.70066436392
5706,CNCHZ,CNNTG,1002.8251260897401,732.5460535466891,1590019.2263988268,260368.97750879283,10598697.538566722,14823.732191990312
5707,AEKFA,AEKFA,1002.777865239359,107.19680931654091,1589944.2924359583,260356.70691547618,11358742.369862378,108390.34436620101
5708,CYLIM,SIKOP,1002.1743433502817,0.0,1588987.3844145895,260200.0112234008,15410408.47370003,
5709,INKKT,MMRGN,1001.2944900809337,102.57831019558321,1587592.3419707208,259971.57010227416,14506290.064105535,143951.11019135907
5710,CNWGQ,CNWHN,999.4957869501377,790.9056944766753,1584740.4264311679,259504.56296132493,9987348.691776447,12955.847108317872
5711,AAAAA,IDMKS,999.4487493664766,784.2578706752353,1584665.8464665872,259492.35033596912,6150972.340189631,8173.924585552809
5712,AAAAA,BEANT,999.024389206876,249.18964762873821,1583993.0065116156,259382.17138454865,8722808.521581879,36045.601325897704
5713,ITRAV,TRALI,998.7118417421411,136.41830532120733,1583497.450043033,259301.02297522099,16215917.963239064,120769.85524356224
5714,CNNDE,CNTJN,997.188576326396,653.8091328404809,1581082.251984138,258905.52923612954,11963444.378398212,18694.06420576325
5715,CNCHZ,CNYZH,996.5946841300857,709.965685521985,1580140.6122246482,258751.33375390555,11394552.17654062,16413.896823374947
5716,AAAAA,USMIA,995.7363155825506,326.42847726311743,1578779.6346639455,258528.4708287225,5878492.094030024,18800.50605974553
5717,SAGIZ,SAJED,994.186385310415,67.90007697359462,1576322.1584119468,258126.05394698816,13299342.341013502,199667.938524323
5718,DEHAM,DERSG,993.8063703726567,259.15574253134207,1575719.629574531,258027.38858828502,18463247.336599756,72239.47477422348
5719,IDBIK,IDSBU,992.8335530307362,0.0,1574177.1888865326,257774.81069605934,17749956.440913167,
5720,DEHAM,NOFRE,992.2730847664236,73.93025894976209,1573288.5441040487,257629.2932522811,18580413.44538406,254808.28832802243
5721,CNLYG,CNNJG,991.4578213703925,0.0,1571995.9114799309,257417.62195356458,9989495.387874464,
5722,DEBHN,SEHSD,991.2543915819882,203.09949064877506,1571673.3654383828,257364.80436391343,17999588.354095466,89891.67378086426
5723,JPMIZ,JPTKU,990.994292918191,58.77653119449091,1571260.968635153,257297.27352390715,13188417.87643067,228759.92980026075
5724,CNZHA,CNZHA,990.949713918876,763.5166269829714,1571190.2868540923,257285.69923426476,13713014.337436693,18297.30950572021
5725,BEANT,FIOUL,989.8811789345343,0.0,1569496.082027167,257008.26964652573,18403659.811176453,
5726,ITAUG,ITBAR,989.7479221668743,0.0,1569284.7981082518,256973.6714624166,18491644.904399507,
5727,CNSHA,CNZJG,989.1562157057157,486.40702194223985,1568346.6239190036,256820.04347457588,9779049.225428367,20632.65704682752
5728,TRSAM,TRSAM,987.8549656734434,44.97843945497973,1566283.4401037632,256482.19280493117,16202550.186963748,365931.60143412754
5729,ISHUS,ISREY,985.6840800437934,0.0,1562841.4143710057,255918.55388427057,22001736.657165922,
5730,KRBUS,KRYOS,985.5320263451096,581.5498385616089,1562600.3271683995,255879.07535005483,12037100.494086303,21138.30793907795
5731,VNHPG,VNVIN,984.0726032089012,0.0,1560286.3535895057,255500.15733150768,13770925.70137297,
5732,BSNAS,USSAV,978.4700326017177,334.1334759340335,1551403.2544818735,254045.53125317916,13038766.641114673,39782.9404408201
5733,AAAAA,LBBRT,976.9664082855573,0.0,1549019.198169585,253655.13704029925,7370456.856816555,
5734,CNMAA,CNWUH,976.6441575509295,757.9771950089059,1548508.2567796567,253571.4693178882,11779489.895980095,15875.228759562615
5735,JPNAH,JPYAT,975.5075901002735,799.4924263878729,1546706.1837645052,253276.37608847243,12384385.35801102,15807.106255148368
5736,DZWAH,TRBAM,974.9068271325261,0.0,1545753.6501229207,253120.39671024578,17439530.86553186,
5737,JPFUK,JPKOM,973.8772306988787,174.14317962953155,1544121.1839208477,252853.07695159476,13200637.919468878,77255.34255800968
5738,EGDAM,EGDAM,973.782308259506,456.04482560360475,1543970.680608064,252828.43171900223,13265718.563478507,29643.02243163233
5739,TZMTW,TZMTW,972.7511171928148,455.5618949257885,1542335.686051712,252560.69793704417,18866422.702007856,41967.91613367796
5740,NGLAG,NGLKK,969.8315282013402,441.5780675151708,1537706.561283241,251802.66906373476,19973276.14909432,45801.819216175645
5741,PTHOR,PTPDL,969.2977087369692,0.0,1536860.1692357208,251664.07059377566,21745934.996341575,
5742,EGALE,TRGEM,968.455545421377,99.21410167835536,1535524.8857164688,251445.41512167838,14279867.152050212,146464.1852453728
5743,DKCOP,NOFRE,968.150468612852,39.67313914903942,1535041.1742712096,251366.20635972105,18530413.260587,473412.99100102775
5744,FRDKK,FRSNA,966.9374004242246,211.32495841838454,1533117.806285436,251051.25082489822,20456728.025965944,97990.2205199693
5745,CNCFD,CNNTG,965.2747289105257,0.0,1530481.574299232,250619.5623174086,11641650.174656231,
5746,GRPIR,TRATV,964.7321950261119,316.2645134669398,1529621.3651912347,250478.70127486618,15755197.160158686,50608.510218161675
5747,DKAHS,DKCOP,964.3842361051103,444.58656104175753,1529069.6624466628,250388.35879528604,17033954.95665621,38877.34095009694
5748,JPTOS,KRULS,963.8490371861832,789.9374779158683,1528221.083218936,250249.4021699886,12728263.555162333,16429.797699400446
5749,SYLAT,TRMER,963.1390183525334,0.0,1527095.3200452407,250065.05609317042,14457578.159274694,
5750,FIRAU,PLGDA,962.9779415385918,613.8405450503122,1526839.9263335846,250023.2348381428,18409779.211603884,30398.452166291187
5751,CNJHH,CNYUY,962.9762665739199,781.0858739910603,1526837.2706103057,250022.7999578953,12403632.041352633,16200.081530926973
5752,DEWVN,DKFRE,962.3059867993497,231.96260204655144,1525774.5152994287,249848.77155053962,18819311.137523975,82207.90653679431
5753,CNSHA,CNZOS,961.7152187221237,788.1886737870077,1524837.8289553253,249695.38720045664,9781634.910145348,12727.067301219011
5754,CNHZH,CNSHA,958.3339060528177,785.4174663686404,1519476.6228838079,248817.4784809398,10721327.204236615,13967.278743414974
5755,INCOC,INKNP,958.2993809199206,0.0,1519421.8819088638,248808.51453167593,15264008.707594773,
5756,CNFUN,CNLYG,956.9023814201067,784.24423807841,1517206.8834946991,248445.8039035876,10290053.475488976,13437.777120574658
5757,ILHFA,LBBRT,956.7583536666561,184.49662860398243,1517116.2770103405,248430.9669020618,13802441.550141698,76157.88225162434
5758,KRBUS,KRDAN,956.4313711806218,671.8784694057805,1516460.0779778368,248323.51293653826,11629756.846151214,17678.91203537584
5759,JPMUT,KRBUS,956.2889099945826,0.0,1516234.2000865429,248286.5249588952,11972159.730176363,
5760,CNQIN,JPMIZ,956.1442442270759,685.6700330757153,1516004.8267434214,248248.9645936966,11494765.321985679,17126.334417596823
5761,USLSA,USLSA,955.7968016660145,223.8108979959514,1515453.9427081253,248158.7561794746,12870966.226352373,58617.00703586455
5762,MYPAG,PHCDO,955.1557669054687,0.0,1514437.5565331674,247992.3208152135,12982855.162476845,
5763,CNWXA,CNWXA,953.0108957633802,171.45107790340663,1511036.777807801,247435.4361783763,13233176.716745762,78626.58151685081
5764,CISPE,SLFRE,950.6214068180027,0.0,1507248.1478008605,246815.04008209737,22984194.237517614,
5765,ESVIG,GBTHP,950.2190059016732,0.0,1506610.125101749,246710.56252922447,20942551.27822243,
5766,IDJAK,IDWDA,949.4956869926917,778.1739663968962,1505463.274128257,246522.76328103588,13581448.237723246,17769.768198530983
5767,ISISA,ISREY,948.5311420611642,27.763694949569402,1503933.94967681,246272.33320000832,21802894.69436671,794172.6440813198
5768,CNHPU,VNHPG,947.5366259696264,582.4262905862929,1502357.104756027,246014.12154262848,11770728.120153464,20632.211210107933
5769,JPHOS,JPOIT,947.1030438584573,760.993174982103,1501669.6430291063,245901.54824543625,12593504.237728506,16871.906618973157
5770,USLSA,USPHU,945.959062735707,682.2424144358912,1499855.815341219,245604.53016374804,13649443.1970323,20366.730993535635
5771,JPFUK,TWTCH,945.4165475495022,774.8308441863608,1498995.635879978,245463.67397592406,11870299.120710645,15636.65525913487
5772,CNJIJ,CNYSN,944.4399034966054,774.0304203542023,1497447.1277891316,245210.1025337781,11028071.439908963,14564.390812035526
5773,BDCTG,INKNP,944.1973629091403,0.0,1497062.5700160777,245147.13039325253,14542225.245607479,
5774,PGALO,PGPMO,943.4513829969052,302.56445073726934,1495879.7891182892,244953.44754473027,19644772.32473239,65737.15360086465
5775,CNDCB,CNZHA,942.467215118885,482.75854555944943,1494319.3517026873,244697.92265067794,12742740.920849053,26902.556076866775
5776,SEAHS,SESOE,942.2267577013189,0.0,1493938.0968785775,244635.4913749577,19629561.271207117,
5777,CNFUN,CNFUN,941.2267067669329,661.1974242603379,1492352.4762437495,244375.8426760284,10466474.969566783,16199.172016171608
5778,CLIQU,CLIQU,941.0144731469383,641.5377605165991,1504142.5143649813,246306.4861043896,21665197.111333527,34154.659235948406
5779,CNLYW,CNSHE,940.3663106163565,770.4488388953878,1493141.4239424933,244505.03451359825,12210008.562456988,16165.27012335685
5780,DEHAM,DEHAM,939.7936687783083,226.53603717228646,1490080.3373684925,244003.77517779538,17014713.29678942,76185.30494042994
5781,CNYPG,VNDAN,939.4660563264855,0.0,1489560.8947621458,243918.71536339595,13993642.673909042,
5782,SYLAT,TRALI,939.1273467568714,0.0,1489023.8572330289,243830.77434355262,14999728.518986098,
5783,HNSLO,NICOR,937.1584673367661,192.0157015087896,1485902.1204007706,243319.5834009704,15115308.599781564,79986.31394464106
5784,BDCTG,INVIS,936.4556569139029,95.93585085198914,1484787.7864498221,243137.10888330758,14876131.180668572,157597.68798921737
5785,AAAAA,INMUN,936.4306215243471,191.86657216820004,1484748.091841362,243130.60880805954,5774906.728297622,31365.7416667139
5786,HTPAP,PRSJU,935.7939638821202,69.72222781767272,1483738.6457620424,242965.3098989904,15267918.229288045,222466.83768838842
5787,EGAKI,RUNVS,934.946796759109,613.000157596047,1482395.4285065942,242745.35526097933,15691207.50815996,25993.391136974304
5788,CNCHS,CNWGQ,933.6277091674178,571.1825812151004,1480303.9625295985,242402.8733281299,10942849.460187439,19582.621566856466
5789,AUBRI,NCPRN,932.55596005012,0.0,1478604.6615667036,242124.60923745553,20918474.688789964,
5790,CNLYG,JPHKA,932.3449196158177,509.41185872777993,1478270.0485425997,242069.81565414497,10922740.183532443,21917.059463574155
5791,AUBLB,AUMEL,931.5701184645583,636.2356564588688,1477041.570421053,241868.64978955136,20381159.986125838,32414.135276067514
5792,SEGOT,SEHSD,930.5464785306413,461.13348931474076,1475418.548486826,241602.87654953453,17990648.567530278,39537.9035931082
5793,CNWUH,CNZJG,925.6289814884639,738.1105652291076,1467621.6608347294,240326.11987136208,10479297.060371373,14523.058854895799
5794,TRALI,TRTUZ,925.5099721226289,379.25805025383454,1467432.9667395416,240295.22081818694,15585954.69013074,41729.5029079977
5795,LYMIS,TRIZM,925.1879496691332,0.0,1466922.3872984513,240211.61236565595,14924367.8398913,
5796,IQMAB,IQMAB,924.8226068896961,0.0,1466343.121753125,240116.75641974123,13644529.101546168,
5797,CNPLI,CNWGQ,924.5275204281099,757.7109169324402,1465875.2504013157,240040.14150625232,11449386.433138883,15427.290690187323
5798,CNHUI,CNYTN,924.4736557244562,254.0154493296314,1465789.8457657462,240026.1563183574,12178460.285443138,48888.70529148896
5799,EGAKI,TRYAR,924.0636281479575,302.93229071804615,1465139.7306928132,239919.69861395212,15659161.06283943,52483.94195206952
5800,ITVEN,TRALI,923.4544308614302,0.0,1464173.824102474,239761.52938736658,15526019.587238977,
5801,JMKIN,SRPBO,922.4516747213238,189.00240631974484,1462583.9142561022,239501.17832106625,16114983.97321636,86530.56577422471
5802,JPOSK,KRGWA,921.9541050423045,0.0,1461794.9976887656,239371.99158132955,11027651.876276154,
5803,CNHPU,CNLSN,921.5191576138645,755.245366371661,1461105.3711968677,239259.0637993397,12136319.306791147,16386.16921285471
5804,PYASU,UYMON,921.3482827483882,0.0,1460834.442283793,239214.6986225521,22492570.9148606,
5805,CNFUZ,HKHKG,919.9024980100522,218.88011840364595,1458542.092928575,238839.3216159087,10836293.197270535,50599.079531117255
5806,HRPLE,MEBAR,919.8002921858006,0.0,1458380.0415186307,238812.7853582267,17159094.427105606,
5807,DKCOP,SEHSD,919.5877067142187,0.0,1458042.9787763099,238757.5906284289,17884634.416837685,
5808,JPTOK,JPTOY,919.3847610431678,502.3307256310062,1457721.2003221307,238704.8987328166,13140311.562388167,26633.880386900164
5809,JPHMA,JPMOJ,919.3752280830014,0.0,1457706.0854336473,238702.42363817984,11465390.915985523,
5810,CNHUM,CNQIN,918.0842195306996,751.8639179071968,1460666.8193573973,239187.25001738552,10785366.240116633,14662.963905517261
5811,AAAAA,CNNSA,918.0365889482341,595.6113242453582,1455938.6966502925,238413.01002434272,5650752.191739668,9887.597770619297
5812,JPMKX,JPTKU,918.0350845638618,237.5968231844618,1455581.2344440492,238354.47483961517,13637025.738310488,58398.84568817549
5813,CNYTN,VNQUN,917.8309500901704,0.0,1455257.571095878,238301.47428866505,12688230.726449365,
5814,ESSCT,ESVIL,917.7227811728562,322.34313727711793,1455086.0649640972,238273.389800486,20992961.46885454,65865.32301571094
5815,REREU,REREU,917.0333179246556,501.0459510969341,1453992.8934908125,238094.38068285066,18693504.112882957,37784.15622782517
5816,IDKUP,IDLWE,916.3414935922668,751.0019312475706,1452895.9784243964,237914.75854400167,15817835.409838665,21379.106364894058
5817,TTPOS,VELGU,916.0413693706344,0.0,1452420.1195031463,237836.83564929245,15993455.950456614,
5818,CGPNO,CGPNO,914.0102807865848,230.48964600435934,1449199.7475607812,237309.49300090782,21212377.61352252,93061.3911659951
5819,CNQIZ,CNSTO,913.0378177107714,748.2943522668428,1447657.8685758226,237057.007088731,11456714.237262752,15627.234401712372
5820,JPHAK,JPTOK,912.9394315880897,631.8249177506325,1447501.8734550334,237031.46256107884,13798044.762465611,22213.55288581073
5821,CNPZE,CNWHN,910.9016658483725,734.8788914562316,1444270.9146160972,236502.38628621385,11756085.438559517,16319.134981658395
5822,CLLIR,CLPAR,909.7791623073114,0.0,1442491.1404904255,236210.94454663986,25254895.89668126,
5823,FRDKK,IEDUB,908.3898273971843,368.5489313804698,1512647.590519954,247699.21013271477,19302996.10819219,53047.760157909215
5824,RUNVS,TRGEM,907.3190034262492,0.0,1438590.4604823992,235572.2000280726,15039250.081561167,
5825,LYBHZ,TRBAM,906.7650065758901,371.5766861416502,1437712.076384795,235428.36279292722,15983774.121877057,43649.67741406413
5826,ASPGO,FJLAU,906.726236789716,557.3411984262774,1437650.6053428191,235418.29678109547,25181608.793353625,45604.0701134294
5827,GEBTM,ROCON,906.4802163273471,92.86499600039753,1437260.5300893406,235354.4211415979,14624835.956615763,160019.28625177295
5828,ROCON,TRYAR,905.9003255400115,0.0,1436341.0901221046,235203.86092183745,14711448.261610799,
5829,CNTJN,TWTCH,905.6465484714452,185.55918063456875,1435938.7164601951,235137.97139220886,10738838.89053497,59140.037288366766
5830,IDBON,IDSUR,903.2445136622174,715.5924942787382,1432130.194485837,234514.31794461544,13065558.570601795,18586.09892485227
5831,CLARI,PEGSM,903.1089828085132,185.0392552773587,1431915.304912816,234479.12932709698,20118443.129263792,109992.45661729196
5832,NOOSL,SEGOT,902.2432195730773,25.4981886681642,1430542.6027795738,234254.3464786116,18671421.428219464,741451.7172469895
5833,CNDAL,CNPAN,898.3981644534072,736.2961966164042,1424446.114560658,233256.03376792284,11866934.657170398,16433.862821163373
5834,DMROS,LCPCS,898.3520520993735,0.0,1424373.0015845464,233244.06136500044,17902423.179504808,
5835,GLNUK,GLSUK,897.1988148577218,0.0,1422544.4979510412,232944.64006648876,19754163.94414386,
5836,DZANN,MACAS,896.3269640618817,122.43311868389266,1421162.1437480284,232718.27667136895,19211620.768907323,158816.0070951194
5837,DZANN,TRBOR,894.8665746857474,0.0,1418846.6381572022,232339.1077826601,17524902.12032231,
5838,CNQIX,HKHKG,894.6870171274355,380.2061241856138,1418561.9424884026,232292.48827079774,12449137.874726417,33354.092836248565
5839,IDBMP,MYKUA,894.4619106072994,81.45224205783927,1418205.0271243053,232234.04263261656,11814250.671644168,147896.29370450688
5840,JPIMA,JPMKX,893.9516061351937,263.2967947285625,1417395.9190347134,232101.5494888335,13324959.309833901,51489.65399787323
5841,TRGEB,TRYAR,893.7930124014532,157.773963326325,1417144.462345732,232060.37292951214,15467939.981534801,99509.45025062146
5842,AEAJM,QAHMD,893.7475001621794,0.0,1417072.3008755024,232048.55633767022,11764610.00266519,
5843,USBAL,USPHI,893.3008236546456,0.0,1416364.0774609884,231932.58327066372,13543068.321206419,
5844,DERSG,FIRAU,892.3515712653809,609.4505142263562,1414858.9999451102,231686.1236761038,19278643.33871189,32012.983838654465
5845,JPSKI,KRBUS,891.8370016838403,730.9188935633059,1414043.129354432,231552.5231586085,12292827.418642558,17135.115882342987
5846,FIRAU,SENOR,889.7091112715336,625.0070981670104,1410669.274253264,231000.04732160654,19169354.531760726,31040.21480072582
5847,IDBIK,IDMAN,889.2963335654432,196.22525178006387,1410014.7987401984,230892.87558599966,17603045.200918842,90885.03092605912
5848,CNDAL,CNWEF,886.71287859894,726.719338747094,1405918.6278721103,230222.11902977808,12063816.554407766,16917.175610921786
5849,BEANT,FIKOK,885.6275266815558,0.0,1404197.7591272485,229940.32316964795,18625458.266057286,
5850,CNDCB,CNMWN,884.9024729942558,604.090143773319,1403048.157593556,229752.0735114674,11537762.593296874,19479.732930759466
5851,JPYOK,JPYOK,884.6315276600965,448.19018539328977,1402618.5629619414,229681.72649105426,12126229.657575935,27568.455951851327
5852,JPKOB,JPKOB,882.8667784639551,408.39376130424466,1399820.4827397414,229223.5349960421,11494526.446774926,28706.976189670597
5853,DERSG,GBTIL,882.7489285756773,565.2073514174025,1556553.3871484632,254888.87626069307,19130123.177491516,34297.1690037989
5854,CNTAI,RUVLD,880.4189960257202,524.7717013369788,1395939.4260753451,228588.00384108166,10721550.895506343,20866.48131263439
5855,TNRDS,TNSFA,879.8823132140881,40.062291254898625,1395088.4940765626,228448.66194459758,17746643.79873442,448678.59270233597
5856,NOBGN,NOMAA,879.6936586331308,0.0,1394789.374715603,228399.68052294364,20253851.54822208,
5857,CNYAN,JPKOB,879.658714901342,308.9734239048475,1394733.970035424,228390.60789055788,11012635.181762822,36381.85332443092
5858,FIKOT,SENYN,878.5917377605462,720.0635313911945,1393042.235231562,228113.58277426718,17736781.618433516,24949.041880372435
5859,CNFUN,TWKEE,878.2091078678815,19.452701111030986,1392435.5602788671,228014.23848050597,10461695.07553731,549523.1357847798
5860,AEMAH,IRBAB,878.1899022600961,0.0,1392405.1090218741,228009.25202341445,11105707.125016857,
5861,CNWGQ,JPHTH,877.9618444804634,287.8189170204227,1392043.5143181598,227950.04013357338,12300994.311343402,43530.64934431659
5862,MACAS,MACAS,877.9565154763742,68.52789762693573,1392035.0649696751,227948.65653506774,18879820.069251098,278831.97044521064
5863,CNRIZ,CNTAI,877.841039206628,588.6395056709218,1391851.972739223,227918.67479897226,9870993.16071269,17156.360961538056
5864,GIGIB,MATAN,877.4062587962779,287.63678146300686,1391162.6110611667,227805.79038080346,19957401.721474938,70176.03037131665
5865,CIABI,CIABI,876.7519437966672,119.75928326951464,1390125.1685376044,227635.90699537055,20283304.494064678,171268.06240899753
5866,TRGEM,TRTRA,876.0886814439202,0.0,1389073.539628857,227463.7005596601,15436967.498931684,
5867,ESVAL,TNRDS,873.4292909598331,65.07568797975378,1384856.96996961,226773.22844929493,17083306.587558694,265999.1826962086
5868,JPKAW,JPKOB,873.1038162066641,650.5143817075178,1384340.9167697225,226688.72365729997,12760045.899279771,19963.793250578932
5869,PAMIT,VEMAR,872.8516634292948,635.874812573828,1383941.1184862768,226623.25585128716,15408536.540557727,24588.424462234383
5870,FRMRS,ITLIV,871.5163382886631,595.2206480384361,1381823.9072279418,226276.5580747129,17042719.640775736,29012.764015765984
5871,TRTEK,UAODS,870.7067251739306,0.0,1380540.2333501356,226066.35378946277,16037455.478017453,
5872,DZAZW,ESVIG,870.137172809816,509.38175793947073,1379637.1853651751,225918.4777911215,20928518.189100884,41529.63143490852
5873,CNJIA,CNSHA,869.971629063052,360.59708775978584,1379374.709153404,225875.49676187066,10492002.229785655,29722.585373976486
5874,CNEZH,CNWHN,869.2442634206581,712.4026633298528,1378221.4419227175,225686.64683813212,11860648.337608688,16965.59488976906
5875,JPMAI,JPNTA,868.8911986421416,0.0,1377661.643637453,225594.97869681308,13748192.80542453,
5876,CNYJG,CNZHA,868.1322132592131,581.3404240982154,1376458.2420472698,225397.91916673552,14079893.107452758,24607.42524280862
5877,ITGIT,ITGIT,867.0751712647063,236.75233197746894,1378039.5173530453,225656.8563089342,15646360.08786431,67040.59390504225
5878,LCPCS,VCKIN,866.8086482053596,84.57220440201559,1374359.676875471,225054.27472587276,18246898.78481893,218416.36019959964
5879,AGSJO,BBBTN,866.1358326523504,283.9420402080228,1373292.900986761,224879.58794047867,18164324.77333703,64763.93685065139
5880,NOKRS,NOOSL,864.3163380555881,28.334556216326842,1370408.0197488314,224407.1825973966,19554033.3185004,698032.478437094
5881,KITAI,MHMAJ,864.2003990263096,472.1792571816494,1370224.1937946877,224377.08071251036,21546984.589307778,46108.25515709758
5882,INCHN,INKKT,862.5005108458686,157.08349243564626,1367528.9532993,223935.72943808974,15212659.984885285,98270.00581011029
5883,ESVAL,PTLIS,861.7743764519887,565.0244809741976,1366377.63826223,223747.1991901434,19089669.21443792,34181.55684215394
5884,CNDAL,CNSHD,861.6553059193924,176.5457537774433,1366188.8471847032,223716.2842559072,12016759.913266852,69333.1668172168
5885,DEBRU,GBTEE,861.6406842186002,626.4804208619804,1569228.889211949,256964.5162635848,19503682.94286043,31542.322475034656
5886,PEILO,PEMAT,861.5653642569084,0.0,1366046.2410922917,223692.93220968582,21112219.788836867,
5887,LVRIX,SENOR,861.4870027473202,577.6732469666904,1365921.9957940702,223672.58678195695,18142786.754693672,31793.85480964582
5888,CNLYG,KRPYT,861.4471429870939,706.012411939161,1365858.7965547706,223662.23777419495,10400553.001353038,15048.198954387151
5889,JPIMA,JPMMA,861.4012556842205,145.15369807749317,1365786.0404062478,223650.32380253734,13028281.65674151,91295.86194537903
5890,AOCAB,AOLUA,859.8204916357664,0.0,1363279.6759723583,223239.9013786562,20403482.125824213,
5891,CNSBU,CNSHE,859.629268087505,600.4453502346302,1362976.483411297,223190.25296195713,12787875.631060023,21669.02596370806
5892,INHDA,INKNP,859.5863707096337,0.0,1362908.4679080918,223179.11528089625,15633116.257686954,
5893,BEANT,SEAHS,859.0097078416577,0.0,1361994.1459357184,223029.39314351062,18531291.241028227,
5894,CNQHD,JPTOK,858.9352419761703,527.965308281452,1361876.077336563,223010.0591631866,12492805.497322429,24084.56646114893
5895,CNQIN,CNWEN,857.8364135099409,703.0531824057214,1360133.8409861121,222724.7643129017,10134370.538748793,14731.595791404543
5896,JPHMA,JPOIT,856.9839249690991,628.4224582444707,1358782.1864104948,222503.42804604687,12204287.217854986,19774.58075036957
5897,FMYAP,PWROR,856.3868614382021,0.0,1357835.5183735564,222348.40917286245,16803193.81465157,
5898,CNGLA,TWTCH,855.167228863813,700.8656105909386,1355901.742292394,222031.7492906272,11499768.016679334,16724.746640210615
5899,CNNTG,JPOSK,854.8629965461613,233.53875742017377,1355419.3698210896,221952.7597884585,10567455.41176971,46199.64707676461
5900,CNJMN,CNZHH,853.0044437795734,503.8508586794441,1352472.560297405,221470.21355891848,11856509.63649855,23971.339220722897
5901,ITNAP,ITVAD,852.7991353235899,388.2915570431123,1352147.0355534959,221416.90820051887,17047028.38981942,44472.88380288581
5902,LBBRT,TRIZM,852.2824215390477,0.0,1351327.765243456,221282.75097185973,14467822.602789102,
5903,NLMDK,NOTAE,852.2080199664466,0.0,1351209.7985832354,221263.43368424973,19706734.448305946,
5904,NOGLO,NOTHA,851.5184006618115,0.0,1350116.3796762507,221084.38404882792,20590748.57426954,
5905,GBBTL,GBSOU,851.1207718392068,77.50547486279548,1349485.9233220338,220981.1455007739,19057494.315624457,248736.95045741048
5906,BNMUR,MYSAN,850.6638108560558,348.58738214007866,1348761.393461322,220862.50221906003,14318397.851651102,41709.08385900098
5907,DEHAM,NOMOS,849.1516885966047,63.266861904605996,1346363.8633210792,220469.90163864105,18365060.772947107,293764.06723964086
5908,DEBHN,NOKAS,848.3236479902491,0.0,1345050.9719204837,220254.91292285846,18879923.27337903,
5909,ESFER,ESSCT,847.6697994533104,0.0,1344014.2689920885,220085.15064768272,21664942.796793688,
5910,JPFUK,JPTKU,847.616374952255,112.3742514465959,1343929.5623152924,220071.2797519983,13402637.949363299,121226.25115406686
5911,KRPYT,KRPYT,846.5471057916841,34.690042729009164,1342234.1934226796,219793.65954606558,10687474.021294909,314420.70469748636
5912,JPSBI,JPSEN,846.4262188050419,0.0,1342042.5222848293,219762.27299592114,13372023.90670021,
5913,LYBHZ,TRIZM,845.9834154331052,0.0,1341340.4398812512,219647.30553231345,15992277.678591833,
5914,CNTJN,IDBAH,843.7875591351611,345.76961258678034,1337858.822158175,219077.18334034036,13160501.437463256,38695.067853730565
5915,GBTHP,NLROT,843.5718791083984,186.13604725993815,1337516.8528752155,219021.18515423965,19092941.78252998,103751.86994658348
5916,ROCON,TRIST,842.2642006470651,591.6777711583067,1335443.4765293563,218681.66543636497,14527671.997018097,24922.946883040826
5917,ESALG,ESMAL,842.2203504856461,138.0509589871668,1335373.9503498431,218670.2803788956,19621831.374969013,143718.6804127328
5918,AAAAA,DEBHN,841.4433612563714,344.80900066070905,1334142.002943351,218468.54641162814,8572310.400855431,25494.633058947198
5919,CNWHN,CNWUH,841.2980352881757,689.4988971626099,1333911.5828257105,218430.81463491032,10665460.094055792,15785.218734184386
5920,DEBHN,DERSG,840.8580969314033,563.4024311393271,1338675.1979163114,219210.86658006467,18528201.089060478,33275.3479918946
5921,GIGIB,MACAS,840.55305909311,29.95166697080736,1332730.3933615189,218237.39238697168,20109791.609624688,678694.4119612622
5922,SYLAT,TRISK,840.5499921652658,238.4604785008131,1332725.530625124,218236.5961037054,15300233.74142039,65077.74552449026
5923,ESCAS,FRMRS,839.0291929353049,85.95492901305278,1330314.2428021322,217841.7426739304,18374842.372712452,216307.36397400746
5924,TRMER,TRMER,838.971220707982,343.79596003167586,1330222.325523992,217826.69102717834,13158010.854082083,38906.32555390374
5925,CNJHH,CNJHH,837.6742379204148,564.2703761392266,1328165.9075953937,217489.94828563769,13158761.958031133,23705.394562510843
5926,DEHAM,SETUN,836.9860421078463,97.99499086401633,1327074.7456918443,217311.2682392541,18497370.384390417,190975.9007845541
5927,CNYUF,CNZQG,836.6351847154694,629.3904358633669,1326518.4473053264,217220.17321368292,11394411.732369276,18449.01232039647
5928,USLGB,USLGB,835.7062674686907,456.6107178844313,1325045.6119687501,216978.9933434925,12867338.71185067,28655.301316220564
5929,AAAAA,TGLOM,835.2724332424916,410.73631274112313,1324357.7505033955,216866.35458829472,9472096.156540772,23589.25230269518
5930,MYKUA,MYPKE,834.5835177403115,586.1173406264139,1324969.985997435,216966.6094323438,10637100.090819128,18518.589961271526
5931,PAMIT,VEGUR,834.5026823683436,683.9296599273772,1323137.2797975955,216666.49995479555,15433860.019771788,22883.239953928052
5932,CWWIL,VEMAR,834.0333058148266,0.0,1322393.064554981,216544.6331505778,16554883.770718042,
5933,CNJIJ,CNWHN,833.9433032331871,683.4712120520603,1322250.3618728193,216521.26528758262,11492808.093354223,17132.14712216716
5934,JPHIB,JPNTA,833.8742217385337,683.4145952380658,1322140.8304083298,216503.32928093523,12938968.219750287,19249.620421771277
5935,DEBRU,RUSPG,833.1705150927738,0.0,1321025.0754602407,216320.6220720153,18017453.923775584,
5936,CNHUM,CNSHA,830.4951125419136,680.6451937100288,1316783.1180306224,215625.9926610949,10360115.159806587,15537.818014730889
5937,CNQHD,JPNAG,830.2344253695815,680.4315434811109,1316369.7881236426,215558.30902339582,12286694.949822802,18374.00599461372
5938,GPPPE,SXPHI,830.1758872957404,623.2342604928028,1320625.1686996983,216255.13650265077,17064251.746301994,27727.145277829604
5939,DZDJE,ITGIT,829.8406945645012,340.05442763626974,1315745.5122316491,215456.08253897156,17487155.36824466,52058.17072824225
5940,NOAAL,NOKAS,829.4225953517459,0.0,1315082.5992575644,215347.52915145646,20679729.44990795,
5941,IDNNX,IDTAI,828.9943609460628,480.81693156465747,1314403.6165309383,215236.3443083158,14660555.026120735,30938.576397509085
5942,TRDER,TRIZM,827.7409693422146,0.0,1312416.3141623824,214910.9193844464,15527390.035004444,
5943,USNYK,USNYK,827.6932024501009,290.7209334388936,1312340.5778501679,214898.51740474443,12889243.48072274,45074.642005034126
5944,FRSNA,PTSBL,826.5246763854907,0.0,1310487.8331781998,214595.12658542852,21099732.097463638,
5945,DZSKI,ITGOA,826.270913772979,0.0,1310085.4824369415,214529.24080910452,18177655.66990768,
5946,BNMUR,MYKUC,826.20433133744,48.36632980003202,1309979.9133303312,214511.95364685624,13364297.845987596,280749.22897344717
5947,NZAKL,TONUK,825.74246619208,541.4000707463912,1309247.607724877,214392.03707065995,24333928.404496733,45342.29263716997
5948,CNBAO,CNWGQ,825.3971236056511,492.8925391051738,1310230.1732020855,214552.93422485073,10901693.813116828,22553.083817261202
5949,CNZHA,VNHPG,824.9393775605301,525.8492591701049,1307974.2786753292,214183.52677269714,12994825.579577373,25119.383313759008
5950,CNCQG,CNWHN,824.1943889348499,394.0307802815612,1306793.0695019024,213990.10129732997,11063691.471679574,28621.321321441566
5951,ARZAR,UYMON,823.1710612724136,0.0,1305170.5426865602,213724.40913406722,22823076.93307028,
5952,MYKUA,MYKUC,822.3125511841704,524.1748152757401,1303809.3407074208,213501.50945989526,12117389.89304282,23524.38736686748
5953,IDBTM,SGSGP,822.0203930596413,252.63735205279568,1303346.1123507866,213425.65484658777,10878782.900206361,43905.65553717061
5954,CNRIZ,TWKEE,821.1778751279511,0.0,1302010.2665735707,213206.90730357164,10332046.11394365,
5955,THLCB,THSUT,820.0299071320683,0.0,1300190.1175393504,212908.85408818576,12660453.23680316,
5956,CNWHN,CNYZH,819.5376958041335,671.6648723024522,1299409.6968513294,212781.05856647567,10848925.774005689,16469.08642795756
5957,BDCTG,INHDA,819.2058750921733,122.07144063166307,1298883.581880725,212694.90613845843,14623524.487490552,121537.18606791612
5958,PHMAN,VNDAN,818.3601870754327,503.02487002452574,1297542.7098072502,212475.33552890582,13106219.323400242,26477.209085665636
5959,NOBRE,NOMOS,818.3507986680133,41.062783609222286,1297527.8241129115,212472.89796529018,19737398.053891134,485838.2505606825
5960,EGAKI,EGSOK,817.0120776267925,0.0,1295405.2285187766,212125.31849245494,15444030.16361237,
5961,CNNTG,CNRUG,816.7672272136629,462.9455848828247,1295017.0084250243,212061.74663924688,9632038.882973557,21264.055541439986
5962,PTSBL,PTSNS,814.9270208671271,0.0,1292099.2878819203,211583.9637911835,20594054.088459615,
5963,MRNBU,SNDAK,814.3050467070619,166.84409332601885,1291113.1230490913,211422.47723497348,23145142.915541813,139990.3642206697
5964,AEKFA,YEHOD,813.97672407614,0.0,1290592.5544254635,211337.23303288664,13200251.936113229,
5965,IDMAN,IDSOR,813.797299125227,156.93182138159463,1290308.069010983,211290.64795060921,17191470.84551696,110893.77119476044
5966,CNCFD,CNTZH,813.5726673564853,0.0,1289951.9063841528,211232.32557473163,12941501.499325333,
5967,JPWKA,KRBUS,813.2778416653374,51.27188549436072,1289484.448494272,211155.77836649923,12271291.600469187,243455.9848634512
5968,CNJIJ,CNNBO,812.8014907973854,666.1441106598519,1288729.1751980106,211032.10078284342,11067180.405495275,16930.589531304926
5969,ESLPA,ESVIL,812.7028324264585,475.7594668975927,1288572.7484167726,211006.48556988893,20232905.86170115,42971.10991944086
5970,TRISK,TRIZM,811.6623372334516,265.8677049731591,1291707.806048546,211519.85782128284,14519026.755159287,55405.55072105393
5971,IDMKS,IDNNX,811.5194821120245,634.8619013778209,1286696.4993055724,210699.2458494351,13487554.2273121,21576.745184161537
5972,ESBIL,FRSNA,811.4896659353444,133.01379683589013,1286649.2245684864,210691.50451225333,20464052.087778255,155433.07599736148
5973,INPAR,INVIS,811.3967113725148,0.0,1286501.8414024333,210667.37021022092,16399732.858854868,
5974,NLROT,NOFLO,810.6762759944486,0.0,1285359.5623821921,210480.31962894992,19141772.10006867,
5975,JPNAO,KRULS,809.7411582747303,663.635967515789,1283876.8959485178,210237.5298960253,12814061.98247565,19625.668513908273
5976,JPSTA,JPTOM,808.5262491848938,662.6402698647084,1281950.609140469,209922.09639794347,14435112.46264539,22101.033132250497
5977,ESBAR,ESHUE,808.1432619149746,82.79079833594625,1281343.367551886,209822.65931636916,19505856.30998517,238138.52946917835
5978,CNWEN,PHSFS,807.664198568264,661.9337628665542,1280583.7935123895,209698.2774770037,12043906.85195264,18511.82975825932
5979,GTSTC,MXALT,807.2485186147825,0.0,1279924.7163703542,209590.35221501815,12073744.893973326,
5980,MYPAG,MYPGG,807.2291975155425,220.52575032809256,1279894.0819970549,209585.33577224804,11613171.358911298,53611.683338993076
5981,CNMWN,MYBTU,805.5982874919214,0.0,1277308.2091199006,209161.89367430736,12119663.08653871,
5982,CNNBO,CNPLI,803.2902885111679,658.3490568121496,1273648.7847013918,208562.6552636651,11527541.99740349,17826.568643533246
5983,PGKBE,PGRAB,802.7657903111176,404.87335147693454,1272817.1718901498,208426.47692459138,20063569.27244643,50069.96799226463
5984,AAAAA,JMKIN,802.6843352827168,0.0,1272688.021694493,208405.32830963758,6440186.2155719735,
5985,CNHPU,TWTCH,802.6738988832285,263.13755404010834,1272671.474366939,208402.61865010377,10938620.802559605,42361.963353625455
5986,ESMAL,MACAS,802.2974310167355,0.0,1272074.5695524584,208304.87423693188,19802380.503586516,
5987,CNMWN,CNYPG,802.074656544643,202.26238975883987,1271721.3517435275,208247.03408115119,12664749.15440284,63645.03160391132
5988,NZLYT,NZTIM,802.04929750177,657.2651074581925,1272274.2704596801,208337.5756786237,24146469.444000807,37054.76944282882
5989,NOMOS,PLGDY,800.0870407288602,0.0,1268569.907608784,207730.9785055858,18013092.79183842,
5990,CNRUG,CNWGQ,799.745888025385,385.55540484459056,1268028.996393507,207642.40316152305,9566316.438718215,25350.335435757723
5991,GBTIL,PTAVE,799.1652263364251,218.32276597077225,1267108.3341310055,207491.6427883536,20028154.282750938,92686.8338057256
5992,JPKNA,JPTGA,798.1125869359405,0.0,1265439.332386143,207218.34025807263,14065711.80811455,
5993,CNZPU,JPNAG,797.4203834594757,435.6921898527594,1264341.8161716755,207038.6196799715,11583553.072022868,27061.74672464849
5994,DZALG,MATAN,797.0737440936728,0.0,1263792.20563449,206948.61980373156,17963300.195486017,
5995,AAAAA,PAMIT,796.604739988092,326.4349057395313,1263048.58092293,206826.84970021047,6817925.663636723,21519.611995606003
5996,LYMIS,TRGEB,796.2657069494779,0.0,1262511.0305208147,206738.82469633978,15803034.107100917,
5997,CNQIN,KRDAN,795.719121935109,652.1439894216868,1261644.3981847295,206596.91183674903,11417549.787088973,17824.509444967625
5998,ESALI,MACAS,794.6198322783163,0.0,1259901.43059825,206311.49724503336,19293698.11548019,
5999,GBTIL,NOKRS,793.7940414176185,0.0,1258592.1062591064,206097.09264303226,18620214.99385765,
6000,CNRUG,CNZJG,793.3347143144292,315.98009508963753,1257863.8248207218,205977.83503261936,9883936.657157352,31932.12056388443
6001,ILETH,SAJED,793.0137999842465,0.0,1257355.0023533318,205894.5142882106,13889332.685982607,
6002,USPEV,VELGU,792.8768715023301,0.0,1257137.8967850483,205858.962796828,14049679.62318278,
6003,CNHUM,CNSTO,792.7109827689703,649.6786221551939,1256874.8735832728,205815.8921968187,11112908.232158639,17422.03566250586
6004,JPHMA,JPIRI,792.6352581327196,587.7483169605391,1256754.8091528772,205796.2313949502,12313914.104421148,21301.141959129865
6005,CNXIA,PHBAT,792.3166777669599,649.3554633545926,1256249.68727915,205713.516630502,12484768.506211232,19543.19743039085
6006,MYKUC,MYSPB,792.2341642393607,0.0,1256118.8587908049,205692.09319160652,13006532.699147074,
6007,AAAAA,AUSYD,791.146160122485,0.0,1254393.7848778896,205409.60872640283,9535739.75020569,
6008,ROCON,TRGEB,790.4238375426621,215.93471889741664,1253248.5136240083,205222.06816060812,15195572.306440322,71321.52927161905
6009,IRBAY,IRBUS,789.6778033946279,251.6860627541517,1252065.6467331978,205028.37123054845,13154645.872333921,53080.70735968512
6010,DOCUC,GYGEO,789.4260082981084,161.7465925516459,1251666.4155670023,204962.99629117278,17263299.498569146,107997.71555795019
6011,JPHKA,JPNAG,787.6035181712969,58.68115636922084,1248776.7847967288,204489.81320222482,11731205.914860059,203399.12276034727
6012,ROCON,TRALI,786.9886587442907,0.0,1247801.9006568743,204330.17388310895,14340696.080010606,
6013,CNZHE,CNZHE,786.912927000362,286.63410458678163,1247681.8249569715,204310.51123583506,11207829.224889994,39814.31223119047
6014,AERAK,QAHMD,786.3103885435213,42.962194370080454,1246726.4762066295,204154.07087765512,11045922.156042786,261859.90710835689
6015,GLFRE,GLSUK,786.1301643219214,0.0,1246440.7235166028,204107.27827635358,19734555.784101766,
6016,CNBBU,CNHIA,786.0867163147907,113.6911061462377,1246371.8349687501,204095.9976324037,10740393.08518063,96265.12973438259
6017,DKFRE,SEGOT,785.6137838498336,0.0,1245621.9816867504,203973.2075874317,18320969.563035566,
6018,CACBK,CAHFX,785.150087715922,321.74098647563034,1244886.7729759347,203852.8156216539,16446943.74792606,51752.17725892345
6019,EGALE,TRDER,785.1190549147574,386.07392372167885,1244837.5692322138,203844.7584055967,15194595.77319411,39884.69457652483
6020,JPIRI,JPTKU,784.4007354150392,0.0,1243698.6450214668,203658.25718140468,13131555.88112106,
6021,AUBRI,AUGLE,783.6242325781936,321.1157173138325,1242467.4688095665,203456.64949886638,20014879.40162513,62962.773109496324
6022,VNHCM,VNVIN,783.3761717620043,0.0,1242074.158493744,203392.2441111364,13198637.049160069,
6023,CNWUH,CNYIZ,783.3701474366761,642.0231951958426,1242064.606685708,203390.6799825709,11746014.801520796,18612.1086760087
6024,ESALI,ESVAL,782.3607296984634,207.44573596995372,1240464.134609899,203128.59932908497,18751417.585042268,91371.10529529859
6025,DKCOP,SEHEL,781.4348616941069,36.08096347315269,1238996.1339687756,202888.21115039784,17395817.193172336,487755.9718552878
6026,COBAR,COSMA,781.0590176895032,266.68719526201204,1239107.9335895458,202906.51857238525,16303581.579535365,61894.56558606283
6027,CUMAR,CUMOA,780.7576500130294,0.0,1237922.3878437125,202712.3829742066,14601989.60432638,
6028,ESVAL,MAAGA,780.6168801014358,639.7667121046966,1237699.1915354934,202675.83411140676,19475279.930913366,30758.017559695283
6029,INKAN,YEHOD,779.7959069294536,0.0,1236397.5058339203,202462.6803523016,14273043.986978622,
6030,CNNBO,CNYIZ,779.4995677660941,638.8510013925702,1235927.6482734962,202385.74019299328,11146058.963506058,17763.836448501545
6031,JPHMA,JPTOA,779.4104392297811,12.284191436800194,1235786.3314250533,202362.59926317123,12700680.73721592,1050377.9107369639
6032,ALDRS,SIKOP,778.260723459883,637.8356872624283,1233963.4112254367,202064.09226364942,16920997.024760418,26845.567689251966
6033,GBIMM,ISVES,778.0320440974676,255.05930781289428,1233600.8309774338,202004.71898886756,21396818.509700622,84681.57235231697
6034,DEBHN,NOBGN,777.7942835342512,0.0,1233223.852123436,201942.9879122062,18670756.123338018,
6035,SADHU,SAKAP,775.3149640909978,0.0,1229292.792280003,201299.26863198174,13580256.552903851,
6036,JPMMA,JPOIT,775.1137931977237,635.2565715933144,1228973.8278067603,201247.03753163968,12685177.23593735,20285.385228126004
6037,CNDAF,CNDAF,773.8421154372106,634.2143482947426,1226957.5320076274,200916.8648728068,12644152.250648815,20253.51389488282
6038,ITVAD,MTMAL,771.5311057241669,0.0,1223293.3339530155,200316.84476925762,16971850.3641257,
6039,AAAAA,USNYK,771.4054335910096,0.0,1223094.0757745514,200284.2158253269,6444621.74036137,
6040,JPKOB,JPSKI,769.8416221751506,465.6906222705081,1220614.5904156503,199878.19490625456,12682986.21549495,27663.997929762627
6041,DEWVN,FIRAU,768.5132968067626,629.8470320586897,1218508.477575333,199533.31451886863,18384464.8392855,29505.573905876077
6042,IDAMA,IDTUA,768.3273906970694,629.694669813406,1218213.7160251616,199485.0466978556,17648308.822997537,28343.56828045588
6043,IEDUB,PTLXS,765.5503678287466,104.56978625090616,1213810.6355299612,198764.0330475863,19910025.71382691,192300.1898332774
6044,CNWEF,CNWEF,764.99677657021,626.9650131744753,1212932.894514365,198620.3011184662,13353469.987744631,21615.38523536679
6045,NOAAL,NOKRS,764.9118611922506,0.0,1212798.2577964969,198598.25407401263,19818099.08195553,
6046,NLROT,NOBGN,763.4679574381295,0.0,1210508.8908167582,198223.36543759846,18855778.187383734,
6047,JPIWA,JPOIT,761.8741795971156,130.68959446697252,1207981.892495823,197809.56417151034,12423613.909899786,96575.58067686057
6048,AAAAA,USJAC,761.3632072367769,155.99676622034644,1207171.7254428049,197676.89762024893,5722341.786660495,37949.624391051024
6049,CYFAM,TRISK,761.1013866208954,0.0,1206756.5984158795,197608.91970039596,15403150.089945208,
6050,CNSHA,CNSTO,760.8997627662593,623.607241753416,1206436.9157543352,197556.57099521576,10192085.64667762,16660.55414696589
6051,GBLGP,PTLXS,760.8452751236778,155.89064638949938,1206350.5234242552,197542.4240702767,19545032.11889747,126643.74034116254
6052,DEHAM,NLMDK,760.1680457232666,0.0,1205276.7492044815,197366.5912935178,17936619.93076271,
6053,CNGLA,CNJMN,759.929254102875,587.9962772287714,1204898.1355682176,197304.59251783745,11894709.402133226,20564.77985139765
6054,CNCQG,CNJHH,759.4970757482923,489.07386611216737,1204212.8995533413,197192.3836856527,12397506.47874514,25752.140392515357
6055,TNSFA,TNSUS,757.482789647009,73.0360950892172,1201019.1686174234,196669.4035578548,19133740.365210164,264669.2672322496
6056,GEPTI,TRALI,757.3141496208891,0.0,1200751.7831312655,196625.6186246441,14557251.62101771,
6057,EGDAM,ITVEN,756.9212223210391,310.1732835085977,1200128.7812288553,196523.60075868157,15037723.082225781,49115.2768241633
6058,AAAAA,THLCB,756.0514058903525,456.3971349629647,1200854.1069311355,196642.37436111862,5752999.984617257,13036.108036614145
6059,LTKLJ,SEAHS,755.8390075344219,0.0,1198412.886529922,196242.6194089869,17915437.845421072,
6060,EGALE,SYLAT,755.805318525084,77.42900133693038,1198359.4712622229,196233.87254706016,14643144.21639586,191651.42043314927
6061,IDPNK,IDSEM,755.5110787090911,619.1908618752643,1197892.9423007627,196157.47745280163,13410866.733680116,21975.492612928847
6062,ESBIL,GBLGP,755.3269903345382,0.0,1197601.062842141,196109.6815803144,18945326.575075064,
6063,AEAJM,AERAK,755.2799956311738,110.23313923087846,1197526.5508659803,196097.48008820476,10755001.841312762,99344.89208788992
6064,CNNJG,CNPZE,753.6597958150977,617.6736141696908,1194957.6594499727,195676.81874008264,11443198.863778396,18843.083815655722
6065,IDBAL,IDSEM,753.5556733206554,578.9890115240706,1194792.5690830115,195649.78484682614,13819780.84422046,24206.729920788166
6066,TRALI,TRIZM,753.1000282826797,274.3177102121573,1194070.12570585,195531.48323116233,14218521.532724993,52545.1054720759
6067,ITAUG,ITLIV,752.0262294705947,0.0,1192367.5748701356,195252.68696700915,17758361.838458184,
6068,ITGOA,TNRDS,751.4659526805395,0.0,1191479.2336777223,195107.2192367406,16535197.348091625,
6069,JMPRO,TTPOS,751.4394612766608,0.0,1191437.2305004927,195100.3411285229,16383999.013335768,
6070,CNDCB,CNYPG,750.8398647838292,615.3624958090396,1190486.5463514018,194944.66460856458,12899454.06536738,21279.16280104178
6071,IDPAD,IDSIB,750.1042449465124,289.29863864639833,1189320.1917655182,194753.67160301015,12341917.361747881,43334.70455308335
6072,JPHIB,JPHKA,749.9868107935256,416.0798143689827,1189133.9952331148,194723.18153097038,12241919.580391128,29890.04112295914
6073,MTMAL,TNSUS,749.7849461195866,0.0,1188813.9307429625,194670.77030055615,17460903.257711835,
6074,DZMOS,DZWAH,749.1592549706238,0.0,1187821.8724760169,194508.31868216986,20650396.760291103,
6075,LYBHZ,LYTRI,749.0599411193039,87.70053309578205,1187664.406404477,194482.5332832524,18282612.459695287,210683.95300173145
6076,DEHAM,SEPIT,748.7942414349586,368.21158401559865,1187243.1289598201,194413.54821961813,18537353.14909131,50872.290580943234
6077,ITMDC,ITSPE,748.3609848063929,547.6168670955522,1186556.183298546,194301.05942925604,17984144.76476318,33195.55498830267
6078,JPKOB,JPMMA,746.767139824319,280.9293386766547,1184029.0785227825,193887.24073096688,12249061.386687739,44292.09382698311
6079,JPKOB,JPSAK,745.9237591647291,611.3334249441073,1182691.864856079,193668.26919318305,12562103.512228,20865.490517858423
6080,JPNAH,JPOSK,745.6905633121753,611.1423056541357,1182322.1235328608,193607.72327734082,11574602.896701394,19256.08898468032
6081,FRSNA,GBSOU,745.097594094306,93.9471274621231,1181381.9471924943,193453.7674330624,19708298.1665557,211839.91966132866
6082,AESJH,SADMA,745.0086300110862,542.7408147599393,1181240.891090988,193430.66920109713,10474566.028067198,19655.784874013712
6083,AERAK,OMSOH,744.8721188908654,135.66034150932416,1181024.4472663158,193395.2260716165,10505773.737185117,78867.3303061187
6084,IDSUR,IDTUA,744.1903813874245,121.98256164235286,1179943.525269422,193218.2228313881,14423565.31286576,119826.82884257565
6085,DZALG,ESALG,743.3634473618349,304.617540781142,1178632.3883967574,193003.52142322782,17935140.955018267,59511.16416328103
6086,CUMAR,MXPRO,743.1170668697191,0.0,1178241.7423017584,192939.552307236,13223405.868391339,
6087,CNFUZ,TWKEE,740.8326868486846,0.0,1174619.7666857215,192346.44621640895,10413408.012000974,
6088,GBIMM,NOKRS,740.3788021754227,0.0,1173900.1144370108,192228.60165387302,19860789.50832648,
6089,DZDJE,FRMRS,739.905705814025,110.25477012129944,1173150.001290669,192105.76905557085,18217364.687686514,166972.0995879676
6090,HRRJK,HRRJK,739.8794555980307,606.379721894121,1173108.380526448,192098.95356828402,16562777.292122032,27630.99694916226
6091,CNHSI,CNJIU,739.4222926881096,477.4585218133089,1172383.53050279,191980.25785921732,12449703.748242307,26477.030838386734
6092,KMMYT,SCPOV,738.5677647027272,0.0,1171028.642306528,191758.39208021137,17920725.661009762,
6093,LVRIX,SEGOT,738.0121798782073,604.849367019257,1170147.7404125691,191614.14255064115,16859555.48773004,28190.77039678511
6094,CRPTC,CRPTC,737.576357634053,151.1230455291906,1169456.7268654718,191500.98763545818,15050776.529943163,100860.04728269228
6095,CNMWN,CNQIZ,737.3838752111312,551.7836101384457,1169151.538308437,191451.01237023922,11635803.718914082,21434.5886937758
6096,TRGEM,TRSAM,735.1849645391612,0.0,1165665.0777535457,190880.09715441646,15616570.761369875,
6097,CNCQG,CNYIC,735.1685089143709,502.098993522856,1165638.9867042506,190875.82469046488,12225216.327716798,24728.374907292204
6098,JPNAO,JPNTA,734.6336700736326,501.73371394358213,1164790.978394851,190736.96155423895,13749918.504942749,27784.96855817139
6099,INKKT,INPAR,734.4101460530064,0.0,1164436.572146831,190678.92678906902,16609533.921175249,
6100,CMDUA,GQMAL,734.3271801842175,467.5130882955927,1170843.5791387272,191728.08759899827,19822765.038390085,42810.55146275305
6101,JPKUS,KRBUS,734.0825813802801,601.6288034175785,1163917.2052961471,190593.879379818,13097654.359724734,22087.12110128385
6102,IDBUW,IDSUR,732.9301311847939,0.0,1162089.949555722,190294.66242641106,13590450.936090136,
6103,CNPZE,CNWUH,732.2630286212418,572.2241857245039,1161032.2318396096,190121.4589357458,11930413.588715306,21181.444877771133
6104,GLAST,GLILU,732.1669239573818,0.0,1160879.8540627584,190096.50675573747,20162625.211368117,
6105,PTLXS,PTSNS,731.8930875504205,0.0,1160445.675519931,190025.4091102654,20558079.62259664,
6106,JPMOJ,JPMOJ,730.7041200428688,142.58569829824717,1158560.5201250494,189716.7109672108,10888965.541535227,77698.41144466752
6107,TCGTK,TCPLS,730.1947868370204,598.4425008975041,1157752.9520168388,189584.4699986033,16082640.826112041,27190.95864967252
6108,EGSOK,SAYAN,727.9671164641303,0.0,1154220.8918093075,189006.0877441841,14820580.39518149,
6109,CNDCB,CNGUA,727.4623100932918,492.86119383558577,1153420.5011785186,188875.02210253265,11529107.11390319,23775.420508993735
6110,PGORO,PGRAB,727.128711453759,148.98241277566515,1152891.5672328507,188788.4080614464,20054180.181218755,135874.8875933542
6111,CNMEZ,CNXIA,727.0998916355946,567.0718685638562,1152845.8722619226,188780.92541428067,12024656.474399932,21537.724011500482
6112,DZMOS,ESBAR,726.8665850041209,0.0,1152475.9552943094,188720.35073630098,19274550.756094646,
6113,CNNTG,CNWUH,726.862339636557,529.5211928307331,1152469.2240947469,188719.24848827883,10227399.28618758,19670.824653859472
6114,CNTAI,CNYUY,726.561373358526,560.43734620024,1151992.0300594987,188641.10696585695,10591655.699860027,19235.5075547984
6115,NOAAL,NOTAE,724.355555867594,0.0,1148494.6184677246,188068.39849481537,20649587.7433223,
6116,NODRA,NOLVK,724.3382046109085,16.490073549820245,1148467.1073583455,188063.8934930517,19989611.40632168,1223625.5489615256
6117,CNPAN,CNTAI,722.4287875615344,592.077755336225,1145439.6504860225,187568.1410913125,11247257.734157907,19313.04760597819
6118,PAMIT,VEGTA,722.4009822609728,493.37913922453475,1145395.5640732087,187560.921848906,15869885.7963246,32545.856607175745
6119,LYBHZ,TRBOR,720.1892912017997,236.09693649735868,1141888.8397047718,186986.68839118676,16648103.318659825,71305.838427257
6120,JPMKX,JPTOA,718.7478383979136,376.99902474622513,1139603.3588043659,186612.43610840003,13478248.408390673,36246.409002510016
6121,IDMKS,IDTAI,718.0923526298061,588.5237626040064,1138564.059980666,186442.24874993286,13474945.479187898,23212.9755772156
6122,NOFLO,NOMAA,717.7897376208464,0.0,1138084.251816785,186363.67915847388,20539845.460907016,
6123,RUAAQ,TRYAR,717.6794883387901,0.0,1137909.447183748,186335.05453380774,15754760.338701885,
6124,JPNKI,JPSBI,716.9729393194684,0.0,1136789.1855390335,186151.60934387927,13358522.21606792,
6125,CNSHE,CNZHA,715.945259356891,569.5063118725245,1135159.7579782638,185884.78716910398,12509326.177658461,22291.607134407317
6126,CNHUI,VNDAN,715.8027185278578,0.0,1134933.7538098267,185847.77851331435,13529838.472410822,
6127,CNTAZ,CNZHE,715.4636260896383,451.3267109404003,1134396.1092272685,185759.73808719896,11655355.605882846,26236.238753291334
6128,GRTHE,TRGEM,715.0435081165433,439.51877597761364,1133729.9954281643,185650.66055788498,15879653.9361639,36552.032529186086
6129,CNQIX,CNSHE,714.6578809581317,181.77175486489148,1133118.5681911078,185550.53806760922,12450614.107643051,69516.65650751379
6130,USPMB,USPMB,713.5439596892979,404.85880826805175,1131352.4016002822,185261.32459035778,14557427.561891112,36414.395797758036
6131,JPTOY,JPYCI,711.8665503755476,305.6016382991179,1128692.8022444071,184825.80962715787,13152476.176402608,43642.769915308614
6132,CNJIT,JPKOB,711.8572428754399,0.0,1128678.0448318373,184823.39306995046,11174258.93162121,
6133,NOGLO,NOSOE,711.1570162989336,0.0,1127567.8076723223,184641.5894104627,20614179.143098913,
6134,PTAVE,PTSBL,709.4125422785096,290.7050444773756,1124801.8745497218,184188.6620703196,21503762.23784816,74604.65964362156
6135,JPKNA,JPSAK,708.2839905314622,0.0,1123012.5107522788,183895.6500019142,13641478.391477656,
6136,AEJAL,PKGWA,707.1692428558233,231.6936385880809,1124231.487569151,184095.26000797356,11415841.1861719,50065.83916964138
6137,ESGIJ,PTSNS,706.9585340182279,0.0,1120910.946596207,183551.5144710975,20357310.546991512,
6138,HRPLE,ITBAR,705.8911006093894,0.0,1119218.488361169,183274.37089143696,18217729.9610853,
6139,CNCHS,CNZJG,705.7748024125084,322.07962965003264,1119034.0929324692,183244.17575389982,11260469.678626578,35530.69738317528
6140,CNHIA,CNNTG,705.7556033088339,544.3886943177404,1119003.6519880036,183239.19098550625,10494120.142479604,19613.48471214414
6141,TNSFA,TRIZM,705.7284401697984,0.0,1118960.5837478966,183232.13847101235,16658332.461335903,
6142,CNDCB,CNYJG,704.7223803711327,473.9004666871092,1117365.4358191416,182970.92965775426,13109619.69086512,28049.33009128951
6143,JPHOS,JPIWA,702.8332775954129,19.8626879378178,1114370.1880377564,182480.45156209558,12650360.002354145,646077.7360088814
6144,CNWHN,JPYOK,702.177599777207,575.4805792370989,1113330.584710967,182310.21434060996,11308680.80073797,19967.643443870715
6145,ESBIL,ESVIL,701.6402383185684,0.0,1112478.5766902938,182170.69624328832,19914699.548948683,
6146,JOAQA,TRISK,700.2063312194039,0.0,1110205.0598056188,181798.4030931278,13794453.098200709,
6147,AAAAA,DORHA,699.4639845138175,191.08553120616898,1109028.039501851,181605.66355393795,7343831.648386319,39382.559550365935
6148,LYMIS,TRTEK,698.3806964301743,0.0,1107310.443047684,181324.4035382606,15927793.664411357,
6149,VNCAM,VNGDB,698.3153749215364,0.0,1107206.8731909567,181307.4437573667,14490175.553566488,
6150,CVPGR,SNDAK,697.3936366645895,0.0,1105745.4204290304,181068.12780760808,22956834.767129336,
6151,JPOSK,JPTGA,697.3567624294607,571.5295869665265,1105686.9548588246,181058.55394807152,12999023.953165356,23061.067716666366
6152,DJDJI,INKAN,697.3056030838281,0.0,1105605.8396762772,181045.27116709022,13750372.797217065,
6153,IDBLN,MMRGN,697.0622506874563,428.2923422384737,1107272.6481081743,181318.2145377808,11861616.19383826,28118.491088198163
6154,CNYAN,IDBAH,696.9047413695521,114.23182521449866,1104970.2574433996,180941.19324567294,12993245.598568808,115328.51521085888
6155,GAOWE,GQMAL,695.9617673261362,244.4116800943083,1104294.206615874,180830.48850714884,20710494.095290415,85475.9665157429
6156,CNJIU,CNYIZ,695.8538828400946,524.0575100751,1103304.0793405653,180668.35309268621,12403510.103998525,24012.972269566057
6157,ESSCT,PTLXS,695.2660177338206,0.0,1102371.995772666,180515.72245684394,21706288.33312487,
6158,TWKEE,TWTAP,694.69999134711,363.7527873407143,1101474.5383654826,180368.76192731922,10692573.266637428,29891.020514381515
6159,IDMOF,IDSUR,694.5101909995021,569.1966350525489,1101173.6023458096,180319.48302399722,13670778.289411629,24334.46882755531
6160,BDMON,MMRGN,692.7969593764328,81.11321848777506,1098457.2052900472,179874.66731851763,14475031.84333587,180672.23547371748
6161,DZSKI,ITVAD,692.3597801759458,0.0,1097764.040234574,179761.16008933325,18911856.161447793,
6162,CNRIZ,CNZZU,691.9073298265815,567.063419672364,1097046.6621635985,179643.68792816313,11865183.206864307,21240.705143265437
6163,ILASD,TRIZM,690.7414913423348,113.15563645377713,1098116.4401470593,179818.8663128585,13531242.033226062,121169.93310483248
6164,PGBMK,PGLAE,690.563889056529,423.68596543458307,1104136.0175717277,180804.58471995327,19637948.649103194,46776.987794473345
6165,NOBGN,NOSGN,688.4940562597986,0.0,1091634.7808146481,178757.48102586265,20479372.51501441,
6166,MYKUC,MYPGG,688.2840576058297,62.67710117091299,1091301.8195748054,178702.95792568338,12624940.034524847,204279.4378370582
6167,AAAAA,PLGDY,688.0347359679733,281.944787554975,1090906.5101759527,178638.22518392152,8155388.667286021,29559.074188753828
6168,CNSHA,CNTAZ,687.4212106773377,286.02711969291323,1089933.7413625142,178478.93225393535,10771087.280600632,38281.5665333075
6169,AOLUA,GQBAT,687.3829211551541,562.7787802880675,1094965.5345718686,179302.89892754753,20686111.970006708,37075.69581471063
6170,JPKOC,JPKOM,686.9296468835304,529.8671832031216,1089154.3473656736,178351.3048550557,13427372.496079948,25677.611734107577
6171,DZMOS,ESVIG,686.1157153989266,449.85344955091824,1087863.8265402354,178139.97936779467,20906670.04461061,46870.397559531986
6172,CNXIA,VNCMY,686.0497618729951,112.45255174001942,1087759.2545948867,178122.85549279084,12807677.688387234,115478.04245387044
6173,KMMYT,MGTMA,685.9942879780554,0.0,1087671.2985223646,178108.4525017527,18642579.696825128,
6174,CNCHZ,CNZHE,685.5241358900877,484.18040013880767,1086925.853638953,177986.38434127983,11395106.986929929,23902.440842201308
6175,JPHAC,JPTOK,685.0822218835989,174.24924711047336,1086225.1813597572,177871.64778849224,13564118.445229728,78863.98547424341
6176,CNMAA,CNYSN,684.5142540437882,561.0043093629843,1085324.6457012654,177724.18318887055,11140425.092379047,20174.79917118566
6177,JPNAO,JPTOS,683.5355836650821,560.2022248239748,1083772.9247900462,177470.0856406615,14288092.918200145,25822.037762142296
6178,NZAKL,NZMPT,683.0033817272644,522.4483137474258,1082929.0973953772,177331.9071379767,23915681.238202997,46115.591746341786
6179,JPISS,JPKNA,681.1562307871202,558.2521891451759,1080000.3659221819,176852.32122705612,14174457.934726683,25707.57542022217
6180,CNRUG,CNSHA,680.6260361188887,310.91476123004156,1079159.7211334845,176714.6638827629,9544180.006054552,31265.46527247369
6181,NOIKR,NOSGN,679.7332619450293,0.0,1077744.1920802747,176482.86803646173,20736172.34148736,
6182,AEKFA,PKKAR,678.7195081157946,0.0,1076136.844959243,176219.66157992563,11217609.44673383,
6183,QAHMD,QAHMD,678.5775929984381,370.75921761100653,1075911.8328816206,176182.81538108416,12055530.317395216,32990.988630280204
6184,ITLIV,ITSPE,677.740173817291,42.727115884201645,1074584.07137671,175965.39165458488,16780358.499216273,396851.5903770715
6185,NOMOR,NORKN,676.7649774966592,0.0,1073037.8587230998,175712.19609509254,20663909.75328607,
6186,COSMA,DOCUC,676.3552367789541,554.31745979236,1072388.1984762235,175605.8128694064,16007366.107754663,29194.411315649337
6187,GRTHE,ILHFA,675.9773403648377,0.0,1071789.0286425205,175507.6975545943,14796342.961601041,
6188,CNCHZ,CNZJG,675.963896644019,379.50957155779327,1071767.713087076,175504.20708775974,10850595.312750516,29053.54791073873
6189,CNCHZ,CNTAZ,674.1841674920589,443.484548638008,1068945.8815475802,175042.1262648098,11842633.367922781,27098.295828107774
6190,MYSPB,THLCB,673.6069039312267,0.0,1068030.6071527298,174892.24816624937,12302902.488995658,
6191,JPIMA,JPKOM,673.4410710144857,0.0,1067767.672450429,174849.19205821434,13163033.385464635,
6192,NOBGN,NOTAE,673.3147965188489,0.0,1067567.4592022337,174816.40671961536,20375916.888420533,
6193,CNSHD,CNWGQ,672.433095764784,551.1030080875485,1066169.4874976752,174587.48592591748,11371461.072557846,20950.7993769643
6194,CNWEN,JPTOK,671.6614865941757,274.91057159772174,1070678.2993316648,175325.81330429408,11060865.440808788,40872.1686794754
6195,GBHUL,LVRIX,670.5175570390251,0.0,1063132.3244633344,174090.1441198251,18242511.419898704,
6196,IDMKS,IDSOR,670.3288139556512,78.48263016912638,1062833.064778264,174041.13971980417,14626709.090577243,188586.31774192743
6197,NCPRN,VULUB,668.7752055622301,547.8694960624164,1062456.4765406172,173979.47260738816,23072426.2605237,42430.553079163816
6198,CNCGM,CNLYG,668.6638335345626,547.5878177499145,1063960.1300207614,174225.69901311497,11234280.987973752,20834.113391830746
6199,DEBHN,DKCOP,668.3730422727582,49.79777527866422,1059732.1107860445,173533.3520107935,17029666.86445308,345461.22030946554
6200,ESSCT,MRNOU,668.0495373729225,273.75519729511944,1059219.1808671674,173449.3586626035,22919086.503712084,84354.6938671633
6201,DEHAM,FITON,667.3262995692992,0.0,1058072.4584894548,173261.58047224305,18501505.93176942,
6202,MYBTU,MYKUC,666.522292827185,0.0,1056797.6737389963,173052.83180020817,12924764.440141214,
6203,AAAAA,TWKAO,666.4954027414079,477.9570944464952,1056755.0384357187,173045.85018002658,5448763.006387434,11762.162172899376
6204,CNCHZ,CNSAX,666.3364211028119,546.1063834914278,1056502.966708121,173004.57290684406,12221800.866583414,22696.686605723993
6205,DEKIL,SEGAV,666.1144222707983,436.7395527151111,1056150.978707465,172946.93413474338,19373504.88138504,44755.396423346385
6206,AAAAA,MATAN,665.7675731455457,311.7943858831979,1055601.035588308,172856.8797975092,9287520.1464758,30341.71702442803
6207,CNHPU,CNSHL,665.6517805800909,6.3806464993755005,1055417.4418583969,172826.81593982727,12423221.516637577,1974102.2063846085
6208,ESSCT,MAAGA,664.6829205148506,226.9796797302774,1053881.2755903767,172575.26549701043,21670072.781329896,96231.73348725657
6209,IDKUP,IDLKA,663.7943218676273,544.0229665028961,1052472.367001153,172344.55376554895,15785430.714977654,29332.907342723833
6210,CNDNG,HKHKG,663.659130648094,111.1218408630792,1052258.0159316538,172309.45332910967,12702655.076842206,115863.49209275104
6211,CNMAA,CNNJG,663.5288401408179,495.56458637833464,1052051.4351368605,172275.6252914229,11292275.171043186,23134.322168013216
6212,CNFUN,CNMEZ,663.1389401573291,442.8403126262481,1051433.2331652592,172174.39342418048,11914599.762681857,27293.753101260976
6213,PEGSM,PESAL,662.013898518951,0.0,1049649.4347850815,171882.29270450515,19740182.935661677,
6214,CNWHN,JPNAG,661.8016159334194,542.389813343879,1049312.8522806712,171827.17661467072,11110847.6939832,20801.782395283615
6215,DELUB,LTKLJ,660.3537625402337,0.0,1047017.2229906986,171451.26251184373,17531528.450083144,
6216,CNGUA,CNJMN,660.3292830144228,434.7208829408283,1046978.409726372,171444.90675854293,11344025.840491543,26489.343390521004
6217,ITBAR,ITPOL,660.0023353617779,0.0,1046460.0211856316,171360.01954959356,18512642.41439528,
6218,GBBEL,GBSOU,659.7126177463188,0.0,1046000.6623534465,171284.79857901664,19731348.029035453,
6219,EGAKI,ILHFA,659.5283322437651,0.0,1045708.4703405185,171236.95152510738,14599237.787811933,
6220,DZWAH,FRFOS,657.6774585686821,0.0,1042773.836322629,170756.39906013437,18933337.8027022,
6221,CNBHI,CNTAI,657.4257984277339,538.8035440102991,1042374.8191338732,170691.0591600125,12153445.682480125,22873.154563743115
6222,CUMAR,MXALT,657.221711985811,0.0,1042051.2319419866,170638.07107981344,12584181.167595293,
6223,LYBHZ,TRYAR,656.6776350438797,269.09518753304377,1041188.5762547641,170496.80940480024,16386819.900971925,61529.59055926467
6224,IDBON,IDTRE,656.477052811576,538.0259847761275,1040870.5451269636,170444.73114172858,14603893.041515851,27460.26807386483
6225,ITORT,UAIZM,655.4983616136401,0.0,1039318.791206025,170190.6281881089,18075482.418293305,
6226,CNNTG,CNTAZ,655.265988942288,432.6102699312841,1038950.3550694276,170130.29599930864,10858946.15751964,25494.254806458503
6227,JPONA,JPSDJ,654.5550429897869,536.4507717162214,1037823.1219118232,169945.70920954747,14272372.350873595,26921.982074662807
6228,IDMER,IDTUA,653.9538492425347,535.9580540248394,1036869.9052521557,169789.61798567965,18003798.371533126,33908.601341172376
6229,ESALM,ESMAL,653.126304569414,0.0,1035557.8001734802,169574.75803175784,20832088.628933482,
6230,GLFRE,GLJNS,652.4374079207771,0.0,1034465.5270663978,169395.8960234691,19792357.225793403,
6231,BDCTG,INKKT,651.5126139443261,410.73638588116034,1032999.2293393468,169155.78670052686,15085932.242988957,37140.82451439617
6232,JPKOB,JPTOS,651.4384930569213,266.94827735938054,1032881.7077166977,169136.54228875105,12848410.468830878,48764.30423109525
6233,CNTES,CNXIA,650.1854730509444,532.8696226732728,1030894.9945313849,168811.21384487135,12699973.108418887,24149.967974725798
6234,JPTGA,JPTOS,649.6815917798689,0.0,1030096.0706831596,168680.38839193582,14340220.950920848,
6235,DMROS,VISTS,649.5129081769568,532.3184116642921,1029828.6161042599,168636.59214464398,17439996.373261765,33079.13568188083
6236,HRPLE,SIKOP,649.4411237346808,0.0,1029714.7990085314,168617.95435690793,17086118.178243205,
6237,JPHIB,JPOSK,649.2591334385012,475.09859520368707,1029426.2461368339,168570.7032199948,12135945.63525219,25898.86912462227
6238,CNJIN,CNSHA,648.8341726714995,455.7961229299391,1028752.4538948777,168460.3683295867,10732279.759567192,23915.824596806284
6239,LBKYE,ROCON,648.6420372590926,0.0,1028447.8155368521,168410.4831606075,14822416.566131169,
6240,MTMAL,TNBIZ,648.4889534958074,75.92560195292823,1028205.0951257449,168370.73718508013,17517028.732879672,232930.64546303116
6241,IDPWG,IDSUR,648.3517010363336,531.366726281403,1027987.475878125,168335.10157763067,10676695.958544564,20409.691694505625
6242,AEKHA,AEUAQ,648.2417248116129,409.8419435995521,1027813.1041883826,168306.5478483355,11059973.2103599,27396.609677361746
6243,DEHAM,NOKAS,647.6575466431112,0.0,1026886.866407343,168154.8744723314,18814969.52091831,
6244,AEAJM,OMSOH,646.1083432118616,0.0,1024430.5425905526,167752.64630427543,11224461.583807519,
6245,AEKHA,QARAS,645.8264830270651,264.6485722821389,1023983.6420280087,167679.46540143742,11359494.711707726,43556.53264140859
6246,LYTRI,TNSUS,644.9211831909502,0.0,1022548.2530378153,167444.4174488724,18960474.176922813,
6247,IDKUP,TL2839,644.6007786384594,0.0,1022040.2388432842,167361.22906083663,15922770.464811133,
6248,JPNTA,JPSDJ,644.4183909777125,528.1431208123984,1021751.05593422,167313.8747539855,13718988.835710587,26292.688786903887
6249,GPPPE,TTPOS,644.1325880106941,527.4466187501414,1025383.4328622281,167908.68408142618,16797011.300392088,32164.240666997295
6250,SEHEL,SEHSD,642.9625425575621,432.36919596606634,1019442.7502101824,166935.88485853843,18365738.682814717,42863.07799117066
6251,ECGYL,PESAL,642.9316859185656,263.46233427248023,1019393.825778604,166927.87338042937,17301116.51659036,66301.86602652978
6252,ESCAD,ESHUE,642.0851073574173,0.0,1018051.5417114592,166708.07155395686,21023636.163809627,
6253,AWBAR,COBAR,641.2063254949036,394.1329669196714,1016658.1980258499,166479.90860805206,16487008.799498497,42253.47815550967
6254,GDSTG,SXPHI,638.9754756542563,0.0,1013121.0966454041,165900.70085101292,17944927.20915336,
6255,AEJAL,AEUAQ,638.9077636010662,0.0,1013013.736484963,165883.12039994972,11026142.18795718,
6256,NLROT,NOAAL,636.6593312782257,0.0,1009448.7573778748,165299.34760680242,19129449.042285502,
6257,LYTRI,TRYAR,636.394456863294,0.0,1009028.7884307816,165230.57681238395,16879608.49542864,
6258,JPOMA,JPTOK,635.4722310604701,434.00929685951724,1007566.5626454258,164991.13427842016,13437585.723528486,31341.67160988229
6259,AAAAA,CNWHN,635.3556071123538,280.38530975529386,1007381.6507251527,164960.8545643064,5245565.971950001,19296.75570819435
6260,CNLSN,CNXIA,634.7363427468321,520.2080475120302,1006399.7823796291,164800.07156688868,11847203.793998176,23090.76901638527
6261,IDBLN,INCHN,632.6802091338358,311.11374672707757,1003139.7005451653,164266.22634052826,12567986.114618007,40924.75011117981
6262,SDPSU,SDPSU,632.6524235532955,268.1897271242395,1003095.6453992318,164259.01221813887,13532159.719227536,51069.885779408614
6263,GDSTG,LCPCS,632.1820221643875,414.49169146252984,1002349.8052392381,164136.87933029802,18260684.218496073,44451.60536949383
6264,PECAL,PESAL,631.5663153596557,0.0,1001373.5775482095,163977.02000186426,18631749.03387419,
6265,FJLAU,NZAKL,630.4565869235287,516.7005070251656,999614.0588608349,163688.89513272233,23688634.389104642,46162.76345762449
6266,NAWVB,NAWVB,629.670149183524,0.0,998367.1304638084,163484.70799688762,22030051.93100852,
6267,CUMAR,DORHA,629.1439209371282,171.87489706273533,997532.7745950978,163348.08047641,14092313.600642363,82942.08127388943
6268,ITCAG,ITSAL,628.8014973918905,0.0,996989.8484095298,163259.1751767431,17389302.328597408,
6269,CNNTG,CNYAN,628.3366005445412,514.9630391968818,996252.7359196784,163138.47146316207,10072877.122457147,19877.184991536553
6270,CNSDG,HKHKG,628.2068310576095,514.8566845943847,996046.9812234177,163104.77870083973,12925433.19792437,25421.711261137934
6271,DKFRE,NLROT,627.8480376994279,308.73757794847086,995478.1000466591,163011.62321702077,18514931.413646467,60497.79609264437
6272,IRBUS,IRCBA,625.846896516601,102.58451270316507,992305.2109031251,162492.05597636435,12655084.308968449,124946.50534660432
6273,CUSGO,JMKIN,623.9825234731013,0.0,989349.1730983055,162007.99859646623,14022540.975712283,
6274,INHDA,INKAK,623.4334383806502,0.0,988478.576788727,161865.43662791618,16157836.065344783,
6275,CNBAO,CNBYQ,623.2151894417706,510.76570702782817,988132.5343931671,161808.77146109886,11657496.671344383,23140.366082097848
6276,NOGLO,NOMOR,622.4625785452147,0.0,986939.239805319,161613.36697381572,20598057.30218762,
6277,DEWVN,SEPIT,621.783634917812,127.39811355994017,985862.7476102933,161437.0891229184,19091708.689475257,151125.83099230638
6278,JPKUS,JPTOM,621.660492203586,509.49153071196076,985667.4999264086,161405.11690587222,15076728.958833644,29908.513011876425
6279,AAAAA,ILHFA,620.5061877123911,127.13637562570754,983837.3041261948,161105.41851151895,6431984.693325142,51858.40857416663
6280,AUMEL,AUMEL,620.1713079681384,254.13552329850228,983306.3389379077,161018.4718502008,18697685.337862276,74207.27163577772
6281,BGBGS,TRYAR,618.9328711214525,338.17071093777156,981342.7479331736,160696.9297118041,16123168.58373106,48152.7967584376
6282,VULUB,VUPVI,618.8677609237368,470.9739397358077,981239.5131183396,160680.02479472174,23345189.77339149,49909.066755098596
6283,HTCHA,JMKIN,618.2583505585228,152.01097577471086,980273.2686832453,160521.8002453502,14518588.380731655,96566.12034865367
6284,IRBAB,IRQES,617.870544882311,112.53009342341545,979658.3873193453,160421.1121345715,11179648.977475885,100773.66635555282
6285,IDSPT,IDSUR,616.6074832885242,456.04779436468243,977655.7527961378,160093.17653827544,12741408.573714651,28289.801879704155
6286,AEJAL,IRBKM,616.4442740139748,0.0,977396.9779831533,160050.80162082592,11191926.257299336,
6287,VILIB,VISTS,615.4508855670625,36.907489094534675,975821.9209878905,159792.8827399936,17335736.854292464,474037.38824441534
6288,AAAAA,KRGWA,615.4052212886062,504.36492608860084,975749.5184534742,159781.02667338634,5267701.628588233,10761.023168982578
6289,DEWVN,DKAHS,614.7036859932018,228.9954417817764,974637.206267959,159598.88322404635,17638310.68183722,77721.67614594691
6290,CLLIR,CLVAL,614.6748722225747,403.0130857166309,974591.5208856424,159591.40214703584,23114910.939076368,57751.23232000541
6291,AAAAA,VNHCM,614.551643383939,302.0384366642481,976768.1341746902,159947.82713051545,5566029.758646126,18957.777854418415
6292,TRGEM,TRMER,614.2347402352852,0.0,973893.6740689476,159477.12826964876,14094301.094929043,
6293,GYGEO,VEPCA,613.8393381930871,0.0,973266.7483638609,159374.46787278232,17769236.926744938,
6294,CNWGQ,JPTHI,613.0488793650336,200.97349975822794,972013.4443713865,159169.23671984382,11765611.915573714,59335.092271563786
6295,CNCFD,CNDAL,612.5695049159958,457.7431467288179,971253.3770667446,159044.77410727798,12221226.571109891,27046.32812897502
6296,CNHUM,CNTES,612.4016878345639,501.90333350513095,970987.2963922052,159001.20283970181,12997147.784561224,26212.515656197433
6297,FIRAU,PLGDY,611.8466899654956,501.44847636461816,970107.3251395203,158857.1057045888,17478141.317792866,35172.10492164915
6298,DEBHN,SENYN,611.5411656971406,501.19807919589664,969622.9042288577,158777.78076618616,18133658.421300016,36497.41880777735
6299,CNNBO,CNYZH,611.4868769968039,501.15358604669086,969536.8273296397,158763.68549371118,10423298.08614674,21115.406666280054
6300,CAVCR,CAVCR,609.9220279127411,249.9355448137751,967055.6967064231,158357.39515916235,14371087.390200095,58132.76697472153
6301,ITNAP,LYMIS,609.7567643451747,0.0,966793.6647299425,158314.4868743705,15790309.727477498,
6302,CNDCB,CNHUI,607.9074733690729,281.6026257090575,963861.5401443996,157834.3453341985,12435649.863869162,44720.76273256958
6303,CUMAR,USMIA,607.8732375344651,276.7733175497816,963807.2578634297,157825.45649703333,12626974.046286069,46192.31223574713
6304,JPKMJ,JPNKI,607.6369462129765,30.64605017599371,963432.6085507792,157764.10688764518,13564034.543008832,447750.96859448845
6305,GBGRA,GBIMM,607.1911654331911,331.58702131706355,964960.5697715203,158014.31373679033,20091608.112518407,61068.80283137652
6306,CNMWN,CNZHH,606.8410611258794,397.8768282809159,962170.701008212,157557.46688536485,11806885.998945657,30070.72193051584
6307,IEDUB,PTSBL,606.7810721037129,248.64843520723736,962075.586021425,157541.89160712648,19946000.179689884,80851.27121166722
6308,BNMUR,MYPAG,605.121521749135,0.0,959444.3027574678,157111.01346326643,12352529.170374045,
6309,JPHTH,JPYOK,605.0507331200446,225.3994291694301,959332.0645632544,157092.63422395938,13622326.420304926,61133.33607500424
6310,IDTBO,IDTEI,603.6383133600566,234.34160853707402,957092.6167116798,156725.9199493029,16096594.174164796,69357.38043098198
6311,DERSG,FIKOT,602.2746958968049,493.6035996655438,954930.5468476374,156371.876482119,18131324.286193978,37049.35736908621
6312,DKKAL,SEHSD,601.9002147411152,414.3692177576237,954336.792042358,156274.6478895493,19365416.14659584,47111.82674265196
6313,CNLYW,HKHKG,601.8275804454054,493.23715923930564,954221.6274701209,156255.7894497136,12208532.329540351,25068.646770368323
6314,JPSEN,JPYAT,600.9721263863676,26.86560319377719,952865.27094715,156033.68322913465,13340430.000661975,502369.65038690297
6315,CLLIR,CLPCH,600.7884878346165,0.0,952574.1047005175,155986.004146604,24782597.17522345,
6316,KRBUS,KRMOK,600.5617286703031,351.57122194124406,952214.5690031758,155927.12942336762,11962998.03390084,34470.75416585027
6317,CNLYG,CNSHD,600.54121511636,246.09144925768712,952182.0439453941,155921.80337705484,11686494.343436984,48122.013920173296
6318,DEWVN,GBTEE,600.4137853312268,81.76862054972943,966794.0724951602,158314.55364677866,18596400.102171272,229363.2267455453
6319,IDJAK,IDKEN,600.0661099611975,295.07611121510354,951428.7457764349,155798.44922463028,13184749.032590209,45210.53035055723
6320,CNHKO,HKHKG,599.7964604961556,452.76416617568617,951001.2057969805,155728.43865781042,11879609.796268482,26581.914237126748
6321,CNFUN,TWTAP,599.028435696904,0.0,949783.4718517582,155529.0321745861,10697353.1606669,
6322,CNZOS,IDWDA,598.9839209787515,0.0,949712.891991044,155517.47457461385,13250231.580272907,
6323,CNQIN,JPHMA,597.8271125990378,489.9585135602389,947878.7261757378,155217.12608197678,11165805.512690742,23106.084138653983
6324,CNGLA,CNHPU,597.5838774444036,489.75916640401493,947493.0671387403,155153.97360717464,11825966.632708602,24463.290180529755
6325,DMROS,VCKIN,597.4541581557369,174.87601890795963,947287.3920338304,155120.29387810262,17927482.905098878,103402.41796386144
6326,MYSPB,PHMAN,597.3593248799925,0.0,947137.0300935348,155095.67179555105,12675699.467106275,
6327,IDAMI,IDZRI,597.2428900500972,0.0,946952.4180277425,155065.44118323637,17153668.46588347,
6328,IRBKM,IRBUS,596.9463093002221,54.35962638995204,946482.1774222644,154988.43829949843,13036669.190308724,242673.80967589942
6329,IDAMI,IDBIK,596.9070698492401,0.0,946419.961708007,154978.2503460214,17134966.923770495,
6330,JPHMA,JPIWA,596.1263872132041,100.94311107509603,945182.1582578152,154775.5574393367,12261142.982480623,122999.16663637612
6331,EGPSA,LBKYE,596.06760412045,0.0,945088.9553201997,154760.29526315365,14192406.856341755,
6332,JPMIZ,JPMJR,595.9916915871405,0.0,944968.5929715245,154740.5856765431,12543666.756800395,
6333,NORKN,NOTHA,594.9927675314023,0.0,943384.7590477281,154481.2295552863,20656601.02536799,
6334,CNZPU,CNZPU,594.7023608709588,402.9153283805362,942924.3077072441,154405.82968418792,11436542.699979339,28767.70307114346
6335,ITVAD,ITVAD,593.9213233828962,121.6893658064924,941685.9416250136,154203.04464532886,18167441.51252135,150560.76951129263
6336,CMKBI,GQBAT,593.9023496232738,340.71933909020004,941655.8579725286,154198.11838424523,20585285.003917463,60869.697557176994
6337,PGORO,PGPMO,591.9370415130127,107.8069364755479,938539.7835944389,153687.8546803892,19461287.18288704,181945.38940466393
6338,PGALO,PGLAE,589.6773229102437,170.5691387975853,934956.9096404688,153101.15156859672,20062897.085416492,118520.84368541866
6339,LBBRT,TRGEM,589.0300370256084,0.0,933930.6120589953,152933.09319076614,14885752.524704557,
6340,CNTAI,CNYIZ,588.549186294158,425.60703941761756,933168.2040497191,152808.2472829155,11093525.316937966,26424.218874786195
6341,ITAUG,ITGOA,587.886811584941,0.0,932117.9825351848,152636.27131095424,17618551.82577702,
6342,KNBAS,VCKIN,587.7399807012607,481.69144763672375,931885.1763140331,152598.14880479043,17984398.070265062,37652.72625879834
6343,DEBRU,GBIMM,585.2896015703693,335.7782409009144,928000.002489883,151961.94345629978,20383802.03322312,61158.709753141404
6344,PLGDA,SEGOT,585.104683883035,479.5316491186631,927706.8081227763,151913.932264795,17650397.175387282,37124.371541213506
6345,PGKTA,PGLAE,584.3281756562332,136.82721420494548,926475.6233648852,151712.3231828328,20213758.119972408,148840.78844615657
6346,DEHAM,NOAAL,584.0977719013272,0.0,926110.309023826,151652.50219458833,18879473.225779064,
6347,NLROT,SETUN,582.4713704429404,238.6867380545076,923531.584656636,151230.23068012184,18747346.200896855,79177.32080808449
6348,IQFAO,IQUMQ,582.4331348576043,0.0,923470.9606113909,151220.30336577818,12331587.4076901,
6349,JMMOB,MXPRO,581.9387434525332,0.0,922687.0833241369,151091.94181870625,14235064.6967417,
6350,ITGIT,ITPOL,581.6287853103404,0.0,922195.6323296977,151011.46568936558,17113209.114984386,
6351,JPOSK,JPSKI,580.8048036337672,379.6010097057627,920889.1765241274,150797.5308157432,12695673.239795407,33842.03530061403
6352,FMPNI,MHMAJ,580.7524306441094,0.0,920806.1370605824,150783.9329297195,20271901.58034658,
6353,NOGLO,NORKN,580.2413134253125,0.0,919995.7403287021,150651.22876806353,20693974.98228762,
6354,PTFIG,PTLXS,579.6210606450416,0.0,919012.3048121793,150490.18914311333,21481321.026528746,
6355,DERSG,GBTEE,579.3567691955934,200.924709122911,976648.0973893835,159928.17085558816,19490578.601597663,97800.34948530154
6356,DZBJA,TRIZM,579.0678034274877,118.64600744873489,918135.0934318813,150346.54394288227,17051772.25665925,144986.916715549
6357,DKAHS,GBIMM,578.9775946818374,0.0,917992.0638684593,150323.1225523963,18991405.49681386,
6358,BRIJI,BRIMB,578.9773946927552,316.3399559396281,917991.7467777948,150323.07062813605,23858524.252768803,75895.71558257063
6359,SAJED,SAYAN,578.6693476296389,0.0,917503.3258754382,150243.09068271832,13641518.52470886,
6360,LVRIX,PLGDA,578.5909989174987,471.17507279081894,947407.3853315201,155139.94303184157,17383211.434536833,37222.57901651544
6361,IDMAN,IDZRI,575.2611191282259,0.0,912099.4436788106,149358.19365835935,17621746.743031815,
6362,CNLYG,CNTAI,574.7286549927193,58.87847664613457,911255.2005592504,149219.94707985315,9824220.628228543,169390.261831157
6363,AAAAA,USPEV,574.3495443035446,0.0,910654.1054440218,149121.5164961601,6584145.747085976,
6364,PAMIT,VEEGU,574.3052453616917,0.0,910583.8677052349,149110.0149193698,15872802.708911873,
6365,CNSAX,CNWHN,574.0025791602734,184.0823790344412,910103.9783736696,149031.43203653255,11676174.464048482,64238.662918804184
6366,NOBRE,NOKRS,573.9064770311801,0.0,909951.604615792,149006.48051463958,19325676.433909915,
6367,PHDAV,PHILO,573.2942677384873,67.12174839611862,908980.9223695691,148847.52926440383,15216899.133300483,228923.51629287156
6368,PHBAC,PHILO,572.678325383281,0.0,908004.3212038702,148687.60877871083,15753789.44677734,
6369,DKFRE,SEHSD,572.6690992737058,422.40588500574074,907989.6928392354,148685.21335337296,19184876.901985355,45770.10596117991
6370,CNPAN,CNZPU,571.5252380435315,468.40240295655855,906176.0552458086,148388.22640005065,12198124.446624618,26358.773129884503
6371,PTHOR,PTPRV,570.6168632068621,0.0,904735.7907196166,148152.38006825748,21635927.913143996,
6372,CNJIU,CNNTG,570.4901880444643,467.5541116222984,904534.9421982943,148119.49070235385,10884894.588665307,23597.298804807426
6373,IDJAK,IDMRK,570.3589553918205,220.73865232257563,904326.8675944513,148085.4180503075,12165947.570983544,55785.57656064142
6374,CNJIT,JPMOJ,570.3488994728699,0.0,904310.9235339621,148082.80717701867,10871478.479001362,
6375,TNSUS,TRBAM,569.9246111933788,0.0,903638.1975477703,147972.64688822452,16661635.839104583,
6376,OMSOH,OMSOH,569.5881942907408,0.0,903104.7951335671,147885.3011260595,10975233.479679873,
6377,TNRDS,TRIZM,569.2567040902859,116.63579766302077,902579.2042021339,147799.2345105538,15283042.829343611,132299.3658296598
6378,GRTHE,TRGEB,568.0252013045653,116.3834733448271,900626.6074275649,147479.49270036642,16340390.281458063,141668.480071112
6379,CNBBU,CNNTG,567.7970145941282,232.6734397048556,900264.808298919,147420.24733551478,9861283.270864608,43016.098145521384
6380,TTPOS,TTPOS,567.328254697257,371.97015995308345,899521.5707900063,147298.5406372379,17055844.14871962,46248.71707861374
6381,CNNJG,CNSHA,566.8319155466921,414.33365611871886,898734.6052746029,147169.67338634035,9652325.684331661,23651.217353461037
6382,MXVER,MXVER,566.5994506765871,199.01374168479097,898366.0229532062,147109.31725947311,13105580.54957888,66591.83307969106
6383,HTLAF,USPEV,566.4192483861925,0.0,898080.3050359797,147062.53035229043,14697907.35454019,
6384,CNNTG,CNXIA,566.2048801405947,371.23361667312315,897740.415634366,147006.87275111495,10150799.360583255,27739.422753844367
6385,INCOC,INTRI,565.6640854977255,0.0,896882.9641631924,146866.46327737637,15814397.057210563,
6386,DOCUC,JMMOB,565.1154683242805,0.0,896013.109757857,146724.02279719952,15366376.357538769,
6387,COBAR,DORHA,564.4270970861562,231.29250553657377,894921.6697100939,146545.29720411857,15246282.697099382,66551.34786401225
6388,DERSG,SEPIT,563.575171558015,230.9434011244157,893570.9078135642,146324.1071153334,19985887.18890165,87173.78889371772
6389,AAAAA,MQFDF,562.1048110996567,0.0,891239.5926742613,145942.34937995946,9081646.79991445,
6390,CNJIJ,CNNTG,560.6320087473584,380.7075981029594,888904.4058147429,145559.9576422936,11054747.285486013,29419.710294563836
6391,NOBRE,NOFRE,560.3713809297689,74.4747706673231,888491.1700170744,145492.2894151913,19952750.726328086,269866.4639804212
6392,LYALK,TRBOR,560.2046242857451,0.0,888226.7707083322,145448.99347478486,17065798.03870623,
6393,CNLYG,CNZOS,560.0472522263938,367.19635284708795,887977.2510328107,145408.13410547332,10118804.613688149,27952.92673309302
6394,CNHKO,CNSTO,559.4160203903577,458.4781051843601,886976.4077855679,145244.2439281694,11700706.37975984,25837.54925205119
6395,ESALI,ESCAS,559.0425724727604,39.84104696798862,886384.2912204857,145147.2836008621,19675241.090193074,497486.6345685939
6396,NODRA,NOOSL,558.6373622009954,0.0,885741.8141763047,145042.07663965755,20230445.63284186,
6397,JPMAI,JPTGA,558.2001031921344,220.66758628490447,885048.5225814721,144928.54868938812,14424293.678715944,66023.39053364626
6398,NOBRE,NOLVK,557.2467506023901,8.457411969838786,883536.944034232,144681.02453733084,19746910.516747776,2351971.4555969867
6399,TRGIR,TRTEK,556.8744627973998,0.0,882946.6668739492,144584.36541641084,16082597.943042738,
6400,GBIMM,PLSWI,556.0771088386532,0.0,881682.4303768086,144377.34404294274,20148910.681646276,
6401,CNNSA,CNQIX,554.9932729444342,84.47276939918717,879963.9653471289,144095.94179620658,12448547.290442605,149073.4034388126
6402,IDBON,IDGOR,553.6648760990956,453.7646653807239,877857.7391772564,143751.04285086866,15075328.617793007,33539.58741559251
6403,CNRIZ,CNSHD,553.6303068866114,181.49453345786551,877802.9283123693,143742.06745698026,11733266.875921132,65440.03677188104
6404,IDBUW,IDMKS,553.6116769893298,68.05815978336402,877773.3898673374,143737.23047475863,13978394.922048697,207500.94033508436
6405,BEANT,DERSG,552.5111746606694,339.614348559656,876028.4995412548,143451.50103040718,18678699.209786925,55422.13039774164
6406,AAAAA,BRRGR,551.397878901917,361.52537003887863,874263.3247216062,143162.44995776252,12179754.799113683,34085.89899996847
6407,ALDRS,ITBAR,551.1793976688157,0.0,873916.9140142945,143105.72447912468,18052608.80760251,
6408,DELUB,DKSKW,550.6635131451602,0.0,873098.9585304585,142971.78255600942,19456267.954164658,
6409,CNDAF,CNNJG,550.6422651273174,0.0,873065.2689508757,142966.26581681342,11254755.522493288,
6410,EGAKI,EGDAM,548.761547174742,128.47084897327755,870952.8624714545,142620.35483284655,14800112.376226047,116312.24398748265
6411,IDKBU,IDSAM,548.388286852576,449.440154549067,869491.4965158966,142381.0530978125,14063959.845667418,31608.971194438018
6412,CNCZH,CNSTO,547.9104788744593,449.04855958491834,868733.9129133649,142256.9971966676,12332337.238585144,27780.0562311408
6413,ROCON,TRANT,547.4947926265703,0.0,868074.8257912959,142149.07030043064,15457194.52915817,
6414,CNSZH,CNWGQ,545.5007170032152,447.073601742448,864913.139374053,141631.33752966067,10702522.651996385,24255.85842523798
6415,VNDAN,VNVIN,545.3090307713163,0.0,864609.2132096342,141581.56898387577,14613029.651186313,
6416,FJSUV,TVFUI,544.8396925247871,111.63296221106012,863865.0587042762,141459.71212551097,24301340.24329511,218956.8338176637
6417,KRINC,KRMOK,542.7999535464874,333.64511176650467,860630.9712168816,140930.12352791015,11972101.45011119,36305.13724449882
6418,JPKAM,JPSDJ,541.6894252534136,427.50740574850556,858870.184324423,140641.79098753032,14159061.358703315,33449.018560635384
6419,CNLYW,CNXIA,541.2340438612043,177.43071334825214,858148.1589681375,140523.55782366017,11900483.750018338,67863.15108934106
6420,JPIMA,JPMIZ,540.8359932415527,40.915435826843236,857517.0338378829,140420.2097621297,12876351.447954081,318138.40900544304
6421,CNGUA,CNHUM,539.1040619687342,281.6066501834704,854770.9877417698,139970.53896421343,11283342.234416286,40564.78341664894
6422,CNFUN,CNTAI,538.9028312833091,441.66620182391387,854451.9284656873,139918.29233970787,10000642.12230635,22959.783593966193
6423,JPKAW,JPOSK,538.6998497032281,441.49984511114417,854130.093076309,139865.59112083746,12772732.92358023,29247.119014165044
6424,JPNTA,KRULS,538.4796093871939,441.31934373274225,853780.8932728616,139808.4089218676,12190089.141904937,27938.719944924156
6425,JPKUS,JPYOK,537.9599853154327,192.89089651050722,852957.0085863845,139673.49607940527,13803664.761977632,72286.13952394332
6426,COBAR,CWWIL,537.7411897849785,220.3570802282031,852610.099548087,139616.6889980251,15866723.942510102,72638.19530977568
6427,INJAI,INMUN,536.874673122453,0.0,851236.2028261502,139391.7105331398,13402763.91178029,
6428,CNWGQ,JPMMA,536.7794003830544,0.0,851085.1440987068,139366.9743502338,11243580.88312672,
6429,IDKEN,IDLUW,536.5323315353876,439.7234218656126,850693.4065885326,139302.82651272186,15317011.641255625,35150.0822998964
6430,DEBRU,DEWVN,536.4993739606232,284.301962573566,873724.9729913526,143074.2937347314,19030707.21824647,67441.60799459762
6431,OMSAL,YEMKX,536.4921774230377,366.40876078162916,850629.7406422034,139292.40108070654,12652711.260089949,34911.8389906468
6432,JPHOS,JPMIZ,536.05762950093,41.84136880246902,849940.7475835262,139179.57702473286,12759993.119604278,308287.54091495794
6433,DEHAM,NOKRS,534.6183865889922,0.0,847658.7705549265,138805.89850829082,17953339.15296589,
6434,GLILU,GLQSG,533.9397740960799,0.0,846582.8033868397,138629.70663165403,20210372.612702467,
6435,AAAAA,SEGAV,533.5384017105007,327.95227506440204,845946.411464247,138525.49612185056,9437305.55055947,29198.85536638175
6436,CNNTG,CNZOS,533.3313370418963,374.65714029802194,845618.1021751962,138471.73478835373,9869493.787064353,26712.330943144036
6437,LVRIX,SENYN,531.8732801932291,435.9050238336454,843306.2948996814,138093.17150652068,17857532.893884383,41283.364681427905
6438,FJLAU,VUPVI,531.8387320080196,108.96917733270388,843251.517374377,138084.20157205878,24066505.654565744,222123.26869493132
6439,JPKNA,JPMAI,531.5765655570663,0.0,842835.8420121551,138016.13386115292,14011858.075875629,
6440,GBTEE,GBTYD,531.4958237992346,401.8529640293767,844964.1488620404,138364.6485640755,20031217.973271016,50191.44917980655
6441,IDJAK,IDPAL,530.644101902304,66.90732794411606,841357.3837043031,137774.03321764266,11897710.166392203,179882.90026560932
6442,JPHIB,JPTGA,528.063197256319,432.7824110699085,837265.2564710939,137103.93881509907,13615069.093041701,31776.18285793822
6443,AAAAA,CNWXA,528.0091059455211,114.80806195973113,837179.492540861,137089.8947919507,6616588.358372881,58825.81883085598
6444,PGPMO,TLDIL,527.9445729779984,432.6851906965711,837077.1729475161,137073.13974430348,17603443.513095554,41000.97954422651
6445,CNCHS,CNCHZ,527.9014121711272,374.9631752408777,837008.7397671272,137061.93366772926,11992259.114845926,32348.032685400998
6446,CNFUZ,CNNDE,527.1001006711562,281.2978262260751,835738.228430563,136853.88477616725,11715767.002375465,42135.48695405079
6447,PTFNC,PTPDL,526.3009507412369,0.0,834471.1443495114,136646.3971048714,22025420.39807583,
6448,IDBLN,MYKUA,526.2643447168397,431.30813347730214,834413.1040381158,136636.89288235546,11335701.333290288,26598.937825911373
6449,CYFAM,TRMER,525.7571755213646,0.0,833608.9670546451,136505.21376760822,14560494.507799512,
6450,AAAAA,HKHKG,525.3269039422686,358.0727376372901,832926.7543083377,136393.50000198174,5651342.776023479,16163.577026878125
6451,CNTJN,KRULS,525.3218448893147,430.535693076402,832918.7329781427,136392.1864923672,11059744.106988722,26005.129129895962
6452,CNJIT,RUVLD,525.0456141511887,0.0,832480.7581277766,136320.467193587,11381141.966217132,
6453,CNSHE,CNYPG,524.7063677554253,286.4220006257549,835461.9660814912,136808.64623806797,12666039.322176788,44699.247754865486
6454,NOFUS,NOKAS,523.2475390147075,0.0,829629.8382982519,135853.6231022397,20624799.893957272,
6455,BBBTN,DORHA,523.2195851807527,214.40637670836458,829585.5163798203,135846.3652952952,16591447.824503284,78016.7756509921
6456,SXPHI,TTPLS,522.8483921221897,171.316596133117,830918.439736011,136064.6342857495,17336814.721359473,101991.74948624583
6457,PGKAV,PGLAE,521.7018302249277,95.01530082739288,827179.0553748654,135452.30226708014,19717634.21894472,208946.20496205555
6458,INNMA,INTUT,521.2272937061547,0.0,826426.658801577,135329.09575283446,16331430.385020124,
6459,CNNBO,CNSHA,520.8168023736141,409.05836890090285,825775.808424947,135222.51764090924,9539584.571253832,23651.40973619471
6460,CNJIT,CNYAN,519.8359225882758,426.03962008225744,824220.5844114091,134967.84645236074,10692367.666609105,25413.91692859688
6461,CNSHA,CNZPU,519.5547124783467,425.80914996045254,823774.71456849,134894.8343320194,10437917.637152452,24829.932547166805
6462,NOEGE,NOTAE,517.5344238663192,0.0,820571.4664124295,134370.29573949598,20524032.55435647,
6463,YEADN,YEMKX,516.8288587701662,423.5751341339764,819452.7648171335,134187.10601092628,14266176.537474683,33997.188416000805
6464,VEGTA,VEPCA,516.2606891955579,0.0,818551.909300076,134039.58903379468,17164133.137796037,
6465,ESALG,GIGIB,516.2319514799742,130.1802859923644,818506.3445060634,134032.12770337146,19929242.481007185,154119.14681065726
6466,CNLVS,CNTJN,514.8995018173937,351.6615830154469,816393.6924328423,133686.17650290564,11650014.91191079,33508.63915065778
6467,JPHAC,KRBUS,514.1663619805328,421.3930434560606,815231.2699865748,133495.8273934465,12849830.602231972,30810.490660079475
6468,IDBIK,IDZRI,513.4080297027969,54.883244404776406,814028.903920718,133298.93743264556,17793323.753691964,326631.9782211068
6469,USEVE,USSEA,513.2402518432235,420.23142915710747,817319.814255445,133837.8308904729,15573278.714068174,37377.30082793592
6470,ISAKU,ISREY,511.94105154248194,93.23761236802456,811702.9515498366,132918.05786182918,21977252.513013568,237137.8889841455
6471,CNFOS,CNGPG,510.58678732096814,418.45934733820906,809555.7116235422,132566.4428280025,12873093.046626998,31079.86372435722
6472,AAAAA,ESSCT,510.3135961629652,0.0,809122.5561486684,132495.51271204997,11092422.354604159,
6473,DEWVN,NOOSL,509.83001969952096,0.0,808355.826382624,132369.9591074796,19169763.002707876,
6474,CNCFD,CNHKO,509.434570567981,0.0,807728.826015508,132267.28648454952,13062412.030819444,
6475,IDBLN,IDBMP,509.05773021666187,46.35624275478613,807131.3306114823,132169.44536110302,11828432.608386159,258014.91542392896
6476,DERSG,RUSPG,508.9907384925029,0.0,807025.1125614443,132152.0519330097,18004349.58251281,
6477,CNTJN,CNWEI,508.86466903565,0.0,806825.224410417,132119.31982975273,11407865.28825289,
6478,CNHSI,CNNJG,508.6580257932734,416.8786008126574,806497.5833094552,132065.6679134545,11304993.72082767,27434.987947200643
6479,CNDCB,CNYTN,508.6300187021742,372.1925421118738,806453.1769496974,132058.39627906604,11515277.925835392,31293.84660967628
6480,PHBAC,PHCEB,507.93666425510446,0.0,805353.8358254391,131878.3768681657,15324001.88247254,
6481,JPFUK,JPMKX,507.9272148681458,135.53291039173249,805338.8534456093,131875.92347209845,13362563.843838142,99565.7787345309
6482,CNDYI,CNWEF,507.6455220546212,416.048787616987,804892.2182568911,131802.78602478004,13429885.855743937,32596.390244149825
6483,TNSUS,TRIZM,507.2419247208313,103.929503285317,804252.2985901874,131697.99783949202,16670139.395819359,161665.71437884076
6484,IDPWG,IDSEM,506.66573054434093,415.24578423714894,803338.719746854,131548.39739104264,11708101.99210843,28512.391549622065
6485,CNSHA,CNZHE,506.5997754948346,198.56995770648766,803234.1453858167,131531.27312046473,10323560.899607781,52651.93332106279
6486,INKAK,INKKT,506.4557516208032,0.0,803005.7897903966,131493.8794135832,16620243.82084319,
6487,CNZOS,KRINC,506.31092926645255,414.9550013284118,802776.16817259,131456.27839288508,10428196.465727985,25447.705679690174
6488,CNNTG,JPYOK,505.9804369130697,0.0,802252.1593674801,131370.4708538775,10870619.992869757,
6489,DZANN,DZSKI,505.6829715608168,82.88806976368676,801780.516189657,131293.23829598137,19599846.139468893,238045.58887688178
6490,ILHFA,ILHFA,505.50837520619984,165.71890226357047,801503.6867071504,131247.90688859468,12863969.386650285,78417.23011699904
6491,MYLAB,MYTAW,505.0317632755927,0.0,800747.9994856393,131124.16152381257,13106558.487140222,
6492,JPHMA,JPIMA,504.2691149726817,160.25204923127862,799538.7901897599,130926.15096976706,12547391.638659146,79114.85594378477
6493,KRGWA,KRGWA,503.3671239494165,309.4067699018393,798108.6474542833,130691.96210239654,10535403.257176466,34472.7273506741
6494,DKSKW,EETAL,503.35117777178533,0.0,798083.364153774,130687.82190899992,19155300.302132346,
6495,JPYAT,TWKAO,502.7841010898898,412.0645344115492,797184.241461693,130540.58868558645,12018495.71538498,29483.334015678054
6496,ESALM,ESVAL,502.064769359355,0.0,796043.7123186222,130353.824650366,19367247.66416015,
6497,JPAKI,JPTOS,501.4617809800177,410.98080638746023,795087.6501982205,130197.26747634512,14477782.625686722,35544.190059793465
6498,GBBLY,GBTEE,501.42534872831396,0.0,795029.8854103598,130187.80837138489,20037576.12741847,
6499,ZADUR,ZAELN,499.0406344863779,0.0,791248.8258861231,129568.65195749984,20720084.433686912,
6500,MXCOA,MXTAM,498.22064707038965,219.86703019780109,789948.7031399867,129355.75413561994,13913358.503324922,63869.12237285945
6501,PLGDY,SESOE,497.9808839585574,0.0,789568.5491653043,129293.50312629841,17976467.219046786,
6502,JPSAK,JPTGA,497.4950610427948,179.40112050630898,788798.2575595287,129167.36626301428,14053913.99431797,79057.93074509928
6503,DKSKW,LTKLJ,497.4213527321728,0.0,788681.3900938208,129148.22897080723,18138649.75603096,
6504,CNCQG,CNYIZ,496.5608513548205,406.9641732445009,787317.0308463936,128924.81228734244,12144246.17914458,30157.865970325343
6505,CNFLG,CNSAX,496.25746258082273,387.3481202413452,786835.9958471899,128846.04179903063,13131282.115803571,34233.10315625285
6506,AAAAA,GRTHE,495.9191305594315,0.0,786299.5569358355,128758.1988040993,8364358.268275901,
6507,JPHOS,JPKOB,495.9031360392884,390.16812712535256,786274.1969863459,128754.04605927166,12157388.388478896,31489.35441000514
6508,CNWUZ,HKHKG,495.8022746996686,0.0,786114.2773103989,128727.85887749513,11377278.837132953,
6509,DEHAM,SEHSD,495.7356173734149,0.0,786008.5894615742,128710.55227096063,17934634.601634745,
6510,CNWEI,KRGWA,495.5876425864535,225.6480915851328,785773.9695361558,128672.13276692563,11242939.119571319,50395.33537578335
6511,VNCMY,VNHCM,495.3518113054168,162.38931426273663,785400.0496359866,128610.90260035855,13030413.250531895,81033.80578257573
6512,CNJIU,CNWUH,494.94870649283087,405.64291483453985,784760.910881292,128506.24229104708,11497283.546689307,28660.157404012512
6513,CNTZH,CNTZH,494.44613556728797,405.2310250114653,783964.0646381608,128375.75705029581,12214712.977501787,30459.387294452237
6514,ERMSW,SAJED,494.03520645488123,0.0,783312.5201440958,128269.06527518728,13802496.447666034,
6515,FJSUV,VULUB,493.27468554279375,101.0677362284248,782106.6839111998,128071.60706726783,23971383.37223477,238448.54825712604
6516,EGSOK,TRMER,492.035902303941,302.44176062419587,780142.5436878721,127749.97499317653,13855782.496166619,46235.45519077728
6517,ESFER,ESHUE,491.686611161214,0.0,779588.7286526304,127659.28662157647,21103554.080097064,
6518,IDKOL,IDMKS,491.18200069505644,402.55585248021987,778788.6486365251,127528.27184372982,13801441.604404584,34601.33492142617
6519,AEAJM,BHBAH,490.2788469400378,0.0,777356.6623434878,127293.78108994871,12322706.57283458,
6520,JPIRI,JPMAI,489.85262287705723,0.0,776680.8670953816,127183.11820308963,13478225.932441749,
6521,CNGLA,TWKAO,488.69484742938977,400.5174673160799,774845.1679552716,126882.51862530544,11642319.9298016,29384.99168911128
6522,JPKOB,JPTKU,488.44453501587634,108.4179199680971,774448.2876421062,126817.52864303568,12585813.145305285,117255.80676782143
6523,LTKLJ,SENYN,488.15798816423904,228.61570054324687,773993.956182399,126743.13091522835,17668303.146419305,77838.25098210292
6524,HNROI,USPEV,487.8593758791992,0.0,773520.4944969069,126665.60057289383,14026616.526678555,
6525,AGSJO,TTPOS,487.6678525277259,342.57923799621494,773216.8265858981,126615.87431664555,17444630.67157987,51291.04334714719
6526,CNBHI,CNHUM,487.4146438290351,399.4682565327862,772815.3540970907,126550.1323559993,13026509.917600969,32926.421148253205
6527,CNDAF,CNYCH,486.3430754935504,398.5900360276141,771116.3397709694,126271.91520269676,12673546.255939595,32112.7399437941
6528,PTLIS,PTSBL,485.98304676323403,15.931798755155585,770545.499862429,126178.43897244734,20841880.15463397,1316113.6991402858
6529,GRTHE,TRDER,485.82815054807645,99.54200531881273,770299.9057366045,126138.22242011802,16794382.5573078,169983.72421305903
6530,IDAMI,IDJAY,485.6741359078902,199.0208980900495,770055.7093830508,126098.2347559247,17064969.541179698,86378.20420324558
6531,JPIWA,JPMIZ,484.53689279077474,37.81997627481958,768252.5650717849,125802.96609952713,12590102.791775556,336221.9390481557
6532,CNNSA,CNWEN,482.6813826074816,395.5890386393012,765310.5796852411,125321.20983254469,10640225.363015631,27213.96581128281
6533,FORVK,ISGRU,482.14310618669435,0.0,764457.120955596,125181.4541785914,21773196.991829436,
6534,CNCFD,CNTJN,481.2672279612054,182.0446367038922,763068.3811022758,124954.04511986345,12266772.807844244,68069.71673172708
6535,DKCOP,EETAL,480.86206049979273,98.52449622337993,762425.9719356156,124848.84927374504,17580962.135673765,179709.73375802868
6536,CNCIZ,CNCIZ,480.3641315046326,393.6898994367284,761636.4856582093,124719.56924279153,12859777.808783984,32981.535458756596
6537,CNNJG,CNWXA,479.9441893635192,393.34572931980824,760970.6506477233,124610.53736569756,11549267.755541759,29678.416270323996
6538,TRBOR,UACHO,478.844354343605,0.0,759226.8183662676,124324.98117836905,16155687.465659713,
6539,FRLEH,GBTIL,476.6762465507811,167.4289011135691,755789.1970045681,123762.06348269108,18099421.07309073,108841.32318477325
6540,JPSZU,JPTOY,476.01958185426474,164.26494996234388,754748.0289428646,123591.57003258701,13045008.317929007,80166.82737845393
6541,GBLGP,GBTEE,475.5913712947143,43.30870105918253,754069.0840252327,123480.39138074833,18465854.053769376,429228.6305180866
6542,JPKMJ,JPYAT,472.66710622936284,30.382877065937652,749432.5451551655,122721.14843277886,13376571.650974242,444305.94147191953
6543,JPFUK,JPMJR,471.9158072158453,19.3382971896203,748241.3306101875,122526.0845568709,12757886.829733025,666057.2431994359
6544,DJDJI,SAGIZ,471.58871957710323,77.2995748055826,747722.7201159081,122441.16100256478,14199836.703781044,185282.75091817518
6545,CNKHN,CNTAI,471.02897454849244,386.03912627892146,746835.2220524693,122295.83133643116,9951514.336338995,26095.308692613933
6546,ITCAT,ITLIV,470.52871819572647,77.12582667999716,746042.0456567724,122165.9470408812,17298163.89707127,225868.9545901512
6547,AGSJO,SXPHI,470.33266850009625,326.1656181562241,745731.2010466089,122115.04558511975,17711871.117489778,54677.70105227007
6548,JPMUR,JPTOM,470.0876855898424,385.2676782644515,745342.7708733826,122051.43933095793,15100193.15787128,39510.827032714486
6549,CNJIT,CNWEI,469.50422589282226,384.7894947899157,744417.672257527,121899.95249563793,11402233.199216833,29949.18860247036
6550,JPKMJ,JPSBI,468.44025834860975,54.84535766164497,742730.7092890593,121623.70877738432,13408165.55701248,246689.78091561722
6551,JPKNA,JPTOM,468.20076540843525,383.721223465388,742350.9836823137,121561.52791420936,14162817.128281098,37225.928050559785
6552,CNTAX,CNTAX,467.8810008507606,383.459155445946,741843.9842250841,121478.50569153136,12550151.540033048,33045.579602834194
6553,DOCUC,VISTS,467.63165401340274,0.0,741448.634871417,121413.76640708497,16254728.30030175,
6554,JMKIN,JMMOB,467.1610131298752,47.85863478809904,740702.4149831538,121291.57133794493,14200326.99617838,299248.3724395262
6555,DZANN,DZWAH,466.8269746361554,0.0,740172.7836311327,121204.8430951081,20122379.410555866,
6556,JPKOC,JPSBI,466.6404524537529,47.80530558770907,739877.0452731139,121156.41531976486,13392149.21909233,282673.7632629299
6557,CNHSI,CNNTG,466.45147982053186,382.2875692393102,739577.4216276072,121107.35132046044,11179819.48774058,29561.32437564747
6558,PHCDO,PWROR,465.8739377525827,0.0,738661.7056486169,120957.40091157252,15945097.259893803,
6559,PTCNL,PTPDL,465.32155018303786,0.0,737785.8731299157,120813.981502815,22247111.495966207,
6560,DKAHS,EETAL,463.6441044849232,284.99005582082225,735126.2160851802,120378.45709294341,17700204.165134672,62530.541884702456
6561,AAAAA,VNHPG,462.08623608977956,284.032474355645,732656.153622609,119973.9791928748,6138318.410859028,22033.721335031994
6562,JPNAG,KRULS,461.53968657896667,226.95721959029765,731789.5775788277,119832.07555126667,11492398.031752117,51164.84123424555
6563,HTCHA,PRSJU,460.89696679091014,0.0,730770.519725559,119665.2026940882,15224599.62331414,
6564,ESACF,MAAGA,460.7735935004383,0.0,730574.9064538422,119633.17061126903,21700908.588528167,
6565,GRPIR,GRPRM,460.454338354983,134.77589950830753,730068.7146899999,119550.28065007436,16038239.369976623,119886.34251059654
6566,TRTEK,TRTUZ,460.40966024633593,0.0,729997.8757671411,119538.68062813353,16565590.473870898,
6567,CNRIZ,CNYCH,460.03199345797816,377.0263792903582,729399.0700142352,119440.6249323143,11455058.653804919,30699.441509962355
6568,GMBJL,GWBIS,459.81602012815966,94.21234374672814,729056.6356875846,119384.55059433548,23753717.67693562,253396.75543693325
6569,JPISS,JPKUS,459.55406189201244,376.63468303786465,728641.2904582408,119316.5369433796,15088369.76527923,40377.816985839614
6570,CNNDE,CNNDE,458.47133206516384,317.94003573432633,726924.5791424827,119035.42187097004,13061633.162256815,41456.46066147415
6571,ESVIG,ESVIG,458.20741835208736,125.16068356834879,726940.3921451014,119038.01128325817,21213883.921187192,170444.27470564903
6572,NOAAL,NOFLO,458.1151164696858,0.0,726359.7851112824,118942.93566579392,20756556.212551877,
6573,PHGSA,PHPOL,458.00971290703063,0.0,726192.6635595856,118915.56916178406,15933340.433384573,
6574,TNSFA,TRALI,457.96856923943784,0.0,726127.4286339588,118904.88680612364,16682122.502115803,
6575,GRPIR,TRIST,457.5447678234907,0.0,725455.4745893304,118794.85292437678,14616457.238123758,
6576,INGAN,INKUP,457.4815757915499,93.7340362005122,725355.281102822,118778.44603117568,16177960.560664311,173861.48796403196
6577,ARBNA,ARLPL,457.1459478919143,295.78505978987073,724823.1296843417,118691.30512217965,23050311.386549897,78330.53741163132
6578,JPKOB,JPMAI,457.0843506022904,374.6105927165434,724725.4647253692,118675.31228065678,12932483.196625976,34839.26712873828
6579,ESCAD,GIGIB,456.36168947916724,0.0,723579.6566975856,118487.68381701168,21162484.100901224,
6580,DECUX,DKAHS,455.9613955446228,0.0,722944.9747021131,118383.7533113544,18566289.72409034,
6581,JPTOY,JPYOK,454.84276727735016,242.30275434228716,721171.3449775649,118093.31773032955,13132034.121643309,54684.18002651322
6582,CNTAI,KRINC,454.8143175472928,124.25005059996599,721126.236796088,118085.93117116511,10133612.48026838,82508.60552520654
6583,ESGIJ,GBLIV,453.9166292185983,0.0,719702.9161544289,117852.85943594133,19549261.98688514,
6584,ESCAD,ESPDR,453.3143725745066,0.0,718748.014229438,117696.49224634818,21412620.548815068,
6585,EETAL,SEGAV,452.45632710303056,148.32704961443253,717387.5489187102,117473.71320317105,18560911.222635582,125927.0307364174
6586,CNFUZ,CNQUA,452.4239887209568,278.03129402765086,718069.5963092529,117585.39989144483,10479032.72965231,38113.04107547655
6587,ITBAR,MEBAR,452.1092739750545,0.0,716837.2823451,117383.60589959292,17386591.152706403,
6588,CNSHE,CNSHZ,451.89859580946467,336.69138788634893,716503.2437124855,117328.90637409144,12689425.080607925,38037.07028973658
6589,EGPSA,EGSOK,451.87146325633455,222.20297386129633,716460.2239675513,117321.8618007836,13866307.652594322,62931.783816376716
6590,CNSHA,CNYZH,451.74162289326193,289.7466864094062,716254.3568943427,117288.15063650075,10323006.089218471,36032.48882405871
6591,BEANT,NOLVK,451.4554843287774,0.0,715800.6727901972,117213.85891452208,18590025.108990915,
6592,CVPAL,CVPGR,450.33421279026277,0.0,714022.8520536907,116922.73704651391,23414002.922069345,
6593,CNCGM,CNNTG,449.3881468232414,184.15152457026596,712522.8267373416,116677.10476020523,10984970.161349956,60285.39428069818
6594,CNHKO,CNZHA,448.5378324513405,367.60616076438544,711174.619393278,116456.33298473511,13084774.18896335,35911.34189508135
6595,TRBAM,TRISK,447.9046353699322,0.0,710170.6601711307,116291.93256001631,14510523.19844451,
6596,ESSCT,GIGIB,447.70595892654694,0.0,709855.6507476564,116240.34910735492,21762303.929603297,
6597,CNQIN,CNWHZ,446.7175594338923,228.8214548035704,708288.5039383102,115983.72553602883,11782603.997526607,51999.44093213141
6598,CNPGN,CNPGN,446.57770221168744,365.9997055227862,708066.7547355121,115947.41363977164,13438691.044496594,37034.561103745174
6599,AAAAA,AEKHA,446.5720514409078,146.39802973826238,708057.7952131089,115945.94649921864,4854924.433104416,33954.48960953096
6600,FRSNA,GBTHP,445.41547456824554,0.0,706223.9964614642,115645.6581140247,20785500.970708787,
6601,GBGRA,GBLGP,444.17533298673504,0.0,704257.7025316871,115323.67336599286,18607967.249139868,
6602,JPKOB,JPMKX,444.1082059594286,289.69501767575116,704151.2699531133,115306.24480840261,12545739.03978013,43704.73950905066
6603,JPISS,JPMUR,443.74577404717655,363.67875472488595,703576.6197037839,115212.14462687088,15111833.964316865,41869.49584245751
6604,TRBOR,UAIZM,443.68564889047775,0.0,703481.2888702676,115196.53400327866,16431069.924447265,
6605,GBIMM,GBTIL,443.49246445694496,0.0,703174.9872474155,115146.37647120157,19589039.493041772,
6606,INKUP,INKUP,442.71468628730935,60.47228511757048,701941.7889445209,114944.43766702908,15662238.988644263,260899.40864045775
6607,CNCQG,CNJIA,442.6594316392812,362.7884258987545,701854.1804967198,114930.09160026688,11590481.442352444,32265.118450111222
6608,GBFEL,GBIMM,442.62455171558634,302.2300644595657,702541.3338447235,115042.6143997658,19310558.35032714,64274.217720407454
6609,PHLMY,PHLMY,442.50365997361223,0.0,701607.1983091997,114889.64774992858,15090521.88359562,
6610,JPNTA,KRPOH,441.9720560711809,362.2250765549285,700764.3191234831,114751.62451844508,12452168.788641647,34693.67867261509
6611,JPAKI,JPNAO,441.7656970381121,0.0,700437.1286477122,114698.0463929654,14563581.053000035,
6612,CNFUN,CNHUM,441.5720711227457,361.6653884499311,702181.6150059721,114983.7096867401,10873706.357427193,30383.58222281258
6613,CNDNG,CNHPU,441.5485362421513,308.6606251281709,700092.8115461412,114641.66374665119,12683722.010113161,41464.19281223612
6614,CNCHS,CNYZH,441.5417863819545,335.39397094485133,700082.1093736396,114639.91124349582,11804426.542416682,35537.509574434254
6615,ESCAD,PTLXS,440.6800297884365,270.8746322312227,698715.7599309284,114416.1686613862,21106468.5044228,78342.08946879055
6616,JPKMA,JPYOK,440.34799021542966,90.22351202725369,698189.2979474071,114329.95940927726,13617091.751912415,152193.385103141
6617,SNDAK,SNDAK,440.2099443863138,103.08026014328098,697970.4207805832,114294.1178149243,22652327.78583395,220863.06216149824
6618,USPHI,USWMN,440.20654495258805,111.0086536746681,697965.0308428541,114293.2352013357,14566184.526217766,132246.24635519882
6619,ILHFA,TRAAP,439.5706895372531,0.0,696956.8567262613,114128.14457882631,13855746.75401283,
6620,CNFOS,CNPGN,439.5597206281562,360.2480095016552,696939.4650834884,114125.29666090758,12376849.895451048,34673.26636833108
6621,IDBUW,IDKEN,439.47737195610046,0.0,696808.8979801814,114103.91602435935,15618966.334016373,
6622,JPMAI,JPTOM,439.29948614982465,360.03473028515043,696526.8529408984,114057.7305586302,14521398.998882493,40650.124830595436
6623,CNDCB,CNDCB,439.2849562163218,284.66920813416505,696503.8151519293,114053.95807244992,11772467.504261414,41755.55740728982
6624,ESVAL,MANAD,438.0543669342317,0.0,694552.6667737936,113734.45344021117,19409857.905902416,
6625,CNCHS,CNZHE,437.7030830770441,351.55184583744034,693995.6922103125,113643.24768924648,11804981.35280599,33902.89296335108
6626,IDENE,IDKUP,437.29081926522866,84.32670496020171,693342.0314971121,113536.2093788236,15704066.402878208,187575.24819358476
6627,MYPAG,MYPAG,437.1949572656072,0.0,693190.0384740877,113511.32020306,10889723.038310245,
6628,IDTJB,SGSGP,436.98005134560515,107.44014041884097,692849.2965682657,113455.52300253544,10893856.716934204,102450.65016693212
6629,AOLOB,AOMOC,435.90840028518653,89.31387827311437,691150.1510784628,113177.28437090541,22059687.858837377,248257.77999926862
6630,NOMAA,NOTHA,435.5114719113316,0.0,690520.8053136698,113074.22768419492,20432093.13441445,
6631,NOFRE,NOOSL,435.07276427142745,11.502279180424251,689825.216856552,112960.32361791714,20181107.61091857,1764351.8833271754
6632,CNDAF,CNQUA,434.40366624238277,356.0222848908953,688764.3352503293,112786.60203362178,11616158.433729662,32944.41256495411
6633,CNDJK,CNZOS,433.546294045021,355.31961216405796,687404.9374425574,112563.99779628881,11594677.960289193,32948.482316478556
6634,CNSTO,TWKEE,433.4623268196943,0.0,687271.8040584973,112542.19692589396,10700896.950268757,
6635,DERSG,GBIMM,433.07891521491774,177.46828228523148,686663.8896700772,112442.64967193762,20370697.69196035,115418.59806087079
6636,NOLVK,SEHEL,432.3804204010009,0.0,685556.3982892039,112261.29563945155,18805677.316983722,
6637,DEBRU,PLSZC,432.1213684117931,118.05059739551604,685145.6610302728,112194.03655329895,19435856.144544266,165590.43844228834
6638,CUSGO,DORHA,431.92927913744666,176.997181216225,684841.0958259817,112144.16336339695,14926186.408526627,84963.6726898987
6639,PGALO,PGORO,431.912475894301,176.99029553651832,684814.4536139226,112139.80064538874,20219821.361092146,114876.1354406714
6640,JPMKE,JPSEN,431.83863789263773,0.0,684697.3805178971,112120.62968078663,13570490.000951476,
6641,LVRIX,RUKGD,431.76512143567845,0.0,684580.8172438218,112101.54220059635,17809624.954909343,
6642,JPMIZ,JPSBI,430.91623043658666,353.1641026045214,683234.866714106,111881.13998320102,12951194.56954863,36988.684900854896
6643,AEHSN,AEJAL,430.3534429523413,126.97303009092039,682342.5447159368,111735.0203876549,11071766.966641387,88077.77509145821
6644,CNHUI,CNHUM,430.2200963764788,299.9676683705882,682131.118402535,111700.39888615046,12189884.984382257,41009.704312768445
6645,AAAAA,TRYAR,430.12849015759514,88.12962445000038,681985.8730895752,111676.61466203832,7491907.968352639,86277.28338191783
6646,CNFUN,CNZOS,430.1100820061679,251.546530359954,684945.1735428681,112161.20630745526,10295226.107765956,41373.607098379834
6647,ESALI,ESCAR,429.97197533532017,0.0,681737.7125976218,111635.97786188194,20217046.495725073,
6648,CNCFD,CNJIN,429.7500319254379,0.0,681385.8124709654,111578.35347933264,12846778.482978849,
6649,CNTAI,CNYXS,429.0777296132426,351.6573306438641,680319.8503460323,111403.79994946084,10787691.290715357,30993.510275213688
6650,CNNSA,CNSBU,428.95843929019117,261.7996756194061,680130.7107819743,111372.82794982547,12785808.813859578,49263.55088597898
6651,CNHUI,CNSTO,428.6456384540809,146.37633483755775,679634.7525829726,111291.61375630052,12021855.471253293,82890.0866965582
6652,ESACF,PTSNS,427.73897708306055,0.0,678197.2048248937,111056.21230097424,21067471.805878364,
6653,CNRUG,RUVLD,427.13109465695055,175.03096783587898,677233.3829981775,110898.38445879705,10778679.976875154,62215.15252972129
6654,IDKUM,IDSUR,426.8890443617296,349.8635595855051,676849.6026030277,110835.53961553097,12415552.08936367,35803.636262718035
6655,CNYZH,CNZJG,426.4582445800001,289.01829056866876,676166.5523703822,110723.6887097631,10662762.740321273,37276.140578623104
6656,CNTES,CNYPG,425.7676212011732,271.4012620531341,675071.541463728,110544.37838106205,14369899.225154096,53354.370919248795
6657,CNZJG,CNZSN,425.5856874411563,0.0,674783.0782323708,110497.14192294233,10724827.536230734,
6658,PHCDO,PHILO,425.32235138963983,0.0,674365.5484218167,110428.7705422392,15412619.865504539,
6659,ITPOL,MTMAL,425.187333007644,0.0,674151.4713931251,110393.71498055597,17178158.678917255,
6660,NOBGN,NOFUS,424.48848759737416,0.0,673043.4241277535,110212.2699208194,20415632.743916262,
6661,ISAKU,ISHUS,424.41193032411724,19.32407790149712,672922.0395181817,110192.39293684665,22139658.072494656,1151405.5459126313
6662,CNPAN,CNSHA,424.2224144963782,347.6780815810653,672621.5546161061,110143.18790497577,11199499.383797731,32529.064013101237
6663,FRDKK,GBTEE,423.6412897082076,0.0,671700.158091339,109992.30729482297,19541524.2862786,
6664,CNSHA,CNWHN,422.98077466276806,346.6604763329393,670652.8851478802,109820.81415754903,9965212.259112787,29063.11437590619
6665,PTPDL,PTVEL,421.8556346658034,0.0,668868.9308162413,109528.6879004954,21771544.69944206,
6666,CNBYQ,CNZOS,421.749926608286,230.4344771035601,668701.3264757983,109501.2423388175,10559574.201036565,46299.82274128436
6667,CNYTN,TWTCH,421.7261030981372,0.0,668663.5533504632,109495.05691045441,10935255.266969852,
6668,DEBHN,DKABG,421.3805881917243,0.0,668115.72568848,109405.34898376181,18608620.09915695,
6669,DERSG,PLSZC,421.35810582872426,69.06611856758128,668080.0790054293,109399.51176477516,19422751.8032815,282803.6629267655
6670,PHCDO,PHZAM,421.3316429370532,0.0,668038.1210354419,109392.64105933803,15295081.749420134,
6671,KMMUT,MZPEM,419.9508197404639,0.0,665848.770795091,109034.13037341391,19094337.097106643,
6672,CNFAN,CNFAN,419.4523416055864,264.4374570086078,665058.4138347652,108904.7077663093,13904859.85012246,52994.62760085687
6673,GLSSM,GLSUK,417.41568996800606,0.0,661829.221449193,108375.92075188125,19824987.00839428,
6674,DZANN,ITCAT,417.33838551945996,205.22170110195864,661706.6521634057,108355.84977469772,18580544.353951316,91066.88085798956
6675,AAAAA,HRRJK,416.85456672176684,68.32792945567823,660939.5381667461,108230.23325155964,8281388.646061016,122784.62037627831
6676,ESALI,MATAN,415.6180320496116,0.0,658978.963135582,107909.18498514993,19141308.22733044,
6677,CNBAS,CNYPG,415.5562921866409,340.5756261792844,658881.0721208829,107893.15512652851,14568358.913872913,43092.49089150505
6678,DKCOP,DKFRE,414.8487190892421,16.99978618180032,657759.1867595402,107709.44404960243,18214955.41234297,1077817.3713742648
6679,USMIA,USPEV,414.09518825630533,0.0,656564.4335758764,107513.80071420046,12462637.841116,
6680,DKABG,SEGOT,413.8942552775263,24.229534140405597,656245.846325553,107461.63138490128,18599680.312591765,772080.1330959272
6681,IDSUR,IDWGP,413.095996356372,338.55925244428204,654980.1749744283,107254.37505108897,13570281.338792244,40399.23769649242
6682,IDPBM,IDPBM,412.4647566711881,338.041910136891,653979.3192820486,107090.48283586779,12963742.996383907,38666.31055873133
6683,CNWGQ,CNYIZ,411.9641139512604,148.2285075825667,653185.53028581,106960.49822569646,11067903.399241451,75389.4381028055
6684,ESBIL,PTSBL,411.354505804794,0.0,652218.9722606532,106802.22232529557,20664000.879081987,
6685,CNPLI,CNQIN,411.2996885549607,337.0870604313607,652132.057325132,106787.98982262128,11852501.080785269,35478.33920205637
6686,CNKHN,CNYIZ,411.0101493320881,336.84976405542466,651672.9813415064,106712.81516908821,11510230.378231043,34487.01597276078
6687,CNDJK,CNWGQ,410.84177090061604,269.36941351327533,651406.0106240938,106669.098155128,11274472.057133075,42251.05221431277
6688,AERAK,AESJH,410.66022542120425,58.89852123202566,651118.1630271194,106621.96250842746,10288359.929516923,176489.6923485602
6689,JPIRI,JPSEN,410.2664534159404,40.34883077926741,650493.8218105921,106519.72532697402,13063703.250867665,326409.0364413222
6690,CNZJG,KRGWA,410.2150594407078,268.95850860935707,650412.3346134578,106506.38162782519,10327104.566853816,38792.64129782825
6691,TRTUZ,TRTUZ,409.7288578848838,83.93232345415633,650265.2348925357,106482.29374052645,16929597.80675659,202974.00809834828
6692,CNFOS,CNZHH,409.3272187946637,255.86732451629678,649004.62786533,106275.86670035956,11812861.530982241,46583.27287478024
6693,NOFRE,SEHEL,408.9430943940573,0.0,648395.583310698,106176.13437931967,19011517.526564036,
6694,ROCON,UAIZM,408.1540017293445,0.0,647144.4454246782,105971.25793084847,15897418.831664888,
6695,JPMKE,KRBUS,407.9513171615558,0.0,646823.0809601329,105918.63382690551,12156897.135822121,
6696,GWBIS,SNDAK,406.06385569969467,142.6268366290327,643830.4355473199,105428.58187454942,23308290.28843349,164160.6826855894
6697,AAAAA,GHTEM,405.4189110821062,83.06684443409732,642807.8501381103,105261.13137269962,9587384.420580158,116684.88935609808
6698,AEMAH,AEMAH,404.51999086332,0.0,641382.5762855874,105027.73979510725,12431884.877997585,
6699,NOAAL,NOIKR,404.4936194030854,0.0,641340.7632837885,105020.89282851451,20727362.12633989,
6700,CNNTG,CNYXS,404.4905073903601,331.5064900429319,641335.8290635168,105020.08483961374,10827791.817274185,32979.179082430455
6701,CNFUZ,JPOSK,404.4015272819929,0.0,641194.7475535006,104996.98244695179,10944900.668934979,
6702,IDGOR,IDLUW,403.9305308669749,165.52377628439777,640447.9639558821,104874.69506922452,15298266.290520601,93056.96940555918
6703,CNFUZ,TWTCH,403.41855049268014,0.0,639636.1986565405,104741.76680178124,10491161.514512224,
6704,CNNJG,CNTOL,402.8921719638,290.5729634461989,638801.6045089583,104605.10026263948,11337418.880253512,39377.455647674884
6705,CNNBO,CNTAZ,402.713096827426,330.04978555588474,638517.6737393785,104558.60600462586,10871379.277528899,33255.40074218607
6706,PLGDY,SEAHS,402.64320700681105,0.0,638406.860641844,104540.46012788387,17963871.386732373,
6707,CNCFD,CNHUA,402.1657744487441,152.12363953059912,637649.8722827716,104416.50169910178,13158043.649954682,87182.11181757906
6708,INENR,INKNP,402.14943315658024,47.08397517466677,637623.9625124151,104412.25891995596,15844515.23976658,338733.6655310224
6709,CNJIA,CNJIA,402.0704697642285,219.68207369708762,637498.7629050713,104391.75722211017,11544711.88524574,53027.101603795025
6710,EGDAM,GRTHE,401.94407266301124,0.0,637298.3552608391,104358.94005075315,14997217.550015155,
6711,CNJIU,CNYZH,401.23052784447,328.8347230740551,636167.0014974948,104173.67850317435,11680749.226639204,35838.438212890185
6712,CNWGQ,CNYXS,400.7296470905647,328.4242184574487,635372.8350888927,104043.63209093828,10762069.373018842,33085.60207936558
6713,CNNTG,CNTOL,400.5516279217247,0.0,635090.5785979462,103997.41199955648,11212244.647166422,
6714,AAAAA,MHMAJ,399.7818358945327,0.0,633870.042642354,103797.54668126722,10570309.059697054,
6715,ESGIJ,FRSNA,399.38527137798087,0.0,633241.2737878244,103694.5844648203,20862988.555995535,
6716,NOKRS,NOTAE,397.42675599424064,0.0,630135.9695485026,103186.08439373806,19723453.670509122,
6717,AESJH,AEUAQ,395.80832195765134,48.65863047881163,627569.877846284,102765.88150461092,11475251.709427226,237943.76202128164
6718,BEANT,GBTHP,394.91420103693656,46.2368684491138,626152.2134722318,102533.73599505088,19058417.83921071,414408.5059803182
6719,ESALM,MANAD,394.70250381732035,0.0,625816.5590888225,102478.77188697369,20981846.561687306,
6720,ITSAL,LYBHZ,393.78279658240376,0.0,624358.326593315,102239.98326258372,16826008.497956686,
6721,WFFUT,WFWLS,393.6222807806065,134.4163607469845,624103.8223887847,102198.30766621038,24859941.194074314,185707.5981154364
6722,JPKOC,JPOIT,393.564081005246,193.53094035669417,624011.5443241572,102183.1969399156,12974201.67669362,67567.41247437042
6723,JPHTH,JPSZU,393.48992717553745,322.4907933360319,623893.9704701719,102163.94397514909,13535300.616590625,42287.91904256219
6724,FJSUV,NRNRI,393.1585015974251,0.0,623368.4820000397,102077.89413789594,23067585.543451045,
6725,JPHIB,KRGWA,392.4779503147881,0.0,622289.4408035327,101901.19888266895,11643697.016152501,
6726,ARBNA,ARBNA,392.2504094867181,20.092182957793387,621928.6657471351,101842.12121179217,21834038.75803885,1091761.951666985
6727,DERSG,DKFRE,391.96404949186876,123.55393712867692,621474.6305563165,101767.77199863568,19713489.636950366,160377.3855325398
6728,JPFUK,JPMMA,389.7641134678094,25.05390154748825,617986.5442648,101196.5905650366,13065886.190745752,525550.1925060786
6729,CNFUZ,CNWEN,388.92245846069136,318.5200211429651,618663.5904350101,101307.45829300937,10174423.59252302,32260.863897795145
6730,CNJIA,CNZOS,387.5702107707697,317.49090620038305,615821.054171681,100841.98702818014,10834344.565605434,34442.51894802907
6731,FITON,SEPIT,386.8572187927002,105.68495132072657,613377.5468411292,100441.8575865809,20024145.784071308,190420.5602610816
6732,CNHPU,CNZHA,386.3144103878498,149.97315168320213,612516.9024700329,100300.92526879467,12488916.878012782,83943.14356928757
6733,CNLAZ,CNYAN,385.41541487791875,315.8732011263615,611091.5092403975,100067.51414295018,11945732.813850405,38134.92339660233
6734,AAAAA,NLROT,385.3085765244927,180.44893719496278,610922.1127707193,100039.77511635766,8757332.464901147,49085.200376922796
6735,IDBUT,IDSEM,384.5830380756722,315.1910137645711,609771.7426283053,99851.39959688966,13102660.296013447,41887.33535871624
6736,CWWIL,VEPCA,383.49405654165844,0.0,608045.1189815418,99568.66135952351,16076445.898905195,
6737,CNFAN,CNJJI,383.4286908508268,0.0,607941.4790721844,99551.69010736475,13694997.015435992,
6738,ITCAT,MTMAL,382.64575499191614,125.44131330605451,606700.1030472746,99348.41218408973,16696963.227534568,133897.76619078152
6739,GBGRA,GBTYD,382.544340887013,278.28844435907985,610468.4225340176,99965.48239016008,20173331.16864151,72849.9406352379
6740,CNTZH,CNZPU,381.83309002370385,312.93725104368565,605411.5903340792,99137.41552941305,11825627.838740563,38105.93086792756
6741,LYBHZ,TRGEB,380.9736045896105,0.0,604048.8419052013,98914.26262085843,16870943.94580145,
6742,CNDNG,CNDNG,380.4462389525469,0.0,603212.6826582319,98777.339793415,14102624.601637451,
6743,CNJIA,CNQIN,380.4080029706189,155.88464938600993,603152.0579841745,98767.412376102,10917253.310095703,70667.77111063286
6744,CNHUM,CNPGN,379.4332249856944,310.97040430490796,601606.5086185102,98514.3254313996,12359814.394892098,40062.74728352621
6745,GLNNT,GLQQT,378.28385730127894,0.0,599784.1403223069,98215.90880721729,19893658.222369075,
6746,NOMOR,NOSOE,377.77426623700813,0.0,598976.1633692851,98083.60088941593,20584113.914097365,
6747,CNWGQ,JPMKX,377.5814715086749,0.0,598670.479639567,98033.54453863329,11540258.53621911,
6748,PHCEB,PHPOL,377.1539059071357,0.0,597992.5573285804,97922.53334077391,15386131.424909398,
6749,CNFOS,CNFUZ,376.4166100707622,0.0,596823.5453793597,97731.10518640907,10842454.79444981,
6750,JPFUK,JPIMA,376.1644005016893,0.0,596423.6570504031,97665.62263525529,13090571.520886712,
6751,NOFRE,NOLVK,375.8244487923611,0.0,595884.6500592375,97577.35911187783,19940273.38439839,
6752,ESACF,MACAS,374.91981885438133,0.0,594450.3232192505,97342.48508863305,20563168.196427982,
6753,JPKMJ,JPSEN,374.19674817796755,30.667876824669648,593303.8658283931,97154.75029042498,13577536.233641123,445896.24062046077
6754,NCNOA,NCPRN,373.96476358299054,191.52992296137714,593297.5405278788,97153.71450922183,22946677.15044568,120314.5206172395
6755,ESMAR,ESVIG,373.22939359304587,7.4606331156726915,591770.0865594512,96903.59072370511,21446880.580922212,2887661.655200346
6756,CNMWN,CNZQG,373.1703984777648,223.17879457296397,591676.5474516646,96888.27349895265,11338117.89217991,51236.97431720114
6757,AAAAA,CNSHA,373.0501907228662,305.7390892415563,591485.9532628289,96857.06330146424,4719646.287162784,15753.639360974406
6758,GBIMM,GBTEE,372.86301702916086,95.47265665865754,591837.8750149171,96914.69122522329,19949494.917147916,209970.16643251976
6759,HRRJK,MEBAR,372.83534745537816,0.0,591145.3106950659,96801.28236775484,16445366.45542437,
6760,DEWVN,SESOE,371.96695427124075,0.0,589768.4386732848,96575.81669129033,18882790.74053942,
6761,DEHAM,NOEGE,371.8416313784198,0.0,589569.7342293004,96543.27842254005,18753918.036813233,
6762,CNDCB,CNZHH,370.7219641782374,240.34388973251086,587794.4572351949,96252.57309767614,12041590.909910195,50501.98487058108
6763,JPOIT,JPOSK,370.21066856137605,141.59222684378489,586983.7776460695,96119.82261755403,11943329.320324995,85029.02603703922
6764,IRBAY,IRCBA,369.8532616332541,60.6237992510636,586417.0947094563,96027.02710016156,12478057.493880201,207411.68775824882
6765,ESBAR,ESCEU,367.32562820336875,0.0,582409.4311136337,95370.76379509017,19644378.5277164,
6766,CNHUM,CNSHL,367.1295188829187,0.0,582098.4919659405,95319.84685861028,12431280.679986944,
6767,CLANT,CLMEJ,366.8309114121254,300.6419820975545,581625.0379136282,95242.31776622494,22131903.09064629,73932.27404015746
6768,SAGIZ,YEADN,366.46662938813347,0.0,581047.4542383596,95147.73723005367,14258795.118048958,
6769,JPKNA,JPMUR,366.45298143064383,300.332243699857,581025.8148575295,95144.19373613414,14590652.234864414,48898.5006993691
6770,DEHAM,DKKAL,366.23780255936043,60.03117810145344,580684.6401765664,95088.3256677741,18445494.841750517,308849.2305795577
6771,CNGPG,CNPGN,366.05195763950076,300.0035784110638,580389.975645316,95040.07373381255,13934934.195672544,46766.023071173295
6772,NOKRN,NOMAA,365.73933232475287,0.0,579894.2957424335,94958.9051118598,20495885.463537984,
6773,CNHGG,CNWHN,365.6441510833262,299.6693542016352,579743.3820886732,94934.19268507318,11868458.019923944,39921.974152082774
6774,CNHUM,CNJMN,365.5274084617586,229.46068797654038,579558.2820069108,94903.88215912161,11341621.351362864,49840.89141531395
6775,CNJIA,CNWHN,365.3886848597637,299.4599828825303,579338.33020416,94867.86459088555,11017921.914572872,37109.43169165608
6776,CNBAO,CNDAL,365.3382445657291,119.76745750183949,579258.3551065944,94854.76850120716,11546992.653825834,97203.76189958141
6777,BGBGS,GEPTI,364.5590692649544,74.69501462781629,578022.9415965664,94652.46695222835,16067356.449643683,216373.32822179017
6778,CNGAO,CNNJG,364.0653710068067,298.3754404208314,577240.1633213995,94524.28537068679,11222722.53096359,37929.552111837125
6779,INTRI,INTUT,363.7541979299598,0.0,576746.7859996192,94443.49380121067,16714857.669646231,
6780,CNBHI,CNYJG,363.6989139123035,223.55632860464922,576659.1309851015,94429.14010905112,14609426.983691579,65772.48882004962
6781,PLGDY,SENYN,363.39070740976337,297.82250937070984,576170.4572851806,94349.11876750294,17716736.687730607,59804.364163516075
6782,CNFAN,HKHKG,363.24338624518845,297.7017700176596,575936.8737041199,94310.86896702641,12603772.701084707,42653.705314881016
6783,CNQUA,CNWEN,362.48965589211997,137.1157101125515,574741.8041733311,94115.17382912035,10283555.479681216,75685.49690616647
6784,IDBLU,IDPAD,362.07167977025256,138.47935721290682,574079.0863647575,94006.65240036632,12359575.265860049,89930.96277240441
6785,BRIOA,BRIOA,361.04495162411473,295.90000871175664,572451.1679469077,93740.07735090402,23452457.271247733,79574.84506712387
6786,JPKOB,JPOTK,360.94427694194445,174.45647389265065,572291.54422379,93713.93863202298,12697455.133835938,73320.11697278042
6787,PHMAN,PHPLW,360.64853058810183,0.0,571822.626586494,93637.1523870949,14055487.08079882,
6788,ISAKU,ISISA,359.9858667331506,0.0,570771.9466198677,93465.10134264367,21940816.109695442,
6789,MATAN,PTSBL,359.5972401290268,146.5971846466096,585351.1046954647,95852.46900339804,19937360.590859484,136654.8280456776
6790,IDMRK,IDPWG,359.4292391778954,98.19194214420703,569889.3914347476,93320.58108318414,11686409.894864138,119966.36606542855
6791,CNDNG,CNGUA,359.03546486905293,94.92035566769819,569265.0465658045,93218.34330363995,12694185.662591208,134717.19438833135
6792,CNJHH,CNNJG,358.98300995662186,294.21011233007425,569181.8772104358,93204.72414755814,11512060.376184443,39445.50038889233
6793,JPMIZ,JPTOA,358.9711482262527,22.630799297258243,569163.0699639332,93201.64442156468,13029640.546510855,579866.491614473
6794,IDGOR,IDMKS,358.94149343483576,196.1173912123742,569116.0511096175,93193.9449857223,13923770.741611915,71472.31869619743
6795,JPHMA,JPMMA,358.462556546433,4.896392777306993,568356.6775748106,93069.59597941957,12522706.308518186,2576544.9134242577
6796,JPSDJ,JPSZU,358.38536973065584,293.7203069823625,568234.2948004691,93049.55554387582,13132105.028598236,45026.3542211818
6797,IDBIT,IDPGM,357.6591341167876,293.1251092832845,567082.8192750714,92860.99901562979,14992727.231951738,51464.674138127906
6798,CNHIA,CNJIA,357.2675977607968,256.2036921234127,566462.0227696159,92759.34228803626,11458970.921020685,45088.071009313484
6799,IDBIT,IDBON,356.461605682754,292.1436562191463,565184.0901898748,92550.07815236543,14547267.488784755,50111.70790563162
6800,JPIRI,JPMKE,355.9907714820392,0.0,564437.5637895024,92427.83289122571,13092798.668490285,
6801,DZALG,DZWAH,355.50360965808096,116.54340626748822,563665.1492913921,92301.34839987686,19026448.72528431,164048.32058712264
6802,CNGPG,CNGPG,355.29403692508436,291.18675707400683,563332.8633662349,92246.93588389133,14431177.346848493,49876.664820444326
6803,VEGUR,VEMAR,354.7955537603395,290.7782174389083,562542.4984308537,92117.51197085471,17206545.23305607,59490.91681415691
6804,CN7632,CNZPU,353.6249338694035,289.81881769001853,560686.4339137521,91813.57751994708,11736127.247285277,40811.500506002456
6805,CNJIJ,CNWGQ,353.10976873738394,238.3266167792045,559869.6190540415,91679.82237642059,10989024.84123067,46493.777377256636
6806,AEAJM,AEUAQ,352.8037463866352,183.36075166920787,559384.4084138817,91600.36811815925,11941893.621223066,65627.42506122717
6807,ITANC,ITTAR,352.40735484475886,0.0,558755.9138175976,91497.45081207427,18189795.368361395,
6808,CNDCB,CNZQG,351.6476452965498,272.18728339890174,557551.3640344851,91300.20326300044,11572822.803144451,42853.29887845346
6809,IDBAL,IDMKS,350.74934689678685,127.76092694956161,556127.0761008195,91066.97313168528,13176318.796615155,103845.40944184473
6810,JPIRI,JPMOJ,349.9652984400217,9.252242145882311,554883.936007645,90863.40633853832,11737488.72997085,1278430.887325357
6811,CNSHA,CNWUH,349.5340552021174,241.23458898163204,554200.1826575509,90751.44029581605,10139540.409268573,42408.06383840477
6812,NOKRN,NOSOE,349.45598382032523,0.0,554076.3973685195,90731.17019555521,20640597.51530282,
6813,JPNAG,JPOMA,348.44646085674367,253.84419515085642,552475.7584536921,90469.06222183073,13231475.176028859,52480.7913386935
6814,IDDMI,IDPWG,347.77846454607214,285.0272527728947,551416.6236658825,90295.626682708,11251144.150695581,39790.72059616339
6815,IDSAM,IDSEM,347.4470318183612,106.78335822116948,550891.1238597768,90209.57498916546,13837226.53280881,130427.02851648006
6816,GMBJL,SNDAK,347.238831194561,71.14624696546241,550561.0134684651,90155.51872140226,23097755.174336083,325918.95823140105
6817,SXPHI,VCKIN,347.1345204758491,0.0,550395.6246644191,90128.43595844826,17931141.775476214,
6818,JPFUK,JPSBI,345.3307609574737,247.6435493048254,547535.6920207288,89660.11599991031,13165414.64248126,53524.8133686109
6819,CNPZE,CNWGQ,345.2803248469041,282.979863506207,547455.7235562138,89647.02099640781,11252302.186435962,40080.41090592862
6820,VNDAN,VNDAN,344.9567434892135,56.54293347378294,546942.6724103591,89563.00779704642,13960844.721344737,248490.9583910514
6821,JPKOM,KRBUS,344.6006095622828,47.070465377819346,546378.0078678972,89470.54279592233,11993654.318558471,256702.89775907403
6822,TWKEE,TWKEE,344.3727143058249,211.6770128722224,546016.6708511573,89411.37310286288,10456915.181507837,49822.72950429874
6823,CWWIL,VEGTA,343.76101595915657,0.0,545046.7987302308,89252.55451234065,17016233.026484918,
6824,ESLPA,ESLPA,343.3807557796631,112.56921684636619,544443.8810522644,89153.8254801832,20664733.49490153,184365.56548764568
6825,DZMOS,ESALG,342.8732986477436,0.0,543639.2875340788,89022.07160692051,19559088.99002506,
6826,JPHTH,JPNAG,342.80161618471834,46.82473320804421,543525.632130519,89003.46029661565,13424493.313550156,288597.41098375834
6827,ESSAN,PTLXS,342.726205785433,168.5319572891933,543406.0659353622,88983.88108181074,21147928.265482776,126011.1879560207
6828,EGALE,TRSAM,341.6051850402747,0.0,541628.642841723,88692.8243286547,14865846.577644086,
6829,ITGIT,ITTRA,341.51519498381145,0.0,541485.9600187276,88669.45971763955,17282304.368957754,
6830,VEGTA,VEMAR,340.5681163685857,279.11789971606464,539984.3291082697,88423.56451193374,17642571.009608883,63525.107462322696
6831,CNPGN,CNZQG,339.90660010943986,278.57574377131675,538935.4687005547,88251.81142406403,12405934.573262041,44850.23073273243
6832,BGVAR,GEPTI,339.61534584602447,0.0,538473.673451759,88176.19148516578,15598838.311188193,
6833,CNCQG,CNYUY,339.0477076886396,55.57436502434052,537573.6605179001,88028.81248279719,11642376.56206664,211075.83270473251
6834,ESCEU,MACAS,338.7469041066216,0.0,537096.7244436684,87950.71320203187,20109465.890264314,
6835,AEKFA,IRKHO,338.5281583920806,0.0,536749.8943904877,87893.91905462995,12576156.289861472,
6836,ITCIV,ITNAP,338.44856102312025,138.69039257400576,536623.6895879502,87873.25275396653,17282719.83117567,125247.27027981132
6837,ESMAR,PTLIS,338.19405828797454,277.17220347083247,536220.1653527423,87807.17481555125,21031978.3305789,76197.3431712352
6838,JPMIZ,JPOIT,337.5906735312359,177.86422935226878,535263.4747601647,87650.51472789566,12533247.027149921,70958.04247902772
6839,ALDRS,ITTRS,337.4583592985462,0.0,535053.6852680296,87616.16125930079,16922012.72684717,
6840,CNBHI,CNTES,337.20220842255395,276.3593174783862,534647.5478397874,87549.65540505464,14742719.95687459,53662.9984022142
6841,IDAMI,IDAMI,337.0828001019799,276.26145453101856,534458.221185952,87518.65276907649,16495311.635962,60025.85600253965
6842,ISREY,ISREY,336.6341706097427,78.8267923568715,533746.9012363132,87402.17263795977,21839331.097684834,278163.45958940184
6843,NOFLO,NOKAS,336.6013703214605,0.0,533694.8950712866,87393.65651954603,20692052.507691123,
6844,TRGEM,UAODS,335.75101268201587,0.0,532346.6191248071,87172.87351028666,15451959.57541285,
6845,ESGIJ,PTLXS,335.30633042775844,45.80092019399301,531641.5576783866,87057.418222176,21026962.881436292,460995.5479110148
6846,JPFUK,JPTOA,334.7585220156159,251.493509900189,530772.9855963467,86915.1877251237,13243860.619443486,53006.440653117585
6847,GLILU,GLSSM,334.43960453447136,0.0,530267.329212734,86832.38543356261,20054282.076292437,
6848,CNQIN,CNSHA,334.1119418880853,273.58468599903375,531886.1356122333,87097.46837094126,9864543.654635614,36374.993310267746
6849,TRBAM,TRIST,333.7704672084712,0.0,529206.3852996214,86658.65364638357,14396993.893017707,
6850,CNCHS,CNTAZ,333.0678442732361,181.98062333368821,528092.3486177836,86476.22780716002,12252507.733798843,67803.83392236581
6851,ESCAS,TNSFA,332.8954307428348,0.0,527818.9800901138,86431.46313837443,19382419.724701792,
6852,DZANN,TNRDS,332.8852923837064,0.0,527802.9053174353,86428.83086069091,17957387.817652836,
6853,CNDNG,CNNSA,332.55253071218687,159.76986999268462,527275.2984179275,86342.43412619195,12702064.492558394,80042.6696677548
6854,AAAAA,CNCQG,331.11049051933463,271.36675527103864,524988.8861888928,85968.02933639222,5818125.499729573,21756.87852098541
6855,NLROT,NLVSG,330.8391142236004,67.78608615117292,524558.6082505159,85897.57042306606,18941935.170209322,280704.106417909
6856,DEBRU,DKAHS,330.36835108345247,67.68963083678317,523812.19451950607,85775.34361177038,18545593.522526376,275247.01547070174
6857,ISAKU,ISSKA,330.27880386948317,0.0,523670.21384094364,85752.0939783763,22037094.895236768,
6858,CNQIN,CNZPU,329.7688619006009,115.82880113915644,522861.68051466753,85619.69495328961,10863168.7174625,94525.61284185218
6859,CNTAZ,CNWUH,329.36359244100214,241.5208411586807,522219.10962581594,85514.47262482373,11471335.11554364,47850.32021553594
6860,JPKAM,JPYOK,328.9122220295794,134.78256506032156,521503.4438395107,85397.28085385355,13066160.183966715,97576.10310305806
6861,CNWUH,CNZHE,328.67335215587,230.88802337000052,521124.706129491,85335.26176083591,11023808.734550787,48114.855998871375
6862,CNHSI,CNYSN,328.30697723698535,269.06909233200844,520543.80408591294,85240.13783490595,11153143.642163532,41767.65039267768
6863,DKABG,NOFRE,327.7937527270819,0.0,519730.06615995214,85106.8865457235,20109366.49529087,
6864,CNYUF,HKHKG,327.71700704627784,241.72701577294896,519608.38282270153,85086.96064446785,11359165.45737901,47343.70455627068
6865,CNFAN,CNTES,327.3813794832099,241.47945385981305,519076.2319378626,84999.81982285669,14309108.836978653,59608.005678022506
6866,CNYIC,CNYIC,327.21391667832626,35.75643433878269,518810.7129829178,84956.34053804028,12814181.655974448,360750.12050409144
6867,CNDCB,CNHUM,327.0138683696861,229.0524120227096,519036.0053146555,84993.23262907994,11526702.624774508,50694.49282312005
6868,RUNJK,RUVLD,325.34571149295545,70.16898444948748,515848.5991643498,84471.28819816891,13347618.716196453,191424.88821487754
6869,CNCHS,CNRUG,325.1077483549219,208.97812903143304,515471.2991199015,84409.50452589878,11025600.459252762,53163.50574708978
6870,IDBAL,IDBIT,323.84645552192137,0.0,513471.4690374526,84082.02816264886,14270083.728839552,
6871,THBKK,THBKK,323.0739633291894,234.9925112332511,512246.65186172404,83881.46178559824,11624388.002105162,49824.01099696856
6872,AAAAA,CNNJG,322.94351692203077,264.6733849643217,512039.8238814504,83847.59327077151,4932679.3971688785,18953.651086284644
6873,CNHIA,CNSHA,321.2886989754019,225.70041699751104,509416.04403900733,83417.94382789507,10406261.265560599,46476.11798388557
6874,JPIWA,JPTKU,321.06034152426207,0.0,509053.9741941685,83358.65413270003,13078784.759180535,
6875,JPKMA,JPSZU,320.65642037504557,233.5990750197996,508413.5411051935,83253.78187344006,13530065.948198114,58276.42823036736
6876,JPOMA,JPSZU,320.2098990572969,213.98383558205143,507705.56375027256,83137.84909920712,13342282.479069328,62740.34808120168
6877,JPKOM,JPMKX,320.04376930881995,262.2968516818282,507442.15840941796,83094.71592312345,13435025.708416067,51537.48639246714
6878,CNSHA,CNSZH,319.2778089176825,261.6690969233393,506227.6976655818,82895.84543347954,10680386.219332725,41133.18000222053
6879,JPOSK,JPSBI,319.153429262676,224.20042254983426,506030.4887627652,82863.55206272684,12361276.862723706,55504.535956083695
6880,CNLVS,CNNBO,319.0813727733572,196.13107846822777,505916.240325602,82844.84364192773,11037325.398732036,56697.64490779249
6881,IDTAI,IDTAI,318.57790696032123,96.19307208820027,505117.97520266566,82714.12605663751,14647946.277996534,153136.39625259605
6882,CNDAF,CNTAI,318.3339955946167,173.93038668448537,504731.2440060514,82650.79801345324,11089480.762847368,64233.350904505154
6883,CNJIA,CNYZH,317.4807378816298,166.52561880933766,503378.3698773264,82429.2620422235,11375715.744678559,68807.10060498082
6884,CNHPU,CNZHH,317.38678184572166,220.1009260646399,503229.39883577236,82404.86772225311,11787766.867073923,53930.585150332845
6885,CNRUG,CNTAZ,317.19855450419533,187.41663627788157,502930.9568799671,82355.99722711154,10875974.712329617,58470.426783825504
6886,CNJIA,CNJIU,317.151794576929,259.9266887851825,502856.81715067214,82343.85669120554,11849745.367206387,45905.59468773489
6887,PHCAV,PHMAN,316.97990058779914,155.87148623481846,502584.2723764057,82299.22691376453,13677181.307273824,88274.5193913087
6888,JPHTH,JPKMA,316.7541363310354,103.84031271254938,502226.31414465734,82240.61050382195,15113188.514641404,146334.58555935972
6889,CNLYW,CNLYW,316.7208613972739,181.70145755410752,502173.55541029625,82231.97115060396,13114379.107033746,72627.98689578277
6890,ITGOA,ITMDC,315.96092767846835,258.9506952861904,500968.6501957639,82034.66539889092,18042636.80766919,69992.75075526183
6891,PEILO,PEILO,315.61170604012875,0.0,500414.9453624999,81943.99507309547,21189735.59275096,
6892,IDSUR,IDSXK,315.0233798491464,258.182313372481,499482.1307264094,81791.24472330617,14357184.759735443,55925.50402020591
6893,LTKLJ,RUKGD,314.7746752615168,0.0,499087.7996852969,81726.67218967274,17620395.20744427,
6894,ROCON,TRGEM,314.6172323234733,0.0,498838.16762878274,81685.79441773836,14734835.961146161,
6895,PGLAE,PGORO,314.2749769893368,67.7813021479009,498295.5081486234,81596.93279164057,19879411.943571143,294491.3751111957
6896,CNCQG,CNFLG,313.9158484264098,217.25412250801497,497726.0954913743,81503.69027677849,12518799.123434663,57997.991790680935
6897,ESCAR,MANAD,313.77470785479545,0.0,497502.3114869121,81467.04517748833,20875486.816585217,
6898,PHLMY,PHSFS,313.28426770581166,0.0,496724.699073746,81339.70951666568,14599694.622474488,
6899,PLGDY,PLGDY,313.0920433196976,104.97250491716026,496419.91964435956,81289.80124695577,16310777.334572041,156155.8157419879
6900,CNNJG,CNYUY,312.8869700085351,256.43138544064027,496094.76773194084,81236.55694049336,10756930.459505947,42265.368561740666
6901,RUAAQ,TRSAM,312.3521479116224,0.0,495246.78597054444,81097.6981515585,16364127.463831121,
6902,PKGWA,PKKAR,310.14264643146134,101.60200637637462,493311.0397746202,80780.71565890599,12132986.037272843,120211.86577445187
6903,CNJIJ,CNJIU,309.7020709044963,253.82115181629004,491044.9832004063,80409.6441502039,12324631.545987738,48873.1577387074
6904,CNSAX,CNWXA,309.43619954452976,193.9318992043739,490623.4335572059,80340.6145134882,13047196.850471362,67691.48097266081
6905,NODRA,NOKRS,309.36237904930636,0.0,490506.3882183389,80321.44809417892,19568377.32348382,
6906,GBBTL,IEDUB,309.0952103407791,101.3295159189147,490082.78157726186,80252.08161975397,19095247.537454918,189239.033120608
6907,CNHUA,CNQHD,306.7480982033404,251.40017751911634,486361.3416891397,79642.6880461144,12745311.867169844,51014.10302003767
6908,IDBON,IDSPT,306.7051843439949,251.36500679786107,486293.3000539003,79631.54608587822,14280910.435854306,57130.235289625765
6909,CNTAZ,CNZJG,305.9167065250273,162.2298101671022,485043.13703032705,79426.82927317383,11110843.931703432,68977.89468809862
6910,GEPTI,TRTRA,305.57602044717623,0.0,484502.9656685844,79338.37508167641,15357767.665308945,
6911,JPSKI,JPSZU,304.9876285438968,107.12458166278302,483570.0468430264,79185.60767064366,12911812.017181156,121269.99632769726
6912,DELUB,SEAHS,304.1514155305042,0.0,482244.1977651882,78968.49710808173,19233056.04355477,
6913,CYLIM,TRMER,303.9790203751661,99.65229467697692,481970.8583719139,78923.73721011441,13898412.340240117,140261.05593210662
6914,CLARI,PEILO,303.863339408027,0.0,481787.4415855826,78893.70232731417,20582376.626579512,
6915,CNBHI,VNHPG,301.67095948581556,0.0,478311.3357948557,78324.48272580418,13524359.455816194,
6916,CNHUM,CNZHH,300.72126217673366,127.79448384030388,476805.55284086516,78077.90761427635,11795826.030423291,92914.05686082336
6917,SEPIT,SESOE,300.45628389676153,0.0,476385.4192116085,78009.10985280879,19851075.05245737,
6918,DKAHS,SENYN,300.2622652813626,184.5634591611737,476077.7949601437,77958.73573752705,18137946.513503145,98697.24663825938
6919,CNHPU,CNMEZ,299.5893383658202,245.5331044891271,475010.8425016968,77784.0200384688,12313771.9871929,50467.964525655654
6920,CNNSA,CNWUZ,298.54378157107345,202.12381916488027,473353.0705106603,77512.5564038897,11376688.252849143,56669.22808295739
6921,CNSYA,CNSYA,298.52536786395314,244.6611109067344,473323.87484375003,77507.7755523032,15134730.461902479,62176.77252047521
6922,CNJIU,CNYUY,298.27425770983024,205.85710288179217,472925.72968103725,77442.5784482717,11901640.486920584,58191.25450457504
6923,CNHEF,CNWGQ,297.79130108567244,244.05949505499302,472159.98269489844,77317.18577596864,10472992.249546578,43228.43261207799
6924,MYTBS,SGSGP,297.4860149608798,0.0,471675.9393703501,77237.9226680828,11017664.624761615,
6925,GTPBA,GTPBA,297.4431875532077,54.17204293157622,471608.03480768617,77226.80315376785,14831662.32622005,275213.7139853666
6926,IDAMI,IDTUA,297.04803386992666,177.05479188476306,470981.50288556627,77124.2072396867,16908192.776615694,95932.54609516784
6927,FRDKK,GBIMM,296.51640585884,173.58188202273485,470138.5854746155,76986.17774874106,20421643.37664129,118091.98814715711
6928,CNYTN,CNZHA,296.3749486853508,242.8987014039287,469914.2994852556,76949.45044837285,12485551.34242303,51719.09409256403
6929,AAAAA,CYLIM,296.2553319411562,0.0,469724.64236745867,76918.39369822908,7319406.9131990755,
6930,TRATV,TRYAR,295.73629281559124,60.59382026176436,468901.6851365011,76783.63272855,15938779.594147509,264310.17482787976
6931,CNWGQ,KRKUN,295.73213199446775,242.37187098135468,468895.0879886915,76782.55243178306,10955948.779424245,45519.85049743978
6932,MYPGG,SGSGP,294.73394741972885,222.9727322578203,467312.4265415076,76523.38830602643,10887956.126918959,49174.08242792176
6933,TRAAP,TRANT,294.63729123238164,0.0,467159.1743021747,76498.29293095578,15661416.2965877,
6934,DKKAL,SEHEL,294.3906139587965,32.16965453312233,466768.0576483216,76434.24675996637,18876598.92293049,589158.7412036441
6935,INCHN,INKAK,294.2984332620595,0.0,466621.90147781745,76410.31338102419,15193672.795161638,
6936,CNDCB,CNGLA,294.18598858071715,225.03105807972284,466443.61595166824,76381.1187528226,12079790.675544873,54019.97350068482
6937,PTFIG,PTSBL,293.8935334793938,21.896819905083625,465979.9167264845,76305.18703380424,21517295.492391717,986152.3624447536
6938,ISHUS,ISISA,293.3043674374102,0.0,465045.7704731412,76152.21862890165,21965300.253847796,
6939,GYGEO,GYGEO,292.72934115335937,0.0,464134.043369842,76002.92140676006,19314127.84327357,
6940,JPTCI,JPYOK,292.63049218277865,130.81629480312924,463977.3143852523,75977.25670737398,13954120.077949855,107250.38005220752
6941,AEDUB,AEDUB,292.53530795585056,0.0,463826.3959978603,75952.54350544527,12439166.65520709,
6942,DZSKI,ITTRA,292.51918531890817,47.947730106657254,463800.8329140766,75948.35749695165,19287259.730212722,403839.93245638977
6943,JPMOJ,JPSAK,292.28557715168495,239.5471933244109,463430.43784950837,75887.70452959454,12259323.05960815,51493.864707621826
6944,AAAAA,CNYTN,292.1575733668101,179.58171437288428,463227.48274426843,75854.47020616362,5629044.173704684,31767.703431459457
6945,BDPAY,BDPAY,291.9927767749856,0.0,462966.1911764477,75811.68316484008,16444981.119037816,
6946,JPNKI,JPYAT,291.20094578694363,14.038721577077865,461710.71156959503,75606.09575049182,13326928.310029682,954683.3970739583
6947,IDNNX,IDTRE,290.9489393858352,238.4517310425531,461311.1453715478,75540.66594894894,14637944.712267593,61704.25064178224
6948,IDTAI,IDTRE,290.8890929427408,238.40268295878028,461216.2564495652,75525.12768929564,14625335.964143394,61663.99181998494
6949,CNFAN,CNYPG,290.1459281428549,194.55840873969407,460037.93902466295,75332.17574380411,13965650.238297904,72168.46861051166
6950,ZACPT,ZACPT,289.5982166996195,101.71916796215089,459169.52069069206,75189.97042332003,21203879.229575098,209194.29077434287
6951,CNPAN,CNZZU,289.1851460560541,237.00618677084887,458514.58071357873,75082.72263075286,13241447.780309524,56186.42569788889
6952,AAAAA,PLGDA,288.07718009123835,236.0981360221359,456757.8564947492,74795.05536168623,9087026.561097037,38805.14167041004
6953,IDBIT,IDTBO,287.93422162422047,0.0,456531.1901446337,74757.93827226029,15202504.033841692,
6954,CNGPG,CNHPU,287.22176309932405,235.3970657143501,455401.55874318065,74572.95876504747,12847998.382718682,54896.90919582245
6955,ISHUS,ISSKA,286.88333617539996,29.389962832777915,454864.969360076,74485.09113005198,22061579.039389122,753184.4887476808
6956,ITCAG,ITTRA,286.2131641834178,0.0,453802.38494279014,74311.09070687968,18917330.08828561,
6957,CNHAA,CNZHA,285.822126001396,159.71588955646854,453182.3783120278,74209.563322921,14252905.721965775,89703.75662105464
6958,EETAL,RUSPG,285.73600417955527,0.0,453045.8287292774,74187.20304283779,17172064.56638388,
6959,IDKEN,IDMAN,284.89003363614876,175.11454540969396,451704.5086985077,73967.55907934022,16507277.84728665,94687.99617743284
6960,CNZHH,MOMAC,284.5216097081133,76.23326770584895,451120.3578692141,73871.90315794702,13025457.3607388,171832.18899183712
6961,PTFNC,PTPXO,283.77354712480343,123.12583763878585,449934.27481338737,73677.67957413191,22518150.222613376,183485.67884236557
6962,DEKIL,DKAHS,283.517761133414,174.2710449459272,449528.71592423343,73611.2684568728,18512797.82388413,106652.30760570691
6963,ESCAD,ESMAL,282.92244000900865,0.0,448584.81054226833,73456.7019742247,20855072.994863056,
6964,IDMKS,IDSAM,282.39940085923837,162.01137658617125,447755.51111342694,73320.90245636285,13193764.485203506,81889.838030006
6965,CNZHE,CNZOS,282.21863933688695,231.29667777586312,447468.906511633,73273.97035272571,10665903.23542756,46430.313262808864
6966,CDBOA,CGPNO,281.7641082969823,32.9891656840948,446748.2294228354,73155.95797047972,21187905.254617065,644486.1751334993
6967,CNLKU,CNWEF,281.2731642897178,230.5217989874031,445969.81812227325,73028.49149017326,12900972.618673097,56281.0162299325
6968,TRBOR,TRIZM,280.9478060671944,0.0,445453.94968637126,72944.01695366777,14850557.132013083,
6969,JPIWA,JPMKX,280.49309774487244,16.42017737936585,444732.9915092316,72825.95854261723,13038710.653655378,798501.5209807901
6970,CNFOS,CNYUF,280.4276281528144,205.3789515085221,444629.18686033675,72808.96031401427,11365327.054558286,55692.83478593317
6971,FIOUL,SETUN,279.78586725651826,38.21714359306968,443611.6493681913,72642.33641915307,19670865.025590282,516613.8938125594
6972,VEGTA,VELGU,279.7833277189018,0.0,443607.62283003295,72641.67706509886,16517494.008784682,
6973,MXPMS,USPEV,279.41513136913903,0.0,443023.83283516567,72546.08023109849,13691152.705313968,
6974,NOAAL,NOEGE,278.9699429403846,0.0,442317.9688288958,72430.49352213209,20618677.96580288,
6975,CNNTG,CNPZE,277.7053353287791,227.5977292396479,440312.8830327875,72102.156524766,11318024.630691305,50044.99309051935
6976,FJLAU,WFFUT,277.56184267148944,113.74006379966141,440085.36970269453,72064.90074059535,24694432.57717357,217746.47077336954
6977,USLGB,USLSA,277.22178724277916,142.00089367547224,439546.19826031255,71976.61028798686,12869152.469101522,91134.13827496795
6978,CVPAL,CVRAI,276.711049486355,0.0,438736.4031811559,71844.00464822413,23596537.621127374,
6979,INKAK,INVIS,276.405697868314,45.30651822677391,438252.25601445057,71764.72453596766,16410442.758522805,363793.29350712727
6980,EGALE,TRANT,276.2491144584979,135.8425564581553,438003.98677421577,71724.06992805249,15002225.72006222,110966.32883696964
6981,JPKMJ,JPKOB,275.9501164829491,143.91949874890162,437529.9135610419,71646.43944677965,12554102.16536416,87727.85282444084
6982,AESJH,AESJH,275.86500049899837,0.0,437394.9587743751,71624.34031789433,10540405.864343485,
6983,KEMOM,TZTAN,275.26436306805385,0.0,436442.62417639734,71468.39353347506,16636024.672853364,
6984,CNNSA,MOMAC,274.6421237727943,181.32026582309624,435456.0389611452,71306.83813876308,12520852.394698981,69447.05918930865
6985,CWWIL,CWWIL,274.4769009610913,157.46627092873263,435194.07160471106,71263.94043563912,15928545.787594078,101607.85312094576
6986,JPKOC,JPMKX,274.2187979699054,96.31726426689897,434784.83901998634,71196.92774303831,13589298.420449212,141828.107890798
6987,TNRDS,TNSUS,273.7173362784472,56.082325639103125,433989.7515117285,71066.73049880499,17758450.733217873,317916.8706100365
6988,JPMOJ,JPMUT,273.27798138021643,0.0,433293.1368007237,70952.65838130444,12059538.074408906,
6989,IDBTW,IDSUR,273.1001595163223,37.30391428941044,433011.19314463664,70906.4895172859,13009685.91425939,350649.32602769515
6990,TRGEM,TRTUZ,272.9041746408132,0.0,432700.45130935975,70855.60489112732,15980094.571266295,
6991,ESCAR,ESMAL,272.711497958695,0.0,432394.95474662277,70805.57918932973,20725728.883831397,
6992,CNJIT,CNJIT,271.31321174047946,133.4153789268944,430177.9161891223,70442.53448349849,10853991.416467495,81882.8686679149
6993,CNSBU,CNZHH,270.33875072029235,221.5603301844286,428632.8693836885,70189.52983408608,13290413.779899398,60302.32622695593
6994,LBKYE,TRISK,269.92757901765304,88.48933920673846,427980.9402531362,70082.7750739474,15024537.28205975,170581.22698676726
6995,CNANQ,CNTAI,269.83260947689365,58.97213713381167,427830.3622592257,70058.117612164,10288689.402798695,175654.94526518817
6996,FJSUV,WFWLS,269.5834051747841,110.47063749393207,427435.2389008785,69993.41533492443,24858207.87030977,225654.5436067928
6997,DMROS,GPPPE,269.43015237634756,165.61175570398058,427192.2504777986,69953.62547187536,17060592.875924654,103437.98620199513
6998,CNPZE,CNZHE,268.47314212925363,220.03134163090408,425674.8725689767,69705.15166221636,12114434.079054512,55374.562280110316
6999,IDLKA,IDLWE,268.33786971228807,219.9204770164606,425460.3927577105,69670.03014404318,15941494.759845639,72804.33821899758
7000,CNJIU,CNZHE,268.18001115764906,219.79110158139972,425210.1017245109,69629.0444632968,11681304.037028512,53464.09839590274
7001,GTPQL,HNSLO,268.067119305321,54.92464482674823,425031.10719093226,69599.73373364413,14908640.739593029,272705.2768492786
7002,MYLAB,MYSPB,267.79493106278653,0.0,424599.5418785262,69529.06401012516,13714700.032323372,
7003,ITCAT,ITNAP,267.68017309011464,36.56357525243916,424417.5885367284,69499.26876943144,16772141.253228292,460612.5195832488
7004,PHPOL,PHZAM,267.3290553527071,0.0,423860.8773627828,69408.10614905469,15698380.873129796,
7005,TRBAM,TRTUZ,267.32011352971693,131.4518154591825,423846.6997458648,69405.78453459924,15553661.092636066,118850.14157162272
7006,PGKAV,PGRAB,267.28901580950964,60.85024235502684,423797.3930704132,69397.7104632556,19892402.45659233,328047.99774813943
7007,CNLYG,CNYAN,266.3148952845058,130.95751010549648,422252.8861336701,69144.79421847168,10322187.949080942,79348.8875508429
7008,AEJAL,IRBUS,265.92373185410514,0.0,421632.6809166087,69043.23431559074,11486929.754412781,
7009,ITCAT,ITGIT,265.5073601444356,0.0,420972.5069675528,68935.12944915907,16632013.663601696,
7010,ESCEU,ESVAL,265.10689848769664,0.0,420337.5590418529,68831.15539687025,19567185.359826397,
7011,LYTRI,TNRDS,264.3404807010529,54.16108866115992,419122.37307920237,68632.166151127,17573377.610447064,325732.1854619524
7012,CNJIT,CNZZU,264.2702447241495,216.58679165675105,419011.0111370691,68613.9303999328,12188590.391908323,56592.575329956395
7013,JPFUK,JPIWA,264.1541486755686,0.0,418826.93622255995,68583.78774726544,12804322.864708189,
7014,CNCHZ,CNCQG,263.55825347005106,216.00326814439416,417882.1206120993,68429.07221279536,11609317.874214504,54062.82528383294
7015,ESCAD,PTSNS,263.5067407300792,0.0,417800.445108735,68415.6976781071,20436816.169978015,
7016,IDBTM,MYPKE,263.34429520433247,53.95697882952254,417542.8812499326,68373.52105694039,11135477.005588558,207644.14112295175
7017,JPTKU,JPTOA,263.21800439799796,107.86220586120592,417342.6421404756,68340.73148350569,13518322.51391583,125963.15027046892
7018,FRMRS,ITMDC,262.3474954269721,215.0109725482827,415962.4154542129,68114.71647370831,18246505.90632264,85179.93479929789
7019,AAAAA,ITLIV,261.39727659291054,107.11610295772591,414455.8056015705,67868.00595579487,8489330.277401725,79887.13225251179
7020,ESBIL,ESFER,260.85907455628734,71.26370468693247,413602.46481098357,67728.26961460931,20586680.87688783,289830.69624627323
7021,AEHSN,AEKHA,260.2073420186738,142.11932746043053,413259.9461263625,67672.18146283618,11105597.989044106,78618.93501865784
7022,CNHPU,CNYPG,260.0104024657629,182.65334712163744,412256.8613695305,67507.92423364373,12645630.022531109,69602.54573543882
7023,CLVAL,CLVAL,259.9407726790144,212.86201814409938,413706.59123765817,67745.32053499743,22150049.292901795,104376.51022549359
7024,BZBZC,MXPMS,259.68142970287965,0.0,411735.26193575334,67422.51123423659,14399975.187847856,
7025,RUKGD,RUKGD,259.50645803728486,0.0,411457.8373827253,67377.08238280608,19026880.162939094,
7026,KRGWA,KRYOS,259.1002503260954,179.68046655476164,410813.7788585625,67271.61645094317,11947697.696139466,66868.53358614014
7027,FIOUL,SEPIT,258.7574229973551,23.563185868846407,410270.21245814976,67182.60631475499,19710847.790291175,839361.4728793977
7028,JPKOM,JPTKU,258.15925363216354,211.57843380761904,409321.79107684083,67027.30032775873,13475099.813941224,64005.23375923262
7029,CNHIA,CNZHE,258.0184902869829,52.86576725437667,409098.6051799316,66990.7531698327,11290529.590842811,214836.95279334803
7030,GAOWE,GAPGE,257.9194878300612,150.94060555256948,409518.3118506678,67059.48101594855,21145005.05608676,140532.52575374747
7031,NOMOL,NOTHA,257.82384825827097,0.0,408789.9924817995,66940.21719433957,20623011.687013928,
7032,DEKIL,GBIMM,257.56366200090235,211.09030741757798,408377.45679546904,66872.66361193477,20351006.334580865,96725.80066787355
7033,CNFOS,CNSTO,257.5005697815146,0.0,408277.42156574375,66856.28263361326,11129943.732717589,
7034,MXPMS,USMIA,257.18466198208455,0.0,407776.53715250443,66774.26176219236,12985499.052258015,
7035,FIRAU,SEGAV,256.0857405214889,209.87905386960142,406034.1533557775,66488.94276727104,18760058.201066315,89701.88685684939
7036,FIOUL,FITON,255.4149802775521,80.51127764356252,404970.63624156034,66314.78961302336,19675000.57296928,245199.38001705243
7037,JPHOS,JPKOC,255.12158767891705,209.0888674032539,404505.4505770049,66238.61448644557,13200947.76914798,63452.38055188756
7038,COCTA,VEGUR,254.78231473173955,208.8108109796039,403967.51979029574,66150.5271938012,15581288.306450801,74935.96121885185
7039,CN8229,CNLUZ,254.48051797087052,79.45274999910484,403489.0089913913,66072.17004857356,13317784.33167029,168450.51306430117
7040,DEBRU,DKCOP,254.38533859218037,29.78363757237945,403338.098291074,66047.45810541943,18426351.49306547,620891.2160655704
7041,CNCHZ,CNRUG,254.33862962834084,158.60111669991,403264.03936632443,66035.33080142693,10615726.0933767,67349.85002904579
7042,GBFEL,GBFEL,254.1097768615223,104.10462474571787,403347.6581838655,66049.02355788056,17791502.693143684,171534.66294431937
7043,VEEGU,VELGU,252.7219623828746,0.0,400700.74898188456,65615.58663395149,16520410.921371955,
7044,CNCHS,CNWUH,252.35782231309884,132.95814459928508,400123.39038068627,65521.04295413047,11620960.862466784,87895.94605612263
7045,AAAAA,THBKK,250.92277825971522,137.07551065103775,398153.0921342426,65198.40249086023,5812194.001052581,42877.0418262815
7046,IDBTW,IDTRE,249.81479282573582,81.89584043863825,396091.3157217945,64860.78228636957,14548020.385173447,178432.51976159582
7047,CNDNG,CNYPG,249.7434577492067,0.0,395978.2111133767,64842.261169922465,14064532.614055399,
7048,CNQHD,KRINC,249.63717834587092,0.0,395809.70088135544,64814.66726660186,11787621.070535025,
7049,WSAPI,WSAPI,249.46788393817891,87.62369422250426,395541.27784712054,64770.71243272111,25570453.221358042,292560.41030060686
7050,CNANQ,CNTOL,248.73548180005045,28.539704892884817,394380.02505161,64580.55485602244,11926024.248360371,420137.65903394995
7051,JPISS,JPSDJ,248.52554605218154,203.68297883997565,394047.16355189716,64526.048088498275,14503835.835614137,71524.68982274816
7052,CWWIL,VELGU,248.26815785927113,0.0,393639.0643083417,64459.220982886916,15429806.769893844,
7053,IDMKS,IDPTL,247.27058197242798,57.90127242816283,392057.3679600887,64200.214894100965,13661208.966515439,237048.48971045384
7054,CNRIZ,CNRIZ,246.6221025527028,112.29054561024972,391029.1779811365,64031.84663222094,10207177.046379462,91469.93486577326
7055,AAAAA,JPNAG,246.60687279588967,202.11050031424668,391005.0305944025,64027.8924470834,5865281.722033198,29336.969654032007
7056,GBSOU,GBTIL,246.3349621706618,40.37753034596959,390573.90545530646,63957.294802865596,18432639.002762213,458091.3230472348
7057,IDBON,IDSEM,245.9157718438967,201.54409777407676,389909.2624764494,63848.45812344673,14096964.60416566,70261.61132320946
7058,JPWKA,JPYOK,245.70071777345947,0.0,389568.2856722046,63792.62245781361,12977302.002722085,
7059,CMDUA,GAOWE,245.5685057383029,100.62974521652828,389358.6582183334,63758.29552332374,20160031.313421085,200972.28275226403
7060,JPIMA,JPTOA,245.23174995279436,0.0,388824.71849182545,63670.861775143814,13206256.085439242,
7061,IDBEN,IDMOF,245.0949018863769,200.8713410259525,388607.7404255222,63635.33116247747,15435868.479113946,77161.34980287653
7062,CNHIA,CNWGQ,244.56851653473916,200.43993371937003,387773.1354601857,63498.66285190579,10428397.69822426,52344.341600938445
7063,DZANN,ITTRA,244.03727817245417,80.00181962095549,386930.8358529478,63360.73452761169,19230835.059307374,241171.96190349036
7064,CNSTO,CNWEN,243.678434915688,199.71045347696074,386361.8755599936,63267.566088350046,10461912.5307908,52702.19917703692
7065,JPKOB,JPKOM,243.67189599953034,122.89544271167054,386351.5078476777,63265.868353750375,12383813.115410862,101281.85967780072
7066,CNGLA,CNSHE,243.61403735237593,193.4183730939203,386259.770655424,63250.84619643928,11846375.93235428,61574.43363856457
7067,CNHSI,CNTAI,243.34777463581912,199.43945569883448,385837.6005007438,63181.714949669535,11139718.96118175,56171.937678412396
7068,JPKAW,JPSDJ,243.0598175459385,199.20345598461333,385381.0330520667,63106.95107398667,14168798.679416876,71444.06988395899
7069,IDTJB,MYTPP,241.84995742337077,24.776487036653787,383462.75158295664,62792.82846691766,10916400.439915588,443129.5385879415
7070,AAAAA,IDKUP,241.83493392900982,198.19958355463007,383438.93123356556,62788.92783482977,7830885.682485339,39826.89806280255
7071,DEHAM,SEMAL,241.6596967277286,0.0,383161.08566311805,62743.43004091528,17889356.326007247,
7072,IDBON,IDPNK,241.57671052082407,65.99598418065322,383029.50772288576,62721.883877704044,13918962.562255904,211856.594302178
7073,DERSG,DEWVN,241.25660000069018,89.8752731743638,382521.9597283814,62638.771830898775,19017602.876983702,212296.89741023324
7074,JPHIB,JPSBI,240.95378779028158,87.76774512185513,382041.83889373956,62560.151038948046,12977322.002600051,148572.60073771595
7075,JPKMJ,KRBUS,240.88433089114855,0.0,381931.7122104781,62542.11756398047,12163943.368511766,
7076,TRATV,TRATV,240.7823346066178,112.73848509992922,382164.98038031254,62580.3157152083,16893743.251589738,150404.0395103339
7077,ITTAR,TNRDS,240.20134057730576,0.0,380848.80383273464,62364.789049728875,17371562.880353037,
7078,JPTCI,JPTOK,240.05799142807484,109.30181259726574,380621.5180403914,62327.57052534114,13962397.518694716,128311.91684712184
7079,GDSTG,VCKIN,239.74075902115007,19.648326991918896,380118.53340914863,62245.20573882474,18285743.944090143,933819.4115649265
7080,CNJHH,CNSAX,239.40417862839408,166.77630718735432,379584.8717748439,62157.81752882536,13009989.471114049,78381.3211186994
7081,AEAJM,AESJH,239.25961695818313,130.72596163594403,379355.6634821359,62120.28419097757,11007047.776139325,84674.59655149904
7082,AAAAA,BDCTG,238.37465429976626,167.45456360173392,377952.5198981548,61890.51649119533,6766316.737705539,40776.477555049634
7083,CMDUA,GQBAT,238.00850022488962,162.35846455063475,379431.8825124162,62132.76521677356,20069282.234104365,123993.6276500247
7084,CNFUZ,CNZOS,237.8591673006821,77.97647285728402,377135.19470537826,61756.67777956077,10246939.044229621,132202.64195428038
7085,CNDNG,CNFAN,236.7783758084167,0.0,375421.55669639556,61476.065967570576,14003742.225879956,
7086,CNBAO,CNNJG,236.0969774828545,193.4969520546813,374341.1724795537,61299.15078995171,11092590.490459261,57643.748507713855
7087,DKAHS,DKKAL,235.74541464138835,96.60441162845541,373783.7555753739,61207.872604771444,18514736.686414365,192288.78108034024
7088,JPMKX,JPOIT,235.38760367986453,0.0,373216.4320276907,61114.97218597495,12981854.889029741,
7089,NOKAS,NOMAA,235.34879112643327,0.0,373154.89317652327,61104.89507024609,20463018.69826309,
7090,TRDER,TRGEB,235.00871233463192,38.52100948335857,372615.68469102884,61016.59855175039,16406056.302214062,427482.9014509534
7091,CNMAA,CNNTG,234.97574077305848,173.3202225543595,372563.40696536936,61008.03796471442,11167100.937956097,64782.45187112698
7092,CNBAO,CNYSN,234.59191286330943,191.93392354089136,374856.21389504,61383.48990013251,10940740.411795123,57322.45607614676
7093,JPMKX,JPSBI,234.42711877680432,0.0,371693.54491327784,60865.596232365235,13399802.43142845,
7094,JPIRI,JPYAT,234.3746626549655,21.342822459410474,371610.3736403448,60851.976762278246,12862738.668200783,605523.9727332686
7095,FIRAU,SENYN,234.0414094151644,95.90613962795186,371081.98733972467,60765.45239921522,18884100.67095143,197535.48831016824
7096,AAAAA,CNBAO,233.63112611194185,191.47602518988862,370431.4668018739,60658.928299080726,6159911.093290383,32487.461630877624
7097,INKNP,INKUP,233.62979741052405,0.0,370429.3600927922,60658.583321057566,15607028.002224073,
7098,BSNAS,BSNAS,233.60891481800255,0.0,370396.24990962824,60653.16145923829,14568812.333857087,
7099,CNCHZ,CNWUH,233.5940322615424,159.53802028961374,370372.653022899,60649.29741962916,11211086.496590722,70652.3484091658
7100,CNJIA,CNZHE,233.41891008947061,149.30895628967875,370094.98983585,60603.829491378056,11376270.555067867,76598.71630453451
7101,JPTOK,JPWKA,233.21921892123618,47.784610060403914,369778.3715256638,60551.982580148906,12985579.443466943,273019.5225943174
7102,IDKBU,IDKEN,233.08255321090974,191.02643373191572,369561.68259221455,60516.499313592794,14812711.45281085,77859.52792793776
7103,SEPIT,SETUN,233.0423443146902,95.4967399526426,369497.92978387536,60506.05965774147,20020010.23669231,210274.3644056132
7104,JPAKI,JPKUS,232.95044729494967,190.91816427264862,369352.22339456104,60482.19993141087,15117185.31343297,79498.28960061276
7105,CNFOS,CNSBU,231.78628863755918,156.4409905291563,367506.4034208961,60179.94304594104,12792560.995322661,82157.11812418628
7106,DERSG,SEHEL,231.0991120043656,94.70043681231694,366416.8574668869,60001.52761467817,18894351.417779732,200150.63904044387
7107,ISGRU,ISGRU,230.66766255244693,0.0,365732.77715625,59889.50803148242,21852158.996896494,
7108,AWBAR,VEGTA,230.28660935110918,0.0,365128.60211052664,59790.57310272209,17636517.883473314,
7109,VNCMY,VNHPG,230.26501746802037,113.2303670802788,365094.36731888435,59784.967083909774,13602701.902744798,120660.97834110342
7110,ITGOA,ITVAD,230.02619470382388,0.0,364715.7043028759,59722.96022219288,17433241.020981234,
7111,CNWHN,CNYIC,229.324490980064,164.45314842896101,363603.1250674869,59540.77304287692,11652656.799937226,71219.05348038643
7112,CNWHN,CNZHE,228.72262859403855,187.45318966268994,362648.8482543817,59384.50821666391,10849480.584394999,58195.14254327425
7113,JPHIB,JPKOC,228.53928526745943,0.0,362358.15009903186,59336.905785060895,13166817.991620814,
7114,CNFOS,CNWUZ,228.52195171308088,187.28872180195262,362330.6670573662,59332.40537944409,11383440.434312228,61096.96691609528
7115,JPKOC,JPTOA,228.36323660121832,187.15864436208932,362079.0179185323,59291.197306056485,13470595.196054554,72291.00445494149
7116,DJDJI,ERMSW,227.0869968137237,0.0,360055.4888437033,58959.84018318331,14702990.810433574,
7117,BEZEE,GBGRA,226.7087078996342,0.0,359455.6966856416,58861.62296145448,19171985.257952545,
7118,IDBIT,IDGOR,226.60776877484759,104.4674569047753,359295.6536782108,58835.41558388926,15017535.673836311,144316.43629616342
7119,GBHUL,NLTER,226.5390486662896,0.0,359186.6952057866,58817.5734058923,20117731.599304527,
7120,JPHIB,JPOIT,225.98785204144278,14.24706622924733,358312.7509773946,58674.46320862663,12559374.460201344,885659.4558047885
7121,CNANQ,CNJIU,225.21011621055084,184.57445547682534,357079.61980426643,58472.53539709395,11598674.189859252,63156.879943877095
7122,IDNAM,IDSUR,225.01182719678363,184.41194462980414,356765.22466590075,58421.05253490529,13913989.943846375,75767.38602496739
7123,FITON,SETUN,224.83937465630092,36.85412169330647,356491.79428619135,58376.27773771871,19984163.019370418,543834.4037581097
7124,CNSAX,CNZJG,224.66446346448936,184.1272572773023,356214.4656167581,58330.8645874276,11490011.430364067,62719.35217912508
7125,TRGEB,TRTUZ,224.26999867779776,18.380396752267906,355589.0259676514,58228.447535339365,16440830.916560458,897644.353735728
7126,IDPAL,SGSGP,223.24741820088877,182.96589577935535,353967.6838447578,57962.9493679456,11224151.173122084,61662.38836168411
7127,CNFAN,CNFOS,223.20529028413964,0.0,353900.88835284545,57952.01146628839,12609934.298263984,
7128,ITCAT,ITSPE,222.92418198813763,0.0,353455.1799399677,57879.02578045434,17099861.841484092,
7129,CNPZE,CNTOL,222.62667653246694,182.4571572849725,352983.4731765767,57801.78281028834,12915258.94969415,71101.95579909389
7130,DZDJE,ITTRA,222.4858569931089,0.0,352760.1981815584,57765.22106236039,19123099.649338104,
7131,GTPBA,GTSTC,221.9559040234747,72.76296609464663,351919.936615625,57627.626471597156,13653876.8417441,188440.70279351203
7132,AAAAA,INKKT,221.82960189927476,25.97198605217222,351719.67956124106,57594.833959643096,8319615.505283417,322547.9300048529
7133,NOLVK,NOMOS,221.62907205192673,0.0,351401.7314918768,57542.769297564286,19724920.711961433,
7134,PGBUK,PGRAB,221.6248819924393,48.436298927917925,351395.0879854753,57541.68140948085,20285331.383163802,419992.3097932648
7135,CNCHS,CNJIA,221.14156328345544,157.85420191865103,350628.7668994061,57416.19472711213,11973422.682983864,76214.87886594857
7136,JPKMJ,JPOSK,221.08677020667795,140.92952462675032,350541.8902912287,57401.968500620635,12566789.189664619,89578.04400178185
7137,CNGPG,CNGUA,220.83122406299316,180.9856662726513,350136.71169017465,57335.61965633413,12858462.035196729,71363.64951352375
7138,AAAAA,ITSPE,219.99627141754547,128.78669131319992,348812.86097597185,57118.83633000169,8291028.221814548,64821.504248777215
7139,DEKIL,PLSZC,219.63215744231474,60.00098418790365,348235.5437487153,57024.29942525027,19403060.44590202,324329.4257371611
7140,JPKOM,JPTOA,219.38916237272264,179.80380217291952,347850.2653761259,56961.209285041994,13316322.484021408,74377.09064931341
7141,AEFUJ,AEKFA,219.38786061464018,0.0,347848.2013867768,56960.8713024645,11814911.358242806,
7142,NOAAL,NOHRI,219.0133218971596,0.0,347254.3553149827,56863.627764811914,20745435.504377957,
7143,CNTZH,CNZOS,218.62193734639536,166.37679589419614,346633.7995027673,56762.01045124042,11169345.111733457,67473.99516771382
7144,CNJIA,CNPZE,218.48792219597132,179.06517676089675,346421.3131377379,56727.21536406242,12282875.409232385,68911.23582936145
7145,CNSHD,CNWEI,218.42485048497164,71.60539414344814,346321.31042487966,56710.83971044596,12604915.843714487,176825.03999712243
7146,JPOFU,JPTOK,218.35139047615743,178.95328006520657,346204.8366515894,56691.766886196616,13764829.279624755,77235.3602095178
7147,DKKAL,SEGOT,217.86055606339377,153.04372207184974,345426.5991174786,56564.3288605104,18501508.80764605,121259.94379432347
7148,ALDRS,MEBAR,217.82364523793495,0.0,345368.0755318455,56554.74550082616,16993973.273622822,
7149,CNSHZ,CNYTN,217.33144175766404,126.66123749009635,344587.66728660854,56426.95201664799,12665650.245372493,100441.75668490434
7150,CNNTG,CNYIZ,217.17834020668693,168.62389433220036,344344.9186724067,56387.20142280482,11133625.843496798,66360.77935001624
7151,IDBMP,MYTPP,217.07159938790144,0.0,344175.6768477905,56359.48771966499,10895680.983514186,
7152,CNZHE,CNZJG,217.0073081979889,144.2040944735885,344073.7406024875,56342.79544606228,10663317.550710581,74336.72660466647
7153,GLFRE,GLNUK,216.99342759756115,0.0,344051.732357002,56339.19154978311,19714902.648460053,
7154,PKKAR,PKKAR,216.5719408999105,133.1211783548007,343383.4483905351,56229.75865101962,11076476.523605281,83628.36341926677
7155,CNGLA,CNHUM,216.50640586442492,177.44119421487434,343279.5399784761,56212.74343098129,11834025.79605797,67009.45962463676
7156,CNYTN,CNZHH,215.53598354733614,125.36158480866611,341740.89669785334,55960.7873721644,11784401.331484172,94449.68438240282
7157,IDBAN,IDBON,214.6817599276896,175.945777242148,340386.4910856026,55739.00061730069,13961554.129419334,79668.25546909902
7158,CNGUA,CNZHH,214.5863460216078,130.2722809559855,340235.20853275375,55714.227782515925,11798230.519551972,90993.60708468386
7159,CNQUA,TWTAP,214.459791841645,0.0,340034.55183390673,55681.36982794426,10758197.984288763,
7160,CNQHD,CNWEI,214.31050165553228,175.64150674765284,339797.8462906806,55642.60879962636,12396650.718772689,70896.07438555363
7161,AAAAA,CNXIA,214.03987052321304,116.87088071482148,340371.89495413087,55736.61047021078,5343294.1965014655,46196.54420287923
7162,IDPAD,IDPAD,213.89985337411403,175.3049535580776,339146.74706534646,55535.98993820481,11552843.660401557,66218.20670055377
7163,IDKUP,IDLMB,213.60199687552068,87.53042031469529,338674.4837094033,55458.655824843,15307741.61538351,175518.41081047634
7164,CNSHA,CNYXS,213.24314362614086,174.76673686436058,338105.5075727618,55365.48479114438,10739932.94035518,61769.75446720584
7165,IDBLU,IDJAK,212.7929925921859,34.87956171583983,337391.77515805594,55248.60961382169,11976358.716092171,344947.2050057925
7166,CNNSA,CNYUF,212.33825781256775,174.02512361394685,336670.7750318182,55130.544333518505,11358574.873095201,65586.5381986374
7167,JPCBA,JPWKA,211.96333907373008,0.0,336076.3264210085,55033.20212884052,14186804.64732715,
7168,CNDCB,CNDNG,211.87189187680457,142.07146867118536,335931.3332437047,55009.45919246997,12937546.052949432,91450.84254891655
7169,CNRUG,CNYZH,211.8354276595129,173.61302133693076,335873.5177731296,54999.99178810914,10427893.520947456,60380.802269384025
7170,IDKUM,IDSEM,211.47524396080868,173.31782718145237,335302.43215603085,54906.475322568804,13446958.122927537,77902.34171418812
7171,IDMKS,IDMKS,211.07826872472057,152.23338235508342,334673.0120892985,54803.40646876017,12301944.680379262,81169.76641841921
7172,DEKIL,DEWVN,210.6960666999982,129.50943024880576,334067.01553828793,54704.17326469519,18997911.519604225,147113.73261596606
7173,JPNKI,JPSEN,210.6687453714713,14.388070725980855,334023.6964824342,54697.079678597605,13527892.892696563,944017.4593977203
7174,CNPZE,CNYIZ,210.11468095309044,172.20275659529483,333145.205253037,54553.22490039681,12836640.146024523,74860.55174611039
7175,CNTAI,CNYIC,210.00117986600728,172.10973501306353,332965.24475346005,54523.755991789374,11174495.465510184,65243.37057778669
7176,CVRAI,SNDAK,209.81132412083434,0.0,332664.2208987384,54474.46270529425,23139369.46618737,
7177,IDBIT,IDKBU,209.42229036626236,171.63529711482641,332047.392367627,54373.45574180774,14265904.973067574,83434.34403955333
7178,NOIKR,NOTAE,209.39518646337865,0.0,332004.4180488007,54366.4186071202,20632716.714893483,
7179,IDKBU,IDTAI,209.366106613022,171.58925084552254,331958.3107864626,54358.86844637284,14345140.839651812,83918.42517607172
7180,AEKFA,IRBKM,209.1295471671419,0.0,331583.2363518977,54297.44922238111,12050204.031528829,
7181,FJLAU,FJLAU,209.02446070572196,140.1286269713758,331779.382808125,54329.56861528024,24604053.29854631,175969.63161708976
7182,CNHUI,CNYPG,209.01431777800494,171.30093683122047,331400.53556049615,54267.53158524976,13562636.424975129,79491.12368239324
7183,MZNAC,MZPEM,208.47157072149162,0.0,330539.9884596347,54126.61519566816,18915821.860783048,
7184,AAAAA,TRGEB,208.34118618747607,34.1498522721758,330333.25858169666,54092.7627453043,7976032.013182163,235143.7631977739
7185,TZDRS,TZZNZ,207.9343466177172,0.0,329688.19822057587,53987.13276054187,17411426.760911062,
7186,AEHAM,AEJAL,207.52945401523863,0.0,329046.2248537159,53882.008277553214,11029260.17121606,
7187,JPIRI,JPKOB,206.0571063038534,84.43865407361807,326711.75884549454,53499.73458079656,12040269.182590703,143225.50554426783
7188,CNJIU,CNTOL,205.84119415150116,168.70035398273498,326369.42151815625,53443.67612665822,12482128.907668147,74306.73550974121
7189,CNGUA,CNZQG,205.72161658480445,65.56758146052869,326179.82651784434,53412.62954838269,11329462.412786227,173605.22973059537
7190,CNCSH,CNCSH,205.38219142645195,69.30995282910035,325641.65439424757,53324.50273631766,10787400.956414867,156409.36137817736
7191,JPIRI,JPSBI,205.2256596411376,0.0,325393.4670067189,53283.86153195451,12894332.574239021,
7192,AEFUJ,IRBAB,205.12078934668625,42.02748375348903,325227.190973024,53256.63348328782,11025304.859329684,263602.77854829346
7193,CNTOL,CNWHN,204.7109260309638,167.77402515523258,324577.3363421021,53150.21842680721,11650305.455034634,69757.2563013425
7194,AAAAA,BRSTS,204.4887376507357,139.65993934208723,324225.0478051937,53092.53044126589,10762487.514737671,77442.25077090239
7195,AAAAA,CNYPG,204.1423632139111,125.48103798787537,323675.85732346773,53002.599349986944,7013220.313236673,56313.07348022922
7196,NOFRE,NOMOS,203.78576982308766,0.0,323110.46428268217,52910.015055737036,19930760.921541747,
7197,DKAHS,PLSWI,203.77758441540863,0.0,323097.485992403,52907.88983352985,18310702.170949534,
7198,IDKBU,IDPTL,203.4540472631885,166.7439306014621,322584.5049360845,52823.88811147676,14531404.326979352,87464.82203270639
7199,IDBMP,SGSGP,203.30600168823483,0.0,322349.77277348156,52785.45022836777,10873137.260532802,
7200,GAPGE,GQBAT,203.12904579228768,124.72624813712386,323622.5934159192,52993.877273601785,21054255.976770036,169228.6120146768
7201,CNHUM,CNQUA,203.01493545847703,166.38404968842045,321888.2756595482,52709.87910967744,10934551.181049056,66035.54295459246
7202,LBBRT,TRANT,203.00121860517524,66.54912313113373,321866.52704166045,52706.31772796102,15608111.092716565,235327.1789860431
7203,CNSHD,KRINC,202.8565759892914,83.1271318605238,321637.1904063602,52668.763373745016,11995886.19547682,144941.30483253565
7204,PACOL,PAPBM,202.3767879216756,20.732630742966965,320876.46729296906,52544.19337112338,15523022.938888362,751258.5993238274
7205,PLGDA,SEHEL,202.34586237475298,41.45892510762241,320827.433605126,52536.164002072226,18025487.29067172,436046.6029388221
7206,AAAAA,CNDCB,202.2331221896203,165.74330245729308,320648.67954593356,52506.8926506038,5886233.752130707,35830.9539917098
7207,CNHZH,CNNTG,201.76205634049992,165.3572331098849,319901.78585777694,52384.58724532039,10809186.08115562,65685.48870906117
7208,CNTOL,CNYSN,201.72248496800216,165.32480177574175,319839.0438687207,52374.313113243115,11185568.801589373,67974.93778305905
7209,CNHPU,CNWUZ,201.54928595402603,148.66456844565158,319564.4299255209,52329.344505056826,11358345.77040391,76754.50333736012
7210,AEFUJ,AEJAL,201.5180130570263,82.57861181954725,319514.84550027957,52321.22495160357,10956633.584013315,133314.84468426218
7211,JPKOB,JPYAT,201.48592618415756,117.95066167364045,319463.9704838395,52312.89406113928,12316995.93238501,104868.49883615732
7212,PTPDL,PTPRG,201.3231668349222,0.0,319205.90904538165,52270.63596026216,21780029.03429313,
7213,JPKOB,JPSEN,201.12649875742224,65.93454080083181,318894.08396610466,52219.573950630474,12517960.51505189,190646.3582869745
7214,NOAAL,NOMOL,201.08274543616713,0.0,318824.7113305329,52208.21403630301,20718440.955723327,
7215,TTPLS,TTPLS,200.68879699637793,104.63592929394026,318640.8169419986,52178.10094514202,17083304.402179517,163762.89309753393
7216,JPHIM,JPKOB,200.40150427018455,80.57163129582638,317744.5762964714,52031.339662886174,12399358.12925651,154538.1329466067
7217,DZMOS,ESVAL,199.60362234524393,81.79412746968178,316479.5026878768,51824.18121066472,19197357.58820464,235336.9656831452
7218,AUNTL,AUSYD,199.06292643017022,139.8386735895558,315622.20775355987,51683.797370164175,20486026.946207564,146867.17355356578
7219,NOBGN,NOKRS,198.45288818657343,0.0,314654.96779225214,51525.409801290734,19544428.227053765,
7220,CNCHZ,CNJIJ,198.2833637724917,152.34957795009657,314386.18007371447,51481.39524959184,12038434.495889155,79356.41210045823
7221,CNYJG,CNYJG,198.14765294267633,113.67649479031009,314171.0051413926,51446.15990389035,14446771.877468824,127539.27770306794
7222,CNBAO,CNYZH,197.710156450043,132.5752654080236,313477.33700656885,51332.570294409,11763270.895346072,89116.19697142577
7223,LCPCS,TTPOS,197.3161167244906,64.68539764381747,312852.5713088482,51230.26360327136,17638841.603972238,273478.59813715314
7224,IDBAH,IDJAK,197.0135295734289,161.46550410100747,312372.8073147755,51151.701244710974,13121078.920626353,81579.2245855248
7225,GLJNS,GLQQT,196.78985585426219,0.0,312018.1637137501,51093.627612489465,19884106.232608553,
7226,AAAAA,IDBUA,196.30325433127712,160.88338697294617,311246.6375951753,50967.28859514964,8434171.615005035,52740.92660062551
7227,AAAAA,CNZPU,196.18850568953053,154.6051374402653,311064.6990479317,50937.49577709515,5718271.349989669,37315.76415431738
7228,TRDER,TRYAR,195.90595778191707,40.13944410078997,310616.70807343745,50864.13631701716,15921932.257384537,397932.6757389547
7229,JPHIB,JPSAK,195.56410750754915,160.27760769090244,310074.6908316936,50775.379858804634,13190835.676404806,82616.72511234532
7230,PTPRV,PTVEL,195.46140320205308,0.0,309911.849059859,50748.714177708236,21661537.61624448,
7231,NOAAL,NOAAL,195.41799516654808,0.0,309843.02388861275,50737.443911810355,20744233.15476871,
7232,AGSJO,KNBAS,195.26624760758807,133.36124331214296,309602.4220827463,50698.0448623271,17765127.41227863,133590.72707084435
7233,CNRUG,CNZHE,195.20029756388558,133.31620132494646,309497.85565861035,50680.92189143342,10428448.331336765,78603.5691767593
7234,CNSHZ,HKHKG,195.03639317616583,154.13635722692038,309237.9787159756,50638.36649794602,12687948.847691288,82644.92195981651
7235,CNJIU,CNSHA,194.8555215035753,159.6968750042779,308951.1994665852,50591.405795399274,10797035.7117463,67926.35809092142
7236,ESALI,ESALI,194.44695903695188,45.532008936193535,308303.4073837829,50485.328485491824,19707576.161709275,433937.8373988024
7237,JPHIB,JPMKX,193.9966908753788,0.0,307589.4892585679,50368.422897684424,13174471.203956934,
7238,IDAMI,IDKEN,193.36205658711634,79.2364412952913,306583.2512876428,50203.64932308201,16039199.570138307,203055.6011406524
7239,JPHMA,JPSKI,192.64991124236838,131.57436065902996,305454.11644580367,50018.75112854567,12956631.137325399,98853.98510246378
7240,CNLYG,CNSHA,192.48299216163207,118.31432374545857,305189.4595871763,49975.41301380629,9776462.277868368,83053.66062035543
7241,CNWEI,CNWEI,192.4314092462696,118.28261705969172,305107.6728179318,49962.020259097175,11950474.98196617,101455.62636789822
7242,DEKIL,SEHEL,192.19945814947857,0.0,304739.90510461165,49901.7975260081,18874660.06040025,
7243,CNGUA,CNWUZ,191.61550302938457,157.04146744234802,303814.02097571676,49750.1820612832,11368809.422881955,72710.4744429056
7244,CNFAN,CNHUM,191.61272141836974,0.0,303809.6106205323,49749.45985638734,12592898.797705032,
7245,CNNTG,CNXZH,191.4374427503841,156.89553536970595,303531.6993029714,49703.951296245374,11350029.136489306,72658.11012992445
7246,PHDUM,PHGSA,191.18167368345522,0.0,303126.16724822455,49637.54457317661,15911436.484843008,
7247,CNJIA,CNWUH,190.83821246498889,121.64788756092337,302581.595790374,49548.369856728576,11192250.06472866,92412.60707429302
7248,JPMMA,JPOSK,189.73812678673565,18.294451120802034,300837.36608012626,49262.74858960326,12261748.410988197,672936.8964548679
7249,CNNBO,CNXSN,189.05000751535871,154.93887566939736,299746.32553568843,49084.08841602831,11093274.798040772,71914.54590281099
7250,AAAAA,CNTAI,189.01031244174752,154.90634295408165,299683.3874135841,49073.78216675374,4767404.63752296,31092.841828416582
7251,AAAAA,TRISK,188.41576535912284,38.58928262936761,299289.3324267743,49009.254837590386,7421661.00918674,193594.43231367366
7252,NZTAU,NZTAU,188.34854106174254,77.18198896053173,298634.1225015737,48901.962840458706,23935834.788877744,310755.6189564277
7253,JPNTA,JPTOM,188.18206859139326,154.22754281733182,298370.1737615241,48858.74068161909,13899151.85783,90437.87084795702
7254,CNBHX,CNDAF,187.49237828331627,153.6622963923358,297276.64227575116,48679.672611184986,12741431.664763968,83235.19586560782
7255,TRGEB,TRIST,186.6841361845697,0.0,295995.1421984615,48469.82429032094,15284163.7169421,
7256,CNSHA,CNWEN,186.6739869661282,152.99157105246817,295979.05020790896,48467.18919317451,9709119.458438747,63778.58976482812
7257,FJSUV,FJSUV,185.582450247653,114.02682757292993,294790.55533812504,48272.570669774046,24781345.20827174,217752.42114019915
7258,PTLIS,PTSNS,185.07381477112338,0.0,293441.9133837377,48051.727725953424,20136253.354326215,
7259,CNANQ,CNWHN,185.03626323442188,151.64934908177054,293382.37392488006,48041.97801490164,10766850.737225737,71315.1278309092
7260,CNYIZ,CNYZH,184.8288473592176,151.47935817342568,293053.50778376026,47988.12549571257,11929480.481470697,79069.97198425971
7261,IRBKM,OMSOH,184.75065045757628,0.0,292929.52347800264,47967.822806046126,11858449.586437576,
7262,AAAAA,CNNTG,184.7142500885971,113.53907864768811,292871.80924147315,47958.37197897222,4807505.16408179,42764.69030656194
7263,ITAUG,ITPOL,184.19352940843393,0.0,292046.18583864585,47823.174418067036,18559060.63210869,
7264,CNWEN,TWTCH,183.8263321251574,112.99329840910163,291463.9799035316,47727.83697716793,10295684.26454113,91540.04925202833
7265,DZWAH,ESMAL,183.76869603184954,0.0,291372.5955792762,47712.87260273039,20713139.145235054,
7266,MRNOU,MRNOU,183.48116728437608,25.04694053362181,291741.389419375,47773.26336622798,23653328.29821585,946267.3307251582
7267,ITPAL,ITTRA,183.15270671515916,0.0,290395.9199542717,47552.93992417019,18862259.127099156,
7268,CNQHD,CNYAN,182.82244573714533,149.83498050028606,289872.2780040357,47467.1924584163,11686785.186164962,78314.50532741901
7269,JPHKA,JPSBI,181.99118570850737,74.57685420384293,288554.28208103275,47251.36786640161,12467250.807862645,167806.7854876638
7270,CNSAX,CNWXE,181.56302829243342,148.8028053343251,287875.4214245019,47140.203012494654,13011706.994788082,87759.41534476049
7271,CNNBO,CNRUG,181.4055531603489,148.67374413918557,287625.73832305195,47099.31688184516,9644472.00298282,65186.83830812518
7272,NOFRE,NOKRS,181.391099460819,21.23741405497233,287602.82140608685,47095.56418870863,19519039.30156053,921304.9580849606
7273,CNLYG,CNPAN,180.45319406061938,147.8932234183196,286115.7349938471,46852.050675039354,11536669.087340532,78323.54228463396
7274,ISISA,ISSKA,180.3469723091927,18.475770966113387,285947.3161712267,46824.47174019953,21862737.07658991,1185853.7101653118
7275,MYSPB,MYSPB,180.33649260777463,0.0,285930.70018673636,46821.75083794865,13099805.008756803,
7276,CNANQ,CNYIZ,180.28736300977502,147.75731399992503,285852.80325,46808.995051457285,11847405.444690743,80498.31252176278
7277,CNCIZ,CNNJG,179.65189375475597,147.23650528275468,284845.24140598695,46644.0046898648,11362568.30156087,77489.01866653484
7278,CNCIZ,CNTOL,179.61544223272523,117.76530469649047,284787.4460642544,46634.54058164407,12834628.387476623,109380.7973516171
7279,RUDYR,RUEGV,179.4324355598207,0.0,284497.28168673016,46587.02555727762,20551184.260527577,
7280,JPHKA,JPHMA,178.91579962745809,87.97993673134589,283678.1348144254,46452.888541806074,11886832.33804477,135636.43791908902
7281,NOSGN,NOTAE,178.01311680030065,0.0,282246.89519629086,46218.52005760368,20658397.95846977,
7282,CNBAO,CNZHE,177.85357605164452,60.01992130384217,281993.93697739736,46177.09761961536,11763825.705735378,196768.048787811
7283,MTVAL,MTVAL,177.66056935315459,0.0,281687.91716054315,46126.986233860465,18612608.080909975,
7284,CVRAI,CVSAR,177.60385090947864,0.0,281597.9878063717,46112.2601138206,23621844.6958168,
7285,CNHSI,CNWUH,177.08581727088787,145.13343736692872,280776.6248151068,45977.76020422921,11792208.44576458,81567.60027697349
7286,CNJYG,CNXIA,177.04027127842613,145.09610944001662,280704.4098278518,45965.9348488623,11995828.527746858,82991.84939602982
7287,JPKOB,JPOMA,176.72114918401638,144.8345679613415,280198.4290217479,45883.079432438986,13113456.677383123,90857.72783420037
7288,CNMWN,CNSBU,175.44834107821316,135.80300614454683,278180.3410150835,45552.61329587029,12786585.463286078,94490.82491534538
7289,CNMAA,CNSHA,175.16789018512247,111.65899918200742,277735.6749407364,45479.79829515308,11079242.06103709,99631.21594166022
7290,VEEGU,VEPCA,174.87911361615164,0.0,277277.80817528407,45404.82165362776,17167050.05038331,
7291,CNWUZ,CNYUF,174.63282861422903,95.41536822651548,276887.3134837942,45340.877330277595,11433758.742465006,120306.61132642672
7292,CNQUA,TWKEE,174.25550682278637,0.0,276289.0547372544,45242.91120789613,10522539.899159173,
7293,ESMAL,MANAD,174.2372019708954,0.0,276260.031664651,45238.15861898875,20874698.87067575,
7294,DEBRU,DKFRE,174.16391722878757,71.36937435830053,276143.8357837126,45219.13130019388,19726593.97821314,277034.9787606593
7295,CNCIZ,CNHIA,174.11907477253948,71.35099869187067,276072.7362811788,45207.48860778566,12116503.882789806,170449.07001117038
7296,CN8229,CNFLG,174.07758088447508,71.3339952110236,276006.9460670288,45196.715322466895,14108965.78899824,198420.99776479913
7297,IDBIT,IDTAH,173.57952000736122,142.2597968793484,275217.25068552594,45067.40105027976,15232376.394986046,107391.15429071814
7298,JPAKI,JPMUR,173.39049588516636,142.1048792183962,274917.5454021981,45018.323682611204,15140649.512470605,106862.3957155959
7299,KRINC,KRINC,173.26841963077365,65.54069064200722,274723.9886329057,44986.628356369954,10732415.685490841,164438.33911844093
7300,ESALI,ESALM,173.25725340637524,0.0,274706.284138854,44983.72920839928,20323406.240827158,
7301,IEDUB,IEDUB,173.1762351153976,23.654879745031714,274577.826407797,44962.693985973594,18592319.470612407,787883.1921989715
7302,CNBAO,CNJIA,173.12900859845496,132.43120169373492,274502.94688196445,44950.43230683559,11932267.035913253,90441.05403437345
7303,SYLAT,SYTTS,172.39109236164703,0.0,273332.9512631156,44758.843074509525,15729526.790299436,
7304,JPHAC,JPKAM,171.97845556447825,73.53788848659156,272678.69916676433,44651.70792385742,14495771.53087565,197726.9614078016
7305,CNGUA,CNHUI,171.83306182077706,123.22490240726924,272448.1715883575,44613.95855021412,12192289.473510936,99305.4422686179
7306,IDBAN,IDSAM,171.3333625400062,140.4189235721091,271655.87845252285,44484.21889031597,13701816.058062484,97894.9270316382
7307,CNDJK,CNRIZ,171.04237316968036,113.89660644802414,271194.5032022837,44408.66772706073,11636277.86049636,102555.17607149968
7308,CNJIU,CNJIU,170.87667625906013,121.37202066043089,270931.784143111,44365.646931039424,12154778.849167032,100510.35180693153
7309,JPMJR,JPMOJ,169.60303750136683,19.17252534610291,268912.37910475157,44034.96512777306,11638281.573055161,609325.9144162526
7310,CNMEZ,CNNDE,169.1379154486526,123.21743177127146,268174.90954281366,43914.202942890224,13212178.859026873,107582.93588343126
7311,LCPCS,MQFDF,169.0341121003708,115.44544757766725,268010.32519481657,43887.25191129861,18192566.329526875,157965.9827570887
7312,PTLIS,PTLIS,168.78640262574504,0.0,267617.5719450532,43822.93774430218,20384079.420500573,
7313,CNFLG,CNYIC,168.6455457314829,103.66206110901007,267394.2377223449,43786.36629771598,13107764.451692315,126869.4706365136
7314,CNDCB,CNSBU,168.35908757568077,76.65628346622748,266940.0468934212,43711.9915984939,13021290.374250615,170436.15702560337
7315,CN7683,CNZPU,168.28541791694087,137.9209331239365,266823.2407118137,43692.86434168661,10577526.540106978,77009.48046011537
7316,BEZEE,NLAMS,168.23027243012737,132.86897763413828,310731.9402108005,50883.005820783685,19396094.977544136,146362.0653190634
7317,CNGLA,CNZHH,167.87369250966563,137.58349715910285,266170.4336604814,43585.96582018202,12348914.081193656,90072.57631111844
7318,IDKUP,IDWGP,167.82900825523308,137.546875483003,266099.5849932346,43574.36420257725,15638138.667046512,114009.95461497718
7319,CNGUA,MOMAC,167.7489996344726,0.0,265972.7281345689,43553.59112635755,12512973.564731793,
7320,NZPCH,NZPCH,167.68690419806234,0.0,265874.27334400243,43537.46894825742,24079880.20202678,
7321,NOMAA,NOTAE,167.60286930324656,0.0,265741.032667269,43515.65050846268,20432876.99167744,
7322,DZALG,DZDJE,166.93283196003628,34.20310006347818,264678.66174098034,43341.685044888174,18339755.373322725,537468.7389227899
7323,MTMAL,MTVAL,166.20013587499702,0.0,263516.9428809212,43151.45114914381,17194433.648320016,
7324,CNTOL,CNWUH,166.13304133148952,103.47925874239365,263410.5618067061,43134.031025500146,11824633.605190422,114687.40480408858
7325,CNANQ,CNWUH,165.9102042541905,79.3183357186377,263057.24473472405,43076.174615186974,10941178.887381526,138483.1762098572
7326,CNJIU,CNWGQ,165.8998017342361,90.64384283751032,263040.7511245221,43073.47375198205,10819172.144409962,119834.34592059153
7327,CNKHN,CNKHN,164.74615979974033,45.006759685262814,261211.60583437502,42773.947380851765,10368219.397632074,231320.6597812893
7328,JPHAK,JPSDJ,164.43495834740133,14.973914340287115,260718.18352212038,42693.148444091275,14882668.496457353,996757.5148166142
7329,CNANQ,CNNJG,164.26666464081333,78.5325924462046,260451.34713939007,42649.45342771654,10453964.162444616,133659.32906216726
7330,GBLGP,NLMDK,164.09780092338735,0.0,260183.6069817462,42605.61041630739,18360429.42274476,
7331,CNNJG,CNYIC,163.61882778032546,134.09635655565282,259424.17596373148,42481.25199700903,11339770.225156102,84881.13897732364
7332,CNGLA,CNSBU,163.46572112721273,120.57378805389351,259181.41925989016,42441.50007847046,13328613.545534076,110895.20584387724
7333,CNRUG,JPMOJ,162.99164207540835,133.58233675087772,258429.74801872257,42318.41233887826,10269016.489659382,77190.85586313873
7334,JPHIB,JPTOA,162.8469181989965,70.65726673010862,258200.28254161484,42280.836886546516,13055767.979562277,185374.40552972106
7335,CNHSI,CNPZE,161.6420915801536,126.71645287370076,256289.9818933781,41968.02115560577,12882833.790268308,101997.81889654187
7336,IQBAS,IQUMQ,161.53114265802625,0.0,256114.06795310962,41939.21487955779,12401631.848302817,
7337,GEBTM,TRGIR,161.36922108963208,0.0,255857.3348495831,41897.17429630694,15387102.03590774,
7338,CNHIA,CNYZH,160.9907685798759,71.96863076720341,255257.28330406832,41798.914599339565,11289974.780453501,157454.34607068845
7339,CNCHZ,CNJIU,160.63027677138007,131.64704306822,254685.7091666086,41705.318137567265,11868581.799068447,90471.36069006927
7340,JPOSK,JPSAK,160.279290007668,131.35938640393783,254129.2056566799,41614.18952260809,12574790.536528459,96044.94259172984
7341,IRBKM,IRKHO,160.0778765744,0.0,253809.85662660532,41561.895450279626,13267617.951527923,
7342,JPTOK,JPTOK,159.61001717092734,89.33425502899472,253068.04688588445,41440.42255203361,12142784.539065652,136389.17073482194
7343,CNBYQ,CNWEF,159.27686903504292,130.53783669607373,252539.8272317154,41353.925477675875,12174320.571926316,93579.56900913933
7344,IDOBI,IDSUR,159.10228227238457,130.39475139780495,252263.0129576416,41308.59656070192,13918806.358774738,107060.40546636943
7345,IDBON,IDPTL,159.09101860539508,130.3855200842377,252245.15396447608,41305.67211317786,14812766.842696533,113924.24945049876
7346,CNGPG,CNGUG,158.15657281616365,129.61968049575867,250763.55290338292,41063.05683724408,13060421.94997903,101076.35628098136
7347,CNCHZ,CNSHA,157.98141543098487,86.31741835661548,250485.8338845487,41017.579766421244,10510838.661647717,122244.8080851972
7348,SEAHS,SEHEL,157.32452301132213,0.0,249444.30475871588,40847.02719130999,18746943.44902103,
7349,CNYIC,CNYUY,156.89080028430686,119.39784713928479,248756.6200797635,40734.41738525574,12231341.89032429,102783.06185364824
7350,ITCAT,LYMIS,156.7366404027814,0.0,248512.1934402749,40694.39201125842,16635835.7135883,
7351,AAAAA,GBIMM,155.9618480960581,0.0,247283.72934209305,40493.22844302013,10414807.003755301,
7352,CNLYW,CNNDE,155.83202116439406,40.63645027740657,247077.88356491842,40459.520766007416,13088006.13464528,323071.17294422176
7353,BRMUC,BRPEC,155.29377309569236,106.03239599386171,246530.6888071201,40369.916478700274,22556600.894079592,213113.83750930656
7354,CNJIA,CNLYW,155.1147689522674,0.0,245940.65158120723,40273.29664753571,12329545.496139744,
7355,PHCEB,PHNPT,155.05893231868575,0.0,245852.12037210359,40258.799476678134,15487938.345016014,
7356,DEKIL,DKFRE,155.05588059909778,127.07845993606095,245847.2817490055,40258.0071420147,19693798.279570885,155290.33241858624
7357,IDKBU,IDSUR,154.88039292370522,126.93463628074082,245569.0390418665,40212.44431613546,12784196.054884614,101031.59291241091
7358,ESLPA,ESSPC,154.78136274493863,0.0,245412.0227444722,40186.73256867605,22000265.62707941,
7359,AAAAA,JPHKA,154.73461650991953,126.81516295223943,245337.9047247812,40174.595587763164,5865924.19282686,46572.49693902102
7360,AAAAA,PHGSA,154.49686443738386,0.0,244960.93933309632,40112.86671558375,7992047.66635319,
7361,IDGRE,IDSUR,153.80191428701252,18.536875342746335,243859.0681576225,39932.43300349946,12932831.072638273,699835.5044081443
7362,PHSFS,PHSFS,153.06252106495273,31.361192777261007,242686.73071976015,39740.46029340662,14108867.361353355,451150.1817592047
7363,WFWLS,WSAPI,153.03536005055943,75.25350652620978,242643.66584835807,39733.4083305452,25252761.876852922,336097.23257712164
7364,CNLSN,CNLYG,152.33121566335316,113.49583489684947,241527.21684375004,39550.58746841709,11560725.588202296,102208.82718924097
7365,DKABG,DKCOP,152.14204117720857,0.0,241227.27315238392,39501.47106093309,18493666.16189917,
7366,DKFRE,SEHEL,151.67159739966087,17.757831139071033,240481.36578351178,39379.32716749768,18696059.678320006,1055052.2109800628
7367,NOKAS,NOKRS,150.9406456238292,0.0,239322.41259525795,39189.54615630221,19753595.37709478,
7368,JPIMA,JPOSK,150.36732529192201,112.9662246812192,238413.39034710953,39040.69185985499,12286433.741129154,109107.60687781165
7369,CNJIA,CNYIZ,150.1050108554528,98.41671807348479,237997.48034795118,38972.585726659476,12098476.622037878,123327.10788731922
7370,JPSEN,KRULS,149.47394778382116,0.0,236996.9046834012,38808.73936658174,12397813.601383345,
7371,ILASD,LBSID,149.32121487585889,30.594631349822205,236754.7405673995,38769.08448554268,14276497.758176694,467901.26931029116
7372,CNQIN,CNYCH,149.27983279815672,81.5630733823447,236689.12763303745,38758.34023016037,11496367.49808802,141425.8359814957
7373,CNCHZ,CNJHH,148.9779586965155,122.09720445572992,236210.49420725458,38679.96300452464,12370573.353500498,101634.21326328874
7374,CNBHI,CNNSA,148.42227395893633,72.98507062886398,235329.43389715604,38535.68753397986,13036793.236696834,179150.7333153119
7375,CNBAO,CNZJG,148.06228823467228,55.61726155287268,234758.66217642662,38442.222469627246,11219314.031555967,202414.788856934
7376,NOAAL,NOHOA,147.81165314414798,0.0,234361.2702459933,38377.14870895864,20673445.026293766,
7377,CNHPU,CNZQG,147.56501418023765,102.79832322070735,233970.2143336573,38313.11248451983,11318998.76030818,110481.48955123153
7378,AAAAA,IDKEN,147.5622984418906,94.06209404934425,233965.90842221433,38312.40738250531,7791543.752157307,83241.35496528845
7379,CNJIA,JPYAT,147.3008472429155,120.72270166459968,233551.36712052557,38244.525376386235,12342088.651620418,102551.8233628727
7380,CNPZE,CNSHA,147.02666145324068,120.49798843377218,233116.6346174737,38173.337018767554,11230165.7537723,93514.74856349445
7381,EGPSA,LBCHE,146.93576787270106,0.0,232972.51922102593,38149.737820850074,14431806.766013203,
7382,MXTAM,MXTUX,146.91378924323868,103.20469907789088,232937.67122758628,38144.03138895953,13455842.070178892,130749.72575990595
7383,JPFUK,JPKOB,146.09744798524312,43.54052257294042,231643.32961034265,37932.08023904037,12311351.25083294,283627.35680041695
7384,AAAAA,IDMER,145.64153721479468,119.36278830874802,230920.46490374926,37813.70962979988,9343261.412898436,78592.96230800854
7385,CNJYG,CNQUA,145.12285437690443,118.93769371717441,230098.07258110738,37679.0411650403,11946616.639650647,100761.12379741877
7386,CNHUM,CNYPG,144.70569995664525,98.82984026688591,229436.65761320002,37570.73307917326,12653689.185880475,128415.26288707361
7387,CNMWN,CNQIX,144.60416205832644,27.349059543589764,229275.66522645697,37544.370238757845,12449323.939869104,456573.95605161163
7388,CNFUZ,CNLYW,142.92904391811803,67.81773391419954,226619.69861759635,37109.450145487805,11742139.97476393,173689.81157365246
7389,JPKUS,JPTOK,142.28543671774386,69.96734635110366,225599.23373671138,36942.346884591134,13811942.202722488,197933.54002754213
7390,AAAAA,CNDAL,141.94534802809488,19.388919823403164,225060.00955778483,36854.04779626306,5387081.560535451,279744.0836175318
7391,CNMAA,CNZJG,140.9966427014856,115.55599272617395,223555.79943156108,36607.730238575234,11418998.71213989,99134.6807043069
7392,CNLSN,CNRIZ,140.87613836028953,115.45723151804926,223364.73499332415,36576.443036762765,11607498.120686442,100851.84280469174
7393,CNWHN,CNZJG,140.3372463931191,115.01557422007812,222510.3002903426,36436.52756513215,10304968.910215585,89913.08792662126
7394,IDBEN,IDLMB,140.17391897115516,114.88171668969416,222251.33814992092,36394.12197242257,15004974.476831555,130929.17682830304
7395,DERSG,DKCOP,139.7959995651474,0.0,221652.13186165754,36296.000688099906,18413247.151802696,
7396,CNJIA,CNTAZ,139.53155309974707,51.262700850416365,221232.84144561135,36227.34100456109,11823796.936060721,231357.77242156278
7397,JPOSK,JPOSK,138.34269577414778,75.58727281397071,219347.86074860912,35918.67146864996,11519900.495375844,152880.48816478325
7398,JPOIT,JPTOA,138.29775293563293,42.504028356842795,219276.60208598844,35907.00271344427,12863151.664635083,303478.4975921438
7399,SYLAT,TRAAP,138.02717198511095,0.0,218847.58519916114,35836.75029994974,15302334.79292134,
7400,CNFAN,CNHPU,137.7646541651812,28.22679155620032,218431.3527274159,35768.591361192935,12584839.634355666,447114.51532098075
7401,AAAAA,IDBIT,137.66569140980343,67.69563585513943,218274.44333249313,35742.89711923707,7244737.27241403,107547.26028591598
7402,CNWEF,CNWEI,137.41065649842437,112.61704192807288,217870.07531064592,35676.68100899288,12651972.4848554,112661.89333909018
7403,TZTAN,TZZNZ,136.08884452671015,0.0,215774.28972048542,35333.49173044331,18229173.017907612,
7404,ESSAG,ESVAL,135.67689501159344,0.0,215121.12733723392,35226.53502259294,18968092.98677278,
7405,AAAAA,IDPAD,135.33275488619668,83.18554899398494,214575.47944537288,35137.18403782187,5776421.830200778,69862.60335504702
7406,NOKAL,NOKAS,135.22673039676346,0.0,214407.37338950922,35109.65631919334,20702684.176208235,
7407,BZBZC,HNROI,134.61387627759842,0.0,213435.66874520123,34950.53764913044,14735439.009212442,
7408,PLGDA,PLGDA,134.56163901457643,82.71156398442352,213352.84448164963,34936.97500255623,18174053.122194074,220150.47497621735
7409,IDSBU,IDSOR,133.6330375701802,65.71262132870729,211880.50986234372,34695.877125867206,17338382.085511286,264379.62162144843
7410,CNCHS,CNCHS,133.62465495427188,56.523440229433255,211867.21889055317,34693.70070140783,12402133.480721988,220029.55111970007
7411,CNJIJ,CNTAI,133.60056144457818,71.17137250191311,211829.01767017308,34687.44517158479,11014646.758927183,155249.69964295346
7412,CNXIA,CNZPU,132.52929076280645,0.0,210130.47528588303,34409.30529974527,11061565.546491135,
7413,JPKUS,JPTCI,132.32027155081045,49.704021458350056,209799.06699034479,34355.036497447414,15631555.182351552,315183.95814263023
7414,CNCFD,CNCFD,131.6896197720557,13.491034655972648,208799.143447052,34191.29692359096,13668290.021148881,1015673.1242259624
7415,CNFOS,CNGLA,131.6016632253763,103.16679147850454,208659.68483490773,34168.46028385357,11851061.29661692,115204.0262818209
7416,CNYPG,CNYTN,131.43203188189335,86.17373366703748,208390.7275755404,34124.41796948883,12642264.486941358,147102.70015560117
7417,CNGLA,CNWUZ,131.30116452484944,107.60991270476404,208183.23216243763,34090.44016113887,11919492.98452364,111082.54922090998
7418,IDBTN,IDBUT,131.20644911624794,107.5322872176765,208033.05710519728,34065.848681078875,12520102.111935014,116747.89298587893
7419,CNTES,CNYJG,131.1686705276976,107.50132518751687,207973.15764657932,34056.04001931255,14580064.850651838,135943.63478942632
7420,CNFOS,MOMAC,131.00386147666177,83.5070859505321,207711.8463241823,34013.249743135784,12527604.576162064,150425.77145305305
7421,CNYIZ,CNZHE,130.86522431668715,107.2526311230309,207492.03157870166,33977.2546183147,11930035.291860005,111549.82792687151
7422,AAAAA,PHZAM,130.7392492394252,0.0,207292.29307027935,33944.54701934759,7757088.106098413,
7423,CNGUA,CNSHL,129.76328798635447,2.262755788406216,205744.86758578478,33691.15285625849,12433685.169115623,5509819.657009183
7424,JPHMA,KRULS,129.59634055386752,0.0,205480.16577432616,33647.807380398874,11648024.45493683,
7425,CNHIA,CNRUG,129.55124706521448,106.17574061837541,205408.66824990403,33636.099511073066,10511148.69728958,99314.44542215616
7426,JPFUK,JPHOS,129.2063781451263,63.535858756824915,204861.8648249981,33546.559305346425,12974213.192536907,204730.9976816042
7427,CNKHN,CNNTG,128.99535200486991,105.72014817079001,204527.27446467403,33491.76943327727,9991614.862897826,94826.8310798773
7428,PGLAE,PGWEK,128.70834930700212,0.0,204072.22024259093,33417.253351617575,19405757.34904661,
7429,IDSOR,IDZRI,128.64800443235126,105.43547406228376,203976.54103750002,33401.58568145059,17381749.398290083,165173.54466186496
7430,CNGUA,CNQIX,128.08805034675453,0.0,203088.71150587365,33256.20173670722,12440668.460475419,
7431,CNGLA,CNMWN,127.53491779007338,104.52322658266836,202211.6977803605,33112.58890286105,11845085.764580332,113641.71143423916
7432,DEKIL,DKCOP,127.20508083597726,26.063225893497957,201688.72813695457,33026.951528758254,18393555.794423215,706995.4740540728
7433,CNHKO,CNHKO,127.08208605456721,104.15210128683336,201493.7150064487,32995.017720318974,12456534.040490005,119916.24656534144
7434,JPSBI,JPSBI,126.14834292922907,103.38683757748296,200013.22804697807,32752.584880858587,13202653.230071567,128018.28670920695
7435,CNHPU,CNSBU,125.86662829470639,51.57797698234798,199566.55826019723,32679.44176803498,12767466.331414344,248170.7605081738
7436,ITCAT,ITPOL,125.6568584454977,0.0,199233.95979942556,32624.97807368818,18098862.690721773,
7437,NOFUS,NOTAE,125.25234281143288,0.0,198592.5841310177,32519.951465072514,20594658.187371623,
7438,AAAAA,ECPSJ,124.79381009874618,76.70753183769054,197865.56223045214,32400.900106614743,8660651.149520047,113327.22930025624
7439,CNSZH,CNYXS,124.61259587909085,102.12819218313312,197578.239859031,32353.850466698277,11981026.585362338,117630.40331005775
7440,PTPRG,PTPRV,124.57424554302689,0.0,197517.43387193102,32343.893358994937,21670021.951095548,
7441,CNHUA,CNHUA,123.92226954995647,81.24993959774537,196483.69993650937,32174.617262635104,12647797.278760482,156061.3085843448
7442,CNBHI,CNYPG,123.2014569369248,100.97167130283246,195340.82279518753,31987.468737784813,14399261.35819384,142923.73930951065
7443,JPMKX,JPOSK,122.98373876701648,89.59398843425585,194995.62195499678,31930.941377421248,12558426.064080589,140526.80570970257
7444,CNQIZ,CNYJG,122.67037761419486,60.321850187516084,194498.77535150605,31849.581705801058,13207660.816482328,219481.1723617873
7445,ESCAR,ESCAS,122.5196699725925,0.0,194259.82237607817,31810.452655754445,20184711.424208872,
7446,JPHKA,JPONO,122.26006202897975,100.20013645596897,193848.20362926865,31743.049224116086,12882970.337219056,128889.17962819636
7447,MQFDF,VCKIN,122.09602793096397,75.04927481867205,193588.12102578714,31700.460153234424,18217626.055120945,243164.59498598377
7448,FIKOK,FIOUL,121.88200275089142,0.0,193248.77556824387,31644.8916240394,19583501.03406998,
7449,CNDSN,CNSTO,121.46199444665352,33.18202258309561,192582.83565348585,31535.84256865122,12302687.312218895,371714.0244811703
7450,CNFOS,CNQIX,121.35817207780029,35.10387476865946,192418.2211476142,31508.886598644498,12455299.47190569,355710.2582206249
7451,AAAAA,AESJH,120.19566719054669,49.254114769933075,190575.02329244756,31207.059090568968,5270202.932171742,107633.8498016927
7452,IDENE,TL2839,120.03850759546206,0.0,190325.84048749335,31166.254884518174,15965065.502718665,
7453,CNBAO,CNPZE,119.73506211051004,98.13073347855183,189844.71557081028,31087.469672030846,12670430.559899898,129434.6590443866
7454,GLAST,GLQSG,119.64325828358734,0.0,189699.15694242483,31063.63414186173,20140590.608488686,
7455,PTHOR,PTPRG,119.57195255537816,0.0,189586.09886693856,31045.12064527959,21571454.128525347,
7456,NOBRE,SEGOT,119.47145126280728,19.582937421197112,189426.75005994493,31019.026944489477,18443064.543628983,943376.5309680565
7457,CNCHZ,CNCHZ,119.43808384199465,81.57278359749358,189373.8446836763,31010.363578352084,11582384.748969864,142368.50332155454
7458,IDBUT,IDPWG,119.09693901207038,86.1244850847413,188832.94595222827,30921.79027854244,11221893.512532005,130657.56261693126
7459,CNFUZ,CNNSA,118.76721730777386,73.0031409065978,188310.15904197533,30836.182827376062,10835702.612986727,148850.29138290155
7460,AAAAA,PHDAV,117.24306945200252,0.0,185893.5618392302,30440.45997554966,7342272.911117669,
7461,JPIRI,JPTGA,116.90515166922037,0.0,185357.77971970887,30352.72453165618,13532079.664680671,
7462,AAAAA,MMRGN,116.34604273623539,40.86566139008363,184471.29021125002,30207.56001851223,6186674.558822119,152129.73208722388
7463,CNTAZ,CNYIZ,115.95076175082502,95.02925122721018,183844.55644652768,30104.931052282325,12377561.672852857,130566.81436160146
7464,IDKBU,IDMKS,115.51661491054234,94.6734394280313,183156.19931907774,29992.21113137863,13172140.040843176,139449.16685962942
7465,JPKOB,JPWKA,115.50598236240955,42.59912641098506,183139.34099002625,29989.450544698437,12661450.39732158,297927.232718874
7466,CNHUM,CNYJG,115.326958184712,82.70325289355942,182855.49101745995,29942.969517364967,12863854.811378215,155904.36082955686
7467,CNJIJ,CNYZH,114.86090640101195,76.48553519332488,182116.54732996976,29821.965941336424,11850601.923459912,155329.02867675936
7468,CNJMN,CNZQG,114.68979023116015,93.99580239493687,181845.23581918527,29777.538113372786,11387741.529732805,121468.39302327385
7469,IDPAR,IDSUR,114.4911151887529,93.83297517213632,181530.22861701742,29725.955024454983,13314660.815560756,142214.25619410418
7470,CNHUM,CNZQG,114.3206992707293,78.07775679541248,181260.02738343002,29681.709006707068,11327057.923657546,145454.22536180657
7471,CNNSA,CNSWE,114.28572858919642,70.24848554117128,181204.57997335726,29672.62937721174,12619586.28123641,180064.50691666707
7472,JPKOC,JPMOJ,114.21043268745971,23.400734365049917,181085.19531862962,29653.079890032215,12235305.374824159,524127.07496190694
7473,JPMJR,JPTOA,114.10184833726615,9.67385642753802,180913.03050145257,29624.887540740376,12873571.394285556,1333821.3543355365
7474,JPFUK,JPOIT,113.05549064558012,92.65638673648385,179253.988656382,29353.21596490436,12747467.100082552,137894.65320275142
7475,PGBUK,PGKTA,111.937394831407,24.464009043223626,177481.2031574552,29062.918627592666,20601833.597593114,843316.2561283198
7476,CNSNZ,CNYUY,111.91902552742286,91.72497906314393,177452.07789348796,29058.149304635484,12687737.342234418,138640.4839927491
7477,JPFUK,JPOSK,111.86191880235367,52.38752934737966,177361.53290368427,29043.32237297182,12324038.2751334,235801.95041445014
7478,JPMIZ,JPSKI,111.75378953081038,68.69216799802905,177190.0896318541,29015.2481782413,13285590.946620334,193830.04762901945
7479,AAAAA,CNWEF,110.925372235488,90.91061504443277,175876.60097588075,28800.16166064004,6676734.993872316,73759.65009427788
7480,CNSBU,CNSBU,110.50094323935664,79.24242169870068,175203.65187784468,28689.964836814233,14270113.244239818,180443.79389923523
7481,CNCHS,CNYIZ,109.67959575714646,81.71783594976579,173901.3726924789,28476.713893495376,12527187.419776002,153646.55693266046
7482,CNSHE,CNWUZ,109.29303917904556,17.91456221710755,173288.4718234431,28376.350092897486,11378755.07004959,636751.893900551
7483,NOMOS,SEGOT,108.48952369921668,0.0,172014.46598892764,28167.728969979173,18421074.73884264,
7484,CNJIA,CNJIJ,107.67995407617309,62.10240220903897,170730.8610689283,27957.53597671429,12019598.064027093,193995.00134393017
7485,JPHOS,JPMMA,107.43989499753187,88.05403793281151,170350.23782706814,27895.20812390985,12911923.328391708,146953.1533169345
7486,CNCQG,CNFDU,107.01333190611595,18.79380889565041,169673.90503585848,27784.457213242087,12964501.037751827,691306.6726975163
7487,PHDAV,PHDAV,106.79723538750396,0.0,169331.27538846352,27728.350891082402,14684545.822235338,
7488,CNNDE,CNSHA,106.76740456864702,0.0,169283.97743562236,27720.6057522721,11250462.86829119,
7489,IDBAN,IDMKS,106.7301639255197,0.0,169224.9309109239,27710.93676022097,12809996.253238238,
7490,JPSBI,JPWKA,106.52497065404143,87.3041974489837,168899.58879664092,27657.661307805054,13515513.7889699,155126.23500366832
7491,CNZQG,CNZSN,106.50009815382074,54.552383002725094,168860.15245571703,27651.203524406865,11352013.648978893,208600.69214455478
7492,CNLAZ,CNWEF,106.47135671158993,87.26025730810343,168814.5817529569,27643.741226413847,13357095.849347364,153388.72475833053
7493,GBBLY,GBIMM,106.46753444989513,0.0,168808.52140462204,27642.748831684843,20917695.217781156,
7494,BZBZC,HNPCO,106.46086917467213,0.0,168797.95334496928,27641.018289789277,14016268.288249593,
7495,AAAAA,CNPZE,105.97332918632092,86.85209109942808,168024.939252134,27514.43561354878,6510519.466609516,75277.79492077327
7496,CNJHH,CNSNZ,105.93758456567714,80.62116775079626,167968.26473073906,27505.15504200511,13442867.258912915,167082.32824898371
7497,JPKOM,JPSBI,105.91451536788696,86.80388931926554,167931.68759772787,27499.165459889242,13237876.507059185,152820.06113492098
7498,AEMAH,IRLIN,105.81111373306423,0.0,167767.7401824389,27472.318727362188,12513767.805176197,
7499,KNBAS,SXPHI,105.24989593445332,0.0,166877.90698343635,27326.606677890682,17643581.335328277,
7500,DEBRU,DKKAL,105.07162305187644,21.528270951131653,166595.2482192428,27280.32071342241,19907133.222823624,925964.4487375414
7501,CNJIJ,CNPZE,104.14667876332773,85.35503131879516,165128.7121663671,27040.172364127386,12757761.58801374,149783.8096107951
7502,LVRIX,LVRIX,103.96012747306051,71.00178358810975,164832.927656668,26991.737031349858,16592369.74687959,234069.63380415825
7503,CNSZH,CNTAI,103.8559409696674,85.1167526355178,164667.73580096304,26964.686519099076,10728144.5696929,126357.13796867848
7504,CNBAO,CNTAZ,103.70532139676033,35.41387917524538,164428.9224619634,26925.580334809954,12211352.086728232,345578.5684053982
7505,IDPTL,IDTOL,103.33240559688016,60.49120076675277,163837.64959074068,26828.758164138708,14855987.255256264,246032.74236209758
7506,IDJAK,IDPBM,103.26464807165087,84.63214933920459,163730.21733256837,26811.16590692108,11875076.778624855,140630.81272849586
7507,AEMAH,AESJH,102.7392315047448,0.0,162897.14841405547,26674.749127232935,11486145.371170536,
7508,IDPNK,IDPNK,102.34317789222833,41.93847205683591,162269.1896182469,26571.91955959768,13232864.69177036,316164.0365285718
7509,ESALG,ESCEU,102.30651778322448,0.0,162211.06355355078,26562.401294799205,19928916.76164681,
7510,CNWGQ,CNWUJ,102.23721170351423,83.79009787465753,162101.1760004982,26544.40697790403,10935283.62294981,130824.86245959072
7511,PHLMY,PHMAN,102.10662164642687,10.460383845139935,161894.12025753426,26510.501166459882,13671057.904525682,1309470.915071272
7512,JPMMA,JPTOA,101.56933239885574,0.0,161042.22673038804,26371.001817693024,13181570.755298283,
7513,IDKUM,IDSPT,101.3913640771438,83.0968702893224,160760.0508595906,26324.794928029445,13630903.954616182,164353.10622401512
7514,JPIMA,JPSKI,100.9222328626985,82.71238650186912,160016.22461185744,26202.991822537995,13462206.485548722,163076.05242494668
7515,JPHOS,JPMKX,100.84536021248206,0.0,159894.33995954026,26183.032955518687,13208600.981484098,
7516,CNZZU,CNZZU,100.83691662882914,59.03033161050283,159880.95232095948,26180.840701670015,13523189.367349152,229532.3410590511
7517,CNANQ,CNWGQ,100.75733617180907,16.515448570543242,159754.77433297774,26160.17879194624,10263067.485102182,623006.2489641288
7518,DMROS,MQFDF,100.59310754431388,65.95411738025159,159494.3832952495,26117.539214310877,17873150.449806824,271389.69786866783
7519,BGBGS,UAODS,100.25210896812808,0.0,158953.7164549359,26029.003887160023,16567924.52290327,
7520,LBBRT,SYTTS,100.23053227415319,0.0,158919.5057462394,26023.401811980508,15221410.914882341,
7521,CNTAI,CNXZH,100.08351343803837,61.51875070888144,158686.401519008,25985.230506697193,11309928.609930476,184267.6210068195
7522,CNJIJ,CNZJG,99.71781461461673,34.27189445755817,158106.57145174683,25890.28211913362,11306645.059669808,330665.56492297194
7523,RUKOR,RUKOR,99.4307238992171,0.0,157651.3776743572,25815.743185000272,16106274.480044564,
7524,NOFLO,NOTAE,99.26375623457903,0.0,157386.64378401623,25772.392456156493,20661910.80110547,
7525,NOKRN,NOMOL,99.24656947595952,0.0,157359.39349288016,25767.93016392624,20686804.016137466,
7526,PHDUM,PHPLW,99.19173222727814,0.0,157272.4468483877,25753.692468841513,15849078.936560761,
7527,JPMOJ,JPSEN,99.11861813658916,0.0,157156.5215420789,25734.709457208766,12215180.06243204,
7528,NOHRI,NOMAA,99.05435543038385,0.0,157054.6304588296,25718.024578986908,20528724.752733096,
7529,GEBTM,GEPTI,98.84236257634446,0.0,156718.5073352536,25662.983713725953,14841391.497622868,
7530,JPOIT,JPTKU,98.72165816513439,0.0,156527.12567803136,25631.644566640447,13021928.994554898,
7531,CNRUG,CNRUG,98.28858567872776,80.55393996723383,155840.47198149317,25519.2035861152,9649067.437783536,120100.72561695792
7532,PHDUM,PHNPT,98.22698660813407,0.0,155742.80419872215,25503.21028218941,15962488.505627817,
7533,CNHUI,CNSWE,98.13907164513013,53.6209356095003,155603.4115191535,25480.384439049325,13518250.201235197,252582.88449697685
7534,LTKLJ,LTKLJ,98.12265176949576,40.2089731248235,155577.37715157086,25476.121256846847,16213910.251949443,403874.6854537478
7535,CNHUI,CNHUI,98.09465053772036,32.15799896175529,155532.98008200468,25468.8511437467,13098832.22347691,408119.3326185831
7536,CNMEZ,CNQUA,97.70754238554575,80.07773689406787,154919.20467028022,25368.344134952422,11975444.58630372,149864.53658542002
7537,NOIKR,NOMAA,97.53578802338882,0.0,154646.88128014715,25323.75060962678,20510651.37469503,
7538,CNCHZ,CNYIZ,97.49781178907458,71.91526402789819,154586.66844628914,25313.890632008755,12117313.05389994,168846.3097322627
7539,IDAMI,IDKNG,97.31026436479658,79.75214150969296,154289.3045263938,25265.19666750462,16725593.951986874,210036.4809215625
7540,CVPAL,CVSAR,97.17415658750288,0.0,154073.5002180163,25229.858260156238,23591971.17040339,
7541,AAAAA,CNQIZ,96.87596093121425,79.39620137203845,153600.6991140229,25152.436089425257,5984274.877747916,75689.10363454398
7542,CNMAA,CNWHN,96.54892303517148,79.12817237494869,153082.1674887767,25067.525450088462,11605161.745824307,146979.62713159324
7543,CNHGH,CNZPU,96.42208278744903,79.02421847603046,152881.05721808944,25034.593222178264,11974244.121851293,151843.0545278101
7544,JPKAW,JPSZU,95.79578358061053,78.51092521455143,151888.0348511345,24871.98373039683,12988871.700965976,165757.10513069294
7545,DEBRU,DERSG,95.60918511092923,53.74777464299893,153409.8907140625,25121.190814416666,19924885.717672866,371178.2867476529
7546,DKABG,SEHSD,95.25230945785393,15.61310250793236,151026.33495775156,24730.878568626118,19463587.651541553,1248202.8168462345
7547,CNTAI,CNTOL,95.16226335520896,64.99309487911252,150883.56327130008,24707.499406034,11172144.120607592,172277.55719034193
7548,CNLYG,CNYCH,94.59754285820566,77.52888838339386,149988.17640432165,24560.87793180316,11408286.121320771,147465.63813368708
7549,JPHTH,JPHTH,94.55958762905047,30.999112633871057,149927.99687498092,24551.023407869572,15118423.183033915,488497.02200494194
7550,JPIMA,JPKOB,93.67430578930782,67.17570569158326,148524.34721628003,24321.172837292357,12273746.716828696,183073.1476961152
7551,GRELE,GRPIR,93.66333208159175,38.3816207015814,148506.947965105,24318.323673481853,16042981.73130481,418619.63516085414
7552,ESHUE,GIGIB,93.44684811623252,0.0,148163.70400544239,24262.11675640209,21200915.212906677,
7553,JPMKX,JPMOJ,93.0707525833847,0.0,147567.3895408034,24164.46901425283,12242958.58716028,
7554,AAAAA,CNZHE,92.49440987512868,75.80523301800226,146653.57519443263,24014.830001688,5603914.612444997,74241.96481409353
7555,CNJIJ,CNNJG,92.41301083422942,61.967880955059854,146524.51376919204,23993.695923075735,11179921.518573103,180801.97421340656
7556,CNGPG,CNZQG,91.64536961707152,75.10938886168428,145307.38800867528,23794.389031370345,12902177.724437991,172095.29074018757
7557,CNLYW,CNQUA,91.60388696927791,45.04523466727739,145241.61561642287,23783.618664424626,11851271.861922126,263625.121909134
7558,AAAAA,IDAMA,91.32052187332074,74.84315483798873,144792.3289572233,23710.047033263236,8987771.864362843,120404.89114740092
7559,PGMAD,PGWEK,91.28090488667743,0.0,144729.51464512036,23699.761058135624,19289624.680277836,
7560,CNBAO,CNLVS,90.98886166457822,74.57133755259314,144266.4684708708,23623.936277575092,12377298.207931368,166296.0937969352
7561,CNFOS,CNYPG,90.9048800841169,55.87688185604887,144133.3123261723,23602.131680078066,12670724.686439427,227183.87992413182
7562,CNNSA,CNTES,90.77588667568651,44.63807435166864,143928.78813332252,23568.64041526568,13007431.103657093,291925.669584473
7563,CNHPU,CNYJG,90.71839568297779,55.76225471127068,143837.63387185312,23553.713714091056,12855795.648028849,230968.94894997426
7564,CNTAX,CNZJG,90.71194635788237,0.0,143827.40820973896,23552.039240509348,11334478.708282107,
7565,IDSUR,IDSWQ,89.77872305063715,73.5795496192712,142347.74544258308,23309.741364266203,13314275.74786918,181267.5608677578
7566,JPKOM,JPMIZ,89.61125458090092,0.0,142082.21750578866,23266.260608653098,12986417.846536247,
7567,AAAAA,CNZHA,89.35799404933137,73.23473461883523,141680.66283388514,23200.505190352786,6856507.168718346,93940.50118042358
7568,JPOSK,JPOTK,89.27022534039281,18.29070060189038,141541.50204596925,23177.717319956373,12710142.158136396,696163.594419141
7569,JPMJR,JPOSK,88.77468136810778,51.969051166702435,140755.79731743742,23049.056525548884,11953749.049975472,230460.20347923503
7570,CNANQ,CNNTG,88.28750099373784,0.0,139983.35340690953,22922.56721785507,10328789.929357527,
7571,AAAAA,IDSOR,88.24145798939627,72.31966011529877,139910.35038750002,22910.612820572867,8475736.750387613,117515.03463454953
7572,CNDNG,MOMAC,88.08917494128605,0.0,139668.8995422325,22871.07473910997,13921412.503778037,
7573,CDBOA,CDMAT,87.96716793839381,20.598531838707903,139475.4525739556,22839.39739301491,20189023.91240309,981228.3452073422
7574,CNDCB,CNSHL,87.87606565822311,6.001683095335279,139331.00627592058,22815.744009269674,12677045.559473848,2116049.9649429843
7575,CNQUA,HKHKG,87.68131666187436,71.86058757336747,139022.2239763348,22765.1802611834,10945425.084428733,152631.51381126308
7576,CNJIU,CNRUG,86.72717881507533,71.07860905265966,137509.4003727213,22517.452228538084,10901923.143475283,153695.19383265203
7577,CNTAZ,CNWHN,86.56364822229861,70.94458501047433,137250.11609687426,22474.993885478103,11297006.965387851,159553.85400594154
7578,JPKMA,JPTOK,86.45918883199971,15.746438598122245,137084.49156809846,22447.87252210604,13625369.192657275,866724.0519266926
7579,CNKHN,CNWHN,86.2310613229765,0.0,136722.78630565482,22388.642528041568,10429675.670766037,
7580,NLAMS,NLIJM,86.12694227628883,0.0,136557.70140524628,22361.60952994452,20056676.414308313,
7581,GBHUL,NLIJM,86.01521914264795,0.0,136380.55992175033,22332.602241122804,20102092.132412523,
7582,CN7590,CNCQG,85.42440440968267,70.01090001484853,135443.79960311187,22179.205777554802,13068824.264488107,186985.2189800332
7583,CNBYQ,CNSIZ,84.1798706435716,0.0,133470.54168950627,21856.080662589837,12400350.530471614,
7584,GBLGP,GBTHP,84.02829260022948,0.0,133230.20865741157,21816.725625374464,19266775.458005592,
7585,CNBAO,CNHZH,84.02734039655905,68.86591446167968,133228.6989005217,21816.478399522617,12161592.010364214,176914.93076074918
7586,DKFRE,DKKAL,83.62828412192776,45.69257445444158,132595.97926419496,21712.869234284255,19695737.142101128,431524.16441308137
7587,CNDAL,CNZGE,83.5278818799807,68.45657546180756,132436.78750591516,21686.80125054986,12248922.151954295,179246.60809319493
7588,IDBON,IDMKS,82.92894666410321,67.96570878496108,131487.15183780435,21531.296421547326,13453502.556560356,198262.2427379666
7589,CNCGM,CNTAI,82.66805623284601,67.75189197202808,131073.49965569368,21463.560010620797,10944869.634791126,161860.17652952464
7590,AAAAA,CNGPG,82.22780444227939,67.3910767658383,130375.46288612558,21349.255028052994,7215588.673424247,107387.18352280176
7591,CNDAL,KPCHI,82.1577409598091,0.0,130264.37444079452,21331.064062532787,11751756.064157136,
7592,JPHKA,JPIRI,80.9120329836797,33.15635789540514,128289.25477038162,21007.634080992477,12158930.1520301,367348.4833446984
7593,CNHSI,CNYZH,80.28524229328869,65.79901972633729,127295.45313665559,20844.896982645645,11975674.12571448,182320.63445004934
7594,AAAAA,CNSZH,79.58643534574831,65.22630161759523,126187.46685547536,20663.46190919811,5960739.932169941,91702.32323068914
7595,CNWUZ,CNZQG,79.53774400633628,23.704143953687954,126110.26479520575,20650.819910183105,11412525.11212322,482328.1513296159
7596,CNTAZ,CNTAZ,79.25699895936671,41.33583166390541,125665.13232815398,20577.928536683976,12102881.986875698,293291.7865058617
7597,IDSBU,IDZRI,79.1716534457909,32.443180328309275,125529.81361311383,20555.76981376551,17768657.983026143,548319.0480348004
7598,JPKOB,JPONO,79.04278708969522,25.912298491621033,125325.49086680706,20522.31153624633,12764309.36777966,493388.56155311706
7599,CNHIA,CNZJG,78.5911468577281,64.41059744848526,124609.39726926923,20405.049710291056,10746017.916663397,167152.9747101714
7600,MZBRA,MZBRA,78.53895464883739,0.0,124526.64444083936,20391.4987613676,20708217.786724627,
7601,JPIMA,JPIWA,78.39727410552453,25.700682406941894,124302.004289717,20354.713466269237,12766718.330703946,497538.2692841011
7602,CNMAA,CNTOL,78.34803567725301,51.369081517770205,124223.93479824481,20341.929423578582,12764335.256958941,248878.83545201973
7603,EGALE,TRCEY,78.15153702633047,0.0,123912.37835156251,20290.911403096736,14684900.603836361,
7604,MDGGU,ROSUL,77.57673372629961,0.0,123001.0047983187,20141.672075516977,17112369.93849998,
7605,IDGOR,IDPOS,76.74272308813312,62.89569298280642,121678.64767422405,19925.133327692034,15366184.566096408,244628.98761017146
7606,CNMJS,CNYSN,76.44698903041991,62.65331953357231,121209.74953293153,19848.350275275356,10996497.520370703,175830.2026557899
7607,AAAAA,CNHPU,76.3479620475008,46.929120321491794,121052.73830268082,19822.63935757132,5632409.709294436,120441.89854680687
7608,DEKIL,DERSG,76.18581993942041,42.927001109238795,120795.6555246875,19780.54151439439,19892090.019030612,463854.21869732125
7609,GLNUK,GLNUK,75.5082936147756,0.0,119721.41051970127,19604.631645571182,19734510.808502153,
7610,CNPZE,CNRUG,75.3081641550778,61.71997788450883,119404.09728092246,19552.67093832995,11335053.185501283,183969.7006646128
7611,BZBZC,BZBZC,74.60103837043019,0.0,118282.92115178403,19369.075999662324,14585936.459239727,
7612,CNCHS,CNSHA,73.63223793834311,52.80314066360926,116746.84943450626,19117.541039727526,10920713.027523778,207181.43714703302
7613,CNHUI,HKHKG,73.4706883342997,54.74004180059603,116490.70609529046,19075.597031617413,12200758.887761934,223233.92680822717
7614,PTHOR,PTVEL,72.4366697935109,0.0,114851.22846600745,18807.129137080217,21562969.79367428,
7615,CNYJG,CNZSN,72.31708620790651,0.0,114661.62392247742,18776.080996082736,12888810.536699563,
7616,JPMJR,JPSKI,72.27869654930686,0.0,114600.75558792907,18766.11367885418,13129521.794395035,
7617,CNDDG,CNZGE,71.88333160550954,58.913103071012976,113973.88870383626,18663.462914048632,13518413.489971738,229780.4095732047
7618,CNSAX,CNYIC,71.8054990085323,52.96438273943129,113850.48201765068,18643.254810796534,12837699.320085706,242735.62552679624
7619,CNSHE,CNYUF,71.7960195597616,58.84154512516375,113835.45197361916,18640.79360961643,11360641.690295648,193388.57366338742
7620,CNQIZ,CNSYA,71.77025305352213,58.82042778399491,113794.5981505028,18634.103710541298,13551640.108699154,230706.82624484718
7621,JPMJR,JPMKX,71.55319835271776,0.0,113450.44926703305,18577.748610293387,12992274.618680215,
7622,IDENE,IDMOF,71.51907080680785,58.61456746478354,113396.33868211169,18568.887888715642,15780930.655573428,269549.025555033
7623,ITVEN,ITVEN,71.32524487579991,35.06996300338653,113140.24895257734,18526.95265930312,16809727.60097306,479848.084014441
7624,PTAVE,PTLIS,70.97804978662843,0.0,112538.52828068564,18428.4196393967,21045961.50371476,
7625,CNMAA,CNYZH,70.00168686236378,57.37097183947335,110990.4659304959,18174.92118821655,11962955.575929996,208836.10845292936
7626,AEMAH,IRBAY,69.79914954573537,0.0,110669.33493853713,18122.335315898476,12704751.967621628,
7627,CNLVS,CNLVS,69.5769047892579,57.022835080969415,110316.9570148373,18064.632693082905,12434774.229281971,218383.36947457417
7628,CNLUZ,CNLUZ,69.42874749600347,16.735708960484708,110082.0477184136,18026.16580393989,11818984.332754275,707290.6517738216
7629,IDPAR,IDPTL,69.38310022898524,56.863999537597074,110009.67215631083,18014.31415410544,15061869.087655496,265192.09912132815
7630,CLCOR,CLSVE,69.35277600418397,56.83914684725336,109961.59188866967,18006.440909608624,23391662.68941847,411858.207394246
7631,AAAAA,IDRTB,68.29615882049376,55.97317979120537,108286.28320991556,17732.105605697398,8608198.76479574,154108.2872650512
7632,CNHSI,CNTOL,68.2351327947712,55.92316496213293,108189.52401263865,17716.261084548667,12777053.806743424,228791.95189491965
7633,JPHKA,JPOIT,68.01700217672165,27.872196309772807,107843.66921947303,17659.62663801622,12049303.265463933,432939.07512666733
7634,CNHPU,MOMAC,67.94384366590485,46.403695352922966,107727.67348328025,17640.63209334251,12502509.912253747,269809.34275008005
7635,CNNJG,CNWXE,67.5203571723265,55.33735947736732,107056.21876062547,17530.679976614316,11513777.899858478,208381.98079457215
7636,CNNSA,CNZPU,67.2967643671008,55.15411051427685,106701.70345188012,17472.62735252228,11369023.541729337,206448.7317973231
7637,CNJIJ,CNZHE,67.0940430072273,49.48917036212496,106380.28065201727,17419.99369604893,11851156.73384922,239821.69514461138
7638,CNQIX,CNQIX,66.10065388197769,0.0,104805.22258122354,17162.074639096172,13595590.197405875,
7639,AAAAA,IDMOF,65.78389993288847,53.91421892391003,104302.99656395827,17079.834077206968,7907749.935180561,146989.6054775866
7640,CNJJI,CNLYW,65.3676122324926,0.0,103642.95581495576,16971.75102256294,13299756.643891634,
7641,CNJIT,CNLKU,65.33803659945576,53.54880469043711,103596.06246940819,16964.07213904413,11651233.333034528,217898.3727578388
7642,CNCIZ,CNTAI,65.3271159111215,26.769927235182102,103578.7472825773,16961.23674094599,11197293.541914953,418912.4116825271
7643,CNDCB,CNSWE,64.64207560746826,41.20543702244463,102492.58856424331,16783.37597661713,12855067.841627449,312382.3492174773
7644,CNTOL,CNWGQ,64.15627629637731,0.0,101722.334384616,16657.24524194315,11146522.202911079,
7645,IDOBI,IDTBO,62.72292353692965,51.405548083461134,99449.6964276671,16285.096018038084,16113544.76597133,313776.0507056799
7646,SEAHS,SEMAL,62.484202366636005,0.0,99071.19449284287,16223.115533702377,19190482.397058886,
7647,GBTIL,NLIJM,62.044190441909606,0.0,98373.53804012938,16108.872828815827,19329998.075240083,
7648,CNDSN,CNXIA,61.672186979785145,50.54440058641342,97783.71171679902,16012.287533390741,12173542.149205524,241165.27835559152
7649,AAAAA,CN7590,60.384372425489815,49.488952127375434,95741.83038764834,15677.925190446402,7250698.764758535,146828.2591889735
7650,CNNDE,CNQUA,59.91244806062299,12.275544792506748,94993.57548854128,15555.396884019758,11824898.88953366,964556.3179929369
7651,AAAAA,CNWUH,59.732275719765255,48.954516124221755,94707.9050575,15508.617752799331,5419894.122105789,111029.6489514122
7652,CNDNG,CNSHE,59.42197522687192,13.914344150386235,94215.91125237342,15428.05273707207,12704131.30975884,914132.8707284305
7653,UAIZM,UAIZM,59.07888310976807,0.0,93671.9250194515,15338.973852431456,17355757.076813456,
7654,CNHUM,CNWUZ,59.010263417591716,24.18138985298332,93563.12576120454,15321.157746089375,11366404.933753276,470681.2205872928
7655,CNFDU,CNWXA,58.751301730281625,24.075271812575373,93152.53167953325,15253.92210551285,13762963.896395136,572297.4978543667
7656,IDLAM,IDSUR,58.41632446396615,20.518289054400395,92621.41186612676,15166.950124007624,12903200.832832508,629602.5827838707
7657,CNJIJ,CNTAZ,58.10457917720249,31.747008061620384,92127.1272827057,15086.009988538206,12298683.114842072,387871.79884573066
7658,CNCHS,CNJIJ,58.009442220319606,47.54254111888886,91976.2838438554,15061.309059590125,12448308.861765217,262151.95649003825
7659,VNCMY,VNDAN,57.65934565062652,0.0,91421.1917720414,14970.411570577502,14444805.852558136,
7660,CNANQ,CNPZE,57.62941068516582,47.23108036017475,91373.72869060696,14962.6393916143,12031804.231885253,255060.15910308715
7661,CNGLA,CNZSN,57.01300874527837,46.72589855784746,90396.39883506956,14802.599581434506,11858981.521379314,254115.693596792
7662,JPOFU,JPSDJ,56.91379064292596,46.6445828180251,90239.08457733622,14776.839042345711,14849453.013616497,318670.0138502425
7663,CNJIU,CNMAA,56.02854056006714,45.919062336290956,88835.485270441,14546.996716982097,12436985.198457822,271162.5970056896
7664,CNMAA,CNPZE,56.01472924876369,45.907743061179566,88813.586885625,14543.410810617588,12870115.240483824,280664.1710554912
7665,CNJIJ,CNWUH,55.97948449527999,45.878857674980544,88757.70492354526,14534.260022321248,11667136.243510013,254619.90763346286
7666,CNHUM,CNSBU,55.40614836687738,0.0,87848.65762942345,14385.401624543447,12775525.494763711,
7667,CNTES,CNZHA,55.366630149855936,45.37658335890365,87785.99992049456,14375.141293513483,14213186.080635771,313544.12714146305
7668,CNMWN,CNSHZ,55.24564499281551,37.73119007555935,87594.17312956318,14343.729254851083,12688134.912833977,336657.24872847175
7669,CNFLG,CNWXA,53.95022488223062,33.16180978471343,85540.23288763377,14007.392239690247,13317261.982077971,402006.68964885524
7670,IDMAN,IDMAN,53.57325407922636,17.56271763662731,84942.53064725918,13909.517246358555,17431468.190258693,993318.8056911224
7671,KICHI,KICHI,53.395525611802505,43.76113396026751,84660.735075,13863.372631376886,23372309.09989968,534405.0840584777
7672,CNWHN,CNWXE,52.74093128136181,21.61232549495475,83622.84966126812,13693.416721751377,11826664.474639602,547852.0992165052
7673,JPSKI,JPTOA,52.55401386057057,0.0,83326.48463702326,13644.886328501498,13615495.584105495,
7674,CNFUZ,CNJJI,52.44829214187991,0.0,83158.8586362453,13617.437219898395,11927517.511621818,
7675,CN7683,CNHGH,51.847487262002794,42.49241504000197,82206.25854130773,13461.446959796054,11115227.961978933,261898.25639381242
7676,CNHKO,CNSYA,51.610118668317334,42.29787591509946,81829.90117063157,13399.817652329886,13795632.251196241,326471.0525078408
7677,CNHKO,CNTES,51.07439837530531,10.464704503010669,80980.49528350294,13260.725659824535,13584945.932162426,1299435.3212658877
7678,CNSHL,CNSHL,50.786470571082354,0.0,80523.97426840391,13185.969387737297,13581623.614686282,
7679,CNSHZ,CNSTO,50.453546572900954,41.349989255640565,79996.1099935008,13099.530507478456,12509045.431182645,302833.0886442002
7680,AAAAA,CN7683,49.965977428989746,40.95039437616109,79223.0496733625,12972.940261420299,4859255.190117309,118978.78407771948
7681,CNJIJ,CNSHA,49.73544193770435,30.571091570000853,78857.5264590207,12913.085069738465,10966888.408567008,359156.34443394
7682,CNDJM,CNXIA,49.18434855677713,24.18587896210379,77983.74592798023,12770.001678256864,12097262.50213966,500706.73564491095
7683,THKSI,THLCB,48.893060879028695,15.227006189916878,77521.89769942714,12694.37306381239,12929944.204163428,849979.2024644795
7684,CNSDG,CNYJG,48.62501232005033,15.940554221172675,77096.89602037471,12624.778148998044,14497476.360635303,910263.2780177487
7685,CNJIA,CNYXS,48.26457546477351,39.5559839190446,76525.40901343507,12531.195955030842,11792642.595815266,298442.17289426556
7686,CNCIZ,CNJIU,46.78924423287826,38.34685324873121,74186.21251447321,12148.147630510723,12507278.328975508,326478.5873145993
7687,CNSZH,CNWUJ,46.71590565714632,38.286747477689765,74069.93127817713,12129.106334597314,12154240.835293308,317769.7439229442
7688,CNYIZ,CNZJG,46.53180249073412,38.135862862629565,73778.02836647237,12081.306621618658,11385523.61768059,298868.4159411285
7689,CNJIU,CNWXE,46.402576059665186,19.014976665007875,73573.13470693702,12047.75485586292,12658487.927273117,666345.0555501238
7690,IDMDR,IDSUR,45.85430607066955,25.0537400855442,72703.83077639059,11905.404517085333,12935988.74058285,516804.84035079315
7691,CNJIJ,CNRUG,45.646678129250944,16.626864630135696,72374.62839583153,11851.496937984071,11071775.84029599,666609.5853781856
7692,CNCIZ,CNPZE,45.42694422058199,37.230359073440354,72026.2315214555,11794.446220330803,12940408.371001506,347893.57770287443
7693,JPHKA,JPMUT,44.521740082548604,0.0,70590.99426438657,11559.423114382631,12480979.496468151,
7694,AAAAA,CNSTO,44.01657111388803,36.07446584551882,69790.02872029178,11428.263329473577,5472439.359514837,152015.21337357562
7695,CNSNZ,CNYIC,43.85651961126213,23.962195430538973,69536.26068061222,11386.70828163593,13270577.107884573,554288.2685631891
7696,CNHPU,CNQIX,43.580001913673186,0.0,69097.83084457458,11314.91447799935,12430204.807997374,
7697,CNRUG,CNYIZ,43.40958737547928,35.577002876780156,68827.63179876213,11270.668818504164,11150654.398306776,313739.89275556064
7698,CNPHU,CNZPU,42.0869078196165,34.492980263135834,66730.47061933803,10927.254284332472,11903758.621018408,345423.4973147997
7699,CNBAO,CNCHZ,41.498851723835585,19.434874136266384,65798.0842299597,10774.574060838962,11951103.467775315,615485.233295889
7700,CNDNG,CNFOS,41.379781871496455,8.47836104700195,65609.29423100753,10743.659303221602,12708816.674021477,1500238.107673238
7701,CNDNG,CNZSN,41.2151731079828,13.511414605686577,65348.30047246361,10700.921028790692,12716736.898783876,941976.7057148882
7702,JPSGA,JPTOK,40.71508870565329,33.368684559936874,64555.39671104057,10571.081377673914,13702252.386799255,410948.87763843185
7703,CN7934,CNYSN,40.35997609975896,33.077646497487564,63992.3515138084,10478.88154772179,11188800.3703198,338575.45616850856
7704,JPMOJ,JPUBE,40.359917742913474,26.952117434999526,63992.25898670283,10478.86639621452,12319225.217412436,457466.9917324389
7705,JPHIM,JPOTK,39.6145848027309,12.986699784069513,62810.50388890265,10285.351524588146,13602286.81631752,1048193.3358111763
7706,TRBOR,TRGEM,38.970906620292936,0.0,61789.926463125004,10118.229834229649,15268487.05392854,
7707,CNDCB,CNYUF,38.87620830698231,23.896201134310083,61639.778511150005,10093.64279271361,11594056.433486238,485606.4782455213
7708,AAAAA,CNFLG,38.56857363739016,31.609474731515736,61152.01147517069,10013.769919284234,6700673.62370509,212299.8705490537
7709,CNCZH,CNDSN,38.56094926005392,31.603226054418695,61139.92272087191,10011.790360456345,13690145.831774365,433505.03516774025
7710,AERAK,AEUAQ,38.55462310495246,0.0,61129.892349694725,10010.147866174466,11223205.774600664,
7711,CN7722,CNZPU,38.49142503717394,31.546246395616315,61029.689293125004,9993.73940585578,11929755.704274463,378483.9975553945
7712,GBHUL,GBIMM,38.40840496462475,25.1825648025553,60898.05765756262,9972.184449921811,20361133.55021421,808936.8932189565
7713,CNHUI,CNSHE,38.0938044359493,31.22037024408149,60399.24597423387,9890.502992363658,12202235.12067857,391158.8981231256
7714,CNFOS,CNSHZ,38.091717156894575,20.81243972136653,60395.93651005958,9889.961060675754,12694110.444870561,610404.1898023621
7715,AAAAA,CNXZH,37.94504223121516,31.098449864143202,60163.377566537434,9851.87904674154,6542523.972407516,210697.8283508982
7716,CNBAO,CNRUG,37.76614908798717,13.265072230569595,59879.73535434782,9805.432040604763,10984444.81218215,828811.9395902203
7717,JPHMA,JPKOM,37.56191550632134,7.696113098627518,59555.914866531384,9752.405757708724,12657458.037241312,1645923.1147808912
7718,CNHPU,CNSHZ,36.66482013936471,30.049223925856378,58133.53438935263,9519.487976387125,12669015.780962244,421925.5479017268
7719,AAAAA,CNFOS,36.506433862264196,22.439561990729782,57882.40663114665,9478.365280169006,5657504.373202752,252544.26716635833
7720,PTAVE,PTLXS,35.835494485510566,0.0,56818.60549470518,9304.165616687402,21467787.771985184,
7721,CNZSN,MOMAC,35.61691930028147,5.8380800971350855,56472.045822548695,9247.415744744323,12535524.80092446,2148783.8481053533
7722,JPTOM,JPTOM,35.34856302524392,23.17637193943058,56046.55624741386,9177.740935924923,14672358.051287964,633469.9766897424
7723,CNTAI,CNWUJ,34.50949810764566,28.282796213480328,54716.18536173404,8959.889917861172,10960905.540646326,387863.53894300095
7724,CNSBU,CNZSN,34.19188996457561,21.01687163788941,54212.60498585002,8877.427576912392,12800481.220085056,609479.796439787
7725,NOKAL,NOSGN,34.15546478571145,0.0,54154.85141225852,8867.970308312217,20775998.096216463,
7726,GLJNS,GLNAR,31.579430805401014,0.0,50070.44681370066,8199.140503362441,19920042.82092824,
7727,BDCTG,BDMTB,29.727754294235158,24.36384365734922,47134.5398671875,7718.379593662061,14902008.061113374,611961.1769963726
7728,AAAAA,CNSDG,29.32080823160342,24.030324678794685,46489.31065737025,7612.7219595720535,7274090.421900892,303021.4215243679
7729,JPMJR,JPUBE,29.237599751113727,15.97475324914189,46357.38029350519,7591.1180862530455,13068541.24893237,818549.8807451708
7730,CNCIZ,CNWUH,28.86580785326936,17.743066528486125,45767.889413777324,7494.58772042022,11849783.026497781,668276.6812141289
7731,CNNSA,CNSHZ,28.5944387312951,23.43501725100117,45337.622849683044,7424.130669656641,12687358.263407478,541701.4315846001
7732,CNSHA,CNWUJ,26.954305309693645,22.090820381450207,42737.12590723584,6998.293850404314,10913147.19028615,494329.5584127001
7733,CNHZH,CNHZH,26.734151457480692,21.91038986581857,42388.06319562501,6941.1341005097165,12003361.834147664,548155.6029719451
7734,AAAAA,IDTBG,26.55179027820555,21.76093292342548,42098.92227399009,6893.786669188059,7963301.334114844,366261.64644826314
7735,AAAAA,CNYZH,26.373096624385063,16.21086131894479,41815.59636021097,6847.3914575782655,5603359.802055689,346077.05803743505
7736,CNJSI,CNYUY,25.55894706332781,0.0,40524.729765859855,6636.009349933768,12674319.55234783,
7737,AAAAA,CNCHZ,25.520024757431834,20.915333434464113,40463.01689778315,6625.90373857166,5791192.374484932,277204.20027681254
7738,THBKK,THKSI,25.176584696119917,3.4389769645960535,39918.47898544461,6536.734515271467,12989138.220598754,3778936.3199879746
7739,CNANQ,CNCIZ,25.073599832948936,5.871273982944712,39755.19237822884,6509.995991450003,11951173.669667728,2036642.0814962299
7740,CNSWE,CNYTN,23.620741647963495,19.358746405315255,37451.62779128507,6132.782467129026,12597878.263201427,651075.7867156068
7741,AAAAA,CNZJG,23.063774454117144,18.902275274033855,36568.53409563523,5988.174025442714,5059402.9382655835,267977.85128277005
7742,CNNSA,CNSYA,22.291127080494533,18.26904009498593,35343.47087441657,5787.567357927913,13218117.422690907,723842.3541299377
7743,CNMAA,CNZHE,21.761511627367355,17.834985508460736,34503.744454363965,5650.060398423151,11963510.386319304,671105.7007049251
7744,JPHMA,JPHMA,21.710928521068173,0.0,34423.54292225808,5636.927229614656,12041816.290435823,
7745,PGLAE,PGLAE,21.46071791043023,4.397116334192717,34026.824021611275,5571.963678982778,19722487.667895485,4486590.331523811
7746,AAAAA,CNSUQ,21.363772428126445,17.509012158076043,33873.11309358878,5546.793192678792,6466487.813291325,369640.1914655576
7747,JPFUK,JPSKI,20.20210655940766,12.417713113078111,32031.24553576607,5245.183523578712,13499811.019552965,1087563.8759002462
7748,JPHIB,JPUBE,19.794289935536185,12.978174685496946,31384.63601638843,5139.299860908096,13250737.83420909,1021397.6506945451
7749,AAAAA,CNZSN,19.598465094560073,9.637336236605138,31074.14792224524,5088.456785391449,5665424.597965149,588390.081609111
7750,AAAAA,IDBAN,18.85301327414723,11.588460315609684,29892.204335099457,4894.911048240072,6659023.913048608,575047.818485475
7751,BEGHE,NLTER,18.29921426039247,0.0,29014.13391532023,4751.12517849532,19397989.166136038,
7752,AAAAA,CNHIA,18.118003177638567,12.727621249660977,28726.816517581363,4704.076353029739,5686614.978397814,447162.82352465834
7753,CN7590,CN7590,17.60102868377396,14.4251969662958,27907.132842514602,4569.851434981956,14501397.52951707,1005599.2590496317
7754,JPMMA,JPOTK,17.568935741549467,8.639336817637785,27856.24820286898,4561.518968697607,13451990.073748749,1557590.8054938887
7755,JPFUN,JPTOK,17.270655314569606,7.077217165134794,27383.312691564297,4484.074788487983,13574530.606274003,1918694.0804866292
7756,CNHLD,CNJIN,16.935434592308642,13.879698970610969,26851.80686904811,4397.039597182819,12963377.253848495,934297.9498981779
7757,CNDNG,CNMWN,15.209835147296491,2.49309141830904,24115.80013841207,3949.0127663838593,12702841.141984893,5096800.727576112
7758,JPKOM,JPWKA,14.587650175419732,11.955535715355097,23129.301055049516,3787.471475949147,13550737.065957516,1133744.6401523193
7759,JPISH,JPSDJ,14.17018370332858,11.61339457150871,22467.391316519068,3679.0823703566234,14807026.69681987,1275312.3721056995
7760,CNTAX,CNTAZ,13.097851206835358,8.050910839717611,20767.165382646832,3400.6668137479974,12326516.763454372,1531493.4764201907
7761,JPTOA,JPUBE,12.59347136357208,1.7201959060912237,19967.451028336895,3269.7119137859545,13554515.03864283,7881535.296385964
7762,AAAAA,CN7722,11.660031086109877,9.556159930886627,18487.44424625,3027.357704377555,6211484.354284792,650314.745351126
7763,AAAAA,IDKAB,11.253924240095465,9.223328745370772,17843.545647844403,2921.9179606922426,7773792.616106309,843157.036766164
7764,CNHIY,CNZPU,9.751893850699002,7.992316365033002,15462.016570000002,2531.937587744054,11918915.741297247,1491613.5866495776
7765,CNDNG,CNSHL,9.621448537470364,0.0,15255.190324195915,2498.0693569403566,13842124.108161867,
7766,CN7934,CNHEF,7.1327041095447,5.84571865264572,11309.186791730932,1851.9030163477655,12139180.581535192,2076910.1638267548
7767,JPIWA,JPOTK,2.8667321056929036,1.4096849457104759,4545.318068325517,744.305350685934,13190426.747711185,9357531.335779123
7768,AAAAA,TRTUZ,0.9350749922062501,0.0,1482.5986874999999,242.77863934673366,8464798.903378295,
