corridor_id,origin_port,dest_port,E_e,mean_distance,period
0,MATAN,SGSGP,3186539.1807995965,10896.68319553589,2050
1,NLROT,SGSGP,2341846.812303471,11961.67759882148,2050
2,MYTPP,NLROT,2083470.5995070843,11931.300469961157,2050
3,ESVAL,SGSGP,1745877.505838655,11240.422121220994,2050
4,BRSTS,SGSGP,1720793.4869570662,9178.026636144456,2050
5,EGPSA,SGSGP,1517405.0130149361,12795.835088765278,2050
6,KRBUS,USLGB,1251079.2534023072,5636.956817163628,2050
7,KRBUS,MXMAN,1158471.0287188366,6752.66309664529,2050
8,CNSHE,SGSGP,1107960.476158061,1499.6786815258852,2050
9,GRPIR,SGSGP,1080479.2070073474,12368.910280666432,2050
10,CNYTN,SGSGP,1035466.535007759,1503.4212416448813,2050
11,ESALG,SGSGP,991727.5930074215,10814.450864614688,2050
13,CNYTN,USLSA,875273.8811929516,6534.766149222274,2050
15,KRBUS,PABAL,848150.5638338559,8391.073074465625,2050
16,ESALG,MYTPP,842305.9444114325,10898.904482301296,2050
17,CNNBO,CNYSN,839052.5385140642,224.17032981614088,2050
18,GBFEL,SGSGP,792891.8021761689,11921.674139340115,2050
19,ESALG,OMSAL,785984.5999237399,9525.727387867988,2050
20,LKCOL,MATAN,715563.6352843776,9567.885229349895,2050
21,LKCOL,USNYK,708770.767922743,11383.213898847693,2050
22,AEJAL,SGSGP,700420.5125458671,3570.511638444872,2050
23,ILASD,SGSGP,695710.0888035056,12836.446758941884,2050
24,MATAN,OMSAL,691006.6673869805,9461.206039977245,2050
26,GBFEL,MYTPP,650091.097430476,12331.121064714129,2050
27,LKCOL,NLROT,646963.2365946696,10717.392983797907,2050
28,CNQIN,SGSGP,641002.2456064165,2580.1470039057012,2050
29,INNSA,MYPKE,631740.0993023245,2323.934575434996,2050
31,CNQIN,KRBUS,589076.7135303138,546.6300173027712,2050
32,LKCOL,SGSGP,582838.4715734911,1649.9589696374508,2050
33,FRLEH,SGSGP,582650.3518907363,11581.349970297862,2050
34,CNNBO,CNWGQ,581093.9681094631,250.29783500390008,2050
35,CNNSA,SGSGP,559306.4221603577,1478.7292866803587,2050
36,HKHKG,SGSGP,558551.5060491528,1486.3665640866402,2050
37,KRBUS,MXLCS,553253.0009200337,6926.038501795422,2050
38,BEANT,CNYSN,550957.3852266399,14057.732023917448,2050
39,FRDKK,SGSGP,547017.4780811607,12067.006938983059,2050
40,SGSGP,THLCB,529276.6604257323,833.6844969780634,2050
41,CNYSN,KRBUS,528838.255823414,555.4569569039575,2050
42,CNQIN,CNYSN,520497.6833307874,519.0183585091884,2050
44,INMUN,MATAN,514112.40673043235,9899.179154086803,2050
45,CNWGQ,USLGB,505894.1084001927,5967.939444431727,2050
46,CNYSN,USLGB,488767.91403771256,5994.381363815245,2050
47,CNWGQ,USLSA,470416.26359038695,5937.8345254673995,2050
48,JPYOK,MXMAN,462521.68765103444,6209.876085059862,2050
51,CAVCR,KRBUS,453109.5723189485,4873.130018241599,2050
52,INMUN,USNYK,447763.5345905436,11567.108868013545,2050
53,KRBUS,USLSA,443814.84964763914,5473.942662033376,2050
54,AEKHA,MATAN,443597.1267893509,10357.694783685694,2050
56,ESALG,USNYK,437474.72535184544,3370.1175827332645,2050
57,CNNBO,SGSGP,429571.71503997344,2183.934476268976,2050
58,CNTJN,SGSGP,421292.4559074931,2883.901192755801,2050
59,CNQIN,CNWGQ,419456.7882358336,478.3278370420253,2050
60,CNNBO,USLGB,417783.978483863,5936.14682426146,2050
61,GHTEM,SGSGP,409791.84370078245,8331.657544945128,2050
62,BRRDJ,SGSGP,409712.87037132855,9229.020099312398,2050
63,INMUN,INNSA,405382.6732110117,475.4684291766347,2050
64,CNNBO,KRBUS,402158.3193223175,567.2612736112139,2050
65,CNMWN,SGSGP,400646.45523419447,1487.9224267497864,2050
66,MYPKE,SGSGP,389963.2894412713,239.44165877432502,2050
67,CNYSN,MYTPP,389146.9633002585,2225.9929374203152,2050
68,CNNBO,CNYTN,388521.4592938375,797.685773006305,2050
69,AEJAL,MYPKE,387005.4036540582,3375.6527596755295,2050
71,CNNBO,CNSHE,383057.21060374484,811.0146135056527,2050
73,OMSAL,USNYK,380743.9571439371,11188.910238990064,2050
75,CNQIN,MYPKE,370663.2238685389,2787.7390964268407,2050
76,BRSTS,MATAN,367443.1314484607,4442.171356571199,2050
77,KRBUS,USOAK,365683.8070347949,5231.17029277046,2050
79,CNSHE,MYPKE,358342.2081278011,1687.8894003299451,2050
80,BEZEE,SGSGP,355809.7398326695,11896.915383750022,2050
81,CNQIN,CNTJN,353957.55242325354,522.6478103970941,2050
82,ESBAR,SGSGP,353172.0696010328,11395.652473262484,2050
84,CNYTN,MYTPP,345029.25316079013,1519.2697098317246,2050
85,CNNBO,CNNSA,336254.45269729896,840.4108557404172,2050
86,CNNBO,CNXIA,333985.17963126046,545.3779799391267,2050
87,CLSAN,PECAL,332680.25342125964,1356.739649987714,2050
89,CNYSN,SGSGP,327578.2386433292,2250.244141225643,2050
90,JPYOK,MXLCS,327114.09339714533,6352.909293309731,2050
91,LKCOL,MYTPP,325864.40922239865,1623.3579877132765,2050
93,GBLGP,LKCOL,323877.5852989634,10723.168037641475,2050
94,KRBUS,USSEA,321384.6349639576,4835.879049446319,2050
95,CNNBO,CNQIN,321144.59483065625,664.6072391727124,2050
96,AEJAL,MATAN,320702.701472971,10141.01323183827,2050
98,ESVAL,INMUN,317683.9530345188,10261.29725302131,2050
100,SGSGP,ZADUR,316058.4069641223,5043.967192239385,2050
102,LKCOL,MYPKE,314968.67661126744,1444.9385320713454,2050
103,GBSOU,SGSGP,312802.71139420423,11790.135589426352,2050
104,INNSA,MATAN,309887.2462941656,9797.030106783504,2050
105,AUMEL,AUSYD,309558.3767999748,681.1498966316219,2050
106,USHNL,USLGB,305741.1538776846,2277.237854479459,2050
108,CNWGQ,SGSGP,302888.96602996514,2297.782330882678,2050
109,THLCB,VNHCM,301576.06587965245,641.77075261426,2050
110,CNXIA,USLSA,300878.3791708972,6335.119975292804,2050
111,USNFK,USSAV,300715.2301792193,570.7364070903606,2050
113,CNGLA,IRBAB,300487.01432296797,5419.683556444679,2050
114,CNWGQ,VNHCM,299082.0750036108,1768.5440920026786,2050
115,CNQIN,USOAK,295888.9217983222,5804.544553222934,2050
116,FRLEH,MYPKE,293148.67774880154,11549.469129440247,2050
117,CNNBO,USLSA,291529.28952860215,5903.57024626183,2050
119,DEWVN,SGSGP,282971.3795315321,12281.643345339424,2050
121,BEANT,DEHAM,280212.6377915975,462.87691042248446,2050
123,AUBRI,SGSGP,277043.8444997631,4022.7398664126204,2050
124,CNYSN,CNYTN,276911.4637084781,860.9613111273441,2050
125,MXMAN,PABAL,275718.00224328274,1780.7552803276797,2050
126,BRRDJ,COCTA,272371.9575945812,4160.764315343693,2050
127,MATAN,MYPKE,271765.0020754016,10527.085395927345,2050
128,CNWGQ,KRBUS,266871.4870153068,543.0400464929817,2050
129,INMUN,LKCOL,264811.3049475213,1293.1208558546632,2050
130,USNFK,USNYK,263288.45601366163,356.45778437563297,2050
131,CNNSA,CNTJN,262325.563193666,1502.8094855098088,2050
132,MYPKE,NLROT,262015.43601232755,11758.318711535134,2050
134,SGSGP,TWKAO,257540.99520935927,1652.2879408310982,2050
135,JPTOK,USOAK,257505.95052120136,4780.256748267806,2050
136,CNTJN,KRBUS,256934.02761885757,761.3176175478874,2050
137,BDCTG,SGSGP,256089.33898078036,1535.2791957075622,2050
139,GHTEM,MYTPP,253671.6259667568,8282.458269669964,2050
140,DEBHN,MXVER,253177.8231111572,5657.8444596307045,2050
141,CNNSA,MYPKE,253100.85958787336,1670.7514138449678,2050
142,INNSA,SGSGP,252103.54862492686,2516.691006309319,2050
143,CNYTN,VNCMP,250941.4006533899,989.5669266508886,2050
144,BEANT,USNFK,250060.3842231625,3699.9302908184372,2050
145,SGSGP,VNCMP,248644.17837578017,670.5912005254877,2050
146,AEJAL,INMUN,246641.18701439814,1251.0703859106902,2050
147,USLSA,USOAK,244887.2524780469,475.9624723851743,2050
148,DEHAM,NLROT,244278.17804852463,359.913153412115,2050
149,CAVCR,JPTOK,242014.97251842494,4441.427488031224,2050
150,BEANT,LKCOL,241135.71512518165,10726.68205972753,2050
153,BRSTS,COCTA,237898.226908683,4365.1066996260715,2050
154,IDJAK,SGSGP,236946.72824027002,608.7206331048245,2050
155,AEJAL,ESVAL,236444.1296564124,10669.221659985033,2050
156,AEKHA,EGPSA,235287.4021977711,12111.178815621402,2050
157,INMUN,MYPKE,234951.65783804553,2656.7102712610513,2050
158,HKHKG,TWKAO,232860.1496694718,366.36882905299524,2050
161,CNNBO,HKHKG,231208.01838533304,810.3504765251844,2050
162,JPYOK,KRBUS,229813.27876243394,890.7828192711756,2050
163,CNQIN,HKHKG,229263.53542050236,1205.143374731454,2050
164,CGPNO,SGSGP,229173.8215984881,7562.348402330026,2050
165,HKHKG,THLCB,228079.49027131675,1497.6502259288916,2050
166,CNNSA,CNQIN,227895.5435177851,1208.2105599314345,2050
167,FRFOS,REREU,227261.74215394835,8056.954454129355,2050
168,USHNL,USOAK,226446.83270567964,2138.1091958989396,2050
169,AEJAL,ESALG,225350.06626317385,10064.917460422463,2050
171,EGPSA,MATAN,223669.58090242784,1968.4486834292086,2050
173,AEJAL,CNNBO,223150.7853200916,5702.1956103713055,2050
174,AUFRE,SGSGP,223002.44248819628,2385.015927709714,2050
175,COBUE,PECAL,222533.65063684812,1187.3097918002018,2050
176,JPKOB,SGSGP,221660.9397600337,2744.575155177146,2050
179,KRBUS,SGSGP,221099.1791420113,2578.2354980985433,2050
180,GBFEL,INMUN,221067.2711751716,11205.508082027878,2050
181,AEJAL,INNSA,219370.76201647555,1234.9259234389708,2050
182,FRLEH,USNYK,217024.21045540352,3406.8320213538523,2050
183,KEMOM,SGSGP,214768.75332130762,4142.753548738115,2050
184,AEJAL,SAJED,213144.21261999794,3669.8504494574204,2050
185,ITGOA,SGSGP,212172.09505093936,11711.226978431185,2050
186,CNMWN,CNNBO,211080.47691394258,814.0830211889261,2050
187,BEANT,GRPIR,209844.32364394848,2965.55839047804,2050
188,AEKHA,SGSGP,208639.54505376637,3580.52128011238,2050
189,KRBUS,PACOL,208188.65813388364,8384.292012456695,2050
191,AUMEL,SGSGP,204094.5761195597,4008.530583223646,2050
193,ESALG,NLROT,202572.0551153264,1467.0190590946827,2050
194,INMUN,PTSNS,201829.6538224774,10084.783051115855,2050
195,BDCTG,LKCOL,200654.53486994136,1354.7552275569137,2050
196,MXLCS,MXMAN,199631.36384107807,375.4369802867077,2050
197,CNYSN,USLSA,199592.63719507222,5927.106684961402,2050
199,MATAN,NLROT,198233.47412742538,1454.0444066032367,2050
200,JPTOK,USTAC,197505.21439790577,4411.985666852919,2050
201,AUBRI,TWKAO,197356.04412103118,3824.9288794615295,2050
202,CNNSA,THLCB,197028.78881728678,1501.4709908923016,2050
204,CNNSA,MYTPP,196162.91404175226,1509.8207420193676,2050
205,CNXIA,CNYTN,195999.1414732736,348.0803633126435,2050
207,CNBYQ,CNNSA,192843.63696620328,1479.1415779160193,2050
209,CGPNO,LKCOL,191436.84305776394,6324.426153466848,2050
210,PKQAS,USNFK,191297.2739123132,11602.43294333236,2050
211,GRPIR,MYPKE,190851.4680572079,12090.757444127761,2050
212,CNDAL,CNTJN,190679.32084247362,241.34203984298364,2050
214,SGSGP,TGLOM,188772.50065726833,9619.684175584907,2050
215,MYTPP,SGSGP,187583.79093867677,173.35586008078266,2050
217,TWKAO,USOAK,184809.8879845162,6023.450230705813,2050
218,ESBAR,ESVAL,183021.0373226126,207.0233015363837,2050
219,ESALG,ZAPLZ,182229.02665192125,5625.1826368764805,2050
220,AUSYD,CNYTN,181796.51979630362,4548.958279934862,2050
225,THLCB,VNCMP,179988.60972294232,677.1136488622949,2050
226,AUBRI,CNQIN,179889.97279397858,4460.8108873091915,2050
227,MYPKE,SAJED,179783.92048914227,5674.559590597786,2050
228,AUBRI,AUMEL,177919.82851099886,1133.0725773418176,2050
229,SGSGP,VNHPG,176788.15520486372,1381.2754868842324,2050
230,CNWGQ,CNXIA,176610.93241288903,660.4807599361161,2050
231,AUBRI,MYTPP,175792.32553521878,4084.9454723371505,2050
232,CNWGQ,HKHKG,175456.57325027205,929.397480909793,2050
233,BEANT,NLROT,175183.7417115763,207.4357265496199,2050
234,MXMAN,PECAL,174186.66117494646,2496.529319129667,2050
235,GHTEM,LKCOL,172430.69110086074,7033.530605999446,2050
236,ESALG,LKCOL,172416.41385851108,9661.1684699347,2050
237,BDCTG,MYPKE,172214.67803008622,1348.066910861811,2050
238,AUMEL,TWKAO,171411.49501205358,4850.5280495659035,2050
240,ZADUR,ZAPLZ,171240.60842822638,1041.4702618303957,2050
241,JPTOK,USLSA,170988.41807941545,5010.840164956729,2050
242,AUBRI,KRBUS,170891.60059692178,4206.3870493109225,2050
243,DEBHN,USNYK,169637.44197109898,3776.7424829712345,2050
244,ESBAR,LKCOL,168915.8085200862,10067.56137753872,2050
245,ITGIT,SGSGP,168489.00096323882,11780.955431830416,2050
246,IDJAK,IDSUR,166998.58353698833,414.4852705710526,2050
247,HKHKG,MYPKE,166595.22341517487,1671.9388388932111,2050
248,CNXIA,CNYSN,166057.53040746073,630.8829693896764,2050
249,AUFRE,MYPKE,165958.1100766738,2571.5318311017454,2050
250,ESLPA,ZAPLZ,165338.1575403443,5179.755831107121,2050
251,CNSHE,THLCB,164549.44176221325,1519.007308736647,2050
252,JPYOK,USLSA,163559.23019761266,5236.521261714371,2050
253,INNSA,LKCOL,163449.4439713685,963.7567863621057,2050
255,MXLCS,PABAL,162321.53956997473,1644.7646972144303,2050
256,CNQIN,CNYTN,161683.19454721123,1220.7262368171755,2050
258,CNWGQ,MYPKE,160783.30753645493,2476.502652541903,2050
259,CNNBO,TWKAO,160713.6599917161,580.7986196547093,2050
260,INMUN,TGLOM,160634.87354752948,7680.650595486236,2050
261,KRBUS,MXESE,159811.05730613667,5679.335614497947,2050
262,DEWVN,MXVER,158556.26830235784,5549.73747134843,2050
264,AUSYD,SGSGP,156871.66374977023,4356.414867300337,2050
265,AUSYD,MUPLO,156727.2649856551,5383.085553052357,2050
266,HKHKG,VNHCM,155781.32706039253,951.0251375691496,2050
267,CNNBO,MYPKE,155649.9680617756,2351.7710115086466,2050
268,VNHCM,VNHPG,155032.42296512375,806.9857402413962,2050
269,MTMAL,MYPKE,154693.18842003492,11822.879433688677,2050
271,CNDCB,TRBAM,154370.8434324259,14035.125747932774,2050
273,MXESE,MXMAN,154130.9567598924,1144.9812516400848,2050
274,HKHKG,USOAK,154118.99354210644,6333.024438874852,2050
275,PABAL,PECAL,153789.4027623,1369.046588056156,2050
277,PKKAR,SGSGP,152077.39447060696,2945.36080717538,2050
278,AEJAL,CNWGQ,151334.8568208833,5873.851162427015,2050
279,MYTPP,ZADUR,150754.20922553173,4953.160416699645,2050
280,BRRDJ,BRSTS,150747.44087820756,342.67499074309205,2050
281,DJDJI,SGSGP,149172.94268495508,3816.194115214955,2050
283,CNNSA,CNZOS,148339.0200697133,852.3295212371617,2050
284,CIABI,MATAN,147320.06344091677,2823.263951923258,2050
285,CNYSN,HKHKG,147217.35586927767,916.1093514162901,2050
288,AEJAL,OMSAL,146532.51826471556,1009.7517767242342,2050
289,CIABI,LKCOL,146308.4251763522,7247.408936343623,2050
290,HKHKG,KRBUS,144222.46043443563,1207.5040670510268,2050
291,CNNBO,THLCB,144167.47905696378,2282.7125254294388,2050
292,JPTOK,SGSGP,143169.2437706426,2949.674142338027,2050
293,CNYTN,KRBUS,142865.47777614754,1189.7008692259965,2050
295,KEMOM,MYTPP,142261.7280354616,4130.441905858374,2050
296,BRSAL,MATAN,142201.0509275706,3546.727142605355,2050
297,MATAN,PAMIT,142187.2234718592,4360.034583755845,2050
299,USCHA,USSAV,140959.07035689102,192.58097522901147,2050
301,LKCOL,TGLOM,140262.0126248504,7027.162769080723,2050
302,CNQIN,TWKAO,140038.10825445896,981.5135388136649,2050
303,GBFEL,MATAN,139970.32705993459,1404.284728550341,2050
304,CNNBO,VNHCM,138738.48993555736,1655.4210917571706,2050
305,AUBRI,AUSYD,138490.29235071747,608.7469231823892,2050
306,CNWGQ,THLCB,137632.81881332572,2319.4310029120807,2050
307,GBLGP,USCHA,137097.85012505282,4041.134461878747,2050
308,BEANT,FRLEH,136518.8065377821,306.52334741914456,2050
309,MYPKE,PKKAR,136383.28669693682,2774.4752161338724,2050
310,ESVAL,MXVER,136268.97571582213,5412.666554861753,2050
312,CNMWN,MYPKE,136071.5509774456,1685.7217126643975,2050
313,BRSTS,USPEV,135846.67529620114,4772.571858673077,2050
314,CNSHE,IDJAK,135733.94363999143,1830.1153008479864,2050
315,DOCUC,NLROT,135699.8865863928,4086.5243903468563,2050
317,CNQIN,MXESE,134464.11130493978,6274.268885726567,2050
318,ESALG,INMUN,133346.65149451158,9993.355844364725,2050
320,BEANT,DEBHN,132722.86363863116,407.8482469995018,2050
321,HKHKG,NZTAU,132486.93840895506,5175.683423965705,2050
322,CAVCR,JPYOK,132270.11852819152,4614.342262082291,2050
323,USNYK,USSAV,131951.45165770914,764.8224443804842,2050
324,BEANT,CRPMN,131856.730656949,5053.217758105248,2050
325,FRLEH,USHOU,131722.73513498096,5078.419446724313,2050
326,SGSGP,TZDRS,131337.2479547708,4124.6842610445765,2050
327,ESLPA,ZACPT,130302.6977205776,4497.700855037587,2050
329,AUBRI,CNYTN,129690.44010399086,4144.166461736737,2050
330,CNWGQ,TWKAO,129612.30714697835,715.8900826505853,2050
333,DEBHN,NLROT,128580.17619629308,308.5945823075544,2050
334,DEBHN,PLGDA,126830.67941498963,903.6161843083368,2050
335,DEBHN,USNFK,126807.0347596896,4011.64874707519,2050
336,CNXIA,VNHCM,126757.69029680245,1175.1188175197647,2050
339,EGALE,SGSGP,126113.01839755841,8585.106325710083,2050
341,OMSOH,SGSGP,125470.67390285905,3346.0340735530413,2050
342,COCTA,ESALG,124733.88346489624,4173.397511642886,2050
343,CNYTN,TWKAO,124125.77349569144,360.03600935416387,2050
344,DEBHN,ESALG,123972.81697909905,1682.8749328843012,2050
345,ESVAL,USNYK,123451.04168904647,3808.1879691509216,2050
346,MATAN,USCHA,123254.77068067528,3833.913870572861,2050
347,CIABI,SGSGP,123217.7918905471,8427.075281196494,2050
348,CNSHE,KRBUS,122590.6222904295,1218.0716317614829,2050
349,BEANT,CAMTL,122493.26029393585,3427.9221679612715,2050
350,ECGYL,PECAL,122213.10398999706,735.690089243128,2050
351,AEJAL,PKKAR,121723.82375482787,787.5457568652821,2050
353,ESVAL,LKCOL,121275.55187620377,9968.180996800382,2050
354,ESALG,MATAN,121205.73958596117,170.38632797618175,2050
355,AUSYD,CNNBO,121181.6338819574,4531.064273369621,2050
356,MYTPP,THLCB,121175.43700074346,846.4495920141587,2050
357,GBLGP,MATAN,121134.29046820097,1466.1660874847933,2050
358,LKCOL,OMSAL,120992.40657101679,1664.9412662895588,2050
359,CAPRR,JPYOK,120967.67543292769,3966.7729331379146,2050
362,BSFRE,PTSNS,120789.3311643202,3779.3676268605136,2050
363,CNQIN,KRGWA,119672.31162429723,489.76813487763656,2050
365,USHOU,USNFK,119042.71568809377,1782.8617282483888,2050
366,CNNSA,CNXIA,118537.36379090342,387.9129118743614,2050
367,KEMOM,MYPKE,118033.26696305159,4003.2354269821813,2050
368,CNDAL,KRBUS,118032.95402741326,605.4834225195602,2050
369,CNNBO,CNTJN,117447.85158636836,865.5550591053869,2050
370,CNSHE,USOAK,117367.26244661347,6453.028937918624,2050
373,IDJAK,MYPKE,116879.58356288554,788.6576760651915,2050
375,CAPRR,CNTJN,116574.5037129876,5071.215317485208,2050
376,HKHKG,VNHPG,116196.41662146432,543.5203600463636,2050
377,IDJAK,MYTPP,115899.67846017815,641.4047098469136,2050
378,MYTPP,TWKAO,115731.82235227365,1673.4591278240139,2050
379,CNNSA,CNYSN,115528.95348471531,911.7735897772509,2050
381,MYPKE,VNHCM,115026.30155113143,865.4808056955043,2050
382,MUPLO,SGSGP,115005.41795138519,3426.191615314288,2050
383,CNSHE,VNHCM,114778.75258440633,985.4331090185791,2050
384,GBLGP,INMUN,114698.72150854627,11380.680672911149,2050
385,CNYTN,HKHKG,114123.10816439976,96.13609549641218,2050
386,HKHKG,MATAN,113876.65557275053,12303.543632893825,2050
387,CNYSN,CNZOS,113860.21173491565,238.83136150425713,2050
388,CAVCR,TWKAO,113835.19320255371,5610.372024382397,2050
389,CNWGQ,CNZOS,113515.3601400865,299.7504215400843,2050
390,AEJAL,LKCOL,113176.65465675273,2012.1110060019598,2050
391,KRBUS,MYTPP,113036.46943983663,2570.0887692763663,2050
392,KRINC,VNHCM,112967.48567092483,2082.434827440574,2050
393,GRPIR,ITGOA,112824.45376089157,1053.291493909737,2050
394,CNNBO,KRGWA,112498.89522066127,529.0397395314251,2050
395,KRBUS,KRGWA,112302.7051865865,161.65549764163964,2050
396,SGSGP,SGSGP,112172.35397219204,1129.339859988648,2050
397,MXLCS,PECAL,112161.0487118248,2381.898033990106,2050
398,SGSGP,VNHCM,112044.41713827763,675.2233642908778,2050
400,MUPLO,MYTPP,111709.06962577022,3423.037805597687,2050
401,SAJED,SGSGP,111582.65480576656,10600.148254548436,2050
404,CNYTN,NLROT,111245.35947068814,13456.127502102243,2050
405,KRBUS,USTAC,111078.59047223051,4802.304951970155,2050
406,MUPLO,ZADUR,110963.47181636859,1965.174849390316,2050
407,BEANT,MATAN,110884.66962984428,1474.0155381241052,2050
409,PACOL,USSAV,110547.96027244741,1604.3632163851817,2050
410,COCTA,DOCUC,110520.07239296488,679.3613375412234,2050
411,CNYTN,USTAC,110255.86368783208,5978.4817336884735,2050
413,MXALT,USHOU,109347.58602690397,530.0110242875795,2050
414,TWKAO,USSEA,108919.81204602306,5776.653141059701,2050
416,DEHAM,USNYK,108691.70930500267,3878.1258486558863,2050
417,BSFRE,ESALG,108562.01539101024,4162.337941093873,2050
419,ESALG,USMIA,108057.97973253387,3982.1710400832326,2050
420,CNWGQ,JPYOK,108001.49392767946,1047.879804515197,2050
421,GBFEL,TRALI,107873.99498543916,3043.7546118838704,2050
422,CAPRR,KRBUS,107719.17363679722,4306.141528998511,2050
423,BRSTS,ESALG,106812.49625610608,4456.411289773632,2050
424,INPPV,MYPKE,106795.4745370803,2456.7717319329236,2050
425,CNXIA,TWKAO,106400.7235634205,213.43845256050784,2050
426,GHTEM,MATAN,106334.81402282284,3080.829311649136,2050
427,BEANT,ESVAL,105758.67679971392,1854.9334233680902,2050
429,NLROT,ZACPT,105729.81980348943,6277.450437320258,2050
430,INNSA,PKKAR,105706.09167002155,578.0665477397964,2050
431,BEANT,USCHA,105358.4147140967,4145.488705672072,2050
432,CNWGQ,JPTOK,104573.40894405605,1058.1705090158084,2050
434,AUBRI,HKHKG,104449.40557498253,4134.528508157712,2050
435,BRSTS,LKCOL,104194.35996598823,8005.6366014503965,2050
436,AEKHA,ESALG,103979.08411882565,10439.369573048401,2050
437,SGSGP,ZACPT,103827.28645901251,5698.826288303671,2050
438,MYPKE,VNHPG,103346.84857802092,1569.581978548257,2050
439,MYPKE,THLCB,103238.24090877885,1015.9151687134225,2050
440,GBFEL,LKCOL,103167.95852333186,10665.4347401975,2050
441,AEJAL,ZADUR,102775.48444447748,4227.2383660095475,2050
443,VNCMP,VNHPG,102460.3628167924,822.2368005168007,2050
445,CNNSA,IDJAK,102348.75164611207,1824.8699556710978,2050
446,ZACPT,ZADUR,102148.24027183402,1172.1858175247366,2050
447,CNNBO,CNZOS,102104.02628985349,135.22944437468732,2050
448,CNXIA,VNCMP,102087.53138559396,1209.3003384243266,2050
450,MTMAL,PACRI,101514.8073258337,5455.862770041537,2050
452,CNQIN,SIKOP,100997.27216663423,15159.11834479433,2050
453,AEKHA,MYPKE,100912.97387733392,3364.6074935185625,2050
454,GBLGP,NLROT,100694.73291231606,212.53424802375451,2050
455,TWKAO,USTAC,100688.26497730434,5703.577483300762,2050
456,AEJAL,CNQIN,100528.96064411945,6125.315341774319,2050
459,ECGYL,PABAL,100407.44940171024,806.3966982430844,2050
460,CGPNO,INNSA,100379.46620503551,6524.019126113382,2050
462,COCTA,PAMIT,100130.5593952391,348.9665087467822,2050
463,CNXIA,SGSGP,100052.43331551555,1695.0435448236199,2050
464,LKCOL,PTSNS,100026.74258197751,9566.221673463386,2050
465,CNYSN,MYPKE,99980.0484435921,2419.616783651711,2050
466,AEJAL,KEMOM,99670.57379081254,2972.744846967268,2050
469,CNWGQ,VNHPG,99014.47385617088,1396.3582633452409,2050
470,IDSUR,SGSGP,98799.79763652771,809.0084231543307,2050
471,SADMA,SGSGP,98485.83411952882,3818.160843298354,2050
472,FRLEH,MATAN,98200.14838342457,1293.6760947905818,2050
473,CNSHE,HKHKG,98195.4892842774,52.125987771261194,2050
474,EGSOK,SAJED,97923.47152247188,672.9891855590706,2050
475,USLGB,USOAK,97901.33566098411,525.2630867756802,2050
477,INMUN,PKKAR,97728.95439211772,282.0032788890929,2050
478,CNTAI,RUNVS,97515.52755741093,8771.183944366405,2050
479,COBUE,MXLCS,97434.34179136393,1816.9298313969646,2050
480,ESVAL,INCOC,97337.83862432464,9981.864734621175,2050
481,JPKOB,JPNAG,96930.98674908219,255.53282186956775,2050
482,CNWGQ,IDJAK,96903.49190935011,2620.7675424949516,2050
483,ESALG,PKKAR,96846.46851008953,10302.814122853251,2050
485,CNWGQ,JPNAG,96465.0153819189,941.4337876861499,2050
487,CNNSA,CNSHE,95597.11362213432,95.56021202043682,2050
488,FRLEH,PTSNS,95464.69620661826,1056.9006644457027,2050
489,TWKAO,TWTCH,95264.18677220566,169.85015847381933,2050
490,KRBUS,PHMAN,95205.51981907325,1448.4025271204223,2050
491,USCHA,USNYK,95103.32781293325,690.2532938374447,2050
492,GBSOU,MATAN,94926.96397250294,1249.4745668530177,2050
494,CNTJN,CNYSN,94822.8617282866,788.9053854910113,2050
495,AUSYD,CNSHE,94753.16837823817,4531.465861816271,2050
496,MTMAL,SGSGP,94725.86923050045,10960.766305420098,2050
497,MATAN,MYTPP,94708.59182210334,10950.576891580418,2050
499,ESBAR,ITGIT,93962.28838624943,708.9643238288982,2050
500,ESVAL,PTSNS,93838.69563225839,714.5931445507525,2050
501,MXALT,MXVER,93702.84839001039,286.10309236136874,2050
502,FRLEH,GHTEM,93678.15275970772,3890.9780898917184,2050
503,KRBUS,VNHCM,93447.38622235823,2042.822932792853,2050
504,CNXIA,KRBUS,93356.72967606774,954.2766651507519,2050
505,THLCB,VNHPG,93331.12255059721,1356.9904316634445,2050
509,CNTJN,HKHKG,92655.14610542508,1490.1743688122453,2050
510,BRRDJ,PTSNS,92619.6987795503,4387.573637812948,2050
511,BEANT,SGSGP,92524.55050217596,12034.464745671741,2050
513,ESVAL,USHOU,91751.67697036712,5380.434086793947,2050
514,MYTPP,VNHPG,90865.51228460691,1401.5615033704953,2050
515,TWKAO,VNHCM,90852.66342165864,1153.9297859795158,2050
517,PAMIT,USNYK,90416.6734080742,2045.1766433492032,2050
519,PACOL,USNYK,89393.24036161262,2008.2950107519077,2050
522,CNSHE,CNWGQ,89098.74207735973,934.0269484691648,2050
523,COCTA,JMKIN,88852.99916155946,535.370826812154,2050
524,CAVCR,CNYTN,88701.12480812221,5884.536277142712,2050
525,BRRDJ,BRSAL,88648.19217388878,850.8548599807325,2050
526,CNDAL,CNQIN,88643.13382201557,329.5919829928915,2050
527,AEJAL,SADMA,88375.97193826825,355.7138652747259,2050
528,KRBUS,VNCMP,88345.725343056,2102.7933502960263,2050
531,DEBHN,USCHA,87995.64104411876,4193.76504619137,2050
532,INNSA,TGLOM,87794.97381264996,7472.376577106169,2050
534,USHNL,USTAC,87530.83362343548,2483.664597938972,2050
535,LKCOL,PKKAR,87004.44474566217,1385.956542976448,2050
536,KRGWA,VNHCM,86996.14343211631,1999.0496332945088,2050
537,CNMWN,MYTPP,86978.2775045162,1512.45468978873,2050
538,JPKOB,USOAK,86908.99306031973,5056.561728789214,2050
539,CNSHE,KRINC,86822.44298679676,1253.3869912969976,2050
540,FRLEH,USNOL,86816.4867853938,4880.703790823086,2050
541,LKCOL,ZADUR,86761.44087166691,3825.934862700384,2050
542,INCOC,NLROT,86497.21563535236,10726.493735355834,2050
544,LKCOL,USNFK,85983.79147106955,11236.525150398462,2050
545,PABAL,PTSNS,85631.96723091172,4398.339519746532,2050
546,AEKHA,GRPIR,85631.39018447275,11546.94411484684,2050
547,CAPRR,CNYSN,85495.05569497358,4705.025999134197,2050
548,AEJAL,CNNSA,85437.8445134546,5127.222436224184,2050
549,EGDAM,ESVAL,85413.78029854786,1661.4038186222183,2050
550,CNSHE,CNXIA,85409.9065854111,355.6607354028418,2050
552,BEANT,GBLGP,85193.1146335176,281.4200191063799,2050
553,CNSHE,VNCMP,84790.3213798888,993.0575602385785,2050
554,JPTOK,NZTAU,84734.72666809952,4871.504244003386,2050
555,CNZOS,CNZOS,84668.24858343136,414.3507703714648,2050
556,EGPSA,OMSAL,84385.84129899586,11707.460991756881,2050
558,DEHAM,GBLGP,84285.18042191488,458.8333569948324,2050
559,MYPAG,TWKAO,84130.25966340634,1641.125846392784,2050
560,CNXIA,MYTPP,84071.92999150336,1711.0135048946902,2050
561,CNMWN,THLCB,84010.68250920979,1500.9385626343214,2050
562,CNXIA,HKHKG,83963.0580120926,333.9220886581677,2050
563,PHMAN,SGSGP,83831.3670223065,1381.1826685074793,2050
564,CNNSA,VNHCM,83355.57352446982,958.9341374795167,2050
565,PABAL,USLSA,83278.22217676451,2991.397792639267,2050
566,ESLPA,ESVAL,83229.79357663332,1119.2719020423408,2050
568,HKHKG,MYTPP,82914.6463411007,1514.4797437769375,2050
569,DEHAM,GBFEL,82592.2868732744,424.2940642613006,2050
570,CNSHE,TWKAO,81655.21880959875,394.1638157502631,2050
572,KRBUS,TWKAO,81435.3116392881,1027.1425041772682,2050
573,FRLEH,ILASD,81414.28089420836,3342.224405640739,2050
575,MXVER,USMIA,81188.92078852822,1172.0295905930611,2050
576,AUBRI,JPYOK,81127.79472365254,3929.2671278491275,2050
577,CNXIA,THLCB,81120.30629431603,1726.4497168406147,2050
578,CNNSA,RUSPG,80917.78481529652,11199.95923063124,2050
579,AUSYD,NZTAU,80843.73192755615,1433.9392742737193,2050
580,CNQIN,CNZOS,80792.85085939457,578.5325947580468,2050
581,AEJAL,AEKHA,80491.70573942596,92.03744879936372,2050
582,DOCUC,PTSNS,80414.47285485697,3500.551467964365,2050
583,FRLEH,LKCOL,80036.60058198021,10493.074270976644,2050
584,USCHA,USNFK,79690.77789014266,492.3695497121487,2050
585,TWKAO,VNHPG,79290.90983036329,827.3642133207975,2050
586,ITGIT,LKCOL,79188.4237100453,10616.352358120495,2050
588,CAHFX,USNYK,78916.92899574396,663.2559231271304,2050
589,COCTA,USPEV,78894.35183084615,1206.1398705220656,2050
590,BEANT,PTSNS,78893.14446975655,1249.0346352130562,2050
593,CNNSA,CNWGQ,78561.78697323421,968.3084438466516,2050
594,CLSAN,MXMAN,78415.12285228648,3690.990872118821,2050
595,KRBUS,KRINC,78186.9996874674,452.56169946074607,2050
596,MYPKE,TRBAM,78173.37036260038,12077.346278966772,2050
597,CNNBO,MYTPP,77397.33978465472,2204.3535023891413,2050
598,ESVAL,ITGIT,77241.12242385604,791.9826150210824,2050
599,GBSOU,USNFK,77237.43814907524,3581.2491438654583,2050
600,AUBRI,CNXIA,77065.01142474756,3998.29656796565,2050
601,CNNSA,HKHKG,77030.93967488338,90.74006270379002,2050
602,DEBHN,DEHAM,76982.39607337341,147.5389471613136,2050
603,USHOU,USNOL,76971.11384405395,485.9253667757611,2050
604,CNYTN,USOAK,76875.33130380843,6407.373011229532,2050
605,BRSAL,COCTA,76763.35099245458,3441.3744438414074,2050
606,PACRI,PTSNS,76451.74795000571,4307.413589716787,2050
607,AEKHA,INMUN,76429.23761694212,1021.9534129337214,2050
608,CAVCR,KRGWA,76378.33276382525,4892.371542321947,2050
609,CNYSN,JPYOK,76293.07945232285,1070.2091297206414,2050
610,CNNBO,IDJAK,76154.30509808067,2494.257977418813,2050
611,CAMTL,DEHAM,76049.25993258519,3666.1207547242707,2050
613,USLSA,VNHPG,75926.96897103105,7209.971412763058,2050
614,BEANT,PAMIT,75571.39014240107,4880.267211281414,2050
615,COBUE,PABAL,75549.51251188325,379.5343065905981,2050
616,PABAL,USOAK,75451.62980451145,3344.23015950194,2050
617,CNTJN,MYTPP,74992.86708780138,2905.4380846164077,2050
618,KRBUS,VNHPG,74903.24986228684,1711.716756628706,2050
619,ESVAL,GRPIR,74434.23289149934,1286.9936246442867,2050
620,CNYTN,VNHPG,74017.00729014583,626.6401569890363,2050
622,MYPEN,MYPKE,73847.52873644364,224.41858373766289,2050
623,GTPQL,MXLCS,73606.14306202422,789.6753897195015,2050
624,BRRDJ,LKCOL,73432.0945835954,7905.811417401737,2050
625,TWKAO,TWKEE,73223.0900317245,284.6402710176923,2050
627,INNSA,USCHA,72702.60416066789,11530.709258800664,2050
628,COCTA,DEHAM,72598.05502877667,5037.65641985001,2050
630,CAHFX,ESVAL,72471.31132357586,3269.3566330296085,2050
631,MYPKE,NZTAU,72378.4643352614,5343.680778194887,2050
632,PHMAN,TWKAO,72331.45635317039,577.2347282729536,2050
633,HKHKG,VNCMP,72324.87198274684,992.6990632965218,2050
634,PTSNS,USNYK,72224.04233281175,3238.4308716985934,2050
635,INMUN,SGSGP,71946.85415402724,2900.2083298328116,2050
636,DEWVN,MATAN,71770.84475512306,1711.048208493289,2050
638,CNXIA,VNHPG,71573.66476426572,869.3641601490193,2050
639,CRPMN,USPHI,71527.20635434671,2057.452021306539,2050
641,INENR,LKCOL,71194.16650161408,720.3744050778481,2050
642,CNDCB,CNNBO,71191.27832901446,803.3702724822042,2050
644,AEJAL,ESBAR,71152.67670381091,10795.21535387884,2050
645,AEJAL,ZAPLZ,71090.41931244082,4635.604428109194,2050
646,JPTOK,KRBUS,70930.45363342765,782.6639151408558,2050
647,EGPSA,ESALG,70823.27803139813,2001.8065698040482,2050
649,JPNAG,JPTOK,70582.80124177154,229.1199780100457,2050
650,HKHKG,JPTOK,70514.3997960851,1636.3231975010724,2050
651,ITGIT,PTSNS,70500.94955802719,1331.9230920986151,2050
652,AEKHA,INNSA,70243.79616830472,1248.18666197301,2050
653,AEKHA,ESVAL,70030.5678448633,11250.722165732503,2050
654,JPNAG,JPYOK,69890.5861786882,211.2256200481827,2050
655,ESVAL,USSAV,69804.19587224281,4220.515392131223,2050
657,BRSAL,BRSTS,69687.4385491226,988.089048023592,2050
658,KEMOM,OMSAL,69592.98428884211,1842.1208870727512,2050
659,CNBYQ,CNFUN,69270.33336092644,1077.6919112089838,2050
660,CNNBO,USTAC,69252.46744427906,5216.51540210769,2050
662,BEANT,GBSOU,69059.89213565098,310.8271644627778,2050
664,CNXIA,JPYOK,68818.91985987891,1388.8322322102822,2050
665,CNSHE,CNYSN,68668.02507403617,881.9494632138557,2050
666,CNNSA,CNYTN,68379.22925405156,138.26242654624653,2050
668,JPTOK,TWTAP,67982.87494347792,1187.3371864713918,2050
669,ESALG,USSAV,67969.20010659118,3900.653137694758,2050
670,CNYTN,LKCOL,67916.40027215704,3160.8193539061567,2050
671,BEANT,DOCUC,67906.32966751757,4233.963301858872,2050
672,AEJAL,PKQAS,67855.67254595825,841.6639827616057,2050
673,GTPQL,MXMAN,67784.61727467904,894.6083580900196,2050
676,AEJAL,CNMWN,67433.58090541448,5062.928322982809,2050
677,CNNBO,CNQIZ,67379.30970044502,1155.8918789677562,2050
678,HKHKG,KRINC,67287.64447509492,1234.5067916181913,2050
679,BEANT,CAHFX,67074.47150307767,2968.355315785979,2050
680,CNWGQ,KRGWA,67038.76855831686,463.3097108532455,2050
682,MYPKE,TZDRS,66563.76853491574,3934.472337715944,2050
686,AEKFA,CNNSA,66357.66010925587,4820.408894042412,2050
687,CNNSA,SAJED,66318.45568765495,5919.006258983725,2050
689,INNSA,PKQAS,66296.8041093911,574.0554190811217,2050
693,CNDCB,MYPKE,65788.22617121245,1687.1627166386036,2050
694,GBSOU,USCHA,65748.65224664779,3741.1517289265034,2050
695,ESVAL,MYPKE,65725.08474122628,11067.646339278112,2050
696,CNDAL,CNYSN,65722.59940594563,649.0762714974627,2050
699,CAMTL,GBSOU,65393.90792394513,3160.2179235609724,2050
700,KRBUS,MYPKE,65121.81103742249,2756.179264775014,2050
701,BRRDJ,ESALG,64758.79180387597,4294.60847833837,2050
702,ESBAR,FRFOS,64687.06166880308,237.95571067015695,2050
703,AEJAL,CNSHE,64386.84458950944,5040.588217129012,2050
704,ESALG,GHTEM,64351.51943261499,3004.9398945149555,2050
705,MYTPP,REREU,64333.22712533545,3520.3101244480695,2050
706,MYPKE,OMSOH,64026.178753184715,3158.0314113222967,2050
707,TWKAO,USLSA,63371.15112999374,6198.595183523273,2050
708,GRPIR,MTMAL,63297.57402144336,610.1940419068342,2050
709,AEJAL,INCOC,63146.76676918254,1687.826319640183,2050
710,LKCOL,MUPLO,63024.79236343084,2426.4689538365624,2050
713,ESVAL,MATAN,62878.69604795827,487.6343324629931,2050
714,MYPKE,MYTPP,62743.42168760555,202.4343295262745,2050
716,MATAN,MTMAL,62656.04166891137,1073.2076015791322,2050
717,SGSGP,SIKOP,62477.080459721124,12612.62669326821,2050
718,CNQIN,SAJED,62475.69412047309,6992.162326800309,2050
719,CNQIN,KRINC,62266.37972760211,351.6997829118636,2050
720,MYPKE,TWKAO,62223.13777550947,1848.8044786785372,2050
722,ESVAL,FRLEH,62055.456628755055,1691.680904888739,2050
724,CNXIA,KRINC,61863.10656634427,974.3259927382741,2050
725,CNWGQ,JPOSK,61862.075710109675,803.2880576976173,2050
729,CNWGQ,MYTPP,61261.921390153366,2318.9715806693916,2050
732,HKHKG,HKHKG,61167.22265327799,63.14751199660912,2050
734,LBBRT,SGSGP,60962.01140728581,9420.872788784958,2050
735,CIABI,TGLOM,60919.638535704085,424.97207780493915,2050
736,BDCTG,MYTPP,60776.23125905439,1522.6479592538258,2050
737,INMUN,USNFK,60551.97722642265,11606.442188219613,2050
738,GHTEM,ZADUR,60537.19158902987,3527.1120577205124,2050
741,USSEA,VNHCM,60467.35914518262,6750.1051095659595,2050
742,CAHFX,CAMTL,60453.36817196615,1023.1837995845198,2050
743,ESLPA,LKCOL,60192.193089307344,8933.525151412086,2050
745,FRLEH,NLROT,60140.613152006496,326.1463569435522,2050
746,MXMAN,USLSA,60108.72492349082,1254.3343140270729,2050
747,CNLYG,MYTPP,59940.17233397678,2562.22861293423,2050
748,GBLGP,MYTPP,59573.753282424615,12024.982881922055,2050
749,ESALG,GRPIR,59529.1660676487,1547.260547800257,2050
750,AUMEL,CNNBO,59524.952913171146,5105.496517107727,2050
751,CNBYQ,CNNBO,59480.712575166996,778.164568351088,2050
752,COBUE,MXMAN,59271.32831437447,1984.2125398524531,2050
753,EGPSA,GBLGP,59265.54606973476,3387.485690122664,2050
754,ESBAR,ITGOA,59195.370357218875,416.2417000290554,2050
756,AEKHA,SADMA,59017.69457171534,358.0308872620506,2050
758,JPKOB,KRBUS,58756.70712465128,511.1030673586396,2050
759,MYPKE,VNCMP,58556.186808418024,843.6575168889991,2050
760,COCTA,USNFK,58537.62428008036,1787.9454419011395,2050
761,ESBAR,GRPIR,58388.263378890086,1239.112597547796,2050
762,AEJAL,CNDCB,58369.860600555796,5045.2772941591065,2050
763,DEHAM,LKCOL,58176.04082156385,10849.388921329028,2050
764,BDCTG,CNWGQ,58111.088985424365,3795.366761587275,2050
765,BRRDJ,FRLEH,58049.02544785778,5200.03299983824,2050
766,CNGLA,CNGLA,57806.97057806268,2164.4601409286815,2050
770,ESVAL,ITGOA,57239.650828532285,561.0988676667156,2050
775,PTSNS,SGSGP,56699.33422688193,10942.048471571416,2050
776,CNSHE,CNZOS,56675.345539165,835.5040964818396,2050
778,MYPKE,TGLOM,56571.32598981547,8091.419577701585,2050
779,TRMER,USSAV,56476.35079591228,5843.678346940484,2050
780,QAHMD,SADMA,56467.43778742582,279.2974502370581,2050
781,BRRDJ,ESLPA,56370.010376661165,3566.2173555271993,2050
783,CNSHE,IDSUR,56108.34533468163,2004.047360215902,2050
784,GRPIR,TRBAM,56040.12235414004,399.6055384053881,2050
787,CNNBO,USOAK,55963.175425356414,5799.111437547535,2050
788,CNMWN,KRBUS,55944.470165645485,1219.7095004247049,2050
789,CNRIZ,CNXIA,55859.59888824845,881.3290422159969,2050
790,CNMWN,TWKAO,55754.7545278555,392.27191620963174,2050
792,BSFRE,USMIA,55646.98998500684,270.66144894005225,2050
793,IDSUR,TWKAO,55638.471783531095,2017.0847954853164,2050
794,MATAN,TRYAR,55634.8329989137,1874.9825468598317,2050
795,AEJAL,DJDJI,55540.390760154514,1750.846358014918,2050
796,DEHAM,MTMAL,55516.51210865706,2756.6128839246217,2050
798,USHOU,USSAV,55471.19407924465,1401.337241159846,2050
799,COCTA,MXVER,55220.36557687098,1614.4110394197887,2050
801,USLSA,VNCMP,55137.73954910464,7398.424954198047,2050
803,ESALG,ESVAL,55095.61882113315,444.9474105017262,2050
804,PACRI,USSAV,54966.42416475948,1627.5728812438165,2050
805,AEKHA,ITGIT,54917.40699592785,11309.797072952593,2050
806,EGDAM,MYPKE,54865.75046930766,4993.331173505186,2050
808,CNNSA,VNCMP,54792.25201590557,937.1476813245911,2050
809,CNNSA,PHMAN,54705.64361813567,724.7709090342286,2050
812,QAHMD,SGSGP,54608.62766072189,3760.934335251114,2050
813,KEMOM,LKCOL,54588.45888311476,2824.0576213466247,2050
814,CNWGQ,TWKEE,54462.60286170143,530.957999786734,2050
819,CNWGQ,JPKOB,53810.08615559449,816.6399673853875,2050
820,CIABI,GBLGP,53709.04642186872,3818.9668407148083,2050
821,DOCUC,JMKIN,53509.44384977219,558.6688874032124,2050
827,GBLGP,INNSA,52999.134875190866,11021.52066992871,2050
828,CAHFX,GBSOU,52956.57555272058,2704.77980760877,2050
830,CNQIN,JPYOK,52875.90100594935,1146.6473872261324,2050
831,CNYSN,TWKAO,52875.83347023161,694.2524938071773,2050
833,GBFEL,NLROT,52616.91774777363,201.77880780354099,2050
834,JMKIN,USNFK,52559.011813364246,1348.526536224374,2050
835,JPKOB,TWKEE,52523.58584195955,952.8212305650826,2050
836,ESALG,FRLEH,52502.99250544549,1322.2976362290772,2050
837,JMKIN,MXVER,52413.2312557464,1284.857292354407,2050
840,CIABI,ESLPA,52267.14138247097,2047.902851470412,2050
841,DOCUC,FRLEH,52230.758881484646,3954.214472557375,2050
842,INNSA,USNYK,52189.20316775037,11492.069080665038,2050
843,GTPQL,PECAL,52136.20296592168,1850.586329883177,2050
844,BSFRE,PABAL,52090.1268079224,1353.150210742605,2050
845,CNQIZ,THLCB,52012.399303580074,1392.9140152867114,2050
847,CNSHE,JPTOK,51900.95389221293,1661.3173030946236,2050
849,CNQIZ,CNTJN,51737.08557875842,1835.9480190169202,2050
850,COBUE,GTPQL,51646.35814047497,1039.6424523851847,2050
853,CRPMN,GBSOU,51352.68457165346,4772.558349829796,2050
854,CNWGQ,CNYSN,51339.32793469997,142.92755361982765,2050
856,COCTA,USSAV,51196.384043640755,1531.4116209585763,2050
857,AEJAL,QAHMD,51030.31923636905,230.82954525359014,2050
858,CNQIN,THLCB,50913.847658915154,2592.8853114026824,2050
859,MYTPP,VNHCM,50776.25377764235,696.6207656105905,2050
860,CNTJN,MYPKE,50679.75954251178,3074.7681420721433,2050
862,FRLEH,INMUN,50571.51899820093,11091.997551819935,2050
863,CNLYG,CNQIN,50542.12983667104,161.74063848742153,2050
864,JPKOB,JPTOK,50537.29969281718,381.22899035571925,2050
865,DEHAM,PLGDA,50334.454698385925,971.3972169556733,2050
866,CNNSA,IDSUR,50195.66816098883,1973.7586568604133,2050
867,CAHFX,PTSNS,50191.800023720556,2671.935371622308,2050
868,AUFRE,MYTPP,50027.983303863184,2422.1852781677867,2050
870,AEJAL,MYTPP,49823.025267197954,3547.833825517177,2050
871,USMIA,USSAV,49817.796344507755,501.0066272779884,2050
872,ECGYL,MXMAN,49715.58499124436,2030.1676950094559,2050
874,GBLGP,SGSGP,49632.4646808867,11901.209913215189,2050
875,ESVAL,FRFOS,49621.309327494935,376.8507471102167,2050
876,SGSGP,TRMER,49619.959463157524,12922.730873328828,2050
877,COCTA,USHOU,49507.745213498914,1724.8862464728504,2050
881,HKHKG,TWKEE,49362.81883441928,508.25201856985836,2050
882,CNNSA,USLGB,49343.95760105994,6838.82155435081,2050
885,GBLGP,PACRI,49296.1952742636,4959.4437697513495,2050
886,INMUN,SAJED,49256.10292904358,4276.667938591058,2050
887,TWKAO,TWTAP,49145.344061850425,248.31978729729806,2050
888,USOAK,USTAC,49134.836405335715,893.6679333776328,2050
890,JPKOB,TWKAO,49085.88742845912,1162.214368566653,2050
892,EGALE,GRPIR,48984.10129073282,556.4773035805047,2050
894,JPNAG,KRBUS,48887.28068495233,611.6134237405846,2050
895,TWKEE,TWTCH,48819.90619209631,126.98539286280398,2050
896,MYPAG,MYPKE,48713.01819547626,310.2159678822323,2050
897,CNSHE,VNHPG,48692.829005804015,547.465987712563,2050
899,COCTA,USNOL,48562.62089981633,1605.6341492091092,2050
900,CNSHE,JPOSK,48495.14547579819,1444.2282774523203,2050
902,DEWVN,PLGDA,48334.72004776524,907.1761111986705,2050
903,EGALE,MTMAL,48274.63340029396,842.5783996644312,2050
904,CAVCR,USTAC,48243.08909672167,332.8212151914051,2050
905,CNXIA,USLGB,48240.9159337757,6367.818303322073,2050
906,CIABI,GHTEM,48240.44827309032,377.7147766704373,2050
907,CAHFX,MATAN,48092.700099549984,2820.3286319178796,2050
908,THLCB,TWKAO,48038.94908461907,1700.9604105151227,2050
910,USNYK,USPHI,47869.09970805119,557.4468057606355,2050
912,JPTOK,JPYOK,47686.04882814233,41.20076111508054,2050
913,ZACPT,ZAPLZ,47673.007264993794,769.372891852773,2050
914,EGPSA,SIKOP,47662.30759765506,1351.7726752647202,2050
916,CNYTN,TWTAP,47521.905019030324,468.23709379452526,2050
917,DJDJI,SAJED,47489.957959178246,793.8434486782805,2050
918,DEBHN,ILASD,47481.61530674445,3676.1065104969693,2050
919,ESALG,MTMAL,47388.864485903825,1045.1988851869032,2050
921,NLROT,PLGDA,47292.07129194693,1030.2910404559843,2050
922,EGSOK,MYPKE,47239.411052655974,6244.522333666828,2050
924,PTSNS,TRALI,47189.36263839317,1936.392782428723,2050
925,BEANT,GBFEL,47182.4272839148,249.70791499423657,2050
928,AEJAL,OMSOH,47120.96231704316,279.5102410925867,2050
929,CNQIN,JPOSK,47091.17467571136,859.3455252395389,2050
930,CNQIZ,CNXIA,47045.05504841763,692.7408799746629,2050
931,CNMWN,CNWGQ,47013.5951771025,935.8320851998413,2050
932,CNNBO,TWTAP,46937.54101395758,369.0230747408599,2050
934,MUPLO,ZACPT,46766.86157233891,2525.3098291992205,2050
937,CNYSN,GBFEL,46664.322125467865,14316.963157315693,2050
938,AUMEL,NZTAU,46594.8527920142,1806.8152592152337,2050
939,COCTA,MXLCS,46568.57062363194,2089.653589308245,2050
941,ESVAL,GBLGP,46468.57276167647,1830.1784575008962,2050
942,INENR,SGSGP,46434.07738532489,1636.955423481789,2050
943,ITGIT,MATAN,46406.13560785472,1055.463208765611,2050
945,INNSA,ZADUR,46316.01642436836,4013.8417406276576,2050
948,CNQIN,JPTOK,46079.56569443299,1147.2501754443938,2050
950,CNNSA,USLSA,45964.247476832534,6823.180684211204,2050
952,KRGWA,USHNL,45872.96368396765,4371.077292154352,2050
953,CNXIA,MYPKE,45872.32239979993,1912.9330747186498,2050
954,PHMAN,THLCB,45847.31471138706,1435.5779281078408,2050
955,CNZOS,SGSGP,45788.545850308095,2294.093140236421,2050
956,LKCOL,VNCMP,45700.10588207514,2265.374132168243,2050
957,DEHAM,FRLEH,45690.043268511,566.9940509942921,2050
959,INNSA,RUSPG,45637.46401198949,7945.961171039164,2050
960,EGALE,LBBRT,45631.63010984126,378.5506097896235,2050
962,CNNBO,PHMAN,45561.46293916655,1109.7828386692868,2050
963,TRALI,TRMER,45558.378525473934,651.4142554728851,2050
967,BSFRE,USCHA,45384.71649078211,576.3193785588874,2050
970,CNNBO,VNHPG,45197.849253460314,1271.0687025052437,2050
971,CNNSA,KRBUS,45105.956808402196,1244.359919220599,2050
972,CNYSN,USSEA,44915.78101053499,5256.781482751094,2050
973,AEJAL,BEANT,44880.56624261767,11123.79632110105,2050
974,AEKHA,CNNBO,44867.6454107367,5838.244727089092,2050
976,CNQIN,CNXIA,44812.932535199034,935.3971403492433,2050
977,JPYOK,USOAK,44810.66290963922,4860.377718145204,2050
978,EGDAM,ESBAR,44793.98659637066,1624.5158240443507,2050
979,CAVCR,CNYSN,44736.83808810273,5239.229872040881,2050
980,EGALE,RUNVS,44690.12484455171,1354.1585490437838,2050
981,CNXIA,JPTOK,44516.950824539075,1375.962252166368,2050
982,TRALI,TRBAM,44436.09704554653,305.847599077488,2050
986,CNXIA,CNZOS,44279.915308240285,519.4352904872461,2050
988,AEKHA,QAHMD,44041.585773826024,232.05153625639406,2050
989,CNTJN,TWKAO,43985.37271772357,1287.6259496060143,2050
992,BEANT,RUSPG,43636.31126219889,1538.5220992301372,2050
994,ESVAL,MTMAL,43456.88241352338,776.1947236341341,2050
995,MUPLO,ZAPLZ,43406.75005058869,2453.6356731328146,2050
996,INCOC,LKCOL,43383.966629348884,469.7783799872824,2050
997,AEKFA,MYPKE,43333.00337189538,3188.9284745351115,2050
998,INMUN,NLROT,43251.98881021089,11155.084585253095,2050
999,AEKHA,CNTJN,43213.49363632158,6610.810250936364,2050
1001,USMIA,USNOL,43170.80641068722,909.8108168787297,2050
1002,MYTPP,TZDRS,43139.907607244786,4115.273530293214,2050
1003,AEJAL,ZACPT,43126.7817067641,5017.706366262371,2050
1005,JPYOK,THLCB,42949.86626434328,2978.4264274369552,2050
1006,ESVAL,NLROT,42914.627414762355,1854.2088644443845,2050
1007,TWTCH,VNHCM,42871.37724490618,1263.6391940266728,2050
1008,MATAN,MATAN,42843.602330517686,238.39145713135272,2050
1011,USNFK,USPHI,42813.99105267802,304.5568580732972,2050
1013,CAVCR,USSEA,42798.05619302651,301.99938892175095,2050
1014,FRLEH,MTMAL,42622.14323751548,2283.1981665540234,2050
1016,BEANT,COCTA,42602.54599226769,4827.5119422377065,2050
1017,BEANT,MXALT,42546.806368112324,5458.872602201954,2050
1019,CAVCR,CNNBO,42494.44492397545,5248.185051382462,2050
1020,CNDCB,LKCOL,42414.94039943792,3092.181081551236,2050
1022,IDJAK,THLCB,42273.085849875126,1272.8209242272908,2050
1023,INNSA,OMSAL,42260.86434930848,1122.3396720854828,2050
1024,ESLPA,INMUN,42251.191722603086,9301.549709636387,2050
1026,CNQIN,VNCMP,42053.52466072234,2044.345057941231,2050
1027,CNQIZ,HKHKG,42031.68107372376,429.20447746011115,2050
1028,OMSAL,TZDRS,42008.648195820744,2312.23442451361,2050
1030,MXVER,PACRI,41457.68808344843,1570.1399478242079,2050
1031,CNTJN,JPNAG,41320.59162403101,1260.8534525030582,2050
1037,CNQIN,JPKOB,40995.395867312815,899.6141533727136,2050
1038,ESALG,TRALI,40951.54035913637,1689.943085515813,2050
1039,JMKIN,USCHA,40896.1579356424,1117.0935841665078,2050
1040,CNQIN,CNSHE,40839.26112627597,1220.9424633174008,2050
1041,AUSYD,MYTPP,40823.73423900209,4347.238481275553,2050
1043,CNTJN,PHMAN,40812.106232663835,1770.3862729316681,2050
1044,FRFOS,ITGOA,40665.209434586955,271.155360460415,2050
1046,CAMTL,MATAN,40569.44765641086,3383.8839094470586,2050
1047,CNXIA,PHMAN,40495.759461984635,699.9407167949558,2050
1049,CAHFX,DEBHN,40326.918523147244,3123.050006473471,2050
1050,USCHA,USHOU,40291.1949344573,1439.6213581268576,2050
1053,CNWGQ,PHMAN,40073.35198180949,1252.277422466952,2050
1054,USOAK,USSEA,40059.73425138323,985.6804758058156,2050
1055,EGALE,MYPKE,40028.76304504207,11649.527454102006,2050
1056,SGSGP,ZAPLZ,39897.887418771235,5958.612800722115,2050
1057,DEBHN,FRLEH,39892.936615197665,524.2722312369676,2050
1060,DEWVN,ESALG,39775.91244716286,1685.9333917390104,2050
1061,CRPMN,USPEV,39746.22179445041,1239.6214158364367,2050
1065,ECGYL,PAMIT,39691.582978371494,846.7308688576859,2050
1066,EGPSA,ITGIT,39653.13931344501,985.0299605045545,2050
1069,GRPIR,ITGIT,39540.99966497196,543.9274240231363,2050
1070,OMSAL,SAJED,39523.330878858724,6727.545211861937,2050
1071,KRGWA,KRINC,39522.26168663562,387.1643141841707,2050
1073,TWKAO,VNCMP,39420.71667320521,1162.293512646122,2050
1074,COBUE,ECGYL,39383.95543904144,614.1549013828766,2050
1075,CNQIN,MYTPP,39308.45196178638,2611.479420077848,2050
1076,AEKHA,ZADUR,39214.53501969984,4388.042250085619,2050
1077,TRBAM,TRYAR,39114.93831898517,89.57938458222904,2050
1078,IDSUR,TWTAP,39062.26199202498,2192.3792356414974,2050
1079,DEBHN,MATAN,39005.21677065785,1676.4565900024206,2050
1080,EGALE,TRMER,38982.69650934973,477.81840551816924,2050
1081,CNNSA,TWKAO,38975.991546055375,427.0120079664826,2050
1085,BSFRE,PACRI,38639.718270248515,1325.966044857005,2050
1088,INNSA,INPPV,38598.403259345076,216.7472922775769,2050
1089,CNNBO,JPNAG,38506.80830420574,926.0952075219808,2050
1090,AUMEL,CNYTN,38490.62676939718,5100.080618775394,2050
1091,AUSYD,CNMWN,38464.65818819078,4684.878660319021,2050
1092,PAMIT,USSAV,38425.56139416475,1655.5573340212743,2050
1093,CNTAI,CNYSN,38325.929325835925,133.4052746458229,2050
1094,EGDAM,SAJED,38183.351759309684,809.4143945364808,2050
1096,MATAN,USNYK,38072.529845363795,3401.128771722497,2050
1099,AEKFA,CNQIN,37991.059635857244,5942.849820587629,2050
1100,COBUE,COCTA,37858.296502711826,697.2878882883798,2050
1102,KRBUS,KRBUS,37696.05055441841,205.380960028733,2050
1104,CAPRR,USLGB,37404.81439916198,1489.5190981992835,2050
1105,AEJAL,GBLGP,37399.835548478266,11139.362638755794,2050
1109,BEZEE,LKCOL,37200.89682969444,10700.878656574847,2050
1111,HKHKG,PKKAR,37101.283639712834,4411.175303922922,2050
1113,COCTA,CRPMN,37022.577225980574,496.23703905073467,2050
1114,CNMWN,VNCMP,37004.93916828309,979.2267791517704,2050
1115,INMUN,PKQAS,36965.078837079454,279.98188180388496,2050
1116,IDSUR,PHMAN,36920.879365281944,1619.5920647861908,2050
1118,JPTOK,TWKEE,36893.57673371817,1160.1912576528036,2050
1120,INMUN,KEMOM,36881.09115478875,2987.0123291759087,2050
1122,DOCUC,ESBAR,36762.71981646096,4149.351195492272,2050
1123,JPTOK,TWKAO,36739.96947101592,1381.2006668147483,2050
1125,ESVAL,TRMER,36613.4336202647,1764.2905765220332,2050
1126,ESALG,ESBAR,36576.588585170204,574.1861065102146,2050
1127,CNMWN,CNYSN,36552.35138965291,905.1532229685484,2050
1128,CNDAL,CNNSA,36530.46957723905,1379.6903542034195,2050
1130,BSFRE,USHOU,36478.5807000505,1180.3847188626335,2050
1132,REREU,SGSGP,36409.32740698922,3511.3309167762823,2050
1134,AUFRE,AUSYD,36328.15482583968,2231.378791096202,2050
1135,INNSA,TZDRS,36327.71438809995,2622.409865784012,2050
1136,OMSAL,SGSGP,36313.97981708834,3222.7958338736194,2050
1138,GHTEM,TGLOM,36165.65166515563,135.67743049838822,2050
1139,CNQIN,CNQIN,36127.674243113266,313.1728130777377,2050
1140,LKCOL,TZDRS,36124.08937201341,2721.8295412544317,2050
1144,CNYSN,KRGWA,36041.06947443126,521.7155607089566,2050
1145,COCTA,PABAL,35993.71157287828,415.0950735336196,2050
1146,CNNSA,INNSA,35992.38297044378,3970.9748397974035,2050
1147,CNZOS,KRBUS,35991.9971680511,586.4708218326282,2050
1148,LKCOL,ZAPLZ,35967.42357684387,4828.263140300803,2050
1149,CNWGQ,QAHMD,35950.174253481244,6080.315653329927,2050
1150,CNTJN,KRINC,35944.06667223597,469.345150490635,2050
1151,CGPNO,GHTEM,35923.42192549219,1033.843678523589,2050
1152,BRSTS,PACRI,35767.21723067874,4592.313306195059,2050
1153,TGLOM,VNCMP,35683.367929826905,8900.504946075993,2050
1155,INMUN,TRALI,35677.53247473483,3675.353629386946,2050
1156,EGSOK,SGSGP,35657.91108726835,7193.303583171553,2050
1157,JPNAG,THLCB,35628.43286422268,2880.991633659569,2050
1158,MUPLO,REREU,35617.3076816984,253.69421870589736,2050
1160,EGPSA,MYPKE,35577.29242179211,12247.038891772778,2050
1161,CNXIA,JPNAG,35568.202686536075,1280.7475304146883,2050
1166,CNMWN,SAJED,35445.40391985394,5934.505656492878,2050
1167,EGALE,RUSPG,35381.60074628702,4657.67540388838,2050
1168,MXVER,USHOU,35365.44941782248,676.8764274862641,2050
1169,CGPNO,CIABI,35348.066936155075,1232.543195717573,2050
1172,MYPEN,SGSGP,35265.62972799845,431.8136732346577,2050
1174,NLROT,PTSNS,35248.58024371044,1275.4763269453363,2050
1176,CNTJN,CNTJN,35099.58682532775,250.48461343582045,2050
1177,ESLPA,FRFOS,35063.20179365595,1422.1707633384708,2050
1178,SAJED,TRMER,34970.14894263039,1134.5326792235826,2050
1180,FRLEH,GBLGP,34898.48658452327,297.41160244042794,2050
1181,AEJAL,CNYSN,34806.78171281134,5747.281060400147,2050
1182,CNBYQ,CNXIA,34793.67826952113,1163.9653305139766,2050
1184,INNSA,KEMOM,34747.33940989986,2639.330571475371,2050
1185,CNWGQ,CNYTN,34722.8391736385,918.668031962192,2050
1186,CNYSN,NLROT,34713.60367060053,14183.169977000158,2050
1188,CNDCB,VNCMP,34664.16270021492,949.3251371543081,2050
1190,JMKIN,USMIA,34643.7477508585,765.2394766062505,2050
1191,JPYOK,USTAC,34560.81371141018,4593.236866826451,2050
1195,CNSHE,DJDJI,34365.093313356585,5290.181289566556,2050
1197,MXLCS,USLSA,34311.1118001042,1470.103572955125,2050
1199,CNQIN,VNHCM,34297.56744009101,2055.0337906104373,2050
1202,EGPSA,SAJED,34248.35339621512,746.917770534676,2050
1204,INNSA,SAJED,34218.848667458755,2471.649896956844,2050
1205,CAHFX,USPEV,34198.97844967651,1503.1023915822577,2050
1208,USCHA,USMIA,34128.734894418136,518.2156776213983,2050
1210,NLROT,PACOL,34044.68735579094,5017.390105432284,2050
1211,CNWGQ,KRINC,34001.41343319683,521.0188688155514,2050
1212,KRBUS,TWKEE,33990.67531827215,741.2451923987197,2050
1214,EGDAM,RUSPG,33928.134048133186,4814.102840009858,2050
1217,GHTEM,MYPKE,33828.46861544716,8089.408286065873,2050
1219,ITGOA,MTMAL,33825.565364002876,638.4073705215303,2050
1220,CNZOS,TWKAO,33811.18339316305,573.7617388064447,2050
1222,CNDAL,HKHKG,33690.25264590041,1334.6527632982234,2050
1223,CNTJN,CNXIA,33668.11665718722,1202.5703416228378,2050
1225,RUSPG,TRYAR,33624.34349938798,4674.569807911207,2050
1226,IDSUR,VNHCM,33623.59466591323,1240.3997975100558,2050
1228,CNWGQ,LKCOL,33525.80221194855,4090.4541422869024,2050
1229,GBFEL,PLGDA,33523.47303587836,1102.556301626303,2050
1233,INCOC,MYPKE,33321.371480328955,1734.2987165008221,2050
1235,HKHKG,MYPEN,33288.19030927546,1874.2938829810357,2050
1236,GBLGP,ZACPT,33277.67485549291,6245.220945989602,2050
1237,AUSYD,REREU,33235.085472029765,5333.1912506541585,2050
1238,KRGWA,USOAK,33204.322073425006,5502.9796221623255,2050
1240,HKHKG,IDSUR,33152.73422454648,1966.5986030009622,2050
1241,AEKHA,CNNSA,33097.59723296365,5045.458451351307,2050
1242,JPKOB,TWTAP,33083.91389745963,974.9225626754454,2050
1243,CNXIA,JPOSK,32980.489955800986,1180.5349501103567,2050
1244,INPPV,SGSGP,32977.84261490243,2639.5565575051787,2050
1245,NLROT,PACRI,32967.01074466914,5012.247921518038,2050
1247,CNWGQ,RUSPG,32888.896659994665,12259.244762554,2050
1250,AEJAL,KRBUS,32768.34342224708,6107.825135433675,2050
1252,PAMIT,USMIA,32747.855515709696,1247.7459107169473,2050
1254,USSEA,VNHPG,32683.283411430613,6542.7312176989235,2050
1255,JPYOK,TWTAP,32664.624028995026,1177.2208432838167,2050
1256,CNDAL,TWKAO,32624.601168094377,1098.7232818528666,2050
1259,COCTA,PACRI,32570.315993914137,400.94516261377396,2050
1260,INMUN,RUSPG,32517.048398720628,7804.864243934285,2050
1264,EGDAM,SIKOP,32437.669295463504,1312.3059449900768,2050
1269,CAVCR,CNXIA,32231.07214917912,5968.110476309795,2050
1271,BEANT,PACRI,32191.206389610663,5107.7446867479275,2050
1272,DEHAM,SGSGP,31972.393476771642,12136.342397184924,2050
1273,PACRI,USHOU,31933.439845632056,1769.1159406833196,2050
1275,HKHKG,MYPAG,31887.968121033005,1462.9164928845453,2050
1276,BSFRE,USNYK,31868.511867098598,1072.0039683158989,2050
1277,CAPRR,CNYTN,31822.777704350854,5529.265633717813,2050
1278,EGDAM,USSAV,31687.49748483653,5684.943773737337,2050
1283,EGPSA,ILASD,31600.80169960808,179.34609994027838,2050
1285,CNNBO,CNNBO,31592.65686762829,303.55209274564453,2050
1289,GRPIR,TRALI,31531.00016255055,235.18335262573632,2050
1290,CNFUN,CNNSA,31494.13546659806,469.8858934693337,2050
1291,CNTJN,CNWGQ,31480.350898056102,756.8874570268196,2050
1295,CNYSN,SADMA,31373.72859456071,6071.091192122966,2050
1297,CNTJN,USLGB,31247.16744069099,6245.9430964223375,2050
1298,CNQIZ,VNHPG,31002.986512133324,182.4773766531886,2050
1299,NLROT,NLROT,30997.13066560889,26.92968667096834,2050
1300,CNTAI,JPNAG,30996.403446407414,950.5339199994369,2050
1301,CNSHE,USLSA,30948.03206584749,6576.766139206601,2050
1302,EGALE,ESALG,30904.803869149426,1846.7560870519342,2050
1304,TRBAM,VNCMP,30891.412138154155,12921.168808106297,2050
1305,CNMWN,VNHCM,30837.328204047022,969.3163250010185,2050
1306,CNQIN,USLGB,30832.538358525446,6050.1269766658725,2050
1307,CNQIN,PHMAN,30806.201426072505,1474.0463362975377,2050
1308,DEWVN,GHTEM,30766.105524309005,4315.505084634137,2050
1309,BRSAL,PACRI,30672.829392427993,3777.55993335496,2050
1310,ESVAL,QAHMD,30644.475583401174,10712.119885809567,2050
1313,JPOSK,TWKAO,30618.630275036096,1210.7076363222684,2050
1316,CNQIN,JPNAG,30545.74222483995,1004.4999308734142,2050
1319,ESLPA,TGLOM,30503.74129126332,2418.503296435623,2050
1320,AUBRI,IDJAK,30492.756799161263,3646.7841941431066,2050
1321,CRPMN,PAMIT,30400.577817336092,225.53694656242828,2050
1323,BEANT,ILASD,30273.813568089055,3506.448472232184,2050
1324,BEANT,USNYK,30229.84477373416,3637.508224631082,2050
1328,AUMEL,CNMWN,30132.85274887621,5155.124993422698,2050
1329,GRPIR,NLROT,30123.858895751586,2976.0418780044215,2050
1334,EGALE,SAJED,29938.31363869566,945.688322496832,2050
1335,INMUN,USSAV,29935.60628844773,12194.743528732928,2050
1337,AEKHA,OMSAL,29875.357216953293,1030.0597866562634,2050
1338,CAPRR,CAVCR,29854.576207132,720.0984965697634,2050
1340,BEANT,ESALG,29807.259555083903,1498.7066921258124,2050
1341,JMKIN,USSAV,29792.6077724629,1083.2673955492212,2050
1342,GBLGP,PACOL,29779.176979606356,5055.0104362103175,2050
1343,CNDAL,SGSGP,29768.57091084388,2730.028287726526,2050
1344,USOAK,VNCMP,29726.428841036868,7319.093825642459,2050
1346,ESLPA,GBLGP,29503.342207495036,1817.2343702934406,2050
1347,CNNBO,ESBAR,29478.74615766329,13421.17084369559,2050
1349,CNYSN,VNCMP,29414.841169888638,1800.1965255760956,2050
1350,PTSNS,ZAPLZ,29414.69668124408,5647.044442999791,2050
1352,NLROT,ZAPLZ,29320.74452169377,6678.291443943587,2050
1353,HKHKG,KRGWA,29285.211075234005,1150.2924713564973,2050
1354,PABAL,PAMIT,29275.633124999975,66.8801834269261,2050
1355,GBSOU,NLROT,29250.68414589648,289.2671399528213,2050
1358,BRSAL,DOCUC,29138.567318283443,3614.62744262488,2050
1361,MATAN,PKKAR,29084.280071256253,9885.96627101013,2050
1363,CNQIN,USLSA,29081.088611886018,6189.00402418449,2050
1364,CNSHE,PHMAN,29077.553564672962,690.5277442315823,2050
1366,CNQIN,ESBAR,29063.25519611637,13828.89725355667,2050
1367,TRBAM,TRMER,29051.56086532766,815.5317008430511,2050
1369,COCTA,USPHI,28990.920179151908,2000.495281572181,2050
1372,CAVCR,USOAK,28970.33884615392,960.97700170906,2050
1375,CNTAI,CNWGQ,28885.263691727905,125.9051213832396,2050
1378,COCTA,ESBAR,28739.41403654233,4704.43871778575,2050
1381,AEKFA,CNDCB,28690.634430860122,4845.3844874902925,2050
1382,CNTJN,KRGWA,28688.98313194342,685.0229581738304,2050
1387,GBLGP,INCOC,28561.06942532293,10674.037149505031,2050
1389,JPNAG,JPOSK,28498.76697118663,247.29241740511702,2050
1392,TWTAP,TWTCH,28396.801515485324,135.75514536805613,2050
1395,COBUE,PAMIT,28305.943883992877,427.77425684637154,2050
1396,JPOSK,KRBUS,28268.236335625454,478.7958238478679,2050
1397,CNQIN,INNSA,28233.28124791125,5050.940699906471,2050
1400,NLROT,ZADUR,28104.912048221726,7113.7191863874805,2050
1403,CNNBO,USSEA,27995.00948400369,5508.214652575034,2050
1406,CRPMN,ECGYL,27947.13404937823,1059.439564270662,2050
1409,EGPSA,TRYAR,27927.78151523045,868.9857631775968,2050
1411,ESBAR,SIKOP,27913.880446995878,1405.2063918720332,2050
1414,JPYOK,VNCMP,27775.006439874967,2396.725548309915,2050
1415,JPOSK,VNHCM,27759.93273820739,2280.899777143239,2050
1417,CNTAI,JPTOK,27737.533068592595,1078.2522714094682,2050
1419,MYPKE,TRALI,27685.919502521785,5586.993099765422,2050
1424,CNMWN,CNXIA,27608.34892793614,355.8157716849874,2050
1425,INMUN,OMSOH,27579.897814408407,768.3535790201132,2050
1427,EGALE,EGPSA,27494.409425773174,225.3976580514438,2050
1428,AUMEL,MYTPP,27481.236890395183,4211.538885650555,2050
1429,OMSAL,REREU,27451.703287746626,2440.397773808598,2050
1430,ILASD,TRBAM,27446.876797332796,893.2413843270183,2050
1432,CNMWN,CNNSA,27419.106177812922,88.55595668411746,2050
1433,BEZEE,PLGDA,27407.542216044905,1097.095114401354,2050
1434,ESLPA,NLROT,27380.781221943493,1815.5108278828802,2050
1435,JPYOK,PABAL,27296.44547745061,7798.9423735722075,2050
1436,BSFRE,PACOL,27233.039794872802,1381.0749154987764,2050
1437,ESLPA,SGSGP,27218.92713295139,10209.38966711472,2050
1438,ITGIT,MTMAL,27216.845437429678,208.52175059846138,2050
1440,CNNSA,CNQIZ,27152.03036075395,445.624617581381,2050
1441,PAMIT,USPEV,27098.2415545409,1302.4469730829549,2050
1442,CNQIZ,CNRIZ,27070.09775269255,1541.8775816216335,2050
1443,INMUN,OMSAL,27044.781678237556,1030.0804658932143,2050
1444,AEJAL,RUSPG,27043.20911734745,7825.602520091556,2050
1445,ESALG,GBFEL,27009.149268880334,1465.1903203918353,2050
1450,AEKFA,KRBUS,26811.095478551753,5910.561685413241,2050
1454,DOCUC,PACOL,26712.853915190255,878.8290452635649,2050
1455,KEMOM,TZDRS,26686.38780242965,945.8634510801243,2050
1457,CNNSA,TRALI,26668.742053550337,8213.460549503798,2050
1460,CNQIN,CNRIZ,26526.445669528523,97.36079183069462,2050
1461,CGPNO,MYTPP,26519.63864973363,7582.626341728474,2050
1462,CNNSA,VNHPG,26495.205732403272,521.0760866994663,2050
1466,RUNVS,TRBAM,26327.105916394,601.171061339524,2050
1468,CNLYG,HKHKG,26315.413531849677,1192.5875021950635,2050
1469,AUMEL,CNSHE,26304.58521084869,5185.230227824463,2050
1471,CNQIN,OMSOH,26218.06661442055,5960.585424049863,2050
1472,JPTOK,VNCMP,26119.730747183632,2435.8260657106534,2050
1473,AUFRE,AUMEL,26069.621790730263,1768.8495730746768,2050
1476,CNTJN,USOAK,26058.691740050795,6653.125440452297,2050
1477,HKHKG,JPOSK,26029.079475809882,1405.7307859403666,2050
1478,CNNBO,LKCOL,26015.51276144686,3932.9320189378614,2050
1479,ESALG,ITGOA,25991.64516826833,916.6751051220792,2050
1480,AEKHA,CNQIN,25978.197870704957,6228.914697913881,2050
1481,MXMAN,PACOL,25977.79011330572,1867.0392412696983,2050
1482,CNWGQ,OMSOH,25977.31129299388,5641.058014061699,2050
1483,LBBRT,MTMAL,25973.357307233568,1100.278660800698,2050
1484,MATAN,TRALI,25947.718622362885,1746.1664370218614,2050
1485,CNNSA,EGDAM,25936.886947160223,6735.308398095798,2050
1487,TRMER,TRYAR,25898.768295562764,876.1049917324005,2050
1488,FRLEH,GBSOU,25894.07795650659,157.30997911367706,2050
1489,CNLYG,CNTJN,25875.561476595445,562.4414247810743,2050
1490,EGPSA,ESBAR,25866.889655397794,1684.2708433041587,2050
1491,KRGWA,USSEA,25855.81622922542,4909.810456909602,2050
1497,CNTJN,CNZOS,25732.071801036233,1126.4282449102504,2050
1499,CNNBO,JPYOK,25712.59640985759,1049.108941259251,2050
1501,INNSA,TRALI,25695.800369182598,3849.7522627933545,2050
1502,INNSA,OMSOH,25662.009936872597,1018.924553077805,2050
1503,DOCUC,PACRI,25634.97841714515,877.5325594102269,2050
1504,JPKOB,JPOSK,25597.7028823371,25.355885207059966,2050
1507,CNSHE,SAJED,25449.09102818562,5979.453228964258,2050
1508,AEJAL,EGSOK,25447.09632098095,2984.121759646772,2050
1509,ESLPA,PTSNS,25438.281295335,717.9733213055044,2050
1510,DEHAM,MXVER,25377.27935901807,5792.05922351703,2050
1512,CNFUN,CNNBO,25374.235973459836,403.0079607042436,2050
1513,TGLOM,USNYK,25368.558056981845,4838.881541656525,2050
1515,USPHI,USSAV,25323.13147484681,745.7939101345521,2050
1518,CNMWN,USOAK,25169.803952103954,6382.442750937874,2050
1519,CAMTL,PTSNS,25152.9897331369,3239.922754858199,2050
1520,BRSTS,PACOL,25151.543004522406,4643.796229923013,2050
1522,EGALE,ITGOA,25123.47624593719,1375.0913010835077,2050
1525,MATAN,TGLOM,25082.225908666518,3056.487201861502,2050
1527,TRALI,TRYAR,25011.802359861136,318.35196442995084,2050
1528,CNYTN,JPYOK,25007.550260930173,1646.6621367700534,2050
1531,JMKIN,USNYK,24930.101328288627,1538.3137448966784,2050
1533,JMKIN,PAMIT,24890.154637911408,605.4378285801863,2050
1535,HKHKG,PHMAN,24865.60679866977,659.7628829291207,2050
1539,KEMOM,ZADUR,24733.72759689515,2093.9591970847346,2050
1540,AUSYD,TWKAO,24640.610839238463,4316.331542277348,2050
1541,JPTOK,PHMAN,24620.754059622435,1852.6454600571037,2050
1542,CNWGQ,CNWGQ,24608.259160178142,422.9936480943228,2050
1543,CNNBO,CNTAI,24588.773749700682,172.5151881101106,2050
1548,EGDAM,ITGIT,24484.378147405,957.0782040439453,2050
1551,CNQIN,KEMOM,24401.644238527446,6635.759458345413,2050
1552,CNMWN,CNSHE,24391.948530215028,22.23642185990191,2050
1553,BEANT,PACOL,24375.524709694808,4882.767343606709,2050
1554,BSFRE,USSAV,24349.458586940913,618.3586993916298,2050
1555,AEJAL,CNYTN,24342.473822590626,5033.8289776465945,2050
1556,CNQUA,CNRIZ,24331.207851823794,851.8181955030497,2050
1557,CNWGQ,IDSUR,24325.650508185863,2738.9814707682785,2050
1558,CNTJN,QAHMD,24313.628263127666,6719.798520349102,2050
1559,GRPIR,TRMER,24282.673201219433,667.9762496928884,2050
1564,MYPKE,MYPKE,24111.692232545603,964.2633732616575,2050
1565,CNDAL,KRINC,24063.8467093704,312.5299048383828,2050
1566,JPTOK,VNHCM,24062.319356600194,2483.7040097100344,2050
1568,CNTAI,CNXIA,23906.634778180683,635.7630485684854,2050
1570,IRBAB,MYPKE,23863.028085045247,4099.189717034409,2050
1571,ILASD,TRYAR,23852.16968228031,926.9165824727606,2050
1572,INMUN,SADMA,23837.949471600696,1244.0551339749695,2050
1573,ILASD,LBBRT,23811.69460394245,150.14046408348776,2050
1574,CNBYQ,CNSTO,23797.830468954166,1252.46900116017,2050
1576,AEJAL,IRBAB,23753.64363393965,190.09793856756878,2050
1579,DOCUC,MXALT,23715.327873832786,1732.2561863603405,2050
1581,HKHKG,JPKOB,23630.617337922613,1447.5571098999317,2050
1582,FRFOS,MUPLO,23602.0327032586,8121.812909229506,2050
1583,JMKIN,MXALT,23601.99043218161,1318.3599939930612,2050
1585,EGPSA,GRPIR,23545.49233536864,652.5445296499051,2050
1588,BEANT,MXVER,23447.963449782957,5552.461580541461,2050
1590,CNQIN,LKCOL,23419.644809990146,4275.383942390596,2050
1591,DEWVN,NLROT,23404.102997197355,322.38796530136347,2050
1593,CNNBO,SAJED,23366.184849433175,9680.996863975628,2050
1595,MTMAL,TRMER,23336.744363427086,1090.3752072542445,2050
1596,LBBRT,TRMER,23311.723006805874,256.4828025489627,2050
1599,AUBRI,NZTAU,23268.665636223657,1503.2240061380319,2050
1600,COCTA,ECGYL,23237.798018932343,1151.1174774677245,2050
1602,IDSUR,KRBUS,23225.948280945893,2933.965870511418,2050
1608,CNLYG,CNQIZ,23099.914326205613,1540.752856039754,2050
1609,BEZEE,USPHI,23087.363345254016,3610.151198611819,2050
1610,CNDAL,JPOSK,23055.37732806838,905.5935577951813,2050
1611,CAPRR,USTAC,23029.174049853897,703.6718199764168,2050
1613,MXALT,USCHA,22910.66949827404,1572.8500755709297,2050
1614,EGDAM,TRMER,22906.70120841768,395.5754614300482,2050
1616,MTMAL,TRALI,22860.332091670425,711.8410530549249,2050
1617,INENR,MYTPP,22853.37166976917,1605.455874562718,2050
1618,CNFUN,CNTJN,22835.036811903316,1083.799135441613,2050
1619,DEWVN,FRLEH,22805.359094312174,479.2208299911608,2050
1621,EGALE,TRALI,22783.109138576634,700.8754615195222,2050
1623,CAMTL,ITGIT,22751.51871114556,4511.755259088942,2050
1627,USNYK,USPEV,22694.636940394073,997.8337144682098,2050
1628,CNWGQ,VNCMP,22661.85156468096,1873.0408162925742,2050
1631,COCTA,USLSA,22608.748772534927,3296.929200760243,2050
1634,CNBYQ,CNQUA,22587.689289634334,1104.226330489367,2050
1637,AEKFA,CNNBO,22533.30741615404,5523.502915290445,2050
1640,INPPV,LKCOL,22433.86148753658,1110.3610941427523,2050
1642,JPOSK,TWTAP,22327.939740447502,964.9756769674791,2050
1645,DJDJI,EGSOK,22297.561292153456,1330.0434776445861,2050
1650,PABAL,PACRI,22259.953235659952,112.02361110463693,2050
1656,CNMWN,EGSOK,22186.830208359173,6546.6893073040355,2050
1659,CGPNO,INMUN,22125.021706801777,6558.995744694425,2050
1662,CNYSN,CNYSN,22043.031351769914,115.19062994839595,2050
1663,CNTAI,JPOSK,22008.70179889066,824.8360143192849,2050
1664,BEANT,CIABI,21967.91615791903,3874.2270784160196,2050
1665,NLROT,USCHA,21962.07854271974,4082.3941847295264,2050
1666,CNNBO,VNCMP,21958.669970539584,1648.8294745538135,2050
1670,CNYTN,KRGWA,21894.440118054776,1148.2879946127205,2050
1671,ESALG,GBSOU,21891.415868542892,1287.4224079313847,2050
1672,CNYTN,USSEA,21885.128594114045,6080.043622414162,2050
1673,GRPIR,ILASD,21882.767864714533,701.5347408025223,2050
1674,CNQIZ,CNQUA,21870.707485736843,716.5448479165605,2050
1675,USPEV,USSAV,21855.295855652927,421.4917186589462,2050
1677,CNNBO,KRINC,21815.145588052033,576.8816392105881,2050
1678,MYTPP,VNCMP,21809.08213307268,668.5791227514288,2050
1681,BSFRE,MXVER,21755.93202112038,1237.374305602828,2050
1683,AEJAL,AEKFA,21724.906764249667,265.7759046966812,2050
1684,ESALG,PTSNS,21724.709713278306,340.48727614431033,2050
1685,BRSTS,DOCUC,21723.38206100899,4058.174210715738,2050
1688,PACOL,USPHI,21623.815845003308,2042.4660480226694,2050
1690,CNMWN,VNHPG,21621.139284147153,550.1937243106414,2050
1692,CNNSA,CNRIZ,21579.01872637697,1270.5683111073909,2050
1694,IDJAK,VNHCM,21538.40231666718,1065.8229136218713,2050
1696,CNRIZ,CNTJN,21513.542511634285,569.8800419557224,2050
1697,CNMWN,INNSA,21466.013342072725,3959.2136610008656,2050
1699,PHMAN,PHMAN,21407.197339262104,124.95485331883137,2050
1700,CNBYQ,CNQIZ,21403.849101457003,1808.7189489658683,2050
1702,KRGWA,TWKAO,21295.76732742906,907.0735951857781,2050
1704,SAJED,SAJED,21260.770768636066,951.1216875010558,2050
1708,ESVAL,LBBRT,21183.54907636137,1797.0483491341065,2050
1709,CNSHE,CNTJN,21168.32479318414,1516.221339676387,2050
1717,CNNSA,USOAK,21075.02039153123,6444.5272052130695,2050
1719,AEJAL,CNZOS,21045.729898173056,5726.74220345531,2050
1720,BRRDJ,PACRI,21018.394424339713,4456.272514912507,2050
1722,DEHAM,MATAN,20955.178400433047,1716.955165688745,2050
1723,CNQIZ,MYPKE,20906.931158038333,1583.4468728375134,2050
1726,CNQUA,CNTJN,20885.055063032363,1113.035141902236,2050
1728,DEHAM,USCHA,20876.123628277604,4399.7948370970225,2050
1729,MATAN,USSAV,20834.776415095967,3866.98795462661,2050
1732,CNFUN,CNQIZ,20807.434845777752,801.0677017105428,2050
1733,DEBHN,GBFEL,20800.822531446996,375.07769249327737,2050
1735,CNNSA,JPYOK,20792.272943045915,1703.2192597410487,2050
1737,MYPKE,PHMAN,20723.45136548883,1581.1913605023933,2050
1742,PABAL,PACOL,20639.101831506123,83.35669441970161,2050
1743,JMKIN,USNOL,20638.5641499732,1194.8908198540407,2050
1744,MTMAL,SAJED,20634.654888665198,1743.7684905850808,2050
1745,BRRDJ,MATAN,20618.908654678744,4228.469862682685,2050
1746,CNTJN,LKCOL,20615.826311498615,4554.896602940996,2050
1747,ESBAR,TRMER,20609.101797942334,1701.2528775506598,2050
1748,JPKOB,JPYOK,20597.699793432716,372.5687452348469,2050
1750,FRFOS,MTMAL,20591.00507930541,777.3739748097287,2050
1751,AEJAL,THLCB,20585.53769041959,4422.430457319698,2050
1752,FRFOS,ITGIT,20584.48795029756,647.0351478580501,2050
1754,CNZOS,HKHKG,20571.315425759538,866.8145661853733,2050
1755,DEBHN,MXALT,20560.026566030057,5964.348070445856,2050
1756,CNDAL,JPNAG,20559.783396812134,1057.2240086704549,2050
1759,JMKIN,USPEV,20479.33189325017,796.0697250112021,2050
1760,CAMTL,ESVAL,20426.062486630377,3799.1533486868448,2050
1769,CNYTN,MYPAG,20227.00585576593,1463.7215965178225,2050
1773,ILASD,TRMER,20128.647857336557,372.048295857126,2050
1777,CNSHE,JPKOB,19994.229291489522,1442.8302024305274,2050
1778,CNDCB,CNQIZ,19982.917851092323,412.61559758110394,2050
1780,MYPAG,SGSGP,19959.09330589815,143.21803298440025,2050
1782,AUFRE,IDJAK,19913.33597877268,1852.2740955483816,2050
1783,CNZOS,VNCMP,19894.596567235076,1869.4970621549523,2050
1785,RUSPG,TRALI,19856.435968375452,4648.94126788867,2050
1786,MYPKE,SADMA,19847.748025730347,3617.6142776749552,2050
1788,CNSHE,CNSTO,19822.565525239883,220.93288744304547,2050
1793,GBLGP,PTSNS,19673.643486863893,1213.416726610126,2050
1794,DEBHN,GBLGP,19647.973321631274,442.93494939574737,2050
1797,CNSTO,CNWGQ,19589.27210400153,750.1795578252493,2050
1798,ECGYL,PACOL,19583.36783931485,862.9771212292546,2050
1800,CNQIZ,SGSGP,19568.039828495876,1387.1869854289341,2050
1805,PTSNS,TGLOM,19520.55382915062,3127.745288236094,2050
1807,FRFOS,TRALI,19503.520411357542,1337.637006291789,2050
1809,CNQIZ,MYTPP,19470.00102768247,1408.4438540453666,2050
1811,EGALE,ILASD,19415.875789310216,322.69988626604453,2050
1815,EGALE,SIKOP,19351.957005071457,1317.3038528563327,2050
1816,NLROT,RUSPG,19339.388075100906,1193.612178458482,2050
1817,CNDAL,CNNBO,19338.69793671091,694.670131538066,2050
1818,JPYOK,TWKEE,19332.33071225313,1154.2363852439169,2050
1819,AEKHA,LKCOL,19298.246103527756,2166.6500214942353,2050
1820,CNDAL,CNWGQ,19291.091884708087,592.8352315515727,2050
1822,IDSUR,MYPKE,19222.84650789644,1005.1396435626268,2050
1826,DEHAM,DEWVN,19164.862003995004,152.33369240133842,2050
1827,EGPSA,TRALI,19158.16566966653,642.7849767617199,2050
1828,FRLEH,USNFK,19155.34888553913,3625.2075344313744,2050
1832,CNSTO,HKHKG,19110.47309676118,196.6988912138549,2050
1834,KRGWA,TWKEE,19086.200185745176,694.6086359635486,2050
1835,PACOL,PACRI,19061.88591691036,88.87508051364667,2050
1836,BEANT,FRDKK,19040.412423108435,170.51413157084437,2050
1837,CNDAL,CNDAL,18943.465899816845,2022.6083616841554,2050
1840,BSFRE,USPEV,18886.166728328324,264.24598432542575,2050
1842,JMKIN,USHOU,18858.517932554136,1363.4741700568352,2050
1843,ESALG,USNOL,18842.954683299915,4743.859415460621,2050
1845,BEANT,USHOU,18825.55223971623,5262.619433563983,2050
1848,KRBUS,OMSOH,18792.619866814373,5892.71985986939,2050
1849,CNQIN,CNTAI,18790.750642753,582.4520562606436,2050
1851,GBFEL,TGLOM,18775.288774140066,4238.943209622813,2050
1852,CNLYG,TWKAO,18760.751340977175,953.4842414458201,2050
1854,CNNSA,TRYAR,18758.210834192472,9170.902186864996,2050
1855,ESLPA,FRLEH,18755.1252586013,1731.4370873299208,2050
1858,CNXIA,IDJAK,18690.668129710342,2065.3563993776256,2050
1860,INCOC,INNSA,18665.35967596201,637.940243824229,2050
1863,CNFUN,CNRIZ,18629.804170622258,794.3422450376239,2050
1864,CNLYG,CNNBO,18619.79882617198,495.1370241577617,2050
1865,TWTAP,VNCMP,18602.11647080041,1359.282823501114,2050
1868,CNZOS,MYTPP,18567.717910016745,2200.145981765817,2050
1871,MYPEN,VNHCM,18507.861723835136,1074.6917497641646,2050
1873,CNZOS,THLCB,18478.270075636814,2307.491432728469,2050
1880,AEKHA,VNCMP,18324.44404720809,4379.187898410666,2050
1881,EGDAM,TRALI,18306.303789069352,1868.477078256122,2050
1882,CNNSA,DJDJI,18235.748266469796,5313.2581030920755,2050
1884,BDCTG,HKHKG,18199.543059613425,2997.1392515583643,2050
1885,COCTA,PACOL,18194.540659775357,417.3013548744947,2050
1887,ITGIT,TRMER,18190.99701454882,1032.3888116784692,2050
1888,CNNBO,OMSOH,18176.368163502615,5453.906658174949,2050
1889,CNTAI,JPYOK,18173.676713855853,1069.7490675376685,2050
1891,INPPV,PKQAS,18138.721159115357,455.8730249882342,2050
1894,CNNBO,TWKEE,18073.85547167714,368.2227969215632,2050
1899,BSFRE,USNOL,17964.467758226783,980.9989605190739,2050
1900,CNLYG,USSEA,17953.63941902826,5373.287243040551,2050
1901,GTPQL,PABAL,17950.008252011638,945.05657109604,2050
1902,ZADUR,ZADUR,17932.915048700826,1016.6817440459957,2050
1905,INNSA,MYTPP,17862.864866696986,2478.1094467090825,2050
1908,ECGYL,PACRI,17815.5862411406,887.8929556663585,2050
1916,BEZEE,GRPIR,17759.890826630508,2907.3851061756695,2050
1917,MXVER,PTSNS,17737.036259588698,4903.052591558202,2050
1918,TWKAO,TWKAO,17688.13152290178,265.68778484415316,2050
1920,BEANT,IRBAB,17665.472325009723,6424.395836829083,2050
1925,ESVAL,TRALI,17570.8919234934,1424.4304424517998,2050
1928,MXLCS,USLGB,17512.423801348,1432.5373602272934,2050
1930,JPOSK,JPYOK,17496.932499321836,365.42721837599356,2050
1932,OMSAL,PKQAS,17432.15496750935,934.9864050379571,2050
1935,AUBRI,CNWGQ,17400.754182484816,4701.493760020853,2050
1938,PAMIT,USPHI,17370.457832106356,1977.3445489204078,2050
1940,EGPSA,TRBAM,17344.015590609546,864.4084318777972,2050
1941,CNDCB,KRBUS,17326.99607606833,1258.3133121681867,2050
1944,CNZOS,SAJED,17270.36027733781,6585.836901776396,2050
1948,CNMWN,HKHKG,17216.963663839215,53.192592717080835,2050
1950,HKHKG,JPYOK,17161.880038212912,1622.4505444574236,2050
1951,BRSTS,ZADUR,17145.815860260667,4303.503236173204,2050
1954,CAPRR,CNNBO,17096.82403300419,4736.485683218012,2050
1957,CAMTL,USNYK,17024.057825721375,1606.8537523011548,2050
1960,DJDJI,OMSAL,16979.649634796067,814.5123518205844,2050
1961,INPPV,PKKAR,16949.50759741435,428.8439339754925,2050
1963,CNFUN,PHMAN,16934.28687653055,756.6077963387959,2050
1965,INMUN,INPPV,16914.343196193295,334.8290594097726,2050
1966,GRPIR,PTSNS,16905.45844702659,1807.899417974591,2050
1969,PTSNS,USMIA,16880.53970012632,3869.846374399092,2050
1972,AEJAL,AEJAL,16838.11525373786,450.87750782954294,2050
1974,ITGIT,ITGOA,16829.370201259226,506.44403386210985,2050
1975,CNYSN,JPKOB,16827.947550547284,811.4834698987523,2050
1977,GRPIR,SIKOP,16804.161959371173,950.3989852866089,2050
1978,KRBUS,USHNL,16795.976316580563,4389.714822909044,2050
1982,MYPEN,MYTPP,16738.955826075544,502.5477472754739,2050
1985,BEANT,MTMAL,16721.08356825583,2470.8557522991273,2050
1986,CNFUN,CNXIA,16710.95832157316,162.0377370647904,2050
1988,CNYTN,CNZOS,16671.22835641952,798.278650145706,2050
1990,COCTA,USOAK,16661.078850064172,3742.076705109069,2050
1993,COCTA,USCHA,16636.232841387853,1502.1039660245408,2050
1997,ITGIT,PACRI,16559.270922056327,5513.918806532507,2050
1998,CNNBO,INNSA,16496.17950961756,4675.711383188296,2050
2000,KRINC,TWTAP,16471.60764766891,806.8717442454073,2050
2001,FRLEH,LBBRT,16469.987528786587,3342.589002980702,2050
2004,NLROT,USNFK,16449.536500173683,3792.029307761018,2050
2006,EGDAM,GRPIR,16420.74841725091,585.3871724382728,2050
2007,DEHAM,GRPIR,16418.039681931234,3261.6783863663527,2050
2010,KRINC,THLCB,16351.522817764338,2616.663273587915,2050
2018,BRSAL,BSFRE,16256.80204950349,4446.269852052202,2050
2021,CNNBO,TWTCH,16206.379304590304,419.84605707826387,2050
2023,MXESE,MXLCS,16169.26590080821,1491.6248125543348,2050
2024,AUMEL,CNQIN,16163.601938503203,5445.267268037494,2050
2025,CNMWN,CNQIN,16150.858076249064,1269.2486399303586,2050
2026,BRSTS,BSFRE,16140.5598151433,4787.8934271373855,2050
2029,RUNVS,TRMER,16107.319084384726,1356.4880031658174,2050
2030,CAVCR,CNWGQ,16094.569119496893,5220.935988582213,2050
2031,AEKHA,PKKAR,16078.422126123483,820.0905136182405,2050
2032,NLROT,USNYK,16064.65975623213,3472.71307604361,2050
2033,CGPNO,ESALG,16035.997648392848,3798.730276410617,2050
2036,COCTA,FRLEH,15992.408827213963,4503.561810747981,2050
2037,CNXIA,JPKOB,15971.106377068716,1169.7656250187513,2050
2049,COCTA,USNYK,15879.77086487998,1911.2302749343903,2050
2050,AEJAL,RUNVS,15878.834162755062,4399.504926785288,2050
2051,ESBAR,MATAN,15874.789092567535,600.4160699717452,2050
2052,HKHKG,LKCOL,15871.510602614253,3058.5041382401378,2050
2055,CAHFX,FRLEH,15811.524566263895,3096.734259846944,2050
2057,CRPMN,JMKIN,15771.300467805127,615.9283541353141,2050
2060,FRLEH,GBFEL,15745.465875247774,295.0860251312947,2050
2061,CAVCR,CNQIN,15740.628497330019,5273.090785671035,2050
2062,CNNBO,CNQUA,15720.844252279116,463.98602986810414,2050
2064,CIABI,ESVAL,15701.373062880366,3217.7015441763433,2050
2065,CGPNO,TGLOM,15686.726469707457,1074.0197816112934,2050
2066,ECGYL,JMKIN,15660.324768530056,1388.2855786038024,2050
2068,GBSOU,PAMIT,15636.350483504433,5014.467499550607,2050
2072,DOCUC,PABAL,15610.68225726866,1110.6515100393278,2050
2074,PACRI,USPHI,15583.24218383301,1990.294761242097,2050
2079,USPEV,USPHI,15513.694790971973,956.9859025125719,2050
2081,CNYSN,TWKEE,15453.59469815889,511.9710708261637,2050
2082,CNWGQ,USOAK,15447.208596203725,6028.280560989108,2050
2086,USCHA,USPHI,15393.511244795029,667.1878016732463,2050
2087,BRSTS,ESLPA,15383.43911662271,3824.790516276553,2050
2089,CNTAI,RUSPG,15358.014972177989,12244.91137146657,2050
2090,INCOC,INMUN,15346.700647077216,965.5809314438739,2050
2091,CIABI,ZAPLZ,15341.184209797908,3347.4234710084893,2050
2092,IDJAK,KRBUS,15328.492257919082,2941.8049998183246,2050
2096,CNXIA,CNXIA,15237.25626050204,612.8363241006055,2050
2102,DOCUC,USNYK,15167.438821656358,1659.5119920817392,2050
2104,AEKHA,SAJED,15114.270173371215,2362.1455695079007,2050
2105,DJDJI,MYPKE,15103.89872136936,3634.2002254409413,2050
2107,AEKHA,ZACPT,15092.002479656585,4738.031687344371,2050
2108,CNQIN,CNSTO,15089.489804696428,1032.3795805004083,2050
2111,BRSTS,JMKIN,15043.148132061273,4437.628774157232,2050
2112,CNDAL,JPKOB,15041.250877340495,879.5367489685394,2050
2117,CNZOS,INMUN,14959.738637611232,5111.807659160322,2050
2118,MTMAL,SIKOP,14958.823786724093,779.4250739098167,2050
2121,TGLOM,ZAPLZ,14945.081653527632,3428.651665499946,2050
2124,CNDCB,SGSGP,14891.002865673443,1477.5569503005768,2050
2125,ESALG,ITGIT,14880.472094263585,1088.5411785278309,2050
2127,AEKHA,ZAPLZ,14863.483905173407,4771.1498277502,2050
2129,NLROT,USPHI,14820.503666526009,3713.405702404716,2050
2132,COCTA,MXALT,14792.723686517873,1603.0468864939637,2050
2134,CNWGQ,USHNL,14784.713666743533,4509.865332161978,2050
2135,LKCOL,SIKOP,14760.285583571034,11383.264281390722,2050
2137,SAJED,TRBAM,14726.587067609198,1592.4510355820898,2050
2138,ESALG,PAMIT,14719.254170175287,4751.344571182747,2050
2141,CNWGQ,DJDJI,14689.057998055367,6112.332236322391,2050
2144,CNQIN,RUSPG,14655.382379191495,12435.869506811096,2050
2147,CNYTN,MYPKE,14630.17711444258,1767.0439890593238,2050
2151,JPOSK,JPTOK,14556.175351267038,380.7899974752691,2050
2156,MXALT,PACRI,14496.293425450425,1661.6676321207506,2050
2160,AEKHA,OMSOH,14438.72057999683,293.24743054648457,2050
2162,RUNVS,TRALI,14427.623838960875,1068.4729627831332,2050
2163,CGPNO,MATAN,14423.89710904571,3854.3243093476385,2050
2166,INNSA,RUNVS,14410.851103508305,4677.803816577714,2050
2170,AEKHA,PKQAS,14370.80537313636,874.8356539342401,2050
2174,DOCUC,PAMIT,14336.024978564512,941.6668642017579,2050
2176,AEKHA,CNSHE,14303.41003873091,5024.525949072484,2050
2177,LBBRT,TRALI,14302.539383790607,722.6515976943456,2050
2179,INNSA,QAHMD,14294.69526323436,1406.2481935510928,2050
2183,CNMWN,JPNAG,14262.37187385699,1518.667261113379,2050
2184,CNDAL,CNLYG,14259.707830419338,370.10975222768246,2050
2187,CNLYG,KRBUS,14224.277766933332,533.8850104223432,2050
2188,COCTA,NLROT,14208.159138395144,4722.821288483533,2050
2190,CNDCB,CNXIA,14180.353331261278,352.5760463761189,2050
2191,CNQUA,PHMAN,14166.198018561969,689.8247141007829,2050
2195,ITGIT,SAJED,14139.277038182676,1754.4551165182659,2050
2197,BEANT,USPEV,14107.468152216547,4606.457018468398,2050
2199,CNXIA,TWTCH,14085.659901349232,173.1789071138546,2050
2200,KRINC,VNHPG,14081.788578526499,1692.0487357398124,2050
2201,ILASD,SIKOP,14077.658282596325,1417.270141146653,2050
2203,IDSUR,IDSUR,14065.121192158449,628.0028393758482,2050
2206,CNSTO,KRINC,14042.306878490503,1065.7355608986932,2050
2207,CNYSN,MXESE,14039.195484235905,6323.6443978475945,2050
2208,PABAL,USHOU,14037.430503607646,1657.5245337616616,2050
2209,CNDCB,INNSA,14036.216734684816,3967.8715489834544,2050
2210,MATAN,USHOU,14021.18041602325,5030.116503657403,2050
2211,JPNAG,TWTAP,14018.250440548536,1062.712242207707,2050
2212,ESALG,ZACPT,14008.246334276215,5204.347621038374,2050
2213,ESALG,MXVER,13999.72080474997,5043.129713931315,2050
2216,AUSYD,HKHKG,13979.058936414487,4564.431846275097,2050
2217,CNZOS,MYPKE,13961.97514239934,2345.364435507934,2050
2225,EGALE,ITGIT,13862.864650722839,878.5138138450574,2050
2229,DEBHN,PTSNS,13844.565629639384,1449.6470920306888,2050
2231,DJDJI,LKCOL,13800.81155808311,2303.839042810896,2050
2234,INNSA,SADMA,13736.863287764178,1511.746898917017,2050
2235,AUSYD,CNQIN,13721.818387999163,4907.955062025673,2050
2237,KRINC,TWKAO,13709.136484333374,1012.1496246606243,2050
2238,BSFRE,DOCUC,13707.060275390157,1070.6982783457136,2050
2239,CNSHE,USLGB,13705.527778673086,6594.549622643156,2050
2248,USHOU,USNYK,13612.76953523201,2098.2813437951686,2050
2252,EGPSA,LBBRT,13574.988136887549,260.16429252993686,2050
2253,CNYSN,KRINC,13567.253122645248,631.6204767975732,2050
2254,NZTAU,SGSGP,13558.639684248275,5164.513159391683,2050
2255,AEJAL,INPPV,13553.469968639416,1116.623379440368,2050
2260,SAJED,TRYAR,13516.367356050918,1668.6275762373164,2050
2261,EGALE,EGDAM,13510.456340920387,261.3871289387788,2050
2263,BRSTS,USNYK,13501.255114181098,5071.250801235574,2050
2264,CNLYG,TWTCH,13484.703961036805,820.9891586384301,2050
2265,BDCTG,CNNBO,13475.098243148115,3728.222806157949,2050
2267,AEKFA,CNTAI,13468.592543773106,5838.020273121146,2050
2270,FRDKK,FRLEH,13443.051735560633,188.16864675888877,2050
2271,CNDAL,JPTOK,13438.974420133716,1251.2396859489113,2050
2273,KRBUS,SADMA,13437.562619427976,6302.846634215102,2050
2276,CNTAI,VNHCM,13391.226435501452,1764.937196391949,2050
2277,CNMWN,KRINC,13391.14603870874,1250.4006219823523,2050
2279,CIABI,PTSNS,13365.063712804887,2846.3178018422595,2050
2282,MYTPP,OMSAL,13356.898284793415,3233.925051400461,2050
2285,CNFUN,HKHKG,13338.216037972903,422.04563613317805,2050
2286,EGPSA,MTMAL,13284.704410941447,986.8589343186873,2050
2289,CNNBO,ZADUR,13278.85614326903,7236.587781533205,2050
2292,BEANT,EGDAM,13228.02905916324,3321.5315138529545,2050
2298,ESVAL,ILASD,13187.344547383862,1785.289139195736,2050
2299,INNSA,TRBAM,13157.9712078304,4051.5767842785053,2050
2301,CNRIZ,TWKAO,13151.116985248971,989.6103712260319,2050
2306,BSFRE,ITGIT,13126.19513464793,5045.797507021372,2050
2310,CNLYG,CNWGQ,13111.445411099976,401.4606093172725,2050
2312,EGALE,TRBAM,13070.532527667567,883.582882419946,2050
2313,CNWGQ,EGDAM,13059.346280460968,7435.50450763539,2050
2322,IDSUR,MYTPP,12968.52520370795,838.1691578770703,2050
2326,CNFUN,CNSHE,12957.173871331886,451.99010427573063,2050
2327,CNWGQ,EGSOK,12949.074131928824,7136.666290044153,2050
2328,EGPSA,NLROT,12933.830336696908,3367.535110503714,2050
2330,PABAL,USSAV,12923.265093883252,1648.4642574746192,2050
2333,DEBHN,DEWVN,12904.493387189319,97.23584352990581,2050
2334,PHMAN,VNHCM,12884.876535263098,927.7707830306035,2050
2335,ESALG,SAJED,12883.929239619101,2690.0072729836143,2050
2341,CNNBO,JPKOB,12821.361278207618,850.0072173281287,2050
2342,CNDAL,CNZOS,12820.606038639824,879.7054044514153,2050
2343,JPOSK,TWKEE,12815.40138621762,941.8940703084714,2050
2345,KRGWA,MYPKE,12763.633438857267,2715.446905173775,2050
2351,CAHFX,GBLGP,12690.377983203156,2911.112721088803,2050
2359,MYTPP,ZAPLZ,12596.925205187694,5399.17461370382,2050
2370,EGALE,ESVAL,12549.729979947766,1596.704232362606,2050
2371,HKHKG,INMUN,12545.762537806366,4319.2998256475385,2050
2373,CNTAI,CNTJN,12522.082338246333,844.1295124413033,2050
2374,MTMAL,TRBAM,12517.231072226776,869.4923705102943,2050
2375,OMSOH,SADMA,12503.3474926873,539.9791087097651,2050
2377,CNYTN,VNHCM,12491.77169411453,975.8384049355941,2050
2380,DEBHN,EGALE,12450.032911694525,3502.9733439883667,2050
2384,BEANT,BSFRE,12436.699294011369,4166.654671362286,2050
2388,KRBUS,THLCB,12403.006644098099,2586.4655925900447,2050
2393,CNSHE,CNYTN,12339.181297643561,107.4199413906447,2050
2394,CNNBO,USHNL,12327.879408361456,4386.263837991361,2050
2395,HKHKG,TWTCH,12318.652971089583,404.7089975295435,2050
2397,CNYSN,THLCB,12300.890679431388,2593.1284320596023,2050
2402,ESALG,USHOU,12253.199576858564,5001.624401932896,2050
2406,LKCOL,THLCB,12222.888074752927,2403.8944935934787,2050
2408,MXVER,NLROT,12184.621861504645,5319.844542895485,2050
2410,BEANT,DEWVN,12172.458618879913,397.22709771368244,2050
2423,CNNSA,CNSTO,12090.956954669045,315.4249594519736,2050
2424,RUNVS,TRYAR,12086.636857985706,644.3308724552016,2050
2426,CNWGQ,EGALE,12052.521966571614,7544.187497606923,2050
2427,EGPSA,FRFOS,12046.01294299642,1741.5775338183282,2050
2434,ESBAR,TRBAM,11971.167909987764,1484.027277973838,2050
2436,LBBRT,SAJED,11964.61278630165,1071.276846855873,2050
2437,CRPMN,PACRI,11940.38940872928,258.9489850346452,2050
2440,CNNSA,EGALE,11906.404516789415,6939.108384320373,2050
2441,JMKIN,PECAL,11897.770999438739,2225.206386087922,2050
2445,CNTAI,JPKOB,11862.944769578802,831.5375215321719,2050
2447,MTMAL,NLROT,11833.768485178049,2466.0358125147386,2050
2449,ITGIT,TRYAR,11824.580299833626,920.6161625402436,2050
2451,ESBAR,MTMAL,11817.854859240148,708.6304392789864,2050
2452,CNWGQ,SADMA,11812.571508699442,6030.012682946867,2050
2453,CNDAL,VNHCM,11809.308089147962,2164.0865773564988,2050
2454,CNDCB,THLCB,11808.260049525463,1503.3742871398852,2050
2457,CIABI,ZADUR,11790.773173418933,4995.114213256954,2050
2462,COCTA,MATAN,11687.720876146417,4208.362703494096,2050
2467,ECGYL,MXLCS,11637.789488219103,1905.9735124256565,2050
2470,CNYTN,THLCB,11608.1515120689,1571.6991922493416,2050
2474,CAMTL,FRLEH,11571.212957548492,3433.232055464882,2050
2476,CNYTN,INMUN,11538.599482883035,4336.713984119492,2050
2478,MYTPP,MYTPP,11521.984170575128,1610.7498920622631,2050
2479,FRDKK,NLROT,11517.181058020466,159.10976027315712,2050
2480,CNLYG,JPKOB,11507.497570280992,893.60235032267,2050
2481,LKCOL,RUSPG,11500.344867116659,8407.201827315243,2050
2482,CNQUA,CNSTO,11497.082499444348,172.05165586367968,2050
2490,MXMAN,USLGB,11449.15231175856,1261.4621918072826,2050
2493,ESLPA,GHTEM,11395.82680865366,2333.1028345122986,2050
2499,RUSPG,TRBAM,11365.0479507657,4662.463308637193,2050
2500,JPYOK,SGSGP,11342.078030296838,2937.1304983094665,2050
2501,GBFEL,PTSNS,11339.939357859324,1181.2715796278521,2050
2506,CNYSN,JPNAG,11331.979433368966,970.0276470061594,2050
2510,CNQUA,VNHCM,11277.101759385938,1198.5776532073774,2050
2511,CNQUA,CNXIA,11274.587324970547,67.82760656705591,2050
2512,CNQIN,EGSOK,11256.283923941559,7681.332742398205,2050
2515,PHMAN,VNCMP,11231.287715034401,932.4135029721165,2050
2519,DOCUC,MXMAN,11196.84722729331,3003.664923119383,2050
2523,LKCOL,ZACPT,11156.251202942633,4771.769876600981,2050
2532,DJDJI,INMUN,11110.786270308678,1661.3254523229195,2050
2534,MXALT,USNOL,11091.774760027216,824.0416020449709,2050
2540,CNTJN,JPOSK,11055.275267710915,1065.4156902609932,2050
2547,GRPIR,LBBRT,10980.866365791564,697.735938939239,2050
2549,HKHKG,TWTAP,10976.526631754808,470.8936349514343,2050
2556,CNTJN,VNCMP,10937.173805655642,2371.1679009821073,2050
2564,CNNSA,CNNSA,10889.038648670597,394.0688271604599,2050
2566,GBSOU,USSAV,10882.022453279482,3774.1747460131737,2050
2569,CNDCB,CNQIN,10869.58500214334,1219.8794186467915,2050
2571,ESBAR,TRALI,10863.204323508235,1365.3128435975996,2050
2572,CNYSN,INMUN,10861.38850611724,5044.264147799778,2050
2578,CNSTO,TWKAO,10807.95612474868,220.0192820556831,2050
2581,DJDJI,EGALE,10797.661942216328,9079.703751955292,2050
2583,CAHFX,JMKIN,10747.520253391305,1842.1912111251856,2050
2584,BSFRE,USPHI,10743.012942951387,1063.5102909438428,2050
2589,JPYOK,TWKAO,10668.268528198036,1410.7769562008323,2050
2590,AEJAL,REREU,10666.898823671538,3248.474576828817,2050
2592,PABAL,USNYK,10658.223881718659,2161.7322684818832,2050
2593,CLSAN,MXLCS,10653.078486402708,3552.132922138839,2050
2594,BSFRE,MXALT,10638.562311573003,1293.9589180546416,2050
2595,DEHAM,PAMIT,10634.502254557829,5371.186540959046,2050
2596,ESALG,TGLOM,10631.645405877334,3055.784528680967,2050
2597,BRSTS,CLSAN,10629.49871767939,3584.3362529396,2050
2601,OMSOH,TRALI,10597.247705318985,3515.8660854613695,2050
2602,CAVCR,CNLYG,10594.160537485868,5240.000982758911,2050
2603,ESVAL,ESVAL,10592.5041636778,39.1490375494394,2050
2614,CNSHE,TWTAP,10521.455061182602,496.3927842045657,2050
2616,BSFRE,CRPMN,10512.431990514096,1375.6504682577927,2050
2620,AUMEL,MYPKE,10451.044594291472,4303.723594079191,2050
2622,CNQIZ,CNWGQ,10434.758932535331,1622.616795125179,2050
2624,CNQIZ,VNHCM,10385.742472368562,846.132806352855,2050
2626,LKCOL,LKCOL,10364.622824701757,693.1590212815346,2050
2630,CNNBO,JPTOK,10324.082189891045,1054.7385469690537,2050
2632,DEBHN,GBSOU,10297.896279142433,507.24496311763767,2050
2641,JPYOK,USHNL,10191.750537295442,3547.1689891689316,2050
2647,CNLYG,CNQUA,10148.210683974155,794.9990479072803,2050
2651,AUSYD,KRBUS,10130.2779999936,4620.177006681348,2050
2653,KEMOM,SAJED,10114.84639777865,2831.3187564699083,2050
2654,CNXIA,TWTAP,10107.369358050517,209.50986996420895,2050
2655,CNQIN,INMUN,10101.575604150024,5419.438536000694,2050
2657,GRPIR,TRYAR,10087.573034531215,426.45138098512666,2050
2661,CNWGQ,SAJED,10068.047838183225,6714.852983259066,2050
2666,CNWGQ,INMUN,10025.121608908348,5082.348697094776,2050
2670,CNNSA,INMUN,9973.39328812176,4291.369805418171,2050
2671,MATAN,TRMER,9971.034708039419,2034.0556379139246,2050
2675,CNSHE,TWKEE,9953.188013562256,519.4626144904042,2050
2676,KRINC,TWKEE,9914.729621467079,806.586556808926,2050
2678,PKKAR,PKQAS,9868.762149039574,61.693629927356675,2050
2684,INNSA,REREU,9809.949497143843,2687.722244392489,2050
2686,MYPAG,THLCB,9801.74940889245,807.420622666952,2050
2688,AUBRI,CNNBO,9793.695996530205,4094.3349370776546,2050
2693,CNMWN,TWKEE,9749.832669868902,521.5563686969022,2050
2706,MYPKE,TRYAR,9661.85708100024,5786.0324560607605,2050
2707,CNNBO,CNRIZ,9655.362671074183,482.35960512369564,2050
2709,BSFRE,USNFK,9650.18107801077,838.4810674593793,2050
2714,AUBRI,CNSHE,9623.738054569,4160.779144623701,2050
2716,MYTPP,TWTCH,9617.620709500787,1774.262609386116,2050
2719,HKHKG,IDJAK,9591.267129785238,1918.9574262202748,2050
2720,USCHA,USPEV,9587.528529325837,444.6349004433727,2050
2726,PABAL,USCHA,9575.759124428601,1644.9618404023947,2050
2728,BEZEE,GBFEL,9570.869578823525,178.97394498708638,2050
2730,KRBUS,OMSAL,9543.777040132572,5829.187544360448,2050
2734,ESVAL,SAJED,9532.170713655225,2457.249386053063,2050
2736,CNNBO,SADMA,9529.150525551622,6113.373324206127,2050
2739,CNLYG,JPYOK,9512.869760597121,1185.4348621479087,2050
2740,ILASD,ITGOA,9511.22077769722,1539.1985365100688,2050
2741,AUSYD,JPYOK,9505.79567243679,4355.841159691714,2050
2744,CNGLA,MYPKE,9480.051571476142,3079.433824110147,2050
2745,CNMWN,DJDJI,9479.431333327791,5301.51635107348,2050
2746,HKHKG,JPNAG,9470.659713860838,1503.5694817746362,2050
2748,EGDAM,ESALG,9441.39109518868,1958.520897119404,2050
2760,EGDAM,MATAN,9340.788782026983,2114.9328536568014,2050
2761,USHNL,USLSA,9336.8800422324,2325.7181989646,2050
2763,CNTAI,CNTAI,9330.582431892602,283.42478074847907,2050
2765,AUSYD,MYPKE,9325.295014766809,4617.0358207794,2050
2769,USMIA,USPHI,9308.465145339273,963.9142858110657,2050
2772,CNYTN,TWKEE,9270.315811865488,524.8361061239926,2050
2774,EGPSA,TRMER,9254.878062668622,404.53090255895205,2050
2775,BEANT,BEZEE,9249.12495999896,128.22999102915452,2050
2777,CNDCB,CNNSA,9223.958984373101,89.66512320744337,2050
2779,IDJAK,VNCMP,9211.170219065814,1066.6418195920794,2050
2780,SAJED,TRALI,9205.520694954674,1421.3044807287292,2050
2782,JPNAG,TWKEE,9198.16328492384,1044.407826177584,2050
2784,EGDAM,LBBRT,9191.90013618519,258.7252066102598,2050
2792,GHTEM,ZACPT,9141.65000396354,2643.275483071066,2050
2793,CNDAL,CNMWN,9136.762444952174,1316.3914036188814,2050
2794,INMUN,REREU,9134.33966538447,2941.9760380845332,2050
2798,CNMWN,CNZOS,9107.251659224577,849.4403745415138,2050
2803,JPYOK,USLGB,9067.786918469485,5486.000184566675,2050
2805,BDCTG,CNSHE,9065.452273365232,3045.7014024727982,2050
2813,CNTJN,JPKOB,9023.007298335673,1048.3352854560424,2050
2816,AUSYD,CNWGQ,9009.5000960903,4699.803615581512,2050
2822,CNNSA,EGSOK,8979.687131321129,6502.236009170288,2050
2823,CNQIZ,CNTAI,8979.159392331405,1277.9716863100905,2050
2824,ESVAL,TGLOM,8976.491761019395,3506.618567134916,2050
2829,BEZEE,DEWVN,8947.317059062127,343.1892638616033,2050
2832,MXLCS,PACOL,8931.152495652479,1678.085705598555,2050
2834,CNWGQ,TWTCH,8923.265607067586,534.0646528914694,2050
2835,BEANT,BEANT,8920.842330862652,199.32853630284765,2050
2836,CLSAN,ECGYL,8915.877956526347,2022.2236080018213,2050
2841,CNSHE,MXESE,8874.199930153689,6882.354254110575,2050
2842,CRPMN,PACOL,8871.760431262664,277.76706869054715,2050
2847,PABAL,USLGB,8851.745641124877,2976.2337935661453,2050
2851,EGDAM,GBLGP,8827.710459133474,3326.4256282630563,2050
2852,CRPMN,DOCUC,8827.167399322498,949.678276378557,2050
2855,CNMWN,JPTOK,8810.829302476808,1661.6670268066016,2050
2859,ESALG,ESALG,8783.294206606219,67.20142504271244,2050
2863,DEBHN,MTMAL,8755.208660128295,2700.535953264955,2050
2866,MATAN,SAJED,8747.915731759465,2714.998804593123,2050
2870,CNSHE,MYTPP,8722.815972815966,1542.7210391647832,2050
2871,CIABI,ESALG,8712.87004673717,3004.042391006658,2050
2873,ESBAR,ESLPA,8692.326727751324,1254.2065521629509,2050
2876,INNSA,IRBAB,8677.250089817615,1133.6009128128383,2050
2877,BDCTG,VNHCM,8675.05790013558,2172.300919298942,2050
2878,CNSTO,CNXIA,8667.986132819346,140.4616759631035,2050
2880,CNBYQ,CNTJN,8661.394704675571,249.29846834826625,2050
2882,AUBRI,CNNSA,8638.883811546533,4226.646330849997,2050
2885,ESLPA,USNYK,8607.52887938532,3070.865598542793,2050
2887,CNRIZ,CNZOS,8584.605640177091,517.6074755514953,2050
2891,INMUN,TRBAM,8542.895853070011,3853.9794847857543,2050
2892,LKCOL,PKQAS,8539.89751748894,1403.7092922730221,2050
2893,INMUN,VNCMP,8537.8392665296,3521.162168040596,2050
2900,CIABI,FRLEH,8451.329854152227,3630.992573414438,2050
2902,CNLYG,TWKEE,8438.044202537769,733.0011688511099,2050
2905,IDJAK,IDJAK,8427.330167731867,1049.4315579013346,2050
2913,PACOL,USHOU,8390.773831968076,1738.6736074851854,2050
2914,CAPRR,CNLYG,8370.139655681345,4731.675611130212,2050
2924,ECGYL,USNYK,8296.097127356728,2819.492216404686,2050
2925,CNBYQ,CNDAL,8285.623991074248,203.0060537207483,2050
2927,PKKAR,RUNVS,8275.548087327392,4435.219288394148,2050
2943,USCHA,USNOL,8148.156396268103,1279.59200634477,2050
2946,USLGB,USSEA,8118.235521555131,1399.6793884367378,2050
2950,ECGYL,GTPQL,8088.3480335355325,1245.4780171084096,2050
2952,AEKFA,IRBAB,8081.529278995747,137.05894596964697,2050
2953,CNSHE,TWTCH,8076.995929481891,426.6365109800995,2050
2960,CNNSA,QAHMD,8023.881835756467,5165.162226885314,2050
2962,CNWGQ,TWTAP,8016.954849474545,544.5760396109993,2050
2979,CNSHE,EGSOK,7932.288025653656,6379.0404293883585,2050
2981,EGPSA,ESVAL,7913.20638360358,1717.3690568217644,2050
2983,FRLEH,PLGDA,7909.889591351425,1257.7588408097415,2050
2985,CNTJN,VNHCM,7857.26025063258,2316.452931519592,2050
2986,CNTAI,CNZOS,7846.570468279159,215.5162803398638,2050
2987,CNBYQ,CNTAI,7842.210896983576,706.9911871003645,2050
2992,DEHAM,ESVAL,7825.5028945378135,2140.5308752443884,2050
2996,CNQIN,TWTAP,7807.047675383121,777.7733296641427,2050
3002,BEZEE,NLROT,7774.2326587700845,203.98925211307437,2050
3006,LBBRT,SIKOP,7748.343464209771,1477.4337598604895,2050
3008,CNZOS,JPKOB,7742.191528884506,837.2290886230844,2050
3009,IDJAK,MYPAG,7741.700371608728,568.4061640374995,2050
3011,CNRIZ,CNSTO,7735.440103537723,948.7585634084359,2050
3014,DOCUC,GBSOU,7727.661292742661,3851.111729316558,2050
3021,INMUN,MUPLO,7683.042754671887,2966.6062829668035,2050
3023,GRPIR,MATAN,7650.172206280003,1590.7372211851748,2050
3025,FRFOS,LBBRT,7627.472240169576,1719.024311479622,2050
3026,CNDCB,CNQUA,7625.464159480888,374.60430833804827,2050
3029,PACRI,USPEV,7604.103522610496,1425.2298036538152,2050
3032,CAHFX,ESBAR,7587.41051267504,3725.335319404326,2050
3036,ESBAR,PTSNS,7576.657544748803,826.3531554317176,2050
3037,GHTEM,ZAPLZ,7576.487928471886,3044.0538633198917,2050
3041,CNTAI,TWKEE,7555.949014929343,456.06566697808455,2050
3046,CNDAL,JPYOK,7518.916362971553,1191.1277601438007,2050
3053,CNSTO,PHMAN,7470.909413109448,628.528208654573,2050
3054,INNSA,INNSA,7444.454013983871,2257.6839745198863,2050
3055,ESALG,GBLGP,7442.160876447603,1452.7477003207707,2050
3057,USHOU,USPEV,7438.949019959211,1013.1241743631041,2050
3059,CNSHE,INNSA,7415.431284381437,3982.0017797380638,2050
3060,INCOC,INPPV,7414.957183450917,794.9847215168983,2050
3063,DEHAM,FRDKK,7399.052984638912,448.94193627327,2050
3071,CNQIN,VNHPG,7369.374473338,1644.278374813557,2050
3074,INMUN,ZADUR,7348.682513635018,4451.621924939622,2050
3081,CNFUN,KRBUS,7291.901991815809,898.4600547543856,2050
3083,VNCMP,VNHCM,7283.317291432507,282.7569423609619,2050
3091,ILASD,RUNVS,7245.234003686685,1491.1230770227637,2050
3096,BEANT,ESBAR,7218.740590132526,2147.522417441304,2050
3100,AEJAL,CNXIA,7196.116831552853,5342.104748113189,2050
3112,DOCUC,USPEV,7132.951427177824,1013.2068753467945,2050
3114,PAMIT,USCHA,7128.901971020413,1600.3473950836913,2050
3115,SGSGP,TWTCH,7124.173824128887,1750.4849769845014,2050
3117,CNZOS,KRGWA,7120.833802660069,599.853531884562,2050
3119,EGDAM,ILASD,7078.47561339525,208.93596606123236,2050
3123,INMUN,RUNVS,7045.252716241492,4438.857344819708,2050
3124,OMSOH,PKKAR,7044.252876612029,594.4367894339117,2050
3125,BEANT,GHTEM,7034.925521794815,4269.392658043469,2050
3128,FRFOS,GRPIR,7019.778800823824,1217.9169127594303,2050
3130,FRDKK,GBLGP,7011.667813677188,150.91909104606512,2050
3137,BSFRE,CAMTL,6979.961763045759,2420.0050128178264,2050
3142,GBFEL,GRPIR,6963.315354430301,2885.0246066642203,2050
3143,CAHFX,DOCUC,6961.740847654464,1712.3428158370884,2050
3147,PABAL,USPHI,6942.969718115836,2090.40138017477,2050
3150,CNFUN,CNWGQ,6924.896304237506,540.2012433013053,2050
3154,AEKHA,DJDJI,6899.309058027993,1811.7458463493917,2050
3156,EGDAM,RUNVS,6893.486716568998,1357.214206183514,2050
3157,CNTJN,TWKEE,6889.889200812798,1040.2908273241223,2050
3160,MYPAG,MYPEN,6880.154509841519,455.8874164498876,2050
3161,KEMOM,REREU,6868.6404169804655,1960.9229993081271,2050
3167,ESLPA,ITGIT,6840.090926405674,1766.5140514933926,2050
3168,IDJAK,INNSA,6839.269772958199,2909.166047899494,2050
3170,CNSTO,CNTJN,6830.217731514846,1266.1047245149198,2050
3175,USHOU,USMIA,6794.271139684799,1068.9062343070575,2050
3178,EGSOK,INMUN,6778.622558932105,3021.350768492699,2050
3192,AEKHA,KEMOM,6709.508064973405,2879.0725913437527,2050
3198,ESVAL,GBSOU,6666.395811168475,1617.8774200610158,2050
3214,DOCUC,USSAV,6612.812957349639,1275.2233078243187,2050
3219,CNXIA,TWKEE,6587.14325879938,245.9589192021977,2050
3243,PKQAS,SGSGP,6471.733265374946,2949.582245449202,2050
3248,PACOL,PAMIT,6464.238156453493,26.580172831056306,2050
3249,PAMIT,USNFK,6455.634144182357,1820.104546828285,2050
3255,CNTAI,TWKAO,6437.009894261836,670.3294953189644,2050
3263,EGALE,TRYAR,6401.9120667879015,972.4451477415926,2050
3264,USLSA,USSEA,6397.6939178761695,1345.217368930891,2050
3269,ILASD,MTMAL,6381.529939276862,1037.656735442083,2050
3274,PABAL,USMIA,6363.93324522888,1359.5303192593797,2050
3275,EGSOK,OMSAL,6356.666286388427,2190.128030259876,2050
3278,CNFUN,CNSTO,6337.3999374873465,258.5672712658096,2050
3285,AUBRI,CNMWN,6285.721449764667,4160.55590308885,2050
3293,ITGIT,LBBRT,6237.667511832702,1099.3148164057234,2050
3295,ITGIT,TRALI,6230.356608555703,702.225729415589,2050
3296,CNWGQ,MYPEN,6224.911903003538,2687.8406853102665,2050
3298,CNLYG,CNRIZ,6220.961737277159,74.25687349609933,2050
3302,INMUN,QAHMD,6204.682106078097,1140.209878283223,2050
3309,EGDAM,TRBAM,6191.012927402437,919.212695803548,2050
3311,RUSPG,SAJED,6170.861002337399,5489.231469822116,2050
3320,CNFUN,SGSGP,6128.525203052191,2000.0040438965202,2050
3323,INNSA,THLCB,6121.715785716435,3665.375026706681,2050
3326,EGALE,EGALE,6111.462091795712,1310.465203897343,2050
3332,JMKIN,JMKIN,6073.241900440229,440.15116880750134,2050
3334,CNSHE,CNSHE,6067.148825323038,44.82930752682147,2050
3343,CNBYQ,CNQIN,6043.616581000577,442.4180928792922,2050
3348,EGPSA,EGPSA,6015.591826849608,1204.702820049035,2050
3352,CNZOS,JPOSK,5995.853865879486,798.9922000085994,2050
3356,MXVER,PACOL,5984.544941097977,1591.8143612331912,2050
3361,INPPV,OMSAL,5949.384079806476,1046.7383495055587,2050
3368,CNDAL,CNTAI,5921.977790190548,747.5532738370543,2050
3376,CNWGQ,INNSA,5865.31305474943,4753.3197613283355,2050
3379,AEKFA,INNSA,5860.473481941931,1082.0019974617408,2050
3381,EGALE,MATAN,5852.543603808066,1839.0825342270616,2050
3394,GBLGP,USNYK,5791.852841643078,3468.831826221774,2050
3412,INNSA,VNHPG,5738.382893985199,3812.6671117220417,2050
3416,BEZEE,PTSNS,5731.518496115391,1365.7481343600768,2050
3419,IRBAB,IRBAB,5725.285695629226,51.18405260249066,2050
3420,COCTA,PECAL,5724.559803697932,1805.1255192349774,2050
3424,DOCUC,USCHA,5708.665325181473,1278.9870512569082,2050
3431,CNDAL,CNQUA,5646.472598195586,954.0894968559132,2050
3440,INMUN,THLCB,5608.2941085264,3660.301979369726,2050
3442,CNMWN,PHMAN,5600.096254067092,682.3280920954612,2050
3443,INMUN,TZDRS,5595.298179354212,2914.6503101038893,2050
3447,CNQIZ,CNSHE,5582.437124371473,450.9176503595412,2050
3450,ESBAR,TRYAR,5572.618273073309,1546.2221624467472,2050
3451,MXVER,USPEV,5564.1205068815325,1457.2619216163027,2050
3456,REREU,ZADUR,5554.022952344279,1497.3744023962806,2050
3458,ITGOA,TRBAM,5548.136316287298,1372.2645725090138,2050
3473,CNFUN,CNQUA,5500.033629133586,86.3525620200761,2050
3477,PKKAR,SADMA,5491.828099327105,1048.255276411299,2050
3479,TWKEE,VNHCM,5482.156053923256,1331.3207612152657,2050
3489,ESBAR,ILASD,5448.168213334772,1776.1829809946296,2050
3490,CNLYG,CNNSA,5446.852269460442,1242.462362577732,2050
3495,MXMAN,USOAK,5427.089490245084,1912.0158267804452,2050
3503,CNYTN,INNSA,5391.925430654372,3979.349830218687,2050
3510,AEJAL,TRALI,5374.305201122162,3687.4060963393526,2050
3512,CRPMN,USMIA,5373.419789290142,1215.9777217520834,2050
3513,CNZOS,DJDJI,5373.030634064561,5960.59060646653,2050
3519,CNQIN,CNQIZ,5356.7410405588,1563.469148493655,2050
3523,ESVAL,USMIA,5343.2799341234,4365.368775803515,2050
3526,LKCOL,REREU,5340.191581850942,2367.951954923996,2050
3539,PAMIT,USHOU,5281.483979643529,1608.5796899470963,2050
3542,RUSPG,RUSPG,5267.504356425052,775.0577699269119,2050
3543,THLCB,THLCB,5265.402151217423,381.19064111135015,2050
3547,USNOL,USPEV,5251.1594116736715,895.0736257041842,2050
3548,AEKFA,OMSOH,5243.880045799792,190.84380777611383,2050
3549,CRPMN,MXVER,5242.3169970804065,1578.4189459990648,2050
3552,MATAN,TRBAM,5224.287201491598,1842.204094331266,2050
3558,BRSTS,BRSTS,5206.360404949302,234.1607057656936,2050
3573,MXLCS,USOAK,5138.922030243865,1790.3114849941003,2050
3577,EGDAM,EGPSA,5109.169357114711,71.81403178944663,2050
3583,ESBAR,LBBRT,5095.279541570504,1735.9658791887211,2050
3595,AEKHA,EGSOK,5028.3333931529805,3011.5612422891486,2050
3596,KEMOM,SADMA,5026.419697771031,2734.8639569912657,2050
3616,AEJAL,TZDRS,4921.233898922245,2803.619073365146,2050
3630,CNDAL,CNRIZ,4889.586334110948,349.98885498721563,2050
3634,CNRIZ,KRBUS,4877.629814258928,545.230111722402,2050
3640,AEJAL,EGALE,4861.164423351523,3355.421660593853,2050
3644,DOCUC,USHOU,4853.756006358699,1856.7679508799283,2050
3650,CNDCB,CNTJN,4817.234413581683,1553.5445334952572,2050
3659,CNXIA,KRGWA,4805.345169587867,895.433250182934,2050
3666,EGDAM,INNSA,4786.33215734322,3187.8446645777635,2050
3671,BSFRE,CAHFX,4764.673330344456,1508.3275711099536,2050
3674,CNDCB,CNWGQ,4754.566415322712,1080.2265549524384,2050
3681,PACRI,PAMIT,4732.779270885307,67.79190371308835,2050
3685,CNQIZ,CNYSN,4724.835268136623,1430.9843386831965,2050
3686,PACRI,PACRI,4723.333410033239,186.4811401548294,2050
3692,MXVER,PAMIT,4697.189759856118,1574.3722588812582,2050
3694,IRBAB,LKCOL,4690.684532089064,1951.743685764821,2050
3697,CNDCB,CNYSN,4682.473167143369,865.7300787837161,2050
3699,INMUN,IRBAB,4677.659047441183,858.3298363917761,2050
3705,CNNSA,LKCOL,4645.35307820246,3127.3222130606828,2050
3727,SAJED,TZDRS,4568.619777698501,3260.7418447138334,2050
3729,CNQIN,IDJAK,4563.223773155858,2964.0271966651508,2050
3732,CNNBO,JPOSK,4558.384844181554,1352.7433288571535,2050
3736,PACOL,USPEV,4554.5578499952535,1296.8966140661576,2050
3747,CNTJN,IDJAK,4513.99745389162,3155.4725773316704,2050
3754,BEANT,ESLPA,4488.873799744974,2084.7890056533206,2050
3762,ILASD,TRALI,4469.762857903096,702.8235651011759,2050
3775,CNSHE,MYPEN,4427.448707916691,1884.007698340038,2050
3786,TRBAM,TRBAM,4386.070476772752,188.09402912776406,2050
3787,CNBYQ,CNRIZ,4384.59865312498,500.6677094103394,2050
3791,MUPLO,MUPLO,4378.5441119538855,511.6165123643707,2050
3798,CNBYQ,CNLYG,4356.937948251321,500.73131447562446,2050
3803,CNZOS,JPNAG,4343.33937473017,924.6224516251873,2050
3805,ZAPLZ,ZAPLZ,4331.931670668826,872.9003682142308,2050
3813,JMKIN,PACOL,4313.82802242641,624.078260025569,2050
3817,ILASD,ITGIT,4309.8044412363715,1141.9542481054668,2050
3819,CNNSA,MYPEN,4307.922186212605,1856.8413996463328,2050
3821,MXLCS,MXLCS,4287.4305838586315,259.4646734517148,2050
3822,CNLYG,JPOSK,4284.837406908826,878.6696588793568,2050
3835,CNZOS,VNHPG,4240.200888708301,1355.3781372567657,2050
3839,PHMAN,TWTCH,4230.565697864966,676.6482036614,2050
3849,USNFK,USPEV,4219.560687086122,827.4513197150669,2050
3851,CNGLA,CNNBO,4214.684846144945,821.2347909704104,2050
3853,AEKHA,AEKHA,4211.460887975054,271.7841171268744,2050
3868,CNSTO,VNHPG,4172.423604240241,663.358551364057,2050
3871,CNFUN,TWKAO,4169.823642891133,215.24173545564764,2050
3879,KEMOM,ZAPLZ,4150.650800492022,2276.446213131381,2050
3885,ESLPA,MATAN,4107.764149354322,813.5412176715537,2050
3892,OMSOH,QAHMD,4093.585317153137,441.2894337734936,2050
3909,BEZEE,DEHAM,4056.1771581670373,446.1904499662742,2050
3914,CNZOS,VNHCM,4028.2052774741132,1644.2862447853538,2050
3917,AEJAL,VNHCM,4024.385222804228,4226.986905246224,2050
3920,ESALG,ESLPA,4015.3120827301127,902.795055226026,2050
3925,DJDJI,INNSA,4008.127085809171,1881.0158367044328,2050
3926,RUNVS,RUNVS,4007.329201665633,1252.1204589484662,2050
3931,CNQIN,MYPAG,4000.707513076012,2595.783444180874,2050
3932,CNZOS,JPTOK,4000.4047503810643,1068.741576571618,2050
3937,DJDJI,OMSOH,3973.2286093275516,1543.345458829247,2050
3942,CNYSN,TWTAP,3958.8609843230392,454.2963364526134,2050
3947,CNLYG,KRGWA,3950.8988374474,483.0060912685882,2050
3951,CNZOS,JPYOK,3944.495826035451,1042.5135548423245,2050
3955,MXMAN,MXMAN,3935.8143873843933,67.04062671789045,2050
3957,PACRI,PECAL,3933.190638849152,1419.3496511798185,2050
3978,ITGIT,SIKOP,3875.7129642395016,750.0337296133243,2050
3999,CNQUA,CNSHE,3830.0931766304207,483.4946919277416,2050
4001,CNFUN,MYTPP,3829.2164981150327,1904.665342191798,2050
4002,CNGLA,CNYSN,3827.9723486828366,860.121836750436,2050
4003,CNGLA,CNNSA,3823.8825334418175,129.9602479798642,2050
4006,PABAL,PABAL,3814.6598767470105,39.72800126226468,2050
4033,CNDAL,TWKEE,3758.6279476024715,898.5727488787508,2050
4034,INMUN,INMUN,3749.164213193587,53.118021489679855,2050
4036,CNGLA,CNZOS,3747.932223870149,919.896195266859,2050
4038,MATAN,PTSNS,3735.9964852705816,304.05260756815846,2050
4044,CNLYG,JPNAG,3718.108212802294,1059.1403744966847,2050
4050,ITGOA,SAJED,3710.4607773089047,2175.887043917108,2050
4051,CNSHE,JPYOK,3703.7862674978487,1644.0447972456136,2050
4055,CNYSN,VNHPG,3699.182653848993,1390.1712788139732,2050
4058,CNYTN,CNYTN,3693.60023965399,487.5612078796902,2050
4064,CNTAI,TWTCH,3681.843144290406,529.5540597744645,2050
4069,IDJAK,VNHPG,3668.779021235283,1703.2247119034932,2050
4072,GRPIR,SAJED,3660.961904897144,1344.1058612528436,2050
4075,CNGLA,KRINC,3649.8474718547336,1284.6183637138256,2050
4084,JPKOB,THLCB,3629.2719862426547,2822.0856035443403,2050
4086,PACOL,PACOL,3621.2823119758223,189.1564150770667,2050
4094,CNTJN,JPYOK,3608.5199914785235,1376.3001441430586,2050
4106,MTMAL,TRYAR,3572.5017938244673,889.7702191055885,2050
4114,AEKFA,SADMA,3551.551653618981,489.63840313379706,2050
4121,CNMWN,CNMWN,3528.312118024867,26.472053056333056,2050
4126,ITGOA,MATAN,3513.8634190826037,968.4523843560071,2050
4151,CAPRR,USSEA,3436.4205107245366,618.2367074870169,2050
4170,CNDCB,CNSHE,3383.6820806802657,8.960650436714683,2050
4175,JPNAG,VNHCM,3371.9622103473866,2324.21305407071,2050
4179,JMKIN,PABAL,3357.6916946968095,684.9573782344803,2050
4180,JPNAG,KRGWA,3357.4433324790875,625.1820902405613,2050
4230,EGDAM,TRYAR,3251.3740644904406,830.6823951035253,2050
4233,MXVER,USCHA,3245.6043339685207,1592.660888105848,2050
4240,EGDAM,MTMAL,3232.9691843422274,916.7583427875272,2050
4243,MTMAL,PTSNS,3227.877293855361,1325.769246819214,2050
4244,RUNVS,SAJED,3226.5536325904136,2191.075593546479,2050
4249,DEHAM,GBSOU,3220.163033155351,672.6818482367555,2050
4254,MYPAG,MYTPP,3195.0700502070317,92.48156556795814,2050
4257,CNDCB,CNFUN,3175.517832286003,436.09228560049627,2050
4266,CNLYG,CNYSN,3155.4858862802753,416.27506142410516,2050
4272,CRPMN,USNFK,3128.8804552544343,1933.4539229345173,2050
4274,CNGLA,HKHKG,3124.381826226757,85.12354410559014,2050
4278,ILASD,ILASD,3113.957585732287,48.283991303638665,2050
4280,CNRIZ,CNWGQ,3111.9441388878263,423.23048572972965,2050
4287,CNSHE,LKCOL,3083.4095192601376,3134.6175468635156,2050
4289,EGDAM,ITGOA,3079.421182705136,1460.882133041756,2050
4315,CNNSA,KRINC,3024.4868536307235,1282.354355485048,2050
4339,CNMWN,IDJAK,2973.3083332966976,1813.2767520668358,2050
4355,OMSOH,SAJED,2934.870532091732,2162.019847588641,2050
4356,CNSTO,MYTPP,2930.1783961372203,1657.6153008933575,2050
4362,DEBHN,DEBHN,2904.1058230553417,83.46425364436575,2050
4368,CNGLA,KRBUS,2883.276143868311,1241.6625134935587,2050
4387,CNBYQ,CNWGQ,2851.442153397012,712.601626802774,2050
4391,JPTOK,VNHPG,2838.9837676378966,2171.6471836127084,2050
4395,KRGWA,TWTCH,2820.8208673159825,782.6534697307202,2050
4397,FRFOS,ILASD,2815.664408116879,1739.6705945266679,2050
4403,GTPQL,MXESE,2800.771479915254,1974.9426576434566,2050
4404,PACOL,USMIA,2799.631163923672,1346.742101568595,2050
4429,CNRIZ,JPNAG,2755.2020001591336,1016.1079765035646,2050
4434,LBBRT,TRBAM,2747.918935207569,922.4689341688252,2050
4454,JPKOB,KRGWA,2704.7218709267827,445.7163967105343,2050
4456,CNFUN,JPNAG,2702.744958969489,1176.9639390015861,2050
4465,CNDAL,CNSHE,2691.768727904594,1341.0713964177917,2050
4470,CNYSN,JPOSK,2681.7676463320017,991.7388301094371,2050
4475,DOCUC,DOCUC,2673.072956703693,207.8763674164846,2050
4483,CNNSA,CNQUA,2661.167376829187,390.99636759168925,2050
4484,CNSTO,CNSTO,2661.139736113896,26.783835313144355,2050
4486,CNTAI,MYPKE,2655.474063840329,2459.086861877993,2050
4501,CRPMN,USNYK,2619.5260411053105,2102.390280523368,2050
4512,TZDRS,TZDRS,2602.5408534829144,3343.54114351741,2050
4523,CNLYG,CNLYG,2577.0227308384224,32.03687474864813,2050
4524,CNNBO,CNSTO,2573.7927507450386,586.8563291172009,2050
4528,CRPMN,USCHA,2567.8716821259254,1752.1117981208233,2050
4529,CNQUA,TWTCH,2564.36357713979,114.44935449141545,2050
4531,IDJAK,PHMAN,2560.7365213170915,1700.1926016348366,2050
4532,CNXIA,IDSUR,2558.6681985361733,2204.170293342623,2050
4555,GBFEL,GBLGP,2526.0336657609473,105.77397068226418,2050
4563,IDJAK,INMUN,2502.932235035963,3810.751544614734,2050
4572,CNMWN,CNSTO,2491.569172198522,206.88902104387765,2050
4576,OMSAL,OMSAL,2483.345791201639,235.3969149053317,2050
4580,LBBRT,LBBRT,2471.2094087659875,117.44569248313589,2050
4586,VNHCM,VNHCM,2454.78593100494,933.6480499152021,2050
4592,ECGYL,ECGYL,2449.0056893293686,140.1834670141443,2050
4595,PECAL,PECAL,2442.210361156,362.3297183486047,2050
4601,CRPMN,USSAV,2431.136305403155,1720.8103257438659,2050
4602,OMSOH,PKQAS,2429.794573690468,602.334071325647,2050
4619,CNYSN,JPTOK,2402.851590694459,1024.7834425474614,2050
4629,CNLYG,CNXIA,2387.75755561646,903.2554889226327,2050
4632,LKCOL,MYPEN,2385.4527537515805,1413.2659393285037,2050
4636,CNLYG,JPTOK,2376.81207805036,1198.0993210400743,2050
4653,DOCUC,MXVER,2342.8803510333205,1709.654374815199,2050
4662,MXVER,USNOL,2336.3882425388015,841.1498616036491,2050
4663,CNRIZ,CNYTN,2335.574543988062,1169.4976887595396,2050
4665,CNDAL,KRGWA,2335.358591315275,541.326752438349,2050
4683,DEWVN,GBLGP,2314.62525585829,381.68386552644034,2050
4688,GRPIR,GRPIR,2302.6199008514327,356.39956283892263,2050
4702,MYTPP,PHMAN,2284.0155006910168,1419.1116766610467,2050
4706,BEANT,PLGDA,2275.2127728360233,1025.3765928281218,2050
4717,VNHPG,VNHPG,2264.7688531724543,1136.2491918584014,2050
4728,ITGOA,ITGOA,2233.520671808053,77.13705219814335,2050
4749,ESBAR,NLROT,2205.0412088683997,1962.3114036899078,2050
4755,CNQUA,CNQUA,2196.4296677201482,36.93733202046159,2050
4759,CNNSA,TWTCH,2189.752804694617,509.1997557912461,2050
4790,ESBAR,ESBAR,2147.7136640215267,39.30570488437845,2050
4815,CNNSA,JPTOK,2111.5018048666134,1673.4793223712913,2050
4816,CNNSA,JPOSK,2110.0620660152726,1451.6540080903233,2050
4820,ESVAL,TRBAM,2108.1633031856204,1555.8926860883225,2050
4821,CNSTO,CNTAI,2108.0553790732747,700.2509175276479,2050
4822,COCTA,COCTA,2104.5631806155275,160.29618960193167,2050
4824,CNSTO,CNYTN,2102.979033799686,187.6469957633761,2050
4826,PTSNS,PTSNS,2100.8322363979587,349.78413358999586,2050
4843,EGSOK,TRBAM,2075.0040813096466,1176.9164826465615,2050
4852,DJDJI,KEMOM,2054.1739195912196,2219.7462339529625,2050
4855,CNMWN,CNYTN,2046.698886019572,89.16898636860127,2050
4867,CNLYG,CNSHE,2034.5611897907881,1225.159585494911,2050
4872,DJDJI,TRALI,2030.4555565721862,2011.8150593352948,2050
4874,CNGLA,CNXIA,2027.2147888668023,370.34421111458914,2050
4875,CNQUA,CNWGQ,2021.7725711535384,567.2026082012637,2050
4882,KRBUS,TWTAP,2005.1248431931465,738.0807410524922,2050
4891,CNDAL,TWTAP,1983.9694914265247,892.2568447391421,2050
4914,VNCMP,VNCMP,1947.4438943521498,377.60167165894063,2050
4922,CNBYQ,CNYSN,1928.7074596328407,727.8739226815095,2050
4974,BDCTG,BDCTG,1869.1702769908156,1494.8003578590526,2050
4975,CNTJN,JPTOK,1868.914681452583,1324.564893893746,2050
4983,CNSTO,CNZOS,1856.8165689375048,686.2551983653108,2050
4991,OMSAL,PKKAR,1852.5456269495892,1231.0222087651,2050
5002,BEZEE,GBLGP,1833.537206101411,202.94303942118225,2050
5004,KEMOM,KEMOM,1828.6323432306017,323.46606570004843,2050
5026,MTMAL,MTMAL,1790.0966559351455,117.88300396493081,2050
5056,CNMWN,MYPAG,1759.7061579302235,1479.0372026099228,2050
5061,KEMOM,MUPLO,1755.3704527259515,1540.6230870241043,2050
5062,CNFUN,CNYTN,1754.2037611123044,617.7411027746425,2050
5064,CNFUN,CNQIN,1753.34956723341,825.0631753765496,2050
5076,GTPQL,GTPQL,1735.7484702488327,12.479580933018125,2050
5085,USMIA,USNYK,1714.5037785651193,1007.5307851280069,2050
5099,CNQIZ,CNQIZ,1689.8104457172776,62.22889359140092,2050
5103,SIKOP,TRBAM,1686.1118272744284,1237.6223280718307,2050
5115,COBUE,COBUE,1668.2639032359882,401.2069566754333,2050
5141,BSFRE,BSFRE,1628.9802733048493,283.7155182141352,2050
5155,JMKIN,USPHI,1616.5923467024586,1467.6412874025677,2050
5171,USPEV,USPEV,1601.3589088973877,490.1395766369607,2050
5172,DEWVN,GBFEL,1596.9991034501577,370.59563926674264,2050
5178,JPYOK,KRGWA,1587.6468608593893,724.3849856940042,2050
5179,KRGWA,VNHPG,1586.835910164285,1595.7744877871746,2050
5209,BEZEE,DEBHN,1550.397695811911,378.95938957221006,2050
5214,DEWVN,GBSOU,1548.2553693250823,660.1237955704473,2050
5229,CAHFX,CAHFX,1526.6041369899615,558.9937707074698,2050
5232,EGSOK,ILASD,1521.9974386217864,300.38592065787975,2050
5242,EGSOK,RUNVS,1513.8436552633977,1493.4782365936032,2050
5244,CNGLA,CNQIN,1512.5742241358473,1291.709266133747,2050
5250,PAMIT,PAMIT,1507.3879255527843,742.517031705147,2050
5253,LBBRT,TRYAR,1503.5199065943289,947.2736454548075,2050
5254,CNQUA,JPOSK,1503.3645631043678,1090.6472769668724,2050
5261,FRDKK,GBSOU,1494.3626283290182,230.6098647673155,2050
5267,TGLOM,TGLOM,1488.1278071523875,43.42074909416758,2050
5270,CNDCB,HKHKG,1484.994576021857,36.292805398832414,2050
5279,JPOSK,PHMAN,1475.361921815371,1672.8103210429806,2050
5301,EGDAM,EGSOK,1444.1010717030065,595.6348638947361,2050
5310,CNFUN,VNHCM,1435.5437541550618,1306.1636242152297,2050
5315,BEZEE,FRLEH,1430.6394259449196,242.64755372100058,2050
5324,CNYTN,PHMAN,1420.309648747935,695.4975945722408,2050
5328,EGSOK,EGSOK,1416.0261961525644,2661.6157645440785,2050
5338,CNFUN,TWTCH,1408.153411902485,112.18463914514994,2050
5352,COCTA,USMIA,1394.1528705847809,1259.5761281125006,2050
5353,CLSAN,CLSAN,1392.3378262110393,260.7070910198476,2050
5360,CNRIZ,JPYOK,1383.8792389573773,1125.171846086036,2050
5376,DEBHN,FRDKK,1358.1212719296398,360.09420696575694,2050
5390,PKKAR,QAHMD,1346.8904549677736,949.5031864186735,2050
5396,JMKIN,PACRI,1341.8475169592748,597.5112745053635,2050
5407,BDCTG,INPPV,1325.749687543781,2539.5585625400954,2050
5447,CNTAI,KRBUS,1260.9299388229067,532.6217567604444,2050
5455,PHMAN,VNHPG,1254.876474207626,1024.8379033388926,2050
5484,FRLEH,FRLEH,1226.6810146053747,132.2179616961567,2050
5512,CNRIZ,PHMAN,1200.1987021973066,1463.557791542363,2050
5525,CNBYQ,CNBYQ,1190.2254239525523,1926.8021326796713,2050
5529,CNGLA,CNYTN,1184.6499776725852,101.92203180534419,2050
5536,AUFRE,AUFRE,1181.0778321754894,813.6397983861076,2050
5545,CNLYG,CNSTO,1169.4530846787684,969.864948095415,2050
5546,CNQIN,TWKEE,1168.9760798694174,748.8012695530026,2050
5566,KRINC,TWTCH,1152.6586471336889,888.2279291524626,2050
5568,DJDJI,DJDJI,1150.5448552276325,42.571325446684995,2050
5569,AUSYD,AUSYD,1150.075931827576,848.5363152845667,2050
5608,CNNSA,CNTAI,1101.884436291932,952.9835788241929,2050
5614,AEKFA,QAHMD,1098.722546924451,548.8979151699125,2050
5622,JPTOK,KRGWA,1087.0493818027637,740.3199629590102,2050
5630,TRALI,TRALI,1077.7767713196754,92.98375711223325,2050
5642,FRFOS,FRFOS,1067.2320738881458,68.21358098023585,2050
5644,GHTEM,GHTEM,1066.325094724357,27.118530587146346,2050
5654,AUBRI,AUBRI,1056.912110004697,578.780251852941,2050
5660,CNZOS,TWTCH,1049.0526737359914,415.49386444682455,2050
5662,CNQIZ,CNYTN,1048.9046363274877,457.55953771894787,2050
5690,JPNAG,JPNAG,1020.6456086665106,1606.5003702346532,2050
5703,CNQIZ,TWKAO,1006.4630557022026,733.7973713454022,2050
5707,AEKFA,AEKFA,1002.777865239359,695.7547498007665,2050
5738,EGDAM,EGDAM,973.782308259506,311.77121435774524,2050
5756,CNFUN,CNLYG,956.9023814201067,796.1194478396667,2050
5761,USLSA,USLSA,955.7968016660145,84.72522967821924,2050
5777,CNFUN,CNFUN,941.2267067669329,129.02656871175472,2050
5780,DEHAM,DEHAM,939.7936687783083,37.3187679485174,2050
5802,JPOSK,KRGWA,921.9541050423045,458.8046040309918,2050
5815,REREU,REREU,917.0333179246556,197.61710473447886,2050
5818,CGPNO,CGPNO,914.0102807865848,451.40780814850314,2050
5819,CNQIZ,CNSTO,913.0378177107714,599.3333377812767,2050
5829,CNTJN,TWTCH,905.6465484714452,1121.8794608562423,2050
5850,CNDCB,CNMWN,884.9024729942558,12.851717525850205,2050
5851,JPYOK,JPYOK,884.6315276600965,13.575894418057546,2050
5852,JPKOB,JPKOB,882.8667784639551,570.6926004788886,2050
5859,CNFUN,TWKEE,878.2091078678815,146.57151552212676,2050
5863,CNRIZ,CNTAI,877.841039206628,438.7169338007814,2050
5865,CIABI,CIABI,876.7519437966672,523.2839019828302,2050
5877,ITGIT,ITGIT,867.0751712647063,144.1146724605633,2050
5898,CNGLA,TWTCH,855.167228863813,468.66394408481364,2050
5924,TRMER,TRMER,838.971220707982,111.79197781062757,2050
5928,USLGB,USLGB,835.7062674686907,10.6805521097046,2050
5943,USNYK,USNYK,827.6932024501009,62.56293616328525,2050
5954,CNRIZ,TWKEE,821.1778751279511,837.3708791996911,2050
6095,CNMWN,CNQIZ,737.3838752111312,439.13230060929146,2050
6158,TWKEE,TWTAP,694.69999134711,51.171577022140774,2050
6182,AEKFA,PKKAR,678.7195081157946,603.8421971212224,2050
6183,QAHMD,QAHMD,678.5775929984381,285.4351863927256,2050
6280,AUMEL,AUMEL,620.1713079681384,320.75553350186016,2050
6300,CAVCR,CAVCR,609.9220279127411,39.63180965648907,2050
6321,CNFUN,TWTAP,599.028435696904,119.66014985475944,2050
6362,CNLYG,CNTAI,574.7286549927193,543.6916523131679,2050
6376,OMSOH,OMSOH,569.5881942907408,947.0169483714967,2050
6382,MXVER,MXVER,566.5994506765871,134.8649182644742,2050
6393,CNLYG,CNZOS,560.0472522263938,546.4956000248893,2050
6422,CNFUN,CNTAI,538.9028312833091,526.5638104129613,2050
6479,CNDCB,CNYTN,508.6300187021742,83.95271810430424,2050
6487,CNZOS,KRINC,506.31092926645255,500.4881028440512,2050
6493,KRGWA,KRGWA,503.3671239494165,338.9416982449315,2050
6516,EGSOK,TRMER,492.035902303941,473.9025387280235,2050
6521,CNGLA,TWKAO,488.69484742938977,428.4528807451513,2050
6582,CNTAI,KRINC,454.8143175472928,547.7118316602213,2050
6589,EGPSA,EGSOK,451.87146325633455,504.36318672543166,2050
6623,CNDCB,CNDCB,439.2849562163218,61.46502330253157,2050
6627,MYPAG,MYPAG,437.1949572656072,685.3566263678568,2050
6634,CNSTO,TWKEE,433.4623268196943,323.3469492216908,2050
6646,CNFUN,CNZOS,430.1100820061679,254.3517225873587,2050
6666,CNBYQ,CNZOS,421.749926608286,734.1433058231412,2050
6667,CNYTN,TWTCH,421.7261030981372,381.5030839941265,2050
6679,USMIA,USPEV,414.09518825630533,37.461080788381054,2050
6822,TWKEE,TWKEE,344.3727143058249,695.0545830723997,2050
6824,ESLPA,ESLPA,343.3807557796631,484.12762668214435,2050
6936,CNDCB,CNGLA,294.18598858071715,113.10160424216234,2050
6950,ZACPT,ZACPT,289.5982166996195,46.23362498024609,2050
6977,USLGB,USLSA,277.22178724277916,6.8520928442001505,2050
7042,GBFEL,GBFEL,254.1097768615223,135.42265312413738,2050
7054,CNRIZ,CNRIZ,246.6221025527028,20.53863057542538,2050
7066,CNGLA,CNSHE,243.61403735237593,102.96888427814724,2050
7154,PKKAR,PKKAR,216.5719408999105,19.43825226375972,2050
7159,CNQUA,TWTAP,214.459791841645,153.6587082137344,2050
7252,NZTAU,NZTAU,188.34854106174254,28.73434312286995,2050
7292,CNQUA,TWKEE,174.25550682278637,183.6569849631719,2050
7299,KRINC,KRINC,173.26841963077365,47.4477080168752,2050
7342,JPTOK,JPTOK,159.61001717092734,10.833025409379884,2050
7397,JPOSK,JPOSK,138.34269577414778,208.28444304329847,2050
7408,PLGDA,PLGDA,134.56163901457643,20.989436511307453,2050
7431,CNGLA,CNMWN,127.53491779007338,70.5027110770135,2050
7575,CNQUA,HKHKG,87.68131666187436,333.3091636706472,2050
