origin_port,dest_port,frequency,n_vessels,total_emission,mean_distance,mean_speed,mean_load_factor,EF_avg_e,n_legs_direct,corridor_id,E_e,eta_LNG,eta_green_methanol,eta_green_ammonia,alpha_e,W_e,origin_lon,origin_lat,dest_lon,dest_lat,gc_distance_nm,range_violating_LNG,k_e_LNG,range_violating_green_methanol,k_e_green_methanol,range_violating_green_ammonia,k_e_green_ammonia
MATAN,SGSGP,244.0,127,3186539.1807995965,10896.68319553589,16.356190114645326,0.6443644764784269,625.4289473364067,236,0,3186539.1807995965,0.13435410640052947,0.8180448786634287,0.9389219188483565,1.0,2606732.0575134675,-5.797516,35.789733,103.802776,1.248823,6305.966526821533,False,0,True,1,True,2
NLROT,SGSGP,193.0,91,2341846.812303471,11961.67759882148,16.025468683613802,0.587212336386024,628.763115966596,161,1,2341846.812303471,0.1389444033024949,0.8190097397410859,0.9392458001591343,0.8497409326424871,1629799.1560328386,4.03038,52.002215,103.802776,1.248823,5704.322736595839,False,0,True,1,True,2
MYTPP,NLROT,136.0,66,2083470.5995070843,11931.300469961157,17.585803376120626,0.7498014464497337,630.369537343578,128,2,2083470.5995070843,0.14113870051288013,0.8194709717738562,0.9394006249715405,0.9338235294117647,1594357.6982258956,103.549576,1.327854,4.03038,52.002215,5691.301502173687,False,0,True,1,True,2
ESVAL,SGSGP,143.0,83,1745877.505838655,11240.422121220994,16.706911651788218,0.5994224082720712,623.9025867781195,111,3,1745877.505838655,0.1322363274756868,0.8175997304520376,0.9387724929988386,0.965034965034965,1377518.8740439333,-0.316667,39.45,103.802776,1.248823,6006.936742345254,False,0,True,1,True,2
BRSTS,SGSGP,308.0,98,1720793.4869570662,9178.026636144456,16.46016750415021,0.4417051069800278,627.4999290693813,244,4,1720793.4869570662,0.1372110578515483,0.8186453978269417,0.9391234990948082,0.9188311688311688,1294375.539754408,-46.306133,-23.95,103.802776,1.248823,8599.26125352153,False,0,True,1,True,1
EGPSA,SGSGP,102.0,42,1517405.0130149361,12795.835088765278,17.20054639443456,0.6799633402943237,630.660084792157,97,5,1517405.0130149361,0.14153438111050576,0.8195541421691459,0.939428543329186,1.0,1243595.5637646175,32.319633,31.269083,103.802776,1.248823,4417.6949977457625,False,0,True,1,True,2
KRBUS,USLGB,302.0,101,1251079.2534023072,5636.956817163628,16.607683845873726,0.40420092465621016,630.4225082392643,289,6,1251079.2534023072,0.14121086584915776,0.8194861406236316,0.9394057167998482,0.695364238410596,712916.6983007938,129.052391,35.112607,-118.217354,33.74561,5208.498867553833,False,0,False,0,True,1
KRBUS,MXMAN,237.0,129,1158471.0287188366,6752.66309664529,15.422196473833445,0.41698763639731523,627.6571288800578,232,7,1158471.0287188366,0.13742714757971175,0.8186908189777821,0.9391387459134558,0.8481012658227848,804364.3402870694,129.052391,35.112607,-104.293756,19.073908,6356.88678173363,False,0,False,0,True,1
CNSHE,SGSGP,1128.0,458,1107960.476158061,1499.6786815258852,14.182299896430479,0.3597878818744452,627.6505000144614,1057,8,1107960.476158061,0.13741803760607874,0.8186889040996892,0.9391381031336391,0.6640070921985816,602304.1986353706,113.8943,22.467416,103.802776,1.248823,1403.5726228500714,False,0,False,0,False,0
GRPIR,SGSGP,100.0,53,1080479.2070073474,12368.910280666432,16.689012508866078,0.5546972977319667,630.649722984405,97,9,1080479.2070073474,0.14152027620348617,0.8195511773770904,0.939427548117793,0.99,876652.9261719931,23.65,37.933333,103.802776,1.248823,4891.746880858865,False,0,True,1,True,2
CNYTN,SGSGP,640.0,279,1035466.535007759,1503.4212416448813,14.921223797953928,0.5129085415411258,623.3326937157761,616,10,1035466.535007759,0.13144295901978698,0.8174329677437232,0.9387165146556259,0.9359375,792200.4142870479,114.263091,22.566543,103.802776,1.248823,1418.044886458818,False,0,False,0,False,0
ESALG,SGSGP,83.0,60,991727.5930074215,10814.450864614688,15.720735145503243,0.5658900291955207,624.6661051315245,81,11,991727.5930074215,0.13329697969444454,0.8178226750816915,0.9388473302998297,0.9879518072289156,801285.5382094437,-5.433333,36.116667,103.802776,1.248823,6284.379345507191,False,0,True,1,True,2
SGSGP,USNYK,98.0,49,961148.5030470471,12596.135485277313,17.269336397007056,0.42160029905207114,630.3031440771608,92,12,961148.5030470471,0.141048231969913,0.819451955667115,0.9393942417089964,0.3979591836734694,313438.63061049476,103.802776,1.248823,-74.049568,40.663452,8288.108506446199,False,0,True,1,True,2
CNYTN,USLSA,171.0,89,875273.8811929516,6534.766149222274,17.547406532458236,0.5299979892968278,627.9098464656222,166,13,875273.8811929516,0.13777431099793813,0.8187637912662825,0.9391632410050262,0.8596491228070176,616061.1492409271,114.263091,22.566543,-118.244,33.738045,6288.038073002395,False,0,False,0,True,1
KRBUS,USHOU,124.0,50,858034.6960484636,10136.900110282479,16.0713697550183,0.38805448982309276,630.7,63,14,858034.6960484636,0.1415887109560806,0.8195655620738862,0.9394323767242746,0.6451612903225806,453687.54061022913,129.052391,35.112607,-94.97475,29.6069,6192.128186752496,False,0,True,1,True,2
KRBUS,PABAL,148.0,101,848150.5638338559,8391.073074465625,16.9356247441237,0.40869508089413925,630.3810029128232,77,15,848150.5638338559,0.14115432175409104,0.8194742552929729,0.9394017271721579,0.5675675675675675,394480.7725717661,129.052391,35.112607,-79.57037,8.954178,7703.193333867882,False,0,True,1,True,1
ESALG,MYTPP,57.0,23,842305.9444114325,10898.904482301296,17.907411111322098,0.7832548794290052,630.6999999999999,57,16,842305.9444114325,0.1415887109560805,0.8195655620738862,0.9394323767242746,0.8070175438596491,557104.3413931164,-5.433333,36.116667,103.549576,1.327854,6269.476334666067,False,0,True,1,True,2
CNNBO,CNYSN,3091.0,1153,839052.5385140642,224.17032981614088,7.594941563615394,0.20848186602896296,628.4567124684474,1958,17,839052.5385140642,0.13852459643004966,0.8189214981044324,0.9392161795042998,0.8362989323843416,574636.1851588688,121.683333,29.966667,122.066667,30.633333,44.688068643847636,False,0,False,0,False,0
GBFEL,SGSGP,55.0,31,792891.8021761689,11921.674139340115,15.938291364359248,0.5901685515915489,625.9020478925376,43,18,792891.8021761689,0.13500842212781183,0.8181824130737809,0.9389680859351356,1.0,648730.1280109168,1.3,51.933333,103.802776,1.248823,5804.596582088126,False,0,True,1,True,2
LKCOL,MATAN,82.0,56,715563.6352843776,9567.885229349895,17.69386123663989,0.550915397605016,630.2031220448249,82,20,715563.6352843776,0.14091190433440692,0.8194233001722488,0.9393846227291731,0.7317073170731707,429036.23085949477,79.85,6.95,-5.797516,35.789733,4948.66415624456,False,0,True,1,True,1
LKCOL,USNYK,81.0,56,708770.767922743,11383.213898847693,16.64747369829438,0.4663323197796636,630.4032054170204,71,21,708770.767922743,0.14118456989466543,0.8194806133247377,0.9394038614148065,0.6666666666666666,387215.93573598313,79.85,6.95,-74.049568,40.663452,7605.91881943662,False,0,True,1,True,2
AEJAL,SGSGP,278.0,132,700420.5125458671,3570.511638444872,15.410059446317792,0.41387832883684855,630.5399362196839,222,22,700420.5125458671,0.1413708015928543,0.8195197584434186,0.9394170015161563,0.7769784172661871,445992.17639599775,55.0606,25.0136,103.802776,1.248823,3161.1813120480756,False,0,False,0,False,0
ILASD,SGSGP,54.0,33,695710.0888035056,12836.446758941884,16.713433171686955,0.5856297149066646,630.5824109906702,53,23,695710.0888035056,0.14142863713968967,0.8195319152318004,0.9394210822658592,1.0,570156.6215232229,34.65,31.816667,103.802776,1.248823,4305.521522754551,False,0,True,1,True,2
MATAN,OMSAL,108.0,52,691006.6673869805,9461.206039977245,16.979994013775563,0.46515179027887693,630.6804462791014,108,24,691006.6673869805,0.14156209663045616,0.819559967854721,0.939430498875662,0.6018518518518519,340841.5846038857,-5.797516,35.789733,54.002781,16.946141,3355.7169153172586,False,0,True,1,True,1
KRBUS,USNYK,92.0,44,653656.3092541696,10704.12508316019,16.37213271693744,0.38318022477480146,630.7000000000002,73,25,653656.3092541696,0.14158871095608083,0.8195655620738862,0.9394323767242746,0.782608695652174,419254.5916933322,129.052391,35.112607,-74.049568,40.663452,6082.120728214737,False,0,True,1,True,2
GBFEL,MYTPP,61.0,46,650091.097430476,12331.121064714129,15.619315658969363,0.4741424709125301,630.1140034584027,51,26,650091.097430476,0.14079040137418442,0.819397760761696,0.9393760497460174,0.9836065573770492,523950.67822194647,1.3,51.933333,103.549576,1.327854,5791.609154966137,False,0,True,1,True,2
LKCOL,NLROT,45.0,21,646963.2365946696,10717.392983797907,17.615483495091745,0.794666184098957,625.6991579433421,44,27,646963.2365946696,0.13472793893543256,0.8181234566879427,0.9389482956544764,0.9555555555555556,505771.54171850154,79.85,6.95,4.03038,52.002215,4551.94140145919,False,0,True,1,True,2
CNQIN,SGSGP,399.0,213,641002.2456064165,2580.1470039057012,15.058088379813482,0.39155801415136726,627.5721678316536,276,28,641002.2456064165,0.13731037201568397,0.8186662732460008,0.9391305064850372,0.7218045112781954,378779.1299028615,120.2667,36.0333,103.802776,1.248823,2280.7332048981575,False,0,False,0,False,0
INNSA,MYPKE,616.0,192,631740.0993023245,2323.934575434996,14.535857832841725,0.322253260929252,630.6687044017046,429,29,631740.0993023245,0.1415461141145271,0.8195566083971799,0.9394293711842906,0.4935064935064935,255511.39455276632,72.9428,18.953883,101.34485,3.00525,1922.756266066833,False,0,False,0,False,0
EGDAM,SGSGP,70.0,38,607032.0743585847,12749.168153446833,16.45697327082167,0.4586831074310888,630.3498503038319,65,30,607032.0743585847,0.14111187662051106,0.8194653335046438,0.9393987323363567,1.0,497441.74126227334,31.757526,31.481673,103.802776,1.248823,4448.099551464168,False,0,True,1,True,2
CNQIN,KRBUS,1780.0,632,589076.7135303138,546.6300173027712,11.432542428337257,0.27362459669665207,629.6173880072369,1466,31,589076.7135303138,0.14011269333975718,0.819255309386894,0.9393282321492034,0.7061797752808989,340805.3432984473,120.2667,36.0333,129.052391,35.112607,432.44654231935135,False,0,False,0,False,0
LKCOL,SGSGP,548.0,326,582838.4715734911,1649.9589696374508,13.41325539532757,0.3412464753944577,627.8051688611499,492,32,582838.4715734911,0.13763054709774136,0.8187335726998947,0.939153097338629,0.6441605839416058,307386.6181036926,79.85,6.95,103.802776,1.248823,1474.0928280650671,False,0,False,0,False,0
FRLEH,SGSGP,61.0,36,582650.3518907363,11581.349970297862,16.362228189441385,0.455947781562797,623.7898235581677,57,33,582650.3518907363,0.13207946081615574,0.8175667577408173,0.9387614248303974,0.5901639344262295,281127.87093945575,0.094067,49.480233,103.802776,1.248823,5877.6949125497495,False,0,True,1,True,2
CNNBO,CNWGQ,4844.0,961,581093.9681094631,250.29783500390008,10.07057090792721,0.22448219344404666,630.6214433897696,2536,34,581093.9681094631,0.14148177852972943,0.8195430853281921,0.9394248318061242,0.6040462427745664,287665.87453588605,121.683333,29.966667,121.617967,31.353633,83.34247453011474,False,0,False,0,False,0
CNNSA,SGSGP,823.0,278,559306.4221603577,1478.7292866803587,14.362900570175121,0.33096855847836,629.1575763061954,775,35,559306.4221603577,0.13948425579077195,0.8191232144606388,0.9392838909700914,0.6026731470230863,276109.20254760847,113.682083,22.64515,103.802776,1.248823,1408.0413391936736,False,0,False,0,False,0
HKHKG,SGSGP,658.0,261,558551.5060491528,1486.3665640866402,14.976777430642269,0.3961009050555645,628.6132839228351,639,36,558551.5060491528,0.13873916786897067,0.818966600117268,0.9392313191957788,0.7872340425531915,360108.42621871934,114.181938,22.298785,103.802776,1.248823,1401.6753807801063,False,0,False,0,False,0
KRBUS,MXLCS,115.0,95,553253.0009200337,6926.038501795422,15.012348255726142,0.42301036626714134,629.2186417136818,111,37,553253.0009200337,0.13956776848585906,0.8191407684774488,0.9392897834432209,0.7652173913043478,346790.46759631316,129.052391,35.112607,-102.166667,17.883333,6491.476424865248,False,0,False,0,True,1
BEANT,CNYSN,44.0,16,550957.3852266399,14057.732023917448,17.71092000767232,0.5282310933991761,630.1551390593373,44,38,550957.3852266399,0.14084648931345123,0.8194095502103265,0.9393800071883521,1.0,451459.7432136186,4.4,51.2167,122.066667,30.633333,4896.3092813334215,False,0,True,1,True,2
FRDKK,SGSGP,33.0,16,547017.4780811607,12067.006938983059,17.87684101449561,0.7990847489074808,565.7579967536656,32,39,547017.4780811607,0.043053738335882885,0.7988539257898476,0.9324799645445709,1.0,436987.05984079716,2.35,51.0667,103.802776,1.248823,5775.186156148858,False,0,True,1,True,2
SGSGP,THLCB,1511.0,316,529276.6604257323,833.6844969780634,12.94480619507981,0.31285602941584345,629.8031044460923,1401,40,529276.6604257323,0.14036625704448102,0.819308607409793,0.9393461230496845,0.47121111846459296,204336.4246158794,103.802776,1.248823,100.886078,13.056152,729.8242527659659,False,0,False,0,False,0
CNYSN,KRBUS,1109.0,512,528838.255823414,555.4569569039575,9.846806456872276,0.2554922359355153,629.0764768499678,1070,41,528838.255823414,0.13937331958269727,0.8190998961368876,0.9392760635538586,0.7989179440937781,346068.3727055903,122.066667,30.633333,129.052391,35.112607,442.9796288954696,False,0,False,0,False,0
CNQIN,CNYSN,1122.0,521,520497.6833307874,519.0183585091884,10.60952463993799,0.2537251007448043,627.4382703184443,868,42,520497.6833307874,0.13712627104301,0.8186275759968499,0.9391175167230199,0.7433155080213903,316722.09731321456,120.2667,36.0333,122.066667,30.633333,336.5336443102714,False,0,False,0,False,0
MYTPP,PTSNS,41.0,17,514487.15368446294,10885.341486366282,17.472478650841534,0.6231475948874864,626.8108832880287,40,43,514487.15368446294,0.1362626041845243,0.8184460368603599,0.9390565782782578,1.0,421079.9719486156,103.549576,1.327854,-8.866667,37.95,6402.749793329105,False,0,True,1,True,2
INMUN,MATAN,72.0,30,514112.40673043235,9899.179154086803,16.182107192335078,0.34268648301004234,630.7000000000002,70,44,514112.40673043235,0.14158871095608083,0.8195655620738862,0.9394323767242746,0.6944444444444444,292603.34971610084,69.7,22.766667,-5.797516,35.789733,3936.713455851056,False,0,True,1,True,1
CNYSN,USLGB,106.0,44,488767.91403771256,5994.381363815245,16.94241772568348,0.3858598032142389,630.6235761020284,101,46,488767.91403771256,0.14148468196119746,0.8195436956172595,0.939425036665899,0.660377358490566,264525.1545270983,122.066667,30.633333,-118.217354,33.74561,5650.180783604128,False,0,False,0,True,1
JPYOK,MXMAN,87.0,54,462521.68765103444,6209.876085059862,17.71475971601079,0.5360430026153022,627.6887319869227,86,48,462521.68765103444,0.1374705767200557,0.818699947600189,0.9391418101786223,0.9885057471264368,374313.9931513948,139.679832,35.450183,-104.293756,19.073908,5915.635863013831,False,0,False,0,True,1
CAHFX,LKCOL,58.0,38,455390.1801952907,11096.325388358942,16.033049717134524,0.4336161745578278,623.9732605433352,56,49,455390.1801952907,0.132334613940721,0.8176203898530736,0.9387794278768665,0.896551724137931,333818.7487355142,-63.57595,44.655955,79.85,6.95,7133.867125480561,False,0,True,1,True,2
CAVCR,KRBUS,149.0,82,453109.5723189485,4873.130018241599,14.816967724580405,0.3423393523731546,630.5060271672485,139,51,453109.5723189485,0.1413246239176904,0.8195100520905674,0.9394137433203837,0.6711409395973155,249213.3216200243,-123.116667,49.283333,129.052391,35.112607,4453.996500161266,False,0,False,0,False,0
INMUN,USNYK,57.0,34,447763.5345905436,11567.108868013545,16.972006499112872,0.3842257308328559,630.7,53,52,447763.5345905436,0.1415887109560806,0.8195655620738862,0.9394323767242746,0.7543859649122807,276838.2041197232,69.7,22.766667,-74.049568,40.663452,6494.815663191851,False,0,True,1,True,2
KRBUS,USLSA,130.0,62,443814.84964763914,5473.942662033376,16.564528872855572,0.42761477993719615,630.1464092885197,122,53,443814.84964763914,0.140834586979113,0.8194070483897729,0.9393791673856707,0.7769230769230769,282539.74318548926,129.052391,35.112607,-118.244,33.738045,5207.7908382902715,False,0,False,0,True,1
AEKHA,MATAN,39.0,25,443597.1267893509,10357.694783685694,18.582363737702305,0.6140241611753668,630.4121267595051,39,54,443597.1267893509,0.14119672351014623,0.819483167963529,0.9394047189473358,0.6153846153846154,223704.8484682194,54.659214,24.802318,-5.797516,35.789733,3153.688267960499,False,0,True,1,True,2
TWKAO,USLGB,97.0,19,443418.8685929173,6348.668778885065,16.53070477666364,0.34782722844925423,630.7,95,55,443418.8685929173,0.1415887109560806,0.8195655620738862,0.9394323767242746,0.8762886597938144,318452.79291921936,120.260382,22.620829,-118.217354,33.74561,6052.949714512584,False,0,False,0,True,1
CNNBO,SGSGP,327.0,176,429571.71503997344,2183.934476268976,15.022223076445494,0.4055792597821391,628.387886626901,277,57,429571.71503997344,0.13843024106311141,0.818901665003661,0.9392095219959565,0.72782874617737,256033.40751976013,121.683333,29.966667,103.802776,1.248823,2003.3858029375665,False,0,False,0,False,0
CNTJN,SGSGP,196.0,101,421292.4559074931,2883.901192755801,15.803007852714634,0.4641287238533906,630.4453371817093,179,58,421292.4559074931,0.14124196330766792,0.8194926771784496,0.939407910968513,0.8112244897959183,280072.0771842232,117.8143,38.97075,103.802776,1.248823,2391.869432148379,False,0,False,0,False,0
CNQIN,CNWGQ,2140.0,594,419456.7882358336,478.3278370420253,10.40014516448846,0.23807215332124582,630.5982373054031,1563,59,419456.7882358336,0.14145018496492212,0.8195364444939197,0.9394226026332841,0.6817757009345794,234367.3000727178,120.2667,36.0333,121.617967,31.353633,288.95387911645236,False,0,False,0,False,0
CNNBO,USLGB,105.0,52,417783.978483863,5936.14682426146,16.952130864231336,0.42720302589977677,630.5372558122433,89,60,417783.978483863,0.14136715156889312,0.8195189912237533,0.939416743978448,0.780952380952381,267383.96358968015,121.683333,29.966667,-118.217354,33.74561,5692.200998276048,False,0,False,0,True,1
GHTEM,SGSGP,110.0,73,409791.84370078245,8331.657544945128,15.608080132247418,0.3541820250296217,630.2677043761156,56,61,409791.84370078245,0.14099993345539308,0.8194418035227626,0.9393908338714371,0.7363636363636363,247271.3269559824,0.016667,5.633333,103.802776,1.248823,6219.51687381601,False,0,True,1,True,1
BRRDJ,SGSGP,67.0,38,409712.87037132855,9229.020099312398,17.245829943143416,0.4885460949250828,614.6713911695318,66,62,409712.87037132855,0.11920416701047165,0.8148604252046392,0.9378529722567418,0.8507462686567164,284029.1315592218,-43.1667,-22.916667,103.802776,1.248823,8484.16541967193,False,0,True,1,True,1
INMUN,INNSA,1637.0,567,405382.6732110117,475.4684291766347,11.300030898243948,0.2623839727664514,630.2460716970749,1154,63,405382.6732110117,0.14097044898326372,0.8194356060108892,0.9393887535115638,0.5088576664630422,169034.88214741604,69.7,22.766667,72.9428,18.953883,292.3822316478465,False,0,False,0,False,0
CNNBO,KRBUS,960.0,413,402158.3193223175,567.2612736112139,10.637966810589532,0.2644009465094188,629.8539324243669,821,64,402158.3193223175,0.14043562780325825,0.8193231888511466,0.9393510176987153,0.696875,229618.6655127184,121.683333,29.966667,129.052391,35.112607,484.06093284852756,False,0,False,0,False,0
CNMWN,SGSGP,423.0,190,400646.45523419447,1487.9224267497864,14.088216599636727,0.34363990336520933,630.3360372229591,410,65,400646.45523419447,0.14109305508658576,0.8194613772974759,0.9393974043300841,0.7470449172576832,245265.5261014619,113.862187,22.508158,103.802776,1.248823,1404.9836483566105,False,0,False,0,False,0
MYPKE,SGSGP,3474.0,644,389963.2894412713,239.44165877432502,9.70422380544389,0.23765908859791582,630.3478599702621,2730,66,389963.2894412713,0.14110916466736068,0.8194647634635125,0.9393985409868733,0.4939550949913644,157848.87042496228,101.34485,3.00525,103.802776,1.248823,181.29473394393423,False,0,False,0,False,0
CNYSN,MYTPP,187.0,96,389146.9633002585,2225.9929374203152,15.72554550565102,0.5712167593591247,630.5745886901639,181,67,389146.9633002585,0.14141798653098003,0.8195296765187025,0.9394203307822007,0.8128342245989305,259227.0465917531,122.066667,30.633333,103.549576,1.327854,2050.8872754899726,False,0,False,0,False,0
CNNBO,CNYTN,609.0,313,388521.4592938375,797.685773006305,13.118248213881172,0.3324858357525798,623.5480642254475,448,68,388521.4592938375,0.13174295445450446,0.8174960255207289,0.9387376816774327,0.7947454844006568,252422.88738961788,121.683333,29.966667,114.263091,22.566543,597.1524062884863,False,0,False,0,False,0
AEJAL,MYPKE,224.0,104,387005.4036540582,3375.6527596755295,15.175074816295153,0.32757814527037954,628.3076105595375,138,69,387005.4036540582,0.13832016212909182,0.8188785268753059,0.9392017550671062,0.7098214285714286,224949.8033887764,55.0606,25.0136,101.34485,3.00525,2980.491666214786,False,0,False,0,False,0
CNYSN,MXMAN,77.0,42,386544.7263837518,7139.057358442411,16.15357254965025,0.40545409593064236,629.5138780959303,74,70,386544.7263837518,0.13997130351191844,0.8192255898405177,0.9393182559921598,0.8571428571428571,271429.1412612605,122.066667,30.633333,-104.293756,19.073908,6799.406653871914,False,0,False,0,True,1
CNNBO,CNSHE,786.0,356,383057.21060374484,811.0146135056527,13.22900829318215,0.32580961938181824,629.2716304238384,696,71,383057.21060374484,0.13964022240229312,0.8191559979855577,0.9392948956331134,0.6730279898218829,211185.1533795545,121.683333,29.966667,113.8943,22.467416,615.0329553645491,False,0,False,0,False,0
COCTA,KRBUS,52.0,22,380975.0917368336,9660.403483600454,14.487641873873843,0.36070619175102814,630.592887815056,50,72,380975.0917368336,0.14144290165418905,0.8195349135726758,0.9394220887388068,1.0,312222.38887988817,-75.540962,10.394286,129.052391,35.112607,7738.643932669051,False,0,True,1,True,1
CLSAN,HKHKG,56.0,29,371184.94183653564,10615.601003619375,16.931576803434396,0.3497921214099428,630.6999999999999,56,74,371184.94183653564,0.1415887109560805,0.8195655620738862,0.9394323767242746,0.7857142857142857,239022.45359898955,-71.616667,-33.5833,114.181938,22.298785,10063.604080775129,False,0,True,1,True,2
CNQIN,MYPKE,232.0,128,370663.2238685389,2787.7390964268407,15.569032639199577,0.41315481196247195,614.8872011197514,147,75,370663.2238685389,0.11951330420591966,0.8149254045412517,0.9378747843011934,0.6681034482758621,201809.2501605311,120.2667,36.0333,101.34485,3.00525,2243.5305760962747,False,0,False,0,False,0
BRSTS,MATAN,119.0,17,367443.1314484607,4442.171356571199,16.549772104701642,0.51782573831174,630.6999999999999,108,76,367443.1314484607,0.1415887109560805,0.8195655620738862,0.9394323767242746,1.0,301143.7365557465,-46.306133,-23.95,-5.797516,35.789733,4260.432383979919,False,0,False,0,False,0
KRBUS,USOAK,116.0,53,365683.8070347949,5231.17029277046,15.219033092077773,0.3567777252494889,630.0123560376355,115,77,365683.8070347949,0.14065177482382907,0.8193686220446098,0.9393662685597899,0.9051724137931034,271216.66286882176,129.052391,35.112607,-122.320518,37.814824,4898.754645625859,False,0,False,0,True,1
CNYTN,USLGB,79.0,33,365481.32743353123,6552.140135223991,18.159659677951062,0.5256511222953969,630.7,74,78,365481.32743353123,0.1415887109560806,0.8195655620738862,0.9394323767242746,0.7974683544303798,238870.40887811445,114.263091,22.566543,-118.217354,33.74561,6288.749217466294,False,0,False,0,True,1
CNSHE,MYPKE,520.0,160,358342.2081278011,1687.8894003299451,14.778331647832344,0.3637787314806078,630.0322971326399,349,79,358342.2081278011,0.1406789739764409,0.8193743391919449,0.9393681876725157,0.5865384615384616,172217.31739756983,113.8943,22.467416,101.34485,3.00525,1378.203430262849,False,0,False,0,False,0
BEZEE,SGSGP,31.0,22,355809.7398326695,11896.915383750022,15.609984067428849,0.5007331975858337,627.1828039178281,29,80,355809.7398326695,0.13677480215013538,0.81855369871571,0.939092717846574,1.0,291249.3785791061,3.2,51.333333,103.802776,1.248823,5741.020290935177,False,0,True,1,True,2
CNQIN,CNTJN,1360.0,404,353957.55242325354,522.6478103970941,11.778122801486075,0.2741445139027002,630.0282157171114,816,81,353957.55242325354,0.14067340716833276,0.819373169072324,0.9393677948907099,0.6154411764705883,178492.29415471046,120.2667,36.0333,117.8143,38.97075,211.52088938713973,False,0,False,0,False,0
ESBAR,SGSGP,36.0,25,353172.0696010328,11395.652473262484,14.802416522098222,0.5300590823096467,630.4999629482675,36,82,353172.0696010328,0.14131636508213108,0.8195083161181133,0.9394131605950081,0.9722222222222222,281387.79672372784,2.166667,41.35,103.802776,1.248823,5876.332545540555,False,0,True,1,True,2
JPYOK,MXESE,96.0,30,347033.3775075061,5234.144104072473,15.924334919802314,0.40522876514283634,630.2808064521453,93,83,347033.3775075061,0.1410177900743257,0.8194455569088627,0.9393920937954179,0.84375,239941.37190735165,139.679832,35.450183,-116.6246,31.850733,4912.669556372769,False,0,False,0,True,1
CNYTN,MYTPP,254.0,136,345029.25316079013,1519.2697098317246,15.384005730453586,0.4604959417233248,629.7116473836396,241,84,345029.25316079013,0.1402414069210276,0.819282364439625,0.9393373138980112,0.8070866141732284,228144.32432178766,114.263091,22.566543,103.549576,1.327854,1420.177240735508,False,0,False,0,False,0
CNNBO,CNNSA,766.0,267,336254.45269729896,840.4108557404172,13.779230600395438,0.32807920540656693,630.5633757294408,657,85,336254.45269729896,0.14140271884058597,0.8195264673144785,0.9394192535273557,0.7101827676240209,195704.65602265374,121.683333,29.966667,113.682083,22.64515,614.9783412753962,False,0,False,0,False,0
CNNBO,CNXIA,1142.0,414,333985.17963126046,545.3779799391267,13.093790719764254,0.3261302169438767,628.2284553814152,891,86,333985.17963126046,0.13821159267403638,0.8188557060330723,0.9391940946437906,0.8038528896672504,219842.24616959027,121.683333,29.966667,118.042517,24.44535,384.2329989961004,False,0,False,0,False,0
CLSAN,PECAL,423.0,124,332680.25342125964,1356.739649987714,15.86017124751696,0.43432777734233347,630.0890794947971,389,87,332680.25342125964,0.14075641426115126,0.8193906168136664,0.939373651689649,0.7730496453900709,210729.5284236201,-71.616667,-33.5833,-77.15,-12.05,1327.9967726375646,False,0,False,0,False,0
JMKIN,KRBUS,38.0,16,330513.98295771563,9066.472977962047,16.847548572770393,0.693965159529609,630.505456595153,19,88,330513.98295771563,0.14132384686460775,0.8195098887572818,0.9394136884932176,0.9736842105263158,263731.59642202465,-76.7936,17.997,129.052391,35.112607,7294.769095591336,False,0,True,1,True,1
CNYSN,SGSGP,164.0,119,327578.2386433292,2250.244141225643,14.509133879996103,0.45638018265940117,626.8089757778674,151,89,327578.2386433292,0.13625997565187264,0.8184454843538661,0.9390563928147424,0.8780487804878049,235409.2069962959,122.066667,30.633333,103.802776,1.248823,2047.6869082331768,False,0,False,0,False,0
JPYOK,MXLCS,56.0,36,327114.09339714533,6352.909293309731,17.054986110928922,0.5238476539078639,627.4606916039994,55,90,327114.09339714533,0.1371571044299198,0.8186340570449295,0.93911969225937,0.9642857142857143,258222.92534448343,139.679832,35.450183,-102.166667,17.883333,6053.162101754083,False,0,False,0,True,1
LKCOL,MYTPP,232.0,108,325864.40922239865,1623.3579877132765,14.835079468781569,0.443671856862077,629.1707582333953,216,91,325864.40922239865,0.13950228468951853,0.8191270040592301,0.9392851630497592,0.6379310344827587,170279.31859426468,79.85,6.95,103.549576,1.327854,1458.1967122127503,False,0,False,0,False,0
CNYTN,ESALG,26.0,17,324249.6959892812,12451.344643463197,13.73096430899138,0.45906260139366306,630.6999999999999,26,92,324249.6959892812,0.1415887109560805,0.8195655620738862,0.9394323767242746,0.9615384615384616,255522.96571705956,114.263091,22.566543,-5.433333,36.116667,5898.506110646396,False,0,True,1,True,2
GBLGP,LKCOL,38.0,28,323877.5852989634,10723.168037641475,16.63132817637036,0.388346462405755,630.5553002679213,31,93,323877.5852989634,0.1413917228671926,0.8195241560071787,0.9394184776755204,0.47368421052631576,125727.87066715704,0.486317,51.502973,79.85,6.95,4680.205746329894,False,0,True,1,True,2
KRBUS,USSEA,118.0,47,321384.6349639576,4835.879049446319,16.404255150828853,0.4321943361654861,630.2452811328463,116,94,321384.6349639576,0.1409693714376563,0.8194353795153404,0.9393886774823023,0.8135593220338984,214254.05314339502,129.052391,35.112607,-122.333333,47.6,4539.086777627776,False,0,False,0,False,0
CNNBO,CNQIN,962.0,444,321144.59483065625,664.6072391727124,11.78932616730123,0.2594788152098945,630.3155475626712,545,95,321144.59483065625,0.14106513460836145,0.8194555085305348,0.9393954343222006,0.6798336798336798,178907.55151121347,121.683333,29.966667,120.2667,36.0333,371.1480622296862,False,0,False,0,False,0
AEJAL,MATAN,41.0,21,320702.701472971,10141.01323183827,17.55853684602582,0.4138848539114073,630.7,33,96,320702.701472971,0.1415887109560806,0.8195655620738862,0.9394323767242746,0.5365853658536586,141034.42866850737,55.0606,25.0136,-5.797516,35.789733,3167.339767216329,False,0,True,1,True,2
CAHFX,SGSGP,39.0,23,318451.3385663589,12229.640905387194,15.704947810498199,0.430097442539524,626.1734061163296,38,97,318451.3385663589,0.13538327448639764,0.8182612054609384,0.9389945346977843,0.9743589743589743,253894.93063298496,-63.57595,44.655955,103.802776,1.248823,7969.74914154213,False,0,True,1,True,2
ESVAL,INMUN,46.0,26,317683.9530345188,10261.29725302131,16.419169752442777,0.35945720247603397,628.7629680988437,34,98,317683.9530345188,0.13894420080590675,0.8190096971771559,0.9392457858714178,0.5869565217391305,152718.00936232094,-0.316667,39.45,69.7,22.766667,3645.1041821572007,False,0,True,1,True,2
MYPKE,USCHA,35.0,24,316110.1271440622,12365.160149971076,16.49334443453244,0.4176095683436007,624.6743155758596,30,99,316110.1271440622,0.13330837125757722,0.8178250695402887,0.9388481340636118,0.9428571428571428,243750.05604461173,101.34485,3.00525,-79.938165,32.87698,8651.663525306196,False,0,True,1,True,2
SGSGP,ZADUR,143.0,45,316058.4069641223,5043.967192239385,12.742172408931898,0.27138097717062365,630.6999999999999,87,100,316058.4069641223,0.1415887109560805,0.8195655620738862,0.9394323767242746,0.7482517482517482,193820.0887890552,103.802776,1.248823,31.041098,-29.877639,4548.460125184966,False,0,False,0,True,1
LKCOL,MYPKE,440.0,164,314968.67661126744,1444.9385320713454,13.895002820495355,0.29163064901108404,629.6881825129849,314,102,314968.67661126744,0.14020936864439937,0.8192756301288006,0.9393350533472775,0.4727272727272727,121985.45792799625,79.85,6.95,101.34485,3.00525,1307.0140547898814,False,0,False,0,False,0
GBSOU,SGSGP,26.0,21,312802.71139420423,11790.135589426352,15.214476294071467,0.5594720242381783,630.7,26,103,312802.71139420423,0.1415887109560806,0.8195655620738862,0.9394323767242746,1.0,256362.3299820266,-1.4,50.9,103.802776,1.248823,5916.155020619102,False,0,True,1,True,2
INNSA,MATAN,47.0,18,309887.2462941656,9797.030106783504,16.589428188937106,0.4341600460061532,630.7,46,104,309887.2462941656,0.1415887109560806,0.8195655620738862,0.9394323767242746,0.7872340425531915,199936.12472294568,72.9428,18.953883,-5.797516,35.789733,4211.142393809487,False,0,True,1,True,1
AUMEL,AUSYD,831.0,221,309558.3767999748,681.1498966316219,10.90116657263237,0.2642519102311599,630.6999999999999,767,105,309558.3767999748,0.1415887109560805,0.8195655620738862,0.9394323767242746,0.5415162454873647,137384.50455419743,144.912243,-37.858862,151.2111,-33.86,389.17721656779435,False,0,False,0,False,0
USHNL,USLGB,224.0,19,305741.1538776846,2277.237854479459,19.467854356488882,0.6710014386926026,630.6999999999999,221,106,305741.1538776846,0.1415887109560805,0.8195655620738862,0.9394323767242746,0.38839285714285715,97321.50935061979,-157.868643,21.300094,-118.217354,33.74561,2223.568801119506,False,0,False,0,False,0
CNYSN,MXLCS,61.0,35,303474.701736653,7321.092232792436,16.7708428006019,0.4880694774119033,630.7,58,107,303474.701736653,0.1415887109560806,0.8195655620738862,0.9394323767242746,0.8852459016393442,220176.0718560044,122.066667,30.633333,-102.166667,17.883333,6933.700579111996,False,0,False,0,True,1
CNWGQ,SGSGP,310.0,141,302888.96602996514,2297.782330882678,13.910778406070623,0.2984712960331218,630.7,258,108,302888.96602996514,0.1415887109560806,0.8195655620738862,0.9394323767242746,0.6064516129032258,150543.95080574646,121.617967,31.353633,103.802776,1.248823,2071.1320166670885,False,0,False,0,False,0
THLCB,VNHCM,1775.0,212,301576.06587965245,641.77075261426,13.672621821305862,0.46335974589087164,630.2574539744481,1516,109,301576.06587965245,0.14098596282218756,0.8194388669544975,0.9393898481341107,0.8507042253521127,210228.70765339502,100.886078,13.056152,106.710033,10.776988,368.45873761098994,False,0,False,0,False,0
CNXIA,USLSA,67.0,32,300878.3791708972,6335.119975292804,17.15568465754125,0.4230774156631283,630.5696712344051,65,110,300878.3791708972,0.14141129093609317,0.8195282691328545,0.9394198583556682,0.40298507462686567,99367.38965878283,118.042517,24.44535,-118.244,33.738045,6062.478307149679,False,0,False,0,True,1
USNFK,USSAV,686.0,270,300715.2301792193,570.7364070903606,12.154643272607094,0.2822549575582792,629.8502988176665,310,111,300715.2301792193,0.14043066897594936,0.8193221465265295,0.939350667814705,0.6049562682215743,149050.7272182475,-76.316667,36.85,-81.0833,32.0833,370.800311011568,False,0,False,0,False,0
CNYSN,USSAV,36.0,21,300649.73516386363,12515.819851326065,15.216475734350592,0.4460331221820953,630.7,26,112,300649.73516386363,0.1415887109560806,0.8195655620738862,0.9394323767242746,0.9166666666666666,225868.6550880255,122.066667,30.633333,-81.0833,32.0833,6818.1184984029405,False,0,True,1,True,2
CNGLA,IRBAB,102.0,14,300487.01432296797,5419.683556444679,14.870452418900454,0.33077241121355405,627.7235365312678,32,113,300487.01432296797,0.13751840023122652,0.8187099999008378,0.9391451845009842,0.6764705882352942,166419.69528620248,113.212217,21.928867,56.270599,27.172804,3099.941507162525,False,0,False,0,True,1
CNWGQ,VNHCM,611.0,130,299082.0750036108,1768.5440920026786,14.191072085881899,0.4789866736951978,630.4840331401325,482,114,299082.0750036108,0.1412946695833811,0.8195037558156424,0.9394116298080627,0.7888707037643208,193351.32892564754,121.617967,31.353633,106.710033,10.776988,1487.4602452977574,False,0,False,0,False,0
CNQIN,USOAK,67.0,27,295888.9217983222,5804.544553222934,16.70302113745522,0.39514646098412975,630.3068349738197,49,115,295888.9217983222,0.14105326174594401,0.8194530129048548,0.9393945965989935,0.47761194029850745,115805.16702223479,120.2667,36.0333,-122.320518,37.814824,5174.567885748851,False,0,False,0,True,1
FRLEH,MYPKE,18.0,13,293148.67774880154,11549.469129440247,18.221056420035147,0.7932730240413594,568.6171724418017,17,116,293148.67774880154,0.04786554779013008,0.7998653478731378,0.9328194752966069,1.0,234479.4691060955,0.094067,49.480233,101.34485,3.00525,5702.381131564812,False,0,True,1,True,2
CNNBO,USLSA,77.0,42,291529.28952860215,5903.57024626183,17.07553676546621,0.48304495570301964,629.8572982014974,70,117,291529.28952860215,0.1404402210692478,0.819324154336314,0.9393513417895184,0.9090909090909091,217142.7169157167,121.683333,29.966667,-118.244,33.738045,5691.49953337667,False,0,False,0,True,1
DEWVN,SGSGP,23.0,21,282971.3795315321,12281.643345339424,15.04976042774647,0.5174600202152911,626.2730891120982,22,119,282971.3795315321,0.1355208942993662,0.8182901325660655,0.9390042448508233,1.0,231552.68766925985,8.170278,53.541667,103.802776,1.248823,5543.966544588826,False,0,True,1,True,2
BEANT,DEHAM,845.0,336,280212.6377915975,462.87691042248446,10.551015923669697,0.24342029573802706,630.5617852935573,689,121,280212.6377915975,0.14140055324165912,0.8195260121147041,0.9394191007274314,0.4887573964497041,112239.00394096017,4.4,51.2167,9.903145,53.539287,245.1028547870434,False,0,False,0,False,0
PRSJU,USJAC,399.0,4,278367.5748986847,1127.9975522267428,19.448298777534617,0.7550994612456107,630.6999999999999,397,122,278367.5748986847,0.1415887109560805,0.8195655620738862,0.9394323767242746,1.0,228140.47798498513,-66.083333,18.45,-81.377283,30.398817,1099.4909853419394,False,0,False,0,False,0
AUBRI,SGSGP,149.0,38,277043.8444997631,4022.7398664126204,15.003503631457473,0.30880023834891784,630.7,129,123,277043.8444997631,0.1415887109560806,0.8195655620738862,0.9394323767242746,0.46308724832214765,105146.55030484933,153.169467,-27.350967,103.802776,1.248823,3324.4814143562044,False,0,False,0,False,0
CNYSN,CNYTN,372.0,235,276911.4637084781,860.9613111273441,12.629974016092682,0.33445281625220424,629.0256292162283,330,124,276911.4637084781,0.13930375035022124,0.8190852729771984,0.9392711549009576,0.8494623655913979,192670.04350034165,122.066667,30.633333,114.263091,22.566543,639.9418904137054,False,0,False,0,False,0
MXMAN,PABAL,208.0,94,275718.00224328274,1780.7552803276797,15.07014003498627,0.36309826994653105,630.1751414735684,153,125,275718.00224328274,0.14087375973920724,0.8194152823389763,0.9393819313299552,0.9278846153846154,209634.69287617685,-104.293756,19.073908,-79.57037,8.954178,1560.4676592122607,False,0,False,0,False,0
MATAN,MYPKE,26.0,25,271765.0020754016,10527.085395927345,17.21028880532978,0.6079056265403021,602.7542123795714,22,127,271765.0020754016,0.1017897695602249,0.8111999921979195,0.9366242504565951,1.0,220455.76756323336,-5.797516,35.789733,101.34485,3.00525,6124.790925430405,False,0,True,1,True,2
CNWGQ,KRBUS,1430.0,337,266871.4870153068,543.0400464929817,10.488106759700992,0.27955897755919445,630.5296843266112,1249,128,266871.4870153068,0.1413568409896504,0.8195168239834174,0.9394160164865251,0.637062937062937,139329.27868071335,121.617967,31.353633,129.052391,35.112607,436.0758484429307,False,0,False,0,False,0
INMUN,LKCOL,379.0,191,264811.3049475213,1293.1208558546632,12.852899180615395,0.29091220976710536,630.2994638547308,321,129,264811.3049475213,0.14104321668155506,0.8194509014746232,0.9393938878412179,0.5224274406332454,113366.68281494381,69.7,22.766667,79.85,6.95,1116.2619809090118,False,0,False,0,False,0
USNFK,USNYK,919.0,357,263288.45601366163,356.45778437563297,9.376732318889921,0.22565639711233457,630.1349142336177,615,130,263288.45601366163,0.14081891390122192,0.8194037539748044,0.9393780615275705,0.6060935799782372,130758.35573923204,-76.316667,36.85,-74.049568,40.663452,252.344079551572,False,0,False,0,False,0
CNNSA,CNTJN,537.0,62,262325.563193666,1502.8094855098088,11.450201264176084,0.3485271465446141,630.6840182191647,401,131,262325.563193666,0.14156695847672207,0.8195609897943313,0.9394308419169021,0.9031657355679702,194173.22557986557,113.682083,22.64515,117.8143,38.97075,1002.7711755796681,False,0,False,0,False,0
MYPKE,NLROT,22.0,19,262015.43601232755,11758.318711535134,16.841551277685422,0.5837337283071792,628.1046748450573,19,132,262015.43601232755,0.13804176010383284,0.818820007942032,0.9391821116290476,1.0,214543.48139654903,101.34485,3.00525,4.03038,52.002215,5530.803823853867,False,0,True,1,True,2
ESALG,MYPKE,22.0,18,258543.19224585037,10561.000763913704,17.400485212098836,0.6428674799782975,612.8960312595796,17,133,258543.19224585037,0.11665278874892715,0.8143241362386922,0.9376729525862745,0.9545454545454546,200968.05435572367,-5.433333,36.116667,101.34485,3.00525,6103.235620027048,False,0,True,1,True,2
SGSGP,TWKAO,338.0,121,257540.99520935927,1652.2879408310982,14.815029835379924,0.3569924926986056,630.6858588938975,317,134,257540.99520935927,0.14156946383812674,0.8195615164107477,0.9394310186897238,0.7071005917159763,149248.20878295865,103.802776,1.248823,120.260382,22.620829,1602.6742782642089,False,0,False,0,False,0
JPTOK,USOAK,78.0,32,257505.95052120136,4780.256748267806,16.100042691056156,0.3248888805193641,630.7000000000002,74,135,257505.95052120136,0.14158871095608083,0.8195655620738862,0.9394323767242746,0.47435897435897434,100110.14533105529,139.75,35.6667,-122.320518,37.814824,4466.917262855329,False,0,False,0,False,0
CNTJN,KRBUS,687.0,211,256934.02761885757,761.3176175478874,12.944569007720995,0.34646472763784897,630.0230061005881,649,136,256934.02761885757,0.14066630145636105,0.819371675481592,0.9393672935272127,0.7234352256186317,152300.8136172541,117.8143,38.97075,129.052391,35.112607,585.7372430070668,False,0,False,0,False,0
BDCTG,SGSGP,792.0,78,256089.33898078036,1535.2791957075622,12.801856782071749,0.4181528451618457,630.4471400819838,543,137,256089.33898078036,0.14124441911244778,0.8194931933782722,0.9394080842447275,0.5202020202020202,109171.40116021983,91.883333,22.35,103.802776,1.248823,1445.4970605951296,False,0,False,0,False,0
JPYOK,USNFK,31.0,16,255420.53026487547,9716.521399163375,17.055489233186044,0.5135654823143062,630.7000000000002,20,138,255420.53026487547,0.14158871095608083,0.8195655620738862,0.9394323767242746,0.6451612903225806,135054.10996886628,139.679832,35.450183,-76.316667,36.85,6024.701423419143,False,0,True,1,True,1
GHTEM,MYTPP,44.0,21,253671.6259667568,8282.458269669964,16.33737233553293,0.3826172110365037,621.3457565960126,36,139,253671.6259667568,0.12866549058609222,0.8168491555757246,0.9385205425570534,0.9772727272727273,202502.10224936483,0.016667,5.633333,103.549576,1.327854,6203.900058621501,False,0,True,1,True,1
CNNSA,MYPKE,394.0,164,253100.85958787336,1670.7514138449678,14.3054207661196,0.33311132811502026,630.0971083243971,294,141,253100.85958787336,0.1407673629232601,0.8193929181763335,0.9393744242033035,0.5329949238578681,110537.31194273011,113.682083,22.64515,101.34485,3.00525,1380.619582212028,False,0,False,0,False,0
INNSA,SGSGP,195.0,101,252103.54862492686,2516.691006309319,14.167855164248248,0.3177940683062171,630.6134644214854,165,142,252103.54862492686,0.14147091594900918,0.8195408020594703,0.9394240653661843,0.558974358974359,115489.21407276987,72.9428,18.953883,103.802776,1.248823,2103.7297455765765,False,0,False,0,False,0
CNYTN,VNCMP,338.0,172,250941.4006533899,989.5669266508886,14.429930889322106,0.36484388544134927,629.1394956307903,317,143,250941.4006533899,0.13945952565387842,0.8191180162900099,0.9392821460657151,0.8224852071005917,169062.34615884937,114.263091,22.566543,107.012844,10.522075,834.4161988082551,False,0,False,0,False,0
SGSGP,VNCMP,638.0,240,248644.17837578017,670.5912005254877,11.51902994076398,0.2883721071339161,629.6740560466579,591,145,248644.17837578017,0.1401900796117872,0.8192715756553774,0.93933369235532,0.6786833855799373,138252.6295853215,103.802776,1.248823,107.012844,10.522075,588.7835424350544,False,0,False,0,False,0
AEJAL,INMUN,697.0,234,246641.18701439814,1251.0703859106902,12.982066709211384,0.3154924583263977,630.6703634938807,434,146,246641.18701439814,0.1415483724323553,0.8195570830860769,0.9394295305262578,0.4017216642754663,81202.62396492707,55.0606,25.0136,69.7,22.766667,814.4588711933749,False,0,False,0,False,0
USLSA,USOAK,647.0,218,244887.2524780469,475.9624723851743,8.538340500843326,0.21714782430139093,629.7843869114124,535,147,244887.2524780469,0.14034070826186562,0.8193032371632809,0.9393443203834564,0.7527047913446677,151020.37002257194,-118.244,33.738045,-122.320518,37.814824,315.1120702803044,False,0,False,0,False,0
DEHAM,NLROT,1045.0,389,244278.17804852463,359.913153412115,10.436141744368818,0.2534006039148704,630.0697338100264,757,148,244278.17804852463,0.14073003201382372,0.8193850713763818,0.9393717902159735,0.5751196172248804,115114.73043631167,9.903145,53.539287,4.03038,52.002215,232.34261540380663,False,0,False,0,False,0
BEANT,LKCOL,30.0,24,241135.71512518165,10726.68205972753,16.259990545901502,0.4025704534946028,630.2230170120835,27,150,241135.71512518165,0.14093902414608328,0.8194290006424534,0.9393865362437761,0.7,138315.51864496164,4.4,51.2167,79.85,6.95,4532.523606903127,False,0,True,1,True,2
CNXIA,PABAL,34.0,14,241119.61636601324,9290.95595179607,17.65150342741984,0.4422969300088142,630.7,33,151,241119.61636601324,0.1415887109560806,0.8195655620738862,0.9394323767242746,0.5,98806.66695702572,118.042517,24.44535,-79.57037,8.954178,8552.06138149368,False,0,True,1,True,1
CNNBO,MXMAN,54.0,23,239999.60581196967,6975.204007441218,16.844289385585967,0.3536492049053769,628.6491871959389,51,152,239999.60581196967,0.1387883560068056,0.8189769392566946,0.9392347898032138,0.8888888888888888,174714.79341395566,121.683333,29.966667,-104.293756,19.073908,6840.937007452967,False,0,False,0,True,1
IDJAK,SGSGP,927.0,180,236946.72824027002,608.7206331048245,12.363499987822596,0.30108655095763537,630.6494361007086,875,154,236946.72824027002,0.14151988567933382,0.8195510952905581,0.939427520563263,0.3926645091693635,76251.50165950078,106.788826,-6.09208,103.802776,1.248823,475.712904659944,False,0,False,0,False,0
AEJAL,ESVAL,29.0,20,236444.1296564124,10669.221659985033,16.97735870865392,0.378839284984108,628.5221632334167,19,155,236444.1296564124,0.13861430563596822,0.8189403546017237,0.9392225091896823,0.5862068965517241,113509.37481149692,55.0606,25.0136,-0.316667,39.45,2895.2529782554852,False,0,True,1,True,2
AEKHA,EGPSA,11.0,11,235287.4021977711,12111.178815621402,17.18426963327303,0.8093971225021763,630.6999999999999,10,156,235287.4021977711,0.1415887109560805,0.8195655620738862,0.9394323767242746,1.0,192833.4520311208,54.659214,24.802318,32.319633,31.269083,1243.225743837467,False,0,True,1,True,2
INMUN,MYPKE,209.0,89,234951.65783804553,2656.7102712610513,15.225185721782845,0.3580653275635566,630.6686293481289,151,157,234951.65783804553,0.14154601195305794,0.8195565869232693,0.9394293639760007,0.430622009569378,82918.92866542639,69.7,22.766667,101.34485,3.00525,2189.5038197159956,False,0,False,0,False,0
HKHKG,TWKAO,1576.0,317,232860.1496694718,366.36882905299524,13.61540296467444,0.37081406680294465,629.9403624532953,1503,158,232860.1496694718,0.14055356305234346,0.8193479783438431,0.9393593389519754,0.6789340101522843,129536.19122418993,114.181938,22.298785,120.260382,22.620829,337.8001698323597,False,0,False,0,False,0
CNNBO,HKHKG,539.0,221,231208.01838533304,810.3504765251844,13.589741661492187,0.3270291292655458,629.5103570588491,421,161,231208.01838533304,0.13996649311778075,0.819224578715928,0.9393179165812693,0.6716141001855288,127211.29407718698,121.683333,29.966667,114.181938,22.298785,612.3585571961911,False,0,False,0,False,0
JPYOK,KRBUS,509.0,148,229813.27876243394,890.7828192711756,13.845050889165083,0.3554908813207574,629.5225324248202,496,162,229813.27876243394,0.139983126712536,0.8192280750274965,0.9393190902113389,0.7799607072691552,146842.80455912292,139.679832,35.450183,129.052391,35.112607,521.0207311076266,False,0,False,0,False,0
CNQIN,HKHKG,402.0,138,229263.53542050236,1205.143374731454,14.37493733554799,0.3587449853381956,630.1840976175864,334,163,229263.53542050236,0.14088596959719402,0.8194178487997057,0.9393827928308327,0.6293532338308457,118231.95559609015,120.2667,36.0333,114.181938,22.298785,883.6341705801048,False,0,False,0,False,0
CGPNO,SGSGP,47.0,23,229173.8215984881,7562.348402330026,15.265267352961956,0.29762887756872036,630.5515576384062,20,164,229173.8215984881,0.14138662661036627,0.8195230847954557,0.9394181180947838,0.425531914893617,79920.52648117294,11.839142,-4.778824,103.802776,1.248823,5527.350921716165,False,0,False,0,True,1
HKHKG,THLCB,464.0,89,228079.49027131675,1497.6502259288916,15.731073378624137,0.498655254859137,630.5770181585925,457,165,228079.49027131675,0.1414212944502906,0.8195303718294109,0.939420564181753,0.6875,128506.17275974138,114.181938,22.298785,100.886078,13.056152,940.5178330441901,False,0,False,0,False,0
CNNSA,CNQIN,788.0,144,227895.5435177851,1208.2105599314345,12.087138575314178,0.3858248086405908,630.1453765302142,473,166,227895.5435177851,0.14083317887512747,0.8194067524122451,0.9393790680329329,0.8781725888324873,163989.20033574515,113.682083,22.64515,120.2667,36.0333,873.9733970125026,False,0,False,0,False,0
FRFOS,REREU,36.0,21,227261.74215394835,8056.954454129355,16.48046935061701,0.37893748906202884,630.7000000000002,36,167,227261.74215394835,0.14158871095608083,0.8195655620738862,0.9394323767242746,0.5555555555555556,103475.49858127294,4.871235,43.408352,55.3,-20.916666,4756.683992433206,False,0,True,1,True,1
AEJAL,ESALG,30.0,17,225350.06626317385,10064.917460422463,16.54932528747342,0.34107716529766596,630.4531656678821,22,169,225350.06626317385,0.14125262670945915,0.8194949185805993,0.9394086633548233,0.9,166205.91078402507,55.0606,25.0136,-5.433333,36.116667,3147.7143600253894,False,0,True,1,True,2
LKCOL,USBAL,30.0,16,225253.06738876633,11437.229256670078,17.194999140183707,0.438024833945784,630.7,28,170,225253.06738876633,0.1415887109560806,0.8195655620738862,0.9394323767242746,0.6333333333333333,116919.44929611612,79.85,6.95,-76.583333,39.283333,7737.789316405643,False,0,True,1,True,2
EGPSA,MATAN,205.0,61,223669.58090242784,1968.4486834292086,15.895229115815454,0.41227399108441226,630.7,202,171,223669.58090242784,0.1415887109560806,0.8195655620738862,0.9394323767242746,0.775609756097561,142178.48702824142,32.319633,31.269083,-5.797516,35.789733,1914.878620753077,False,0,False,0,False,0
CNYTN,PACOL,26.0,16,223619.50674588265,10583.833407054173,17.836503761042273,0.5569861171104664,628.7867751175997,10,172,223619.50674588265,0.1389768019552513,0.8190165498014548,0.9392480861372194,1.0,183148.07688331595,114.263091,22.566543,-79.892063,9.359918,8717.353240347999,False,0,True,1,True,2
AEJAL,CNNBO,87.0,53,223150.7853200916,5702.1956103713055,16.124638054155884,0.531044366492622,630.3293749615563,30,173,223150.7853200916,0.14108397687634355,0.819459469095914,0.9393967637914228,0.6896551724137931,126112.43039085418,55.0606,25.0136,121.683333,29.966667,3511.5400700094356,False,0,False,0,True,1
AUFRE,SGSGP,199.0,54,223002.44248819628,2385.015927709714,14.665062798110288,0.3552044693280479,630.6672530094111,183,174,223002.44248819628,0.14154413850322278,0.8195561931320036,0.9394292317894775,0.5025125628140703,91840.72001244457,115.75,-32.05,103.802776,1.248823,2111.523912126137,False,0,False,0,False,0
COBUE,PECAL,267.0,118,222533.65063684812,1187.3097918002018,14.769028729474813,0.3677411752755333,628.3205844638243,219,175,222533.65063684812,0.1383379545618384,0.81888226676974,0.9392030104622502,0.8352059925093633,152198.63610235436,-77.083333,3.883333,-77.15,-12.05,956.6529311710117,False,0,False,0,False,0
JPKOB,SGSGP,157.0,49,221660.9397600337,2744.575155177146,14.625484608782688,0.33282023427384566,630.480827446847,148,176,221660.9397600337,0.14129030347771687,0.8195028380786187,0.9394113217451954,0.6687898089171974,121486.85202913848,135.237233,34.685033,103.802776,1.248823,2668.8734324513584,False,0,False,0,False,0
CNQIN,PACOL,37.0,19,221654.22823423208,8958.49684251645,16.918836039346903,0.4816523099964606,629.0784436468734,19,177,221654.22823423208,0.13937601030896363,0.8191004617162173,0.9392762534056195,1.0,181557.0806880113,120.2667,36.0333,-79.892063,9.359918,7853.009956593474,False,0,True,1,True,1
MXMAN,TWKAO,43.0,19,221463.45338143603,7513.850121569707,16.683966864147685,0.37642701386224225,629.395022926809,42,178,221463.45338143603,0.13980889540183383,0.8191914523397279,0.9393067968310862,0.8372093023255814,151887.32205966438,-104.293756,19.073908,120.260382,22.620829,7188.841832656863,False,0,False,0,True,1
KRBUS,SGSGP,113.0,78,221099.1791420113,2578.2354980985433,13.935084562619489,0.4482367460548611,629.994997643633,109,179,221099.1791420113,0.14062809700871348,0.819363645067587,0.939364597904937,0.7964601769911505,144287.2269105529,129.052391,35.112607,103.802776,1.248823,2474.6447130224556,False,0,False,0,False,0
AEJAL,INNSA,453.0,168,219370.76201647555,1234.9259234389708,13.573246575804246,0.30017341374146755,630.6284074498525,300,181,219370.76201647555,0.14149125918807892,0.8195450781226512,0.9394255007406439,0.37969094922737306,68262.44429729425,55.0606,25.0136,72.9428,18.953883,1058.798893902086,False,0,False,0,False,0
FRLEH,USNYK,120.0,37,217024.21045540352,3406.8320213538523,15.605107043868733,0.37586857569726667,630.6999999999999,107,182,217024.21045540352,0.1415887109560805,0.8195655620738862,0.9394323767242746,0.49166666666666664,87450.57143754937,0.094067,49.480233,-74.049568,40.663452,3059.0447215542977,False,0,False,0,False,0
ITGOA,SGSGP,32.0,22,212172.09505093936,11711.226978431185,14.86829938763914,0.3571132579200686,630.2784903631136,30,185,212172.09505093936,0.1410146335660437,0.8194448934241149,0.9393918710790965,0.9375,162996.88107805143,8.923988,44.403373,103.802776,1.248823,5560.207981036836,False,0,True,1,True,2
CNMWN,CNNBO,471.0,207,211080.47691394258,814.0830211889261,13.828922406186868,0.31878428555111976,630.4608389505095,446,186,211080.47691394258,0.14126307844713049,0.8194971154918423,0.9394094008065762,0.6942675159235668,120094.28518770955,113.862187,22.508158,121.683333,29.966667,614.3785398439564,False,0,False,0,False,0
AEKHA,SGSGP,77.0,57,208639.54505376637,3580.52128011238,15.75489924584503,0.4045599731648643,629.7690247230453,57,188,208639.54505376637,0.1403197382753264,0.8192988293604214,0.9393428407870659,0.8181818181818182,139858.4741079614,54.659214,24.802318,103.802776,1.248823,3177.781374957561,False,0,False,0,False,0
KRBUS,PACOL,36.0,23,208188.65813388364,8384.292012456695,16.690767742335265,0.46734696606247844,629.5147996602402,20,189,208188.65813388364,0.13997256253196477,0.8192258544812294,0.9393183448258609,0.9444444444444444,161078.33516675184,129.052391,35.112607,-79.892063,9.359918,7672.561309428757,False,0,True,1,True,1
CNYSN,USNYK,25.0,14,205162.49703580106,11123.615598190927,16.827775628775672,0.4009804939259898,630.7,24,190,205162.49703580106,0.1415887109560806,0.8195655620738862,0.9394323767242746,1.0,168144.11719962832,122.066667,30.633333,-74.049568,40.663452,6433.844530652076,False,0,True,1,True,2
AUMEL,SGSGP,97.0,23,204094.5761195597,4008.530583223646,15.832756737517894,0.326752116547,630.7,91,191,204094.5761195597,0.1415887109560806,0.8195655620738862,0.9394323767242746,0.5154639175257731,86221.07525446314,144.912243,-37.858862,103.802776,1.248823,3269.4514942497217,False,0,False,0,False,0
ESALG,NLROT,176.0,91,202572.0551153264,1467.0190590946827,13.482578352498887,0.37814731486289127,629.0618573707422,150,193,202572.0551153264,0.139353318506924,0.8190956919949907,0.9392746523216928,0.6818181818181818,113131.29386150159,-5.433333,36.116667,4.03038,52.002215,1035.4438175049831,False,0,False,0,False,0
INMUN,PTSNS,29.0,24,201829.6538224774,10084.783051115855,16.076285447557417,0.40019165559253783,625.6709557782208,28,194,201829.6538224774,0.13468893673257232,0.8181152585891517,0.9389455437443374,0.9655172413793104,159426.12910283386,69.7,22.766667,-8.866667,37.95,4054.8458909733745,False,0,True,1,True,2
MXLCS,MXMAN,629.0,206,199631.36384107807,375.4369802867077,5.13849096136241,0.21838405984845033,628.7222974664842,595,196,199631.36384107807,0.13888850104149386,0.8189979893212449,0.939241855817852,0.848966613672496,138804.0764797371,-102.166667,17.883333,-104.293756,19.073908,140.64357024185486,False,0,False,0,False,0
CNYSN,USLSA,51.0,20,199592.63719507222,5927.106684961402,15.873806732050594,0.4474489066682373,629.9794066226085,49,197,199592.63719507222,0.14060682887634823,0.8193591745957304,0.939363097272029,0.9607843137254902,157124.801272734,122.066667,30.633333,-118.244,33.738045,5649.484730625522,False,0,False,0,True,1
TWKEE,USLSA,47.0,10,199180.87056940462,6018.415076557353,16.125734605361608,0.2905993652623573,630.7,47,198,199180.87056940462,0.1415887109560806,0.8195655620738862,0.9394323767242746,0.8085106382978723,131982.71747697963,121.7559,25.15113,-118.244,33.738045,5887.966450776495,False,0,False,0,True,1
MATAN,NLROT,188.0,108,198233.47412742538,1454.0444066032367,14.202378640970357,0.382250878185105,623.4971009938185,165,199,198233.47412742538,0.13167198510299494,0.8174811080619151,0.9387326742351947,0.7712765957446809,124987.0075120976,-5.797516,35.789733,4.03038,52.002215,1059.9637977632499,False,0,False,0,False,0
JPTOK,USTAC,72.0,29,197505.21439790577,4411.985666852919,14.703639848569876,0.30208409631751587,630.3480056267746,69,200,197505.21439790577,0.14110936313398947,0.819464805180362,0.9393985549902445,0.6111111111111112,98907.46069030781,139.75,35.6667,-122.422033,47.272467,4161.676119939412,False,0,False,0,False,0
AUBRI,TWKAO,89.0,20,197356.04412103118,3824.9288794615295,14.833111380268265,0.29300457219347453,630.7,87,201,197356.04412103118,0.1415887109560806,0.8195655620738862,0.9394323767242746,0.7640449438202247,123581.3794556601,153.169467,-27.350967,120.260382,22.620829,3556.1621159228084,False,0,False,0,False,0
CNNSA,THLCB,494.0,88,197028.78881728678,1501.4709908923016,15.021735584257787,0.45512327369068334,629.4203348621883,424,202,197028.78881728678,0.13984348770914812,0.8191987234970466,0.9393092375886396,0.7206477732793523,116316.68157024175,113.682083,22.64515,100.886078,13.056152,929.7317775290538,False,0,False,0,False,0
CNNSA,MYTPP,264.0,118,196162.91404175226,1509.8207420193676,14.91806392038513,0.35890355637770294,630.675542412364,241,204,196162.91404175226,0.14155542177976466,0.8195585648292154,0.9394300279127946,0.7196969696969697,115703.52006783067,113.682083,22.64515,103.549576,1.327854,1409.8183055858813,False,0,False,0,False,0
CNXIA,CNYTN,641.0,277,195999.1414732736,348.0803633126435,11.543866150390434,0.2649048580687545,630.1013220593437,544,205,195999.1414732736,0.14077310894927741,0.8193941259668042,0.9393748296303333,0.6661466458658346,106983.51452101982,118.042517,24.44535,114.263091,22.566543,236.6792710810271,False,0,False,0,False,0
CLVAL,HKHKG,23.0,12,194039.966487851,10411.60060284926,19.214023907992907,0.6550685413164316,626.7097826982817,23,206,194039.966487851,0.13612326638812444,0.8184167486423505,0.9390467469080649,1.0,158805.55847965766,-71.6167,-33.033333,114.181938,22.298785,10093.180513609459,False,0,True,1,True,2
CNBYQ,CNNSA,367.0,47,192843.63696620328,1479.1415779160193,12.06506570076105,0.39224241975974644,630.6914599560095,272,207,192843.63696620328,0.1415770874117077,0.8195631188538093,0.9394315565924034,0.9918256130790191,156755.5908800559,122.0684,40.268517,113.682083,22.64515,1140.5698555590848,False,0,False,0,False,0
MYTPP,TGLOM,48.0,12,192721.0335467295,8256.897624417285,15.934125060256113,0.6636234743990426,630.7,31,208,192721.0335467295,0.1415887109560806,0.8195655620738862,0.9394323767242746,0.9791666666666666,154656.94880339009,103.549576,1.327854,1.286945,6.137824,6126.69267807529,False,0,True,1,True,1
CGPNO,LKCOL,38.0,17,191436.84305776394,6324.426153466848,16.59393411202941,0.40520431324760503,626.9120730482434,38,209,191436.84305776394,0.1364020198757011,0.8184753414515235,0.9390664151445359,1.0,156686.33548810505,11.839142,-4.778824,79.85,6.95,4135.644541809176,False,0,False,0,True,1
PKQAS,USNFK,28.0,16,191297.2739123132,11602.43294333236,15.560291603101442,0.28841561533997234,630.6999999999999,26,210,191297.2739123132,0.1415887109560805,0.8195655620738862,0.9394323767242746,0.7857142857142857,123184.80257061559,67.343788,24.775279,-76.316667,36.85,6574.898492104583,False,0,True,1,True,2
GRPIR,MYPKE,24.0,19,190851.4680572079,12090.757444127761,15.669560804586887,0.36697588570774203,630.1581545307185,18,211,190851.4680572079,0.14085060058743049,0.8194104143828032,0.939380297270853,0.875,136837.47046053267,23.65,37.933333,101.34485,3.00525,4710.640090912012,False,0,True,1,True,2
CNDAL,CNTJN,1538.0,345,190679.32084247362,241.34203984298364,10.87853779050957,0.2660196497328681,630.2315389456758,1272,212,190679.32084247362,0.14095064029052473,0.8194314423070959,0.9393873558535243,0.577373211963589,90213.77388538624,121.737442,38.978628,117.8143,38.97075,183.10651773044196,False,0,False,0,False,0
SGSGP,TGLOM,34.0,29,188772.50065726833,9619.684175584907,15.01530363966075,0.38103134914090886,630.1382024671735,25,214,188772.50065726833,0.14082339734321425,0.81940469637543,0.9393783778694326,0.6764705882352942,104637.19683697917,103.802776,1.248823,1.286945,6.137824,6142.333707745823,False,0,True,1,True,1
MYTPP,SGSGP,1935.0,371,187583.79093867677,173.35586008078266,4.967148747505589,0.20328249953024335,630.4437707647179,1693,215,187583.79093867677,0.14123982961511272,0.8194922286852602,0.9394077604198324,0.4630490956072351,71181.50861798617,103.549576,1.327854,103.802776,1.248823,15.921901494115852,False,0,False,0,False,0
CNYTN,PABAL,25.0,17,185883.07076123863,9354.574138026876,17.46697620245609,0.5138352474906384,628.1980148185,11,216,185883.07076123863,0.13816983303199049,0.8188469283321769,0.9391911481747729,0.8,121767.82521743435,114.263091,22.566543,-79.57037,8.954178,8747.253496352423,False,0,True,1,True,1
TWKAO,USOAK,40.0,30,184809.8879845162,6023.450230705813,16.42346525542201,0.49661509126505127,625.5269631841729,37,217,184809.8879845162,0.1344897472619475,0.8180733898012738,0.9389314893709021,0.975,147408.3502439797,120.260382,22.620829,-122.320518,37.814824,5748.162162595534,False,0,False,0,True,1
ESALG,ZAPLZ,49.0,15,182229.02665192125,5625.1826368764805,16.652985169392117,0.48806780901405705,630.7,39,219,182229.02665192125,0.1415887109560806,0.8195655620738862,0.9394323767242746,0.9183673469387755,137156.90937626848,-5.433333,36.116667,25.6372,-33.9618,4553.548755243234,False,0,False,0,True,1
AUSYD,CNYTN,77.0,20,181796.51979630362,4548.958279934862,15.538400553621178,0.33760052666743,630.6999999999999,77,220,181796.51979630362,0.1415887109560805,0.8195655620738862,0.9394323767242746,0.44155844155844154,65789.63215087992,151.2111,-33.86,114.263091,22.566543,3991.6984647688037,False,0,False,0,False,0
ESVAL,VNCMP,21.0,16,181498.13551555522,11847.984760570986,17.659732058873928,0.4326340954685556,630.7,10,221,181498.13551555522,0.1415887109560806,0.8195655620738862,0.9394323767242746,0.7619047619047619,113333.04491365208,-0.316667,39.45,107.012844,10.522075,5783.178654533154,False,0,True,1,True,2
TWKEE,USOAK,48.0,11,181263.09483825756,5828.381577781642,14.799864162714986,0.2540601017045488,630.7,48,222,181263.09483825756,0.1415887109560806,0.8195655620738862,0.9394323767242746,0.8125,120702.55454104955,121.7559,25.15113,-122.320518,37.814824,5582.755008531069,False,0,False,0,True,1
CNQIN,JMKIN,22.0,12,180315.00061230894,10096.405020822413,16.135924117567164,0.5865153021401828,630.1854679075435,13,223,180315.00061230894,0.14088783767474866,0.8194182414617407,0.9393829246382996,1.0,147753.40071091088,120.2667,36.0333,-76.7936,17.997,7421.506160340199,False,0,True,1,True,2
CNYTN,USNYK,19.0,18,180135.8400165183,13646.41330407921,17.021943047925884,0.4272899120351722,630.7000000000002,17,224,180135.8400165183,0.14158871095608083,0.8195655620738862,0.9394323767242746,0.8421052631578947,124322.63660866482,114.263091,22.566543,-74.049568,40.663452,6982.627942572278,False,0,True,1,True,2
THLCB,VNCMP,521.0,190,179988.60972294232,677.1136488622949,13.256425302379029,0.3060029842419025,629.2716472571651,510,225,179988.60972294232,0.1396402454173412,0.8191560028232239,0.9392948972570049,0.6468330134357005,95368.25102072461,100.886078,13.056152,107.012844,10.522075,390.8806506440235,False,0,False,0,False,0
AUBRI,CNQIN,88.0,30,179889.97279397858,4460.8108873091915,14.821276444771229,0.32191079159429525,630.7,52,226,179889.97279397858,0.1415887109560806,0.8195655620738862,0.9394323767242746,0.5340909090909091,78741.89151391589,153.169467,-27.350967,120.2667,36.0333,4236.56593605197,False,0,False,0,False,0
MYPKE,SAJED,85.0,51,179783.92048914227,5674.559590597786,14.34945464225454,0.35781920350504304,630.4684413275846,67,227,179783.92048914227,0.14127343335382847,0.8194992920496226,0.9394101314261475,0.5294117647058824,77999.71529793057,101.34485,3.00525,39.1667,21.466667,3786.616765164838,False,0,False,0,True,1
AUBRI,AUMEL,308.0,107,177919.82851099886,1133.0725773418176,13.918199603802709,0.3265411014695241,630.7,264,228,177919.82851099886,0.1415887109560806,0.8195655620738862,0.9394323767242746,0.4902597402597403,71488.18702244689,153.169467,-27.350967,144.912243,-37.858862,755.8277378960955,False,0,False,0,False,0
SGSGP,VNHPG,550.0,111,176788.15520486372,1381.2754868842324,13.028245567910004,0.35452972449324505,630.6073384554737,504,229,176788.15520486372,0.14146257586213062,0.8195390490083311,0.9394234769078932,0.4290909090909091,62168.749083340685,103.802776,1.248823,106.828308,20.81389,1188.004458504646,False,0,False,0,False,0
CNWGQ,CNXIA,785.0,219,176610.93241288903,660.4807599361161,12.181066241195198,0.2983683017706078,630.6322964015819,579,230,176610.93241288903,0.1414965533968775,0.8195461909430451,0.9394258742884387,0.6356687898089172,92007.21993885798,121.617967,31.353633,118.042517,24.44535,456.0158417068077,False,0,False,0,False,0
CNWGQ,HKHKG,675.0,182,175456.57325027205,929.397480909793,13.325031173226433,0.36559649514190456,630.5777939697062,590,232,175456.57325027205,0.14142235077499488,0.8195305938644153,0.9394206387137141,0.6785185185185185,97565.5549486378,121.617967,31.353633,114.181938,22.298785,673.5479469586885,False,0,False,0,False,0
BEANT,NLROT,1283.0,416,175183.7417115763,207.4357265496199,8.30880408501083,0.22360751745882088,628.4575185539505,973,233,175183.7417115763,0.13852570139389142,0.8189217303631785,0.939216257468132,0.49727201870615745,71339.52541413394,4.4,51.2167,4.03038,52.002215,49.13488879778335,False,0,False,0,False,0
MXMAN,PECAL,93.0,50,174186.66117494646,2496.529319129667,15.614224909274853,0.3770158196212514,628.5910681141328,74,234,174186.66117494646,0.13870872899247366,0.8189602019936156,0.9392291714952207,0.8064516129032258,115041.88969389324,-104.293756,19.073908,-77.15,-12.05,2464.034693639055,False,0,False,0,False,0
GHTEM,LKCOL,46.0,23,172430.69110086074,7033.530605999446,16.250107350242754,0.42937393680199676,630.2854660187032,22,235,172430.69110086074,0.14102414034732902,0.819446891709505,0.9393925418567934,0.9130434782608695,129011.02917462455,0.016667,5.633333,79.85,6.95,4759.1771216684265,False,0,False,0,True,1
ESALG,LKCOL,18.0,14,172416.41385851108,9661.1684699347,14.959406147539477,0.537042371721171,630.5711000104297,18,236,172416.41385851108,0.14141323636455094,0.8195286780537234,0.9394199956208457,1.0,141300.19572422927,-5.433333,36.116667,79.85,6.95,4929.960688181875,False,0,True,1,True,1
BDCTG,MYPKE,517.0,74,172214.67803008622,1348.066910861811,13.93170530173907,0.44204304164404296,630.6860977334185,181,237,172214.67803008622,0.14156978892399563,0.8195615847424284,0.9394310416270717,0.7756286266924565,109472.63890007745,91.883333,22.35,101.34485,3.00525,1285.5993382829067,False,0,False,0,False,0
AUMEL,TWKAO,71.0,21,171411.49501205358,4850.5280495659035,15.386036825830653,0.38278287390341437,630.6999999999999,69,238,171411.49501205358,0.1415887109560805,0.8195655620738862,0.9394323767242746,0.5211267605633803,73209.42895003826,144.912243,-37.858862,120.260382,22.620829,3888.6053814336587,False,0,False,0,False,0
JPTOK,USLSA,47.0,20,170988.41807941545,5010.840164956729,16.262762479055908,0.35579107964904033,630.7,46,241,170988.41807941545,0.1415887109560806,0.8195655620738862,0.9394323767242746,0.44680851063829785,62614.055285085014,139.75,35.6667,-118.244,33.738045,4769.4899406513205,False,0,False,0,True,1
AUBRI,KRBUS,82.0,23,170891.60059692178,4206.3870493109225,15.10847056949764,0.36297702687529193,630.7,82,242,170891.60059692178,0.1415887109560806,0.8195655620738862,0.9394323767242746,0.5365853658536586,75152.4672032266,153.169467,-27.350967,129.052391,35.112607,3992.1565531057877,False,0,False,0,False,0
ITGIT,SGSGP,14.0,13,168489.00096323882,11780.955431830416,16.938864559740953,0.5798112228002787,629.6530775991681,14,245,168489.00096323882,0.1401614329206048,0.8192655542415309,0.9393316711074383,1.0,138037.23475774968,15.909341,38.462848,103.802776,1.248823,5257.974794879055,False,0,True,1,True,2
HKHKG,MYPKE,252.0,86,166595.22341517487,1671.9388388932111,15.146075295913576,0.36700951645805524,630.0683413262522,221,247,166595.22341517487,0.14072813298254472,0.8193846722080044,0.9393716562244795,0.5992063492063492,81795.00576170161,114.181938,22.298785,101.34485,3.00525,1378.8155729519356,False,0,False,0,False,0
CNXIA,CNYSN,316.0,187,166057.53040746073,630.8829693896764,11.58048316887045,0.31166254784857017,629.2389904839097,262,248,166057.53040746073,0.13959559374468844,0.8191466172296741,0.9392917467326323,0.8259493670886076,112350.14614551562,118.042517,24.44535,122.066667,30.633333,428.77252910938586,False,0,False,0,False,0
AUFRE,MYPKE,124.0,26,165958.1100766738,2571.5318311017454,14.994236106626436,0.356867618553337,630.6410730976777,93,249,165958.1100766738,0.14150850127685144,0.8195487023370995,0.9394267173047206,0.5725806451612904,77877.12513428663,115.75,-32.05,101.34485,3.00525,2259.2225313977133,False,0,False,0,False,0
ESLPA,ZAPLZ,47.0,37,165338.1575403443,5179.755831107121,15.309377506668348,0.4330080558815209,630.7000000000002,47,250,165338.1575403443,0.14158871095608083,0.8195655620738862,0.9394323767242746,0.574468085106383,77843.56213731813,-15.4167,28.15,25.6372,-33.9618,4398.976377112535,False,0,False,0,True,1
CNSHE,THLCB,335.0,93,164549.44176221325,1519.007308736647,15.360510226648637,0.45753371708378415,630.2592365819638,316,251,164549.44176221325,0.1409883924333537,0.8194393776485328,0.9393900195621613,0.764179104477612,103040.60534450934,113.8943,22.467416,100.886078,13.056152,933.0925248357661,False,0,False,0,False,0
INNSA,LKCOL,307.0,155,163449.4439713685,963.7567863621057,12.220431123404591,0.2814574346261467,630.4838919539256,229,253,163449.4439713685,0.1412944772908421,0.8195037153965604,0.9394116162403217,0.5309446254071661,71118.66624784452,72.9428,18.953883,79.85,6.95,825.8800842716155,False,0,False,0,False,0
FRDKK,MYPKE,11.0,10,163283.77836514494,11424.144870179176,18.054530439176606,0.7083857061221819,603.9533806275633,11,254,163283.77836514494,0.10357319394845443,0.811574860493783,0.9367500849812171,1.0,132517.00964759028,2.35,51.0667,101.34485,3.00525,5600.977977647391,False,0,True,1,True,2
MXLCS,PABAL,138.0,90,162321.53956997473,1644.7646972144303,14.061539676684477,0.36722660693167114,629.8223564827688,108,255,162321.53956997473,0.14039253381947536,0.8193141306772374,0.9393479770814628,0.8985507246376812,119500.35546585228,-102.166667,17.883333,-79.57037,8.954178,1422.507065919692,False,0,False,0,False,0
CNQIN,CNYTN,131.0,70,161683.19454721123,1220.7262368171755,13.731407802795772,0.389318701320699,628.7826361248002,108,256,161683.19454721123,0.1389711342274671,0.819015358468943,0.9392476862347419,0.9389312977099237,124334.2397212216,120.2667,36.0333,114.263091,22.566543,866.9821152038594,False,0,False,0,False,0
USLGB,VNCMP,35.0,19,161337.9487676855,7406.254891320707,15.590849211383965,0.3500635059696067,630.3858812197565,34,257,161337.9487676855,0.1411609680210072,0.8194756523102893,0.9394021961182166,1.0,132212.52080880312,-118.217354,33.74561,107.012844,10.522075,7103.654345690547,False,0,False,0,True,1
CNWGQ,MYPKE,179.0,108,160783.30753645493,2476.502652541903,14.867554903859979,0.380636120131668,630.6740655414557,140,258,160783.30753645493,0.14155341153090029,0.8195581422833699,0.939429886074031,0.6983240223463687,92019.04248236924,121.617967,31.353633,101.34485,3.00525,2052.36340638256,False,0,False,0,False,0
CNNBO,TWKAO,545.0,178,160713.6599917161,580.7986196547093,12.324757123073855,0.3120615699682214,629.9925173368761,408,259,160713.6599917161,0.1406247136257699,0.8193629338947407,0.9393643591808356,0.673394495412844,88674.48341316178,121.683333,29.966667,120.260382,22.620829,447.63346184333585,False,0,False,0,False,0
INMUN,TGLOM,26.0,24,160634.87354752948,7680.650595486236,17.002337887255553,0.4324938940283011,627.4843490418338,18,260,160634.87354752948,0.1371896353642672,0.8186408949103318,0.9391219875709549,0.6923076923076923,91040.03767021674,69.7,22.766667,1.286945,6.137824,4067.6270879508024,False,0,False,0,True,1
KRBUS,MXESE,44.0,30,159811.05730613667,5679.335614497947,16.245697169911335,0.37887860550546004,630.5421984299106,37,261,159811.05730613667,0.14137388211586832,0.8195204059563831,0.9394172188711233,0.6590909090909091,86320.09668716985,129.052391,35.112607,-116.6246,31.850733,5344.005268117775,False,0,False,0,True,1
AUSYD,SGSGP,67.0,24,156871.66374977023,4356.414867300337,15.156744489220019,0.36148392297149184,630.6999999999998,66,264,156871.66374977023,0.1415887109560804,0.8195655620738861,0.9394323767242746,0.5074626865671642,65242.7589751428,151.2111,-33.86,103.802776,1.248823,3401.45085034759,False,0,False,0,False,0
AUSYD,MUPLO,36.0,22,156727.2649856551,5383.085553052357,15.349254920048057,0.3741321144785074,630.6999999999998,36,265,156727.2649856551,0.1415887109560804,0.8195655620738861,0.9394323767242746,0.5277777777777778,67792.14198292098,151.2111,-33.86,57.486134,-20.150235,4915.972307780445,False,0,False,0,True,1
HKHKG,VNHCM,561.0,101,155781.32706039253,951.0251375691496,14.768675876747848,0.4947312990896025,630.2100505984387,493,266,155781.32706039253,0.14092134918207966,0.8194252854394545,0.9393852891369698,0.7201426024955436,91927.03741641722,114.181938,22.298785,106.710033,10.776988,814.0581094539592,False,0,False,0,False,0
CNNBO,MYPKE,101.0,67,155649.9680617756,2351.7710115086466,15.989962311189919,0.49446351965307916,628.3929657691334,78,267,155649.9680617756,0.13843720491469336,0.8189031287759366,0.9392100133500947,0.7425742574257426,94650.18255420495,121.683333,29.966667,101.34485,3.00525,1989.49428552794,False,0,False,0,False,0
MTMAL,MYPKE,16.0,14,154693.18842003492,11822.879433688677,17.370924333834243,0.5535415330702443,599.5958776308055,14,269,154693.18842003492,0.09705850190424259,0.8102054996614385,0.936290422557706,1.0,125333.27201807544,14.539518,35.819159,101.34485,3.00525,5142.605018487071,False,0,True,1,True,2
CNDCB,TRBAM,21.0,17,154370.8434324259,14035.125747932774,14.652325237035711,0.2575165466527756,630.7000000000004,21,271,154370.8434324259,0.14158871095608105,0.8195655620738863,0.9394323767242746,0.6666666666666666,84344.68471034401,113.852567,22.533467,28.678178,40.961688,4319.721709955604,False,0,True,1,True,2
KRBUS,PAMIT,27.0,21,154332.42531756856,8353.566819346623,15.683659001502056,0.3625944167534162,630.7,5,272,154332.42531756856,0.1415887109560806,0.8195655620738862,0.9394323767242746,0.9629629629629629,121800.8912385962,129.052391,35.112607,-79.88466,9.361132,7672.717904470159,False,0,True,1,True,1
MXESE,MXMAN,189.0,67,154130.9567598924,1144.9812516400848,13.057076060606366,0.34672951034597604,630.3560861259692,167,273,154130.9567598924,0.14112037320472925,0.8194671194508648,0.9393993318367577,0.7777777777777778,98237.41756440487,-116.6246,31.850733,-104.293756,19.073908,1015.8011023105355,False,0,False,0,False,0
HKHKG,USOAK,38.0,13,154118.99354210644,6333.024438874852,16.295407430018805,0.3728292116243589,630.220613888784,38,274,154118.99354210644,0.1409357484210415,0.8194283120988447,0.9393863051157809,1.0,126289.46674058103,114.181938,22.298785,-122.320518,37.814824,5993.9530676373915,False,0,False,0,True,1
PABAL,PECAL,216.0,63,153789.4027623,1369.046588056156,15.96663596004541,0.4310864507622456,630.6396856560295,167,275,153789.4027623,0.1415066125488076,0.8195483053344187,0.9394265840402003,0.7222222222222222,91027.33207550329,-79.57037,8.954178,-77.15,-12.05,1269.3461580590013,False,0,False,0,False,0
KRBUS,USNFK,18.0,17,152148.54939066336,11321.92628681186,16.572574921817793,0.4246636732291629,630.352884217336,16,276,152148.54939066336,0.14111601048321132,0.8194662024251744,0.9393990240126684,0.9444444444444444,117753.89430846232,129.052391,35.112607,-76.316667,36.85,6260.496607952932,False,0,True,1,True,2
PKKAR,SGSGP,98.0,38,152077.39447060696,2945.36080717538,15.419425881867735,0.3559782870722878,630.6999999999999,92,277,152077.39447060696,0.1415887109560805,0.8195655620738862,0.9394323767242746,0.6224489795918368,77580.41950979737,66.9833,24.7833,103.802776,1.248823,2559.4254333486556,False,0,False,0,False,0
AEJAL,CNWGQ,63.0,38,151334.8568208833,5873.851162427015,14.968388259234958,0.40654098076136724,630.326041540639,35,278,151334.8568208833,0.14107943457847083,0.8194585143240303,0.9393964432968186,0.6507936507936508,80706.63673604945,55.0606,25.0136,121.617967,31.353633,3490.613931738573,False,0,False,0,True,1
MYTPP,ZADUR,50.0,21,150754.20922553173,4953.160416699645,16.54501724747226,0.4635136956848256,630.7,47,279,150754.20922553173,0.1415887109560806,0.8195655620738862,0.9394323767242746,0.9,111197.66239703444,103.549576,1.327854,31.041098,-29.877639,4537.945942006057,False,0,False,0,False,0
BRRDJ,BRSTS,598.0,179,150747.44087820756,342.67499074309205,8.286081532025305,0.24167000367515845,628.8844978352906,460,280,150747.44087820756,0.13911059683681926,0.8190446729221094,0.9392575264114638,0.5903010033444817,72883.80870903278,-43.1667,-22.916667,-46.306133,-23.95,183.73162145802533,False,0,False,0,False,0
DJDJI,SGSGP,83.0,35,149172.94268495508,3816.194115214955,15.63322983610452,0.32965797672447683,630.4290128728761,54,281,149172.94268495508,0.141219726654345,0.8194880031275664,0.9394063419988843,0.6867469879518072,83951.68559673175,43.133333,11.583333,103.802776,1.248823,3665.1277872674286,False,0,False,0,False,0
EGAKI,SGSGP,10.0,10,149055.8397334029,12605.13081698384,17.655666879417854,0.6872758362431141,626.2568216591882,10,282,149055.8397334029,0.1354984388583118,0.8182854125269226,0.9390026604440109,1.0,121970.21930579445,30.073013,31.322122,103.802776,1.248823,4532.241785210878,False,0,True,1,True,2
CNNSA,CNZOS,435.0,183,148339.0200697133,852.3295212371617,14.479270346301957,0.3324437225439458,630.3994771633454,378,283,148339.0200697133,0.14117949076325842,0.8194795457127055,0.939403503042402,0.5310344827586206,64552.97271669748,113.682083,22.64515,122.099218,30.006902,632.4329957705843,False,0,False,0,False,0
CIABI,MATAN,110.0,30,147320.06344091677,2823.263951923258,14.094194558404581,0.3260370316242304,630.7000000000002,96,284,147320.06344091677,0.14158871095608083,0.8195655620738862,0.9394323767242746,0.5,60369.225299357764,-4.0267,5.3364,-5.797516,35.789733,1831.0483980120327,False,0,False,0,False,0
CNYSN,HKHKG,252.0,143,147217.35586927767,916.1093514162901,11.368510626799559,0.2586892788415178,629.880210115421,230,285,147217.35586927767,0.14047148758524686,0.8193307264263042,0.9393535478865098,0.7341269841269841,88550.17888286895,122.066667,30.633333,114.181938,22.298785,655.2850518279446,False,0,False,0,False,0
BRPAR,BRSTS,756.0,245,146655.9071170541,247.44236309703882,8.516918671510782,0.23388156920825307,628.0422315652207,364,287,146655.9071170541,0.1379560596574677,0.8188019940691168,0.9391760647929724,0.7354497354497355,88314.38485362334,-48.515217,-25.502281,-46.306133,-23.95,152.31031861937356,False,0,False,0,False,0
CIABI,LKCOL,41.0,22,146308.4251763522,7247.408936343623,15.80519039616793,0.4320631619362225,625.1133049116518,33,289,146308.4251763522,0.1339170103306042,0.8179530029102747,0.938891078305558,0.7317073170731707,87565.91394444184,-4.0267,5.3364,79.85,6.95,5001.340425104065,False,0,False,0,True,1
HKHKG,KRBUS,327.0,96,144222.46043443563,1207.5040670510268,13.885589075259592,0.46925221123442395,630.586070253617,306,290,144222.46043443563,0.1414336193911595,0.8195329624800775,0.9394214338026271,0.8012232415902141,94700.62931826203,114.181938,22.298785,129.052391,35.112607,1095.2025990545483,False,0,False,0,False,0
CNNBO,THLCB,165.0,63,144167.47905696378,2282.7125254294388,15.017819861625924,0.47179928259492926,628.432906526514,142,291,144167.47905696378,0.13849196250330664,0.8189146385904623,0.9392138769257966,0.6909090909090909,81569.32076946179,121.683333,29.966667,100.886078,13.056152,1537.5129413958564,False,0,False,0,False,0
JPTOK,SGSGP,82.0,27,143169.2437706426,2949.674142338027,15.760438082804674,0.32778823038223737,630.6999999999999,82,292,143169.2437706426,0.1415887109560805,0.8195655620738862,0.9394323767242746,0.5487804878048781,64392.02656604998,139.75,35.6667,103.802776,1.248823,2876.735464287222,False,0,False,0,False,0
CNYTN,KRBUS,186.0,92,142865.47777614754,1189.7008692259965,14.699902211426119,0.3338056406623487,630.5997302270129,182,293,142865.47777614754,0.14145221754995263,0.8195368717347333,0.9394227460480388,0.8279569892473119,96940.12428642479,114.263091,22.566543,129.052391,35.112607,1080.2842412614505,False,0,False,0,False,0
USBOS,VNCMP,18.0,10,142510.453111225,13003.583598074529,18.12076044387617,0.6412717507934379,630.7,18,294,142510.453111225,0.1415887109560806,0.8195655620738862,0.9394323767242746,0.9444444444444444,110307.95629408838,-71.083333,42.35,107.012844,10.522075,7631.088931416994,False,0,True,1,True,2
KEMOM,MYTPP,82.0,15,142261.7280354616,4130.441905858374,14.82547033793979,0.38028874551340774,630.7000000000003,74,295,142261.7280354616,0.14158871095608094,0.8195655620738862,0.9394323767242746,0.4268292682926829,49765.22510322548,39.647169,-4.053188,103.549576,1.327854,3847.661837321417,False,0,False,0,False,0
BRSAL,MATAN,60.0,19,142201.0509275706,3546.727142605355,17.413658138772906,0.4872659880379738,630.6999999999999,58,296,142201.0509275706,0.1415887109560805,0.8195655620738862,0.9394323767242746,0.9833333333333333,114600.69949376919,-38.516667,-12.966667,-5.797516,35.789733,3466.4364875724946,False,0,False,0,False,0
CNTJN,USSAV,19.0,10,142183.14233240695,10640.105804482328,15.960722186207267,0.3539769761188825,630.7,18,298,142183.14233240695,0.1415887109560806,0.8195655620738862,0.9394323767242746,1.0,116528.40696309046,117.8143,38.97075,-81.0833,32.0833,6412.81715233392,False,0,True,1,True,2
USCHA,USSAV,650.0,281,140959.07035689102,192.58097522901147,7.7904076200267784,0.2092617705967842,630.2643191498196,339,299,140959.07035689102,0.1409953196615843,0.8194408337227341,0.9393905083322359,0.6030769230769231,69659.97893621642,-79.938165,32.87698,-81.0833,32.0833,75.06406634039016,False,0,False,0,False,0
PABAL,TWKAO,25.0,17,140956.45821359556,9161.166450427323,15.780764790424184,0.3513477760014274,630.7000000000002,24,300,140956.45821359556,0.14158871095608083,0.8195655620738862,0.9394323767242746,0.8,92418.44712301577,-79.57037,8.954178,120.260382,22.620829,8581.490025852676,False,0,True,1,True,1
LKCOL,TGLOM,28.0,27,140262.0126248504,7027.162769080723,16.71240721690103,0.4245032459470033,630.5429552628002,19,301,140262.0126248504,0.14137491271414948,0.8195206225838017,0.9394172915878842,0.6785714285714286,78000.1652254398,79.85,6.95,1.286945,6.137824,4680.588107737374,False,0,False,0,True,1
CNQIN,TWKAO,228.0,87,140038.10825445896,981.5135388136649,14.387534813115229,0.4058630785198361,628.5534108307843,141,302,140038.10825445896,0.13865712814379627,0.8189493557125305,0.9392255306521851,0.5921052631578947,67905.07018234978,120.2667,36.0333,120.260382,22.620829,805.2910057078669,False,0,False,0,False,0
CNNBO,VNHCM,339.0,87,138738.48993555736,1655.4210917571706,13.678516221103227,0.4244353972981228,629.3738730672608,220,304,138738.48993555736,0.13977998902070576,0.8191853763401483,0.9393047572600498,0.8702064896755162,98901.17969546729,121.683333,29.966667,106.710033,10.776988,1424.0095915319177,False,0,False,0,False,0
AUBRI,AUSYD,465.0,141,138490.29235071747,608.7469231823892,11.614667036243041,0.26409217436862437,630.7,408,305,138490.29235071747,0.1415887109560806,0.8195655620738862,0.9394323767242746,0.5161290322580645,58581.61253790585,153.169467,-27.350967,151.2111,-33.86,403.66779213007896,False,0,False,0,False,0
CNWGQ,THLCB,220.0,56,137632.81881332572,2319.4310029120807,14.55698802542276,0.4722949737626002,630.5259420105123,189,306,137632.81881332572,0.1413517447455419,0.8195157527743677,0.9394156569066858,0.8,90233.81049300864,121.617967,31.353633,100.886078,13.056152,1586.1519662821465,False,0,False,0,False,0
MYPKE,PKKAR,107.0,44,136383.28669693682,2774.4752161338724,14.839266568866663,0.3327981444977793,630.7000000000002,64,309,136383.28669693682,0.14158871095608083,0.8195655620738862,0.9394323767242746,0.4953271028037383,55365.20921514698,101.34485,3.00525,66.9833,24.7833,2378.1563066958734,False,0,False,0,False,0
THLCB,USCHA,16.0,10,136118.6790290871,13286.575695046944,15.929884378873759,0.32271682659539636,630.7,16,311,136118.6790290871,0.1415887109560806,0.8195655620738862,0.9394323767242746,1.0,111558.18168722867,100.886078,13.056152,-79.938165,32.87698,8049.031251696988,False,0,True,1,True,2
CNMWN,MYPKE,167.0,73,136071.5509774456,1685.7217126643975,15.199470933680324,0.40831170106991693,629.7191668305343,135,312,136071.5509774456,0.14025167325787014,0.8192845223803946,0.9393380382682871,0.8023952095808383,89452.07363702724,113.862187,22.508158,101.34485,3.00525,1379.247967038048,False,0,False,0,False,0
CNSHE,IDJAK,192.0,42,135733.94363999143,1830.1153008479864,15.674175414981665,0.4241588301516833,630.6999999999999,169,314,135733.94363999143,0.1415887109560805,0.8195655620738862,0.9394323767242746,0.796875,88646.65869378988,113.8943,22.467416,106.788826,-6.09208,1764.835805050255,False,0,False,0,False,0
DOCUC,NLROT,46.0,9,135699.8865863928,4086.5243903468563,17.482704414945534,0.570533121250661,630.7,41,315,135699.8865863928,0.1415887109560806,0.8195655620738862,0.9394323767242746,1.0,111214.95382353962,-69.629288,18.426403,4.03038,52.002215,3937.5002962757626,False,0,False,0,False,0
PKQAS,USSAV,19.0,16,134882.63136373952,11839.04880956712,16.11731373769336,0.3456434780297287,630.6999999999999,19,316,134882.63136373952,0.1415887109560805,0.8195655620738862,0.9394323767242746,0.5789473684210527,63999.82923494252,67.343788,24.775279,-81.0833,32.0833,6943.526882346123,False,0,True,1,True,2
CNQIN,MXESE,47.0,31,134464.11130493978,6274.268885726567,16.448174925141732,0.4480708402632233,630.3604720597831,24,317,134464.11130493978,0.1411263491333672,0.819468375565898,0.9393997534852135,0.8085106382978723,89089.04895304046,120.2667,36.0333,-116.6246,31.850733,5626.6550650030185,False,0,False,0,True,1
HKHKG,NZTAU,54.0,28,132486.93840895506,5175.683423965705,16.951112444057802,0.39590835904630367,630.5248650112101,54,321,132486.93840895506,0.14135027808875633,0.8195154444892879,0.9394155534225905,0.5370370370370371,58308.84582144355,114.181938,22.298785,176.183333,-37.716667,5019.404698835442,False,0,False,0,True,1
USNYK,USSAV,260.0,131,131951.45165770914,764.8224443804842,12.873812767675213,0.2952172291067129,630.354306586029,155,323,131951.45165770914,0.1411179485197802,0.8194666097922996,0.9393991607562904,0.573076923076923,61966.69808969306,-74.049568,40.663452,-81.0833,32.0833,616.7549653115407,False,0,False,0,False,0
ESLPA,ZACPT,40.0,27,130302.6977205776,4497.700855037587,17.49651521107921,0.5175773300744724,630.7,40,327,130302.6977205776,0.1415887109560806,0.8195655620738862,0.9394323767242746,0.725,77423.91268040393,-15.4167,28.15,18.437805,-33.905756,4193.597414794561,False,0,False,0,False,0
CNWGQ,TWKAO,560.0,117,129612.30714697835,715.8900826505853,12.161248401529114,0.32459157382902953,630.5430416167937,441,330,129612.30714697835,0.1413750303043857,0.8195206473007741,0.939417299884794,0.5196428571428572,55196.44446198284,121.617967,31.353633,120.260382,22.620829,529.3114528295945,False,0,False,0,False,0
NZTAU,PAMIT,61.0,26,129302.8183199252,6595.582173635266,15.389146338284071,0.43735661300359313,630.7,36,332,129302.8183199252,0.1415887109560806,0.8195655620738862,0.9394323767242746,0.5245901639344263,55591.94070772831,176.183333,-37.716667,-79.88466,9.361132,6406.5675521874045,False,0,False,0,True,1
DEBHN,NLROT,609.0,226,128580.17619629308,308.5945823075544,10.726187398607708,0.2567390843597829,630.6500325157131,458,333,128580.17619629308,0.14152069755659513,0.8195512659437394,0.9394275778475469,0.5927750410509032,62465.47564840021,8.548651,53.563407,4.03038,52.002215,188.91593660555077,False,0,False,0,False,0
DEBHN,PLGDA,239.0,55,126830.67941498963,903.6161843083368,13.291622295738966,0.41155262915088886,630.6575419334486,184,334,126830.67941498963,0.1415309197124731,0.8195534145978564,0.9394282991005106,0.7615062761506276,79154.40160267107,8.548651,53.563407,18.666667,54.35,360.231775513825,False,0,False,0,False,0
CNXIA,VNHCM,435.0,71,126757.69029680245,1175.1188175197647,13.680986509752115,0.40673942081914943,629.9474608012064,337,336,126757.69029680245,0.14056324743112103,0.8193500139594784,0.939360022260563,0.8919540229885058,92637.37733768427,118.042517,24.44535,106.710033,10.776988,1044.6623468655102,False,0,False,0,False,0
GUAPR,USHNL,49.0,7,126287.18914230527,3362.476145142008,21.703174637956387,0.8476264566166735,630.7,49,338,126287.18914230527,0.1415887109560806,0.8195655620738862,0.9394323767242746,0.673469387755102,69704.50669430147,144.642048,13.452902,-157.868643,21.300094,3310.882128039537,False,0,False,0,False,0
EGALE,SGSGP,33.0,20,126113.01839755841,8585.106325710083,14.842103944938895,0.37503449685599166,630.7,27,339,126113.01839755841,0.1415887109560806,0.8195655620738862,0.9394323767242746,0.8787878787878788,90829.65810384999,29.86702,31.187057,103.802776,1.248823,4541.6717220378805,False,0,True,1,True,1
INCHN,MYPKE,257.0,63,126023.10797378725,1433.7369367639674,14.495812002874322,0.3298047201559851,630.6592622658479,203,340,126023.10797378725,0.1415332614717416,0.8195539068257928,0.9394284643299234,0.490272373540856,50636.66942323348,80.3,13.1,101.34485,3.00525,1388.4899789636302,False,0,False,0,False,0
OMSOH,SGSGP,47.0,24,125470.67390285905,3346.0340735530413,15.165510544552584,0.4404097571175212,630.6999999999998,45,341,125470.67390285905,0.1415887109560804,0.8195655620738861,0.9394323767242746,0.9148936170212766,94079.83117834885,56.625595,24.507768,103.802776,1.248823,3070.6146303047267,False,0,False,0,False,0
COCTA,ESALG,51.0,14,124733.88346489624,4173.397511642886,18.419554997827255,0.6669290202758063,630.6999999999998,51,342,124733.88346489624,0.1415887109560804,0.8195655620738861,0.9394323767242746,1.0,102227.59531156629,-75.540962,10.394286,-5.433333,36.116667,4074.9848032949667,False,0,False,0,False,0
CNYTN,TWKAO,405.0,151,124125.77349569144,360.03600935416387,12.798886878122392,0.2991698066746446,629.9845485473429,385,343,124125.77349569144,0.14061384323092785,0.8193606489835235,0.9393635921895482,0.7679012345679013,78098.45386592741,114.263091,22.566543,120.260382,22.620829,332.4384257830731,False,0,False,0,False,0
DEBHN,ESALG,90.0,34,123972.81697909905,1682.8749328843012,14.765447173779464,0.4635584751183915,630.7000000000002,88,344,123972.81697909905,0.14158871095608083,0.8195655620738862,0.9394323767242746,0.9111111111111111,92572.39796897094,8.548651,53.563407,-5.433333,36.116667,1199.9227179027803,False,0,False,0,False,0
CIABI,SGSGP,27.0,22,123217.7918905471,8427.075281196494,16.000371745350048,0.344247064834303,630.7,27,347,123217.7918905471,0.1415887109560806,0.8195655620738862,0.9394323767242746,0.5555555555555556,56102.810482377434,-4.0267,5.3364,103.802776,1.248823,6461.756780991887,False,0,True,1,True,1
CNSHE,KRBUS,167.0,77,122590.6222904295,1218.0716317614829,14.311922593477297,0.42039281505091386,630.6134771976481,165,348,122590.6222904295,0.14147093334271799,0.8195408057155547,0.9394240665934463,0.7485029940119761,75200.61180020196,113.8943,22.467416,129.052391,35.112607,1098.5374867374342,False,0,False,0,False,0
ECGYL,PECAL,357.0,88,122213.10398999706,735.690089243128,13.900874622002226,0.3809017132186493,629.928833592606,260,350,122213.10398999706,0.14053783359575556,0.8193446720783099,0.9393582291159177,0.5798319327731093,58061.27090128236,-79.930086,-2.257278,-77.15,-12.05,610.7829366347096,False,0,False,0,False,0
AEJAL,PKKAR,360.0,87,121723.82375482787,787.5457568652821,14.039967820094349,0.2939102163120589,630.58865910845,288,351,121723.82375482787,0.14143714419880038,0.8195337033797996,0.9394216825053457,0.46944444444444444,46830.26432238099,55.0606,25.0136,66.9833,24.7833,649.248699348887,False,0,False,0,False,0
ESVAL,LKCOL,16.0,16,121275.55187620377,9968.180996800382,16.9084517001841,0.4317568299326858,630.7000000000002,13,353,121275.55187620377,0.14158871095608083,0.8195655620738862,0.9394323767242746,0.75,74544.94937943127,-0.316667,39.45,79.85,6.95,4683.57733655422,False,0,True,1,True,1
AUSYD,CNNBO,45.0,19,121181.6338819574,4531.064273369621,15.218385093600649,0.31667105154034875,630.7,45,355,121181.6338819574,0.1415887109560806,0.8195655620738862,0.9394323767242746,0.7333333333333333,72831.94884936542,151.2111,-33.86,121.683333,29.966667,4182.193704566256,False,0,False,0,False,0
GBLGP,MATAN,93.0,66,121134.29046820097,1466.1660874847933,14.202285880929145,0.4212960140751368,630.5559651337943,88,357,121134.29046820097,0.14139262819419496,0.8195243463031019,0.9394185415534139,0.8494623655913979,84328.25286727479,0.486317,51.502973,-5.797516,35.789733,981.2275883295385,False,0,False,0,False,0
LKCOL,OMSAL,150.0,48,120992.40657101679,1664.9412662895588,15.312174741929953,0.32966650105326833,630.7,146,358,120992.40657101679,0.1415887109560806,0.8195655620738862,0.9394323767242746,0.46,45614.15646110187,79.85,6.95,54.002781,16.946141,1630.013369831685,False,0,False,0,False,0
KRBUS,USSAV,18.0,18,120936.01276033248,11773.300107054722,16.44297201790152,0.3406893902181886,630.6999999999999,6,360,120936.01276033248,0.1415887109560805,0.8195655620738862,0.9394323767242746,0.9444444444444444,93608.60286884675,129.052391,35.112607,-81.0833,32.0833,6429.836659537908,False,0,True,1,True,2
MYTPP,NZPCH,44.0,11,120912.38994776516,5466.9395730872,15.157179742787063,0.3435418268438723,630.7,40,361,120912.38994776516,0.1415887109560806,0.8195655620738862,0.9394323767242746,0.5454545454545454,54052.16227049293,103.549576,1.327854,170.616667,-45.816667,4517.054286299252,False,0,False,0,True,1
CNQIN,KRGWA,481.0,106,119672.31162429723,489.76813487763656,13.26511937488936,0.3523010558131456,629.2471049479697,290,363,119672.31162429723,0.13960668910067286,0.8191489494267761,0.9392925295966859,0.6444906444906445,63179.062341331024,120.2667,36.0333,127.728767,34.866497,371.53396452301286,False,0,False,0,False,0
CLVAL,CNNBO,25.0,14,119546.79641852167,10273.258364360048,16.48482897249426,0.3967177327050719,630.6999999999999,18,364,119546.79641852167,0.1415887109560805,0.8195655620738862,0.9394323767242746,0.84,82300.20741673766,-71.6167,-33.033333,121.683333,29.966667,10102.530340645559,False,0,True,1,True,2
CNNSA,CNXIA,674.0,277,118537.36379090342,387.9129118743614,12.312197647551212,0.3003826207579109,627.4773312921786,573,366,118537.36379090342,0.13717998563377198,0.8186388665776196,0.9391213067070744,0.7833827893175074,76018.91213410508,113.682083,22.64515,118.042517,24.44535,263.19834167884767,False,0,False,0,False,0
KEMOM,MYPKE,89.0,36,118033.26696305159,4003.2354269821813,13.577599539464018,0.33689182827757785,629.983686576707,81,367,118033.26696305159,0.1406126673820165,0.8193604018250341,0.9393635092242206,0.4606741573033708,44552.620078092885,39.647169,-4.053188,101.34485,3.00525,3725.9739472109904,False,0,False,0,False,0
CNNBO,CNTJN,421.0,104,117447.85158636836,865.5550591053869,11.861070542695424,0.3138669272379602,630.3445087755617,232,369,117447.85158636836,0.1411045984176742,0.8194638036570583,0.9393982188022814,0.8741092636579573,84128.00203033717,121.683333,29.966667,117.8143,38.97075,573.366831202369,False,0,False,0,False,0
CNSHE,USOAK,26.0,12,117367.26244661347,6453.028937918624,16.932002522854063,0.522085964233146,628.7488229625525,25,370,117367.26244661347,0.13892482939527495,0.81900562538822,0.9392444190670475,1.0,96124.448180192,113.8943,22.467416,-122.320518,37.814824,5997.07440564146,False,0,False,0,True,1
MYPKE,USMIA,13.0,9,117333.79892380799,12224.295038860762,16.208837297086443,0.41140895090487095,630.7000000000002,10,371,117333.79892380799,0.14158871095608083,0.8195655620738862,0.9394323767242746,0.5384615384615384,51779.93738898348,101.34485,3.00525,-80.1833,25.7833,9076.52200930307,False,0,True,1,True,2
HKHKG,VNHPG,1055.0,140,116196.41662146432,543.5203600463636,12.468054853168516,0.3851262124580194,630.6727085146024,959,376,116196.41662146432,0.14155156439996075,0.8195577540242251,0.9394297557445115,0.6597156398104266,62824.505464869675,114.181938,22.298785,106.828308,20.81389,420.14733839693736,False,0,False,0,False,0
IDJAK,MYTPP,464.0,95,115899.67846017815,641.4047098469136,13.315122173963351,0.3305110008392624,630.4942485885019,430,377,115899.67846017815,0.1413085825730508,0.8195066802674791,0.9394126114781872,0.6530172413793104,62023.943758421476,106.788826,-6.09208,103.549576,1.327854,485.9766636624037,False,0,False,0,False,0
MYTPP,TWKAO,88.0,38,115731.82235227365,1673.4591278240139,16.656329323101016,0.6774508674999808,626.4594884536345,87,378,115731.82235227365,0.13577811498010373,0.8183441992699221,0.9390223937795344,0.9772727272727273,92556.00036808115,103.549576,1.327854,120.260382,22.620829,1607.7291099517208,False,0,False,0,False,0
CNNSA,CNYSN,167.0,113,115528.95348471531,911.7735897772509,14.56609652297093,0.3643323462380442,629.5999189448215,146,379,115528.95348471531,0.14008883465652322,0.8192502943921544,0.9393265487326915,0.6467065868263473,61208.92184755938,113.682083,22.64515,122.066667,30.633333,657.1595560580137,False,0,False,0,False,0
MYPKE,VNHCM,533.0,106,115026.30155113143,865.4808056955043,13.455948154227503,0.3955177422425946,629.1338386306286,414,381,115026.30155113143,0.13945178790826118,0.8191163898484671,0.9392816001073062,0.7523452157598499,70885.91271020216,101.34485,3.00525,106.710033,10.776988,565.5447569974486,False,0,False,0,False,0
MUPLO,SGSGP,71.0,42,115005.41795138519,3426.191615314288,14.130835676529642,0.3501371254150348,630.7,66,382,115005.41795138519,0.1415887109560806,0.8195655620738862,0.9394323767242746,0.6056338028169014,57083.699157878524,57.486134,-20.150235,103.802776,1.248823,3011.22439500431,False,0,False,0,False,0
CNSHE,VNHCM,378.0,81,114778.75258440633,985.4331090185791,13.834016664359577,0.421384077198752,629.6812147419914,317,383,114778.75258440633,0.14019985458540984,0.8192736303136676,0.9393343820560818,0.7222222222222222,67914.31494806171,113.8943,22.467416,106.710033,10.776988,814.0796872624829,False,0,False,0,False,0
GBLGP,INMUN,12.0,11,114698.72150854627,11380.680672911149,16.948639488601106,0.4546300658308382,629.3351925163323,11,384,114698.72150854627,0.1397271176981737,0.8191742630108093,0.9393010267751574,0.8333333333333334,78298.53388337122,0.486317,51.502973,69.7,22.766667,3576.3108378850784,False,0,True,1,True,2
CNYTN,HKHKG,4615.0,438,114123.10816439976,96.13609549641218,7.5540289325163865,0.20812342946257548,630.2491952779719,3912,385,114123.10816439976,0.14097470642352017,0.8194365009069018,0.9393890539072377,0.8422535211267606,78764.71968346431,114.263091,22.566543,114.181938,22.298785,16.69525793559655,False,0,False,0,False,0
HKHKG,MATAN,10.0,10,113876.65557275053,12303.543632893825,17.843655064195932,0.5244630649587929,629.9074895889794,10,386,113876.65557275053,0.14050871128192388,0.8193385506905855,0.939356174309142,1.0,93303.5339344684,114.181938,22.298785,-5.797516,35.789733,5932.469947191802,False,0,True,1,True,2
CNYSN,CNZOS,225.0,146,113860.21173491565,238.83136150425713,7.764244199275304,0.20731152725631286,627.9052662702107,183,387,113860.21173491565,0.13776802157442702,0.8187624692559472,0.9391627972370579,0.7288888888888889,67950.27897801716,122.066667,30.633333,122.099218,30.006902,37.64902256599539,False,0,False,0,False,0
CNWGQ,CNZOS,765.0,339,113515.3601400865,299.7504215400843,9.52972269715442,0.21927971865354007,630.5209424779362,631,389,113515.3601400865,0.1413449363437358,0.8195143216769802,0.9394151765207438,0.6013071895424836,55938.08254634733,121.617967,31.353633,122.099218,30.006902,84.59043195193412,False,0,False,0,False,0
AEJAL,LKCOL,130.0,53,113176.65465675273,2012.1110060019598,14.56014149915348,0.3759273792208369,630.7,96,390,113176.65465675273,0.1415887109560806,0.8195655620738862,0.9394323767242746,0.5769230769230769,53512.89726196364,55.0606,25.0136,79.85,6.95,1788.8000778644412,False,0,False,0,False,0
KRBUS,MYTPP,91.0,32,113036.46943983663,2570.0887692763663,14.155504912080715,0.3569872614996417,630.7000000000003,86,391,113036.46943983663,0.14158871095608094,0.8195655620738862,0.9394323767242746,0.4945054945054945,45811.383434162984,129.052391,35.112607,103.549576,1.327854,2478.706888923307,False,0,False,0,False,0
KRINC,VNHCM,197.0,33,112967.48567092483,2082.434827440574,16.026860032895755,0.6541498942941016,630.6497120125903,163,392,112967.48567092483,0.14152026126796757,0.8195511742377073,0.9394275470639756,0.9695431472081218,89762.8598307968,126.607819,37.439929,106.710033,10.776988,1927.4562902605437,False,0,False,0,False,0
GRPIR,ITGOA,155.0,81,112824.45376089157,1053.291493909737,12.538228612972361,0.34033625333394635,630.6293707054474,140,393,112824.45376089157,0.14149257051829323,0.8195453537587398,0.939425593265236,0.7032258064516129,65023.60321833293,23.65,37.933333,8.923988,44.403373,768.948564260814,False,0,False,0,False,0
CNNBO,KRGWA,426.0,101,112498.89522066127,529.0397395314251,10.242309567444346,0.25776939951558686,630.1071389076834,180,394,112498.89522066127,0.140781040921804,0.8193957932340253,0.939375389292968,0.5070422535211268,46739.72357101787,121.683333,29.966667,127.728767,34.866497,424.59640626260654,False,0,False,0,False,0
KRBUS,KRGWA,2406.0,351,112302.7051865865,161.65549764163964,9.435960508537674,0.2544042921547785,630.5024408272818,2285,395,112302.7051865865,0.14131973971483847,0.8195090254516968,0.9394133987017119,0.5935162094763092,54623.12507472717,129.052391,35.112607,127.728767,34.866497,66.76232547576554,False,0,False,0,False,0
MXLCS,PECAL,62.0,28,112161.0487118248,2381.898033990106,16.342186003971126,0.47308592064666366,628.2270831665676,52,397,112161.0487118248,0.1382097102992078,0.8188553103658106,0.9391939618275392,0.9516129032258065,87399.62178836596,-102.166667,17.883333,-77.15,-12.05,2329.825115786975,False,0,False,0,False,0
SGSGP,VNHCM,690.0,113,112044.41713827763,675.2233642908778,11.869293650432475,0.3333137526599205,630.5730800809023,623,398,112044.41713827763,0.14141593242366357,0.819529244753995,0.9394201858488805,0.4623188405797101,42451.815683244524,103.802776,1.248823,106.710033,10.776988,597.7732369375967,False,0,False,0,False,0
MUPLO,MYTPP,54.0,21,111709.06962577022,3423.037805597687,14.819227722389996,0.39437983467630383,630.7,54,400,111709.06962577022,0.1415887109560806,0.8195655620738862,0.9394323767242746,0.8518518518518519,77989.512890433,57.486134,-20.150235,103.549576,1.327854,3000.0169323340087,False,0,False,0,False,0
SAJED,SGSGP,24.0,20,111582.65480576656,10600.148254548436,14.767441607289825,0.4204023113515759,630.0675384298485,24,401,111582.65480576656,0.14072703801057784,0.8193844420495082,0.9393715789656522,0.75,68571.81851281943,39.1667,21.466667,103.802776,1.248823,3963.4412154081733,False,0,True,1,True,2
CNYTN,NLROT,7.0,7,111245.35947068814,13456.127502102243,17.12751948598776,0.6976336823143808,626.199896022163,4,404,111245.35947068814,0.13541985005242108,0.8182688934908857,0.938997115389735,0.8571428571428571,78024.5290286364,114.263091,22.566543,4.03038,52.002215,5038.971473784702,False,0,True,1,True,2
KRBUS,USTAC,52.0,19,111078.59047223051,4802.304951970155,15.3846228787789,0.4506297416983616,630.5076035227131,52,405,111078.59047223051,0.141326770723873,0.8195105033401862,0.9394138947943331,0.7692307692307693,70023.1319909354,129.052391,35.112607,-122.422033,47.272467,4547.994598163734,False,0,False,0,False,0
MUPLO,ZADUR,84.0,47,110963.47181636859,1965.174849390316,9.710549315889475,0.25516189592021454,630.7000000000003,50,406,110963.47181636859,0.14158871095608094,0.8195655620738862,0.9394323767242746,0.6071428571428571,55214.68866180297,57.486134,-20.150235,31.041098,-29.877639,1548.0422423369585,False,0,False,0,False,0
BEANT,MATAN,102.0,52,110884.66962984428,1474.0155381241052,14.147593666106454,0.3894929097956147,625.92646124704,97,407,110884.66962984428,0.1350421598707252,0.8181895046052614,0.9389704663964937,0.7745098039215687,70267.14862851049,4.4,51.2167,-5.797516,35.789733,1024.9234528211828,False,0,False,0,False,0
SGSGP,USCHA,12.0,10,110651.11518251461,12538.864485390524,16.55489109669915,0.4829338328449291,627.7729107639254,12,408,110651.11518251461,0.13758623426235428,0.8187242583285111,0.9391499707218728,0.9166666666666666,83043.35619344136,103.802776,1.248823,-79.938165,32.87698,8747.409352108876,False,0,True,1,True,2
PACOL,USSAV,93.0,44,110547.96027244741,1604.3632163851817,15.769533296030835,0.4073393776229106,628.9008934755548,17,409,110547.96027244741,0.13913304048908293,0.8190493904832982,0.939259109986485,0.978494623655914,88597.05153450658,-79.892063,9.359918,-81.0833,32.0833,1365.9304841157425,False,0,False,0,False,0
COCTA,DOCUC,264.0,80,110520.07239296488,679.3613375412234,11.258859794814185,0.3336693305091859,630.6999999999999,256,410,110520.07239296488,0.1415887109560805,0.8195655620738862,0.9394323767242746,0.6401515151515151,57983.92896761583,-75.540962,10.394286,-69.629288,18.426403,592.037201357692,False,0,False,0,False,0
CNYTN,USTAC,34.0,20,110255.86368783208,5978.4817336884735,13.474681366195817,0.26005290475765974,630.0575108457178,28,411,110255.86368783208,0.1407133623829261,0.8193815674901681,0.9393706140432726,0.5882352941176471,53142.13083148127,114.263091,22.566543,-122.422033,47.272467,5617.854807436853,False,0,False,0,True,1
SGSGP,USSAV,13.0,13,109504.75807718179,12576.120049487039,15.197170712294573,0.32752698264827784,630.2003933374834,13,412,109504.75807718179,0.14090818456523757,0.8194225182924345,0.9393843602703954,0.7692307692307693,69023.58817585239,103.802776,1.248823,-81.0833,32.0833,8786.816942942056,False,0,True,1,True,2
MTMAL,PACOL,24.0,13,108799.66367890307,5413.284331622422,17.8484727748094,0.5390607481637464,630.6999999999999,24,415,108799.66367890307,0.1415887109560805,0.8195655620738862,0.9394323767242746,1.0,89168.45751644998,14.539518,35.819159,-79.892063,9.359918,5288.864171474917,False,0,False,0,True,1
DEHAM,USNYK,49.0,11,108691.70930500267,3878.1258486558863,16.02797037819833,0.3370704825461912,630.7000000000002,47,416,108691.70930500267,0.14158871095608083,0.8195655620738862,0.9394323767242746,0.5306122448979592,47266.92913392806,9.903145,53.539287,-74.049568,40.663452,3310.6845605164845,False,0,False,0,False,0
CANWE,KRBUS,60.0,10,108113.51449954993,4787.351991356527,15.21296591949603,0.3632208714549118,630.2371729965398,59,418,108113.51449954993,0.14095831982450768,0.8194330565127983,0.9393878977046476,0.9,79732.60887303625,-122.912378,49.199261,129.052391,35.112607,4463.441551969801,False,0,False,0,False,0
CNWGQ,JPYOK,508.0,77,108001.49392767946,1047.879804515197,13.938807839370364,0.5089474538987974,630.488940809468,428,420,108001.49392767946,0.1413013536686133,0.8195051607822095,0.9394121014224991,0.8169291338582677,72304.58539971955,121.617967,31.353633,139.679832,35.450183,936.607478961685,False,0,False,0,False,0
GBFEL,TRALI,49.0,7,107873.99498543916,3043.7546118838704,16.339730395978208,0.33047230844478065,630.7,49,421,107873.99498543916,0.1415887109560806,0.8195655620738862,0.9394323767242746,0.6326530612244898,55932.73778235322,1.3,51.933333,26.957016,38.82268,1326.5124486708246,False,0,False,0,False,0
CAPRR,KRBUS,42.0,18,107719.17363679722,4306.141528998511,14.005395639978964,0.2623936849720739,630.7,40,422,107719.17363679722,0.1415887109560806,0.8195655620738862,0.9394323767242746,0.5238095238095238,46243.436950739946,-130.319567,54.320128,129.052391,35.112607,4065.615168294345,False,0,False,0,False,0
INPPV,MYPKE,82.0,26,106795.4745370803,2456.7717319329236,15.376194538049578,0.32379090977001124,630.7,73,424,106795.4745370803,0.1415887109560806,0.8195655620738862,0.9394323767242746,0.5853658536585366,51234.66914103197,71.516667,20.933333,101.34485,3.00525,2048.4936311205133,False,0,False,0,False,0
CNXIA,TWKAO,832.0,190,106400.7235634205,213.43845256050784,10.00690099698046,0.24451489448915426,630.4657890774915,628,425,106400.7235634205,0.1412698208539026,0.8194985327173515,0.939409876536053,0.6081730769230769,53029.79548219415,118.042517,24.44535,120.260382,22.620829,164.02126005405202,False,0,False,0,False,0
CNQIN,USSAV,14.0,10,105752.28645338719,12153.95004793495,16.058733632004564,0.3705692340814421,630.6999999999998,9,428,105752.28645338719,0.1415887109560804,0.8195655620738861,0.9394323767242746,0.8571428571428571,74289.37036094475,120.2667,36.0333,-81.0833,32.0833,6544.883624189066,False,0,True,1,True,2
NLROT,ZACPT,26.0,9,105729.81980348943,6277.450437320258,16.751247790409952,0.48935775622428945,630.6999999999999,22,429,105729.81980348943,0.1415887109560805,0.8195655620738862,0.9394323767242746,0.9615384615384616,83319.72999540146,4.03038,52.002215,18.437805,-33.905756,5213.3436616834215,False,0,False,0,True,1
INNSA,PKKAR,273.0,129,105706.09167002155,578.0665477397964,12.349367343770036,0.27087587859823403,630.6473382125259,224,430,105706.09167002155,0.14151702989103865,0.8195504950158851,0.9394273190650863,0.6446886446886447,55850.331270210554,72.9428,18.953883,66.9833,24.7833,482.29828525813457,False,0,False,0,False,0
BEANT,USCHA,41.0,15,105358.4147140967,4145.488705672072,16.303911471028805,0.37449847042244583,630.7,29,431,105358.4147140967,0.1415887109560806,0.8195655620738862,0.9394323767242746,0.6585365853658537,56863.40161239149,4.4,51.2167,-79.938165,32.87698,3700.7312442762736,False,0,False,0,False,0
CNWGQ,JPTOK,511.0,74,104573.40894405605,1058.1705090158084,14.592016174998603,0.5538859112477216,630.5834952421194,454,432,104573.40894405605,0.14143011340294664,0.8195322255361199,0.9394211864277661,0.8023483365949119,68762.278299739,121.617967,31.353633,139.75,35.6667,942.3281907068434,False,0,False,0,False,0
AUBRI,HKHKG,61.0,25,104449.40557498253,4134.528508157712,15.943905147397487,0.3609281150639848,630.7,59,434,104449.40557498253,0.1415887109560806,0.8195655620738862,0.9394323767242746,0.639344262295082,54729.873700744436,153.169467,-27.350967,114.181938,22.298785,3742.111879550998,False,0,False,0,False,0
BRSTS,LKCOL,19.0,16,104194.35996598823,8005.6366014503965,16.137167861692934,0.4846716546403103,598.7279255011028,18,435,104194.35996598823,0.09574954342261977,0.8099303621010235,0.9361980653098338,0.8947368421052632,75506.99930707016,-46.306133,-23.95,79.85,6.95,7550.503866861175,False,0,True,1,True,1
AEKHA,ESALG,13.0,10,103979.08411882565,10439.369573048401,17.371086498003383,0.44782151011958204,630.7000000000002,11,436,103979.08411882565,0.14158871095608083,0.8195655620738862,0.9394323767242746,0.9230769230769231,78662.47063363684,54.659214,24.802318,-5.433333,36.116667,3134.2017554361155,False,0,True,1,True,2
SGSGP,ZACPT,47.0,17,103827.28645901251,5698.826288303671,15.458544186560125,0.3441546766580099,630.6999999999999,44,437,103827.28645901251,0.1415887109560805,0.8195655620738862,0.9394323767242746,0.9574468085106383,81472.27824132796,103.802776,1.248823,18.437805,-33.905756,5214.707827906002,False,0,False,0,True,1
MYPKE,VNHPG,212.0,66,103346.84857802092,1569.581978548257,14.559804642499296,0.42143718978469297,630.6999999999999,185,438,103346.84857802092,0.1415887109560805,0.8195655620738862,0.9394323767242746,0.5801886792452831,49141.701506318364,101.34485,3.00525,106.828308,20.81389,1116.2862437126996,False,0,False,0,False,0
GBFEL,LKCOL,10.0,10,103167.95852333186,10665.4347401975,16.483239166802964,0.5181366750402718,628.2734717921982,9,440,103167.95852333186,0.13827334065910024,0.8188686851994932,0.9391984514465785,0.8,67584.8084405733,1.3,51.933333,79.85,6.95,4651.991884876831,False,0,True,1,True,2
BRITA,MATAN,46.0,9,102649.6330988725,4292.832708758956,15.556018646462055,0.34574318491456035,630.7000000000002,45,442,102649.6330988725,0.14158871095608083,0.8195655620738862,0.9394323767242746,1.0,84128.10424735563,-43.835878,-22.933812,-5.797516,35.789733,4134.957093268723,False,0,False,0,False,0
CNNSA,IDJAK,156.0,38,102348.75164611207,1824.8699556710978,14.204738287738584,0.32568556520951963,630.7,137,445,102348.75164611207,0.1415887109560806,0.8195655620738862,0.9394323767242746,0.5641025641025641,47317.7760961267,113.682083,22.64515,106.788826,-6.09208,1772.2785142452985,False,0,False,0,False,0
ZACPT,ZADUR,160.0,68,102148.24027183402,1172.1858175247366,9.610622844249598,0.26779180353421705,630.6606670293438,119,446,102148.24027183402,0.1415351736612911,0.8195543087599833,0.9394285992498362,0.725,60694.12207409791,18.437805,-33.905756,31.041098,-29.877639,685.8860449932165,False,0,False,0,False,0
CNNBO,CNZOS,2654.0,200,102104.02628985349,135.22944437468732,7.028162663271214,0.20697416784798642,630.5802379779032,1973,447,102104.02628985349,0.14142567845747844,0.8195312933292594,0.9394208735077128,0.960060286360211,80335.3915392443,121.683333,29.966667,122.099218,30.006902,21.761954407450578,False,0,False,0,False,0
CNXIA,VNCMP,115.0,48,102087.53138559396,1209.3003384243266,14.287753962877712,0.31776425661801216,630.0682673132076,112,448,102087.53138559396,0.14072803204534423,0.81938465099143,0.9393716491025714,0.6347826086956522,53098.90267888864,118.042517,24.44535,107.012844,10.522075,1046.4814681168643,False,0,False,0,False,0
USHOU,USMOB,257.0,99,101773.39906722648,566.8909558795974,12.622569879021222,0.24822943765105426,630.6999999999999,187,449,101773.39906722648,0.1415887109560805,0.8195655620738862,0.9394323767242746,0.45525291828793774,37972.63362743993,-94.97475,29.6069,-88.1167,30.6833,361.82680327081573,False,0,False,0,False,0
MTMAL,PACRI,23.0,15,101514.8073258337,5455.862770041537,17.989352709329623,0.5541966249487437,630.7,23,450,101514.8073258337,0.1415887109560806,0.8195655620738862,0.9394323767242746,0.9565217391304348,79580.7340324357,14.539518,35.819159,-79.916667,9.35,5290.393309734953,False,0,False,0,True,1
BRSTS,BRSUA,180.0,41,101461.59082839054,1291.055807781438,15.016665184276544,0.3976271727390331,630.6527761216075,91,451,101461.59082839054,0.14152443230408795,0.8195520509719343,0.9394278413631625,0.8388888888888889,69756.17379778158,-46.306133,-23.95,-34.9681,-8.3911,1138.7357100718016,False,0,False,0,False,0
AEKHA,MYPKE,37.0,11,100912.97387733392,3364.6074935185625,16.31118973633024,0.39717620394851183,630.7,36,453,100912.97387733392,0.1415887109560806,0.8195655620738862,0.9394323767242746,0.972972972972973,80469.53334128877,54.659214,24.802318,101.34485,3.00525,2997.2011019840274,False,0,False,0,False,0
GBLGP,NLROT,645.0,222,100694.73291231606,212.53424802375451,8.481324835983521,0.22574041348768714,630.5265947877228,466,454,100694.73291231606,0.14135263369458473,0.8195159396277129,0.9394157196289862,0.6356589147286822,52455.17030986248,0.486317,51.502973,4.03038,52.002215,135.08003189771753,False,0,False,0,False,0
TWKAO,USTAC,25.0,14,100688.26497730434,5703.577483300762,17.02262133541629,0.559889178970891,627.0552722161115,25,455,100688.26497730434,0.1365992377568126,0.8185167958195886,0.939080330406927,0.96,79118.43458482256,120.260382,22.620829,-122.422033,47.272467,5420.444299820855,False,0,False,0,True,1
AEJAL,CNQIN,53.0,33,100528.96064411945,6125.315341774319,13.99532251591615,0.4829838646919316,630.6173515536756,18,456,100528.96064411945,0.14147620793158877,0.8195419144119225,0.9394244387569018,0.6415094339622641,52852.48477819177,55.0606,25.0136,120.2667,36.0333,3375.2938929671245,False,0,False,0,True,1
BJCOT,SGSGP,31.0,11,100505.92203745035,8396.716071520033,14.687435405806813,0.5076462913267171,630.7000000000002,24,457,100505.92203745035,0.14158871095608083,0.8195655620738862,0.9394323767242746,1.0,82371.19248637719,2.428967,6.3469,103.802776,1.248823,6073.6759728526085,False,0,True,1,True,1
PKQAS,USCHA,14.0,14,100432.43698562245,11603.39730322688,15.456485146431978,0.31252584968182057,630.7,14,458,100432.43698562245,0.1415887109560806,0.8195655620738862,0.9394323767242746,0.5714285714285714,47034.838096326755,67.343788,24.775279,-79.938165,32.87698,6872.286930020811,False,0,True,1,True,2
CGPNO,INNSA,44.0,17,100379.46620503551,6524.019126113382,15.21076865689234,0.3922973708102455,630.6999999999999,23,460,100379.46620503551,0.1415887109560805,0.8195655620738862,0.9394323767242746,0.9772727272727273,80397.8365128019,11.839142,-4.778824,72.9428,18.953883,3880.7357771909374,False,0,False,0,True,1
KRBUS,USCHA,16.0,15,100172.60675560929,10212.164353090748,15.652534473289302,0.36723235894286943,630.2442137006686,12,461,100172.60675560929,0.14096791651444618,0.8194350736966087,0.9393885748261024,0.75,61563.71054937308,129.052391,35.112607,-79.938165,32.87698,6411.103287902293,False,0,True,1,True,2
COCTA,PAMIT,676.0,119,100130.5593952391,348.9665087467822,9.714345815789558,0.26136893222481455,630.6999999999999,557,462,100130.5593952391,0.1415887109560805,0.8195655620738862,0.9394323767242746,0.5192307692307693,42609.92444560305,-75.540962,10.394286,-79.88466,9.361132,264.30818309065234,False,0,False,0,False,0
LKCOL,PTSNS,14.0,12,100026.74258197751,9566.221673463386,16.026175820063454,0.3429131270752474,630.1422560245985,13,464,100026.74258197751,0.14082892422490445,0.8194058581026858,0.9393787678341178,0.7857142857142857,64399.10623032995,79.85,6.95,-8.866667,37.95,5086.898426970213,False,0,True,1,True,1
CNYSN,MYPKE,48.0,39,99980.0484435921,2419.616783651711,14.875209856329983,0.4155035216793148,602.8530689391963,39,465,99980.0484435921,0.1019370591367007,0.8112309518466134,0.9366346428870003,0.9166666666666666,74348.00070918526,122.066667,30.633333,101.34485,3.00525,2033.0397542055885,False,0,False,0,False,0
NGONN,SGSGP,38.0,16,99553.1240073173,8194.358494524156,14.368295523623983,0.34018654525932,630.7,36,467,99553.1240073173,0.1415887109560806,0.8195655620738862,0.9394323767242746,0.868421052631579,70854.74466046983,7.166667,4.683333,103.802776,1.248823,5794.483637617639,False,0,True,1,True,1
CNWGQ,VNHPG,303.0,61,99014.47385617088,1396.3582633452409,13.40111651777566,0.3596357332166303,630.7000000000002,256,469,99014.47385617088,0.14158871095608083,0.8195655620738862,0.9394323767242746,0.7887788778877888,64008.50114763198,121.617967,31.353633,106.828308,20.81389,1016.238519474438,False,0,False,0,False,0
SADMA,SGSGP,40.0,31,98485.83411952882,3818.160843298354,16.80668760926081,0.4025758713204089,630.7,31,471,98485.83411952882,0.1415887109560806,0.8195655620738862,0.9394323767242746,0.675,54483.02864762884,50.206833,26.510212,103.802776,1.248823,3438.534310103713,False,0,False,0,False,0
FRLEH,MATAN,93.0,70,98200.14838342457,1293.6760947905818,14.2058118223042,0.4066584369779485,628.9341371257339,88,472,98200.14838342457,0.1391785434414008,0.8190589550122487,0.939262320575289,0.7204301075268817,57945.42614448773,0.094067,49.480233,-5.797516,35.789733,861.5144358656615,False,0,False,0,False,0
CNSHE,HKHKG,6099.0,648,98195.4892842774,52.125987771261194,6.595076780962734,0.2083214702425086,630.2417153144916,5512,473,98195.4892842774,0.1409645111640372,0.8194343579062937,0.9393883345520248,0.7616002623380882,61281.98058163495,113.8943,22.467416,114.181938,22.298785,18.907951032760256,False,0,False,0,False,0
USLGB,USOAK,268.0,107,97901.33566098411,525.2630867756802,9.726369579835518,0.26718001923069346,630.429645636387,236,475,97901.33566098411,0.141220588613843,0.819488184307823,0.9394064028168615,0.6343283582089553,50891.5221132918,-118.217354,33.74561,-122.320518,37.814824,315.572932061284,False,0,False,0,False,0
CNYSN,PACOL,15.0,12,97840.87900390956,8779.34309066106,16.995020036825213,0.40881980799458617,630.6999999999999,0,476,97840.87900390956,0.1415887109560805,0.8195655620738862,0.9394323767242746,1.0,80187.01499464223,122.066667,30.633333,-79.892063,9.359918,8092.94338506548,False,0,True,1,True,1
INMUN,PKKAR,483.0,186,97728.95439211772,282.0032788890929,9.929602090708235,0.2388390341505767,630.6670197689132,344,477,97728.95439211772,0.14154382101924734,0.819556126398209,0.9394292093885025,0.494824016563147,39632.61455145703,69.7,22.766667,66.9833,24.7833,192.19090648943327,False,0,False,0,False,0
COBUE,MXLCS,67.0,44,97434.34179136393,1816.9298313969646,14.803734358427231,0.430497420534399,623.0573934679096,65,479,97434.34179136393,0.13105918383121695,0.8173522998152798,0.938689436317607,0.9253731343283582,73695.03533340117,-77.083333,3.883333,-102.166667,17.883333,1697.161666147474,False,0,False,0,False,0
JPKOB,JPNAG,952.0,214,96930.98674908219,255.53282186956775,13.18422834701211,0.32130772677980857,630.6374392119019,909,481,96930.98674908219,0.14150355444075857,0.8195476625329854,0.9394263682667842,0.6554621848739496,52069.629933980126,135.237233,34.685033,136.866667,35.066667,83.46616292367584,False,0,False,0,False,0
CNWGQ,IDJAK,127.0,41,96903.49190935011,2620.7675424949516,15.324317598348069,0.5394226126047955,630.2422602947366,124,482,96903.49190935011,0.140965253985331,0.8194345140442014,0.9393883869638708,0.8740157480314961,69402.15200010725,121.617967,31.353633,106.788826,-6.09208,2403.74228539857,False,0,False,0,False,0
BRMAN,BRPEC,186.0,22,96544.33276548998,1590.318660187697,14.256955048228738,0.399792150933737,630.7000000000002,159,484,96544.33276548998,0.14158871095608083,0.8195655620738862,0.9394323767242746,0.8709677419354839,68914.80901277166,-60.033932,-3.131603,-38.795986,-3.528841,1273.178656286025,False,0,False,0,False,0
CNWGQ,JPNAG,518.0,70,96465.0153819189,941.4337876861499,13.734524556338954,0.4991320624611422,630.7,453,485,96465.0153819189,0.1415887109560806,0.8195655620738862,0.9394323767242746,0.5714285714285714,45176.80260111339,121.617967,31.353633,136.866667,35.066667,796.8336364216447,False,0,False,0,False,0
CNNSA,CNSHE,3286.0,610,95597.11362213432,95.56021202043682,8.472669762745355,0.2186960014251943,628.1068898782374,2819,487,95597.11362213432,0.1380447998190979,0.8188206468773797,0.9391823261047092,0.8027997565429094,62840.668568649024,113.682083,22.64515,113.8943,22.467416,15.88506367211715,False,0,False,0,False,0
FRLEH,PTSNS,129.0,76,95464.69620661826,1056.9006644457027,13.718728357807297,0.3479030253353762,629.4867872514515,123,488,95464.69620661826,0.13993429097387045,0.8192178099608911,0.9393156444684186,0.5736434108527132,44862.57420362483,0.094067,49.480233,-8.866667,37.95,792.7198189258329,False,0,False,0,False,0
TWKAO,TWTCH,2168.0,174,95264.18677220566,169.85015847381933,11.578520750500571,0.3409573571265351,630.363021583208,2010,489,95264.18677220566,0.14112982287534914,0.8194691057318336,0.939399998584851,0.4981549815498155,38888.995654007806,120.260382,22.620829,120.5,24.283333,100.6862020832233,False,0,False,0,False,0
KRBUS,PHMAN,244.0,37,95205.51981907325,1448.4025271204223,13.335724991667043,0.38203351229002913,630.7000000000002,147,490,95205.51981907325,0.14158871095608083,0.8195655620738862,0.9394323767242746,0.7213114754098361,56281.88977007266,129.052391,35.112607,120.94162,14.596732,1307.298631729463,False,0,False,0,False,0
USCHA,USNYK,201.0,91,95103.32781293325,690.2532938374447,12.572442293256248,0.27345594195446776,629.9258542029319,171,491,95103.32781293325,0.14053376855748667,0.8193438176243849,0.9393579422957073,0.5074626865671642,39542.67171771776,-79.938165,32.87698,-74.049568,40.663452,546.2713820446918,False,0,False,0,False,0
GBSOU,MATAN,86.0,37,94926.96397250294,1249.4745668530177,14.156251708603088,0.39764332619095183,629.4002712923956,82,492,94926.96397250294,0.13981606825764137,0.8191929600438116,0.9393073029321055,0.9069767441860465,70529.68659487607,-1.4,50.9,-5.797516,35.789733,926.894279992826,False,0,False,0,False,0
CNTJN,CNYSN,122.0,68,94822.8617282866,788.9053854910113,14.659657700891533,0.4232861507476069,630.4524477333869,113,494,94822.8617282866,0.14125164880166574,0.8194947130284994,0.939408594355788,0.8770491803278688,68152.71494328092,117.8143,38.97075,122.066667,30.633333,542.5285884895311,False,0,False,0,False,0
MTMAL,SGSGP,13.0,13,94725.86923050045,10960.766305420098,16.141632862959277,0.44931842065769484,604.7869068644444,13,496,94725.86923050045,0.10480866259667854,0.8118345508007057,0.9368372569471612,0.8461538461538461,65070.69757349592,14.539518,35.819159,103.802776,1.248823,5323.898691488032,False,0,True,1,True,2
MATAN,MYTPP,8.0,7,94708.59182210334,10950.576891580418,17.942037477579078,0.6401661843095459,630.0486244975581,8,497,94708.59182210334,0.14070124281003282,0.819379020006985,0.9393697589127138,0.75,58201.674865077446,-5.797516,35.789733,103.549576,1.327854,6291.037953190811,False,0,True,1,True,2
SGSGP,USMIA,10.0,9,94482.16288870413,12408.010088073432,17.147879740590472,0.5588981634794808,630.6999999999999,10,498,94482.16288870413,0.1415887109560805,0.8195655620738862,0.9394323767242746,1.0,77434.32693383728,103.802776,1.248823,-80.1833,25.7833,9167.855384766457,False,0,True,1,True,2
ESBAR,ITGIT,114.0,63,93962.28838624943,708.9643238288982,14.527734646386387,0.4733541126436244,629.6589164889981,114,499,93962.28838624943,0.14016940628925445,0.8192672302100428,0.9393322336908931,0.6228070175438597,47943.82356384552,2.166667,41.35,15.909341,38.462848,655.4450560374911,False,0,False,0,False,0
KRBUS,VNHCM,173.0,47,93447.38622235823,2042.822932792853,14.958844723381262,0.5842351002595796,630.5734225223754,136,503,93447.38622235823,0.14141639868941858,0.8195293427610931,0.9394202187475725,0.8439306358381503,64630.63440449991,129.052391,35.112607,106.710033,10.776988,1903.2209466594747,False,0,False,0,False,0
CNXIA,KRBUS,188.0,90,93356.72967606774,954.2766651507519,13.701223081778252,0.3681829143600144,630.2262782843064,176,504,93356.72967606774,0.14094346958384896,0.8194299350547507,0.939386849904143,0.6968085106382979,53305.36255603893,118.042517,24.44535,129.052391,35.112607,858.6286070696023,False,0,False,0,False,0
THLCB,VNHPG,278.0,60,93331.12255059721,1356.9904316634445,14.237214917963149,0.44695434552143976,630.6777835758447,259,505,93331.12255059721,0.14155847233059904,0.8195592060421539,0.9394302431529902,0.7841726618705036,59981.6654383335,100.886078,13.056152,106.828308,20.81389,577.235224952137,False,0,False,0,False,0
USNYK,VNCMP,10.0,10,93034.87897134671,13048.096439356235,17.372233463873044,0.48181357632719635,629.0076996847596,7,507,93034.87897134671,0.13927921665929688,0.8190801160986849,0.9392694238573793,0.6,45721.81168144666,-74.049568,40.663452,107.012844,10.522075,7733.514306024893,False,0,True,1,True,2
CNNBO,JMKIN,10.0,9,92889.3504615764,10379.896070335344,16.66214821248001,0.6393553972188665,630.7,7,508,92889.3504615764,0.1415887109560806,0.8195655620738862,0.9394323767242746,1.0,76128.91272172006,121.683333,29.966667,-76.7936,17.997,7735.531262429548,False,0,True,1,True,2
CNTJN,HKHKG,136.0,50,92655.14610542508,1490.1743688122453,14.425917118803849,0.3325936562184661,625.4073271109861,116,509,92655.14610542508,0.13432418116853628,0.8180385885056879,0.9389198073894313,0.6691176470588235,50716.096539310216,117.8143,38.97075,114.181938,22.298785,1018.1765624804931,False,0,False,0,False,0
BRRDJ,PTSNS,30.0,14,92619.6987795503,4387.573637812948,15.328869126474817,0.4412650320170304,630.7000000000003,27,510,92619.6987795503,0.14158871095608094,0.8195655620738862,0.9394323767242746,0.9666666666666667,73377.6516397303,-43.1667,-22.916667,-8.866667,37.95,4134.795825694223,False,0,False,0,False,0
BEANT,SGSGP,9.0,9,92524.55050217596,12034.464745671741,16.38200287848526,0.4932314872556687,628.3983479347901,9,511,92524.55050217596,0.13844458410927918,0.8189046798515626,0.9392105340099269,1.0,75768.78740739413,4.4,51.2167,103.802776,1.248823,5697.50527924939,False,0,True,1,True,2
USLGB,VNHPG,20.0,9,92183.25219834255,6974.943428415492,15.373778605205931,0.3116236510543008,630.7000000000002,18,512,92183.25219834255,0.14158871095608083,0.8195655620738862,0.9394323767242746,0.95,71772.70795664674,-118.217354,33.74561,106.828308,20.81389,6640.206352636616,False,0,False,0,True,1
TWKAO,VNHCM,281.0,37,90852.66342165864,1153.9297859795158,14.2274409174616,0.4362221163839362,628.4333319290258,229,515,90852.66342165864,0.1384925456800169,0.8189147611717509,0.93921391807347,0.5587188612099644,41569.01133572638,120.260382,22.620829,106.710033,10.776988,1053.5341242787115,False,0,False,0,False,0
PACOL,USNYK,68.0,42,89393.24036161262,2008.2950107519077,15.442542902242339,0.40314545314123357,629.114997051831,44,519,89393.24036161262,0.13942601505747354,0.8191109725037689,0.9392797816313179,0.9558823529411765,69992.55828104616,-79.892063,9.359918,-74.049568,40.663452,1905.0636219683117,False,0,False,0,False,0
USCHA,VNCMP,11.0,8,89202.32992843428,13231.751329941126,16.823865716203727,0.36167352407155196,630.7,11,521,89202.32992843428,0.1415887109560806,0.8195655620738862,0.9394323767242746,1.0,73107.15766609748,-79.938165,32.87698,107.012844,10.522075,8171.337410892346,False,0,True,1,True,2
CNSHE,CNWGQ,267.0,94,89098.74207735973,934.0269484691648,13.374620968011788,0.3263411491976139,630.3822924879034,235,522,89098.74207735973,0.14115607869745317,0.8194746245950687,0.9394018511382392,0.5543071161048689,40472.26747538992,113.8943,22.467416,121.617967,31.353633,674.5306661041974,False,0,False,0,False,0
COCTA,JMKIN,360.0,100,88852.99916155946,535.370826812154,11.630610612600295,0.31018989620666415,630.6795142261724,302,523,88852.99916155946,0.141560827983633,0.8195597011905014,0.9394304093627166,0.6388888888888888,46524.10447729815,-75.540962,10.394286,-76.7936,17.997,462.2468749239605,False,0,False,0,False,0
CAVCR,CNYTN,27.0,19,88701.12480812221,5884.536277142712,13.89671753464165,0.30333668784951595,630.2645392141521,26,524,88701.12480812221,0.1409956195932477,0.8194408967671067,0.9393905294947581,0.7037037037037037,51148.93540308726,-123.116667,49.283333,114.263091,22.566543,5520.126211345009,False,0,False,0,True,1
BRRDJ,BRSAL,149.0,72,88648.19217388878,850.8548599807325,13.215571995142614,0.3342392023030257,630.7,135,525,88648.19217388878,0.1415887109560806,0.8195655620738862,0.9394323767242746,0.6510067114093959,47297.59414929679,-43.1667,-22.916667,-38.516667,-12.966667,653.6078745316843,False,0,False,0,False,0
CNDAL,CNQIN,661.0,163,88643.13382201557,329.5919829928915,10.941126140774005,0.2651357488080367,630.4480344139299,368,526,88643.13382201557,0.14124563731364437,0.8194934494390335,0.9394081701983399,0.6354009077155824,46157.089791306425,121.737442,38.978628,120.2667,36.0333,190.1998654640337,False,0,False,0,False,0
AEJAL,SADMA,356.0,150,88375.97193826825,355.7138652747259,10.490893903309544,0.23542641442949347,630.6329944240352,149,527,88375.97193826825,0.14149750364002578,0.8195463906801532,0.9394259413355172,0.6207865168539326,44962.45547835302,55.0606,25.0136,50.206833,26.510212,277.3873492856097,False,0,False,0,False,0
INNSA,TGLOM,14.0,13,87794.97381264996,7472.376577106169,17.158402576138688,0.48190043351308065,626.3546168342766,10,532,87794.97381264996,0.13563341683925711,0.818313784330084,0.93901218419516,0.8571428571428571,61580.43194210589,72.9428,18.953883,1.286945,6.137824,4244.250195856322,False,0,False,0,True,1
KRGWA,VNHCM,158.0,21,86996.14343211631,1999.0496332945088,15.10857086412853,0.6005805437204567,630.5795092243513,141,536,86996.14343211631,0.1414246862129206,0.819531084763632,0.9394208034971067,0.6645569620253164,47380.282270274394,127.728767,34.866497,106.710033,10.776988,1847.099374752686,False,0,False,0,False,0
CNMWN,MYTPP,113.0,43,86978.2775045162,1512.45468978873,15.271934493270372,0.4408639181502816,630.6764143700611,108,537,86978.2775045162,0.14155660864412245,0.8195588143031052,0.9394301116553481,0.7433628318584071,52989.73782712505,113.862187,22.508158,103.549576,1.327854,1406.9060700565587,False,0,False,0,False,0
JPKOB,USOAK,29.0,7,86908.99306031973,5056.561728789214,16.119983363898967,0.38676139649188224,630.7000000000003,29,538,86908.99306031973,0.14158871095608094,0.8195655620738862,0.9394323767242746,1.0,71227.61774675641,135.237233,34.685033,-122.320518,37.814824,4679.544437193262,False,0,False,0,True,1
CNSHE,KRINC,255.0,41,86822.44298679676,1253.3869912969976,15.253423403970126,0.5469542918434297,630.6999999999999,230,539,86822.44298679676,0.1415887109560805,0.8195655620738862,0.9394323767242746,0.7568627450980392,53855.843401610546,113.8943,22.467416,126.607819,37.439929,1113.5938131476241,False,0,False,0,False,0
LKCOL,USNFK,12.0,11,85983.79147106955,11236.525150398462,16.18875652399119,0.3686686682282486,630.7000000000003,11,544,85983.79147106955,0.14158871095608094,0.8195655620738862,0.9394323767242746,0.6666666666666666,46979.56959082062,79.85,6.95,-76.316667,36.85,7856.033722941417,False,0,True,1,True,2
PABAL,PTSNS,28.0,15,85631.96723091172,4398.339519746532,15.06920633949434,0.38490103913929286,630.6999999999999,8,545,85631.96723091172,0.1415887109560805,0.8195655620738862,0.9394323767242746,1.0,70181.01135509477,-79.57037,8.954178,-8.866667,37.95,4162.109121814102,False,0,False,0,False,0
AEKHA,GRPIR,5.0,5,85631.39018447275,11546.94411484684,16.98814989632805,0.7261235743522871,630.7,5,546,85631.39018447275,0.1415887109560806,0.8195655620738862,0.9394323767242746,1.0,70180.53842770567,54.659214,24.802318,23.65,37.933333,1762.9781098573185,False,0,True,1,True,2
CAPRR,CNYSN,36.0,18,85495.05569497358,4705.025999134197,15.528420236854569,0.3194375143984973,630.7,36,547,85495.05569497358,0.1415887109560806,0.8195655620738862,0.9394323767242746,0.6388888888888888,44766.17993414867,-130.319567,54.320128,122.066667,30.633333,4491.5836690488095,False,0,False,0,False,0
CNSHE,CNXIA,508.0,189,85409.9065854111,355.6607354028418,12.114202638423668,0.30657698406100836,628.5197587884575,379,550,85409.9065854111,0.13861101034658108,0.818939661945772,0.9392222766812697,0.844488188976378,59068.199313191,113.8943,22.467416,118.042517,24.44535,257.476347312697,False,0,False,0,False,0
CLVAL,PECAL,134.0,65,85203.76762199587,1311.6141085598576,16.07138873384444,0.42040524055690526,630.6250344617285,124,551,85203.76762199587,0.14148666733138304,0.8195441129337114,0.9394251767492775,0.7313432835820896,51068.41882932173,-71.6167,-33.033333,-77.15,-12.05,1296.0535188256583,False,0,False,0,False,0
CNSHE,VNCMP,135.0,46,84790.3213798888,993.0575602385785,14.772674994742045,0.4274212000879118,629.0230986204031,125,553,84790.3213798888,0.1393002877200874,0.8190845451469264,0.9392709105853478,0.9185185185185185,63791.516931245795,113.8943,22.467416,107.012844,10.522075,818.8964381481336,False,0,False,0,False,0
JPTOK,NZTAU,39.0,7,84734.72666809952,4871.504244003386,16.699389517758913,0.36086834509641064,630.7,38,554,84734.72666809952,0.1415887109560806,0.8195655620738862,0.9394323767242746,0.8205128205128205,56981.05754988152,139.75,35.6667,176.183333,-37.716667,4849.610980923717,False,0,False,0,False,0
CNZOS,CNZOS,242.0,180,84668.24858343136,414.3507703714648,5.062822548687934,0.23065497713627736,630.6180788279755,45,555,84668.24858343136,0.14147719804321224,0.819542122529216,0.9394245086170128,0.6859504132231405,47597.547775672894,122.099218,30.006902,122.099218,30.006902,0.0,False,0,False,0,False,0
MYPAG,TWKAO,131.0,27,84130.25966340634,1641.125846392784,15.888050963639275,0.44439923177985885,630.3316858238315,123,559,84130.25966340634,0.14108712575284799,0.8194601309764944,0.9393969859692626,0.8625954198473282,59468.53035972017,103.900833,1.426733,120.260382,22.620829,1590.5633318883233,False,0,False,0,False,0
CNXIA,MYTPP,76.0,60,84071.92999150336,1711.0135048946902,15.09466925098386,0.42796210202683066,630.4627777523738,72,560,84071.92999150336,0.1412657192386303,0.8194976705750945,0.9394095871350493,0.8289473684210527,57111.780259128085,118.042517,24.44535,103.549576,1.327854,1623.107017285096,False,0,False,0,False,0
CNMWN,THLCB,210.0,52,84010.68250920979,1500.9385626343214,15.196539813478333,0.5273553274061222,629.7397592349099,203,561,84010.68250920979,0.14027978691108312,0.8192904317519047,0.9393400219061754,0.8380952380952381,57685.381469879576,113.862187,22.508158,100.886078,13.056152,933.0453853681189,False,0,False,0,False,0
CNXIA,HKHKG,842.0,169,83963.0580120926,333.9220886581677,12.44973429184699,0.2951325757751721,630.6428454165577,673,562,83963.0580120926,0.14151091392721704,0.819549209466046,0.9394268875360541,0.6591448931116389,45356.98466636585,118.042517,24.44535,114.181938,22.298785,248.73929853998817,False,0,False,0,False,0
PHMAN,SGSGP,179.0,53,83831.3670223065,1381.1826685074793,13.249503222769594,0.3443119017015838,630.3818980738888,80,563,83831.3670223065,0.1411555413405272,0.8194745116449058,0.9394018132235097,0.5418994413407822,37227.228209271285,120.94162,14.596732,103.802776,1.248823,1294.567298110625,False,0,False,0,False,0
CNNSA,VNHCM,374.0,83,83355.57352446982,958.9341374795167,13.229736771319716,0.3885623139610891,630.541510640805,323,564,83355.57352446982,0.1413729455340894,0.8195202090908374,0.9394171527879612,0.6737967914438503,46028.121430487605,113.682083,22.64515,106.710033,10.776988,817.1596374496999,False,0,False,0,False,0
PABAL,USLSA,49.0,23,83278.22217676451,2991.397792639267,14.703879954785947,0.2962129681832753,630.7000000000003,36,565,83278.22217676451,0.14158871095608094,0.8195655620738862,0.9394323767242746,0.6530612244897959,44572.71050893974,-79.57037,8.954178,-118.244,33.738045,2599.784926706222,False,0,False,0,False,0
HKHKG,MYTPP,96.0,60,82914.6463411007,1514.4797437769375,16.31200657364001,0.4070832627246066,630.6756867111692,93,568,82914.6463411007,0.14155561819216733,0.8195586061142752,0.9394300417712242,0.65625,44594.42661303694,114.181938,22.298785,103.549576,1.327854,1403.8465623927682,False,0,False,0,False,0
CNSHE,TWKAO,450.0,145,81655.21880959875,394.1638157502631,12.736350611398072,0.2904344390037282,630.1194504628324,420,570,81655.21880959875,0.1407978287254371,0.8193993219596505,0.9393765738036788,0.6755555555555556,45200.2271151641,113.8943,22.467416,120.260382,22.620829,353.1080741488201,False,0,False,0,False,0
KRBUS,TWKAO,173.0,73,81435.3116392881,1027.1425041772682,11.439257448336525,0.3124754588485146,630.5689529750083,171,572,81435.3116392881,0.14141031294723827,0.8195280635637158,0.9394197893509134,0.7514450867052023,50150.335392768524,129.052391,35.112607,120.260382,22.620829,880.0596667710865,False,0,False,0,False,0
CNXIA,THLCB,171.0,47,81120.30629431603,1726.4497168406147,14.916552206831664,0.4255877224648907,630.3222638381716,155,577,81120.30629431603,0.141074286820688,0.8194574322870231,0.9393960800822871,0.5614035087719298,37319.094962681855,118.042517,24.44535,100.886078,13.056152,1189.1401466687387,False,0,False,0,False,0
CNQIN,CNZOS,243.0,149,80792.85085939457,578.5325947580468,10.749993556287327,0.24317768991327118,629.9431850574277,98,580,80792.85085939457,0.14055741399814625,0.8193487877964334,0.9393596106662896,0.6008230452674898,39772.99820774649,120.2667,36.0333,122.099218,30.006902,373.3792427495828,False,0,False,0,False,0
AEJAL,AEKHA,836.0,306,80491.70573942596,92.03744879936372,6.0740125243020895,0.20593694374521773,630.4092795989756,469,581,80491.70573942596,0.1411928448381936,0.8194823526830188,0.9394044452767252,0.5514354066985646,36373.52444038908,55.0606,25.0136,54.659214,24.802318,25.27219044214547,False,0,False,0,False,0
DOCUC,PTSNS,30.0,21,80414.47285485697,3500.551467964365,16.796579996811833,0.5097648403020661,630.7,30,582,80414.47285485697,0.1415887109560806,0.8195655620738862,0.9394323767242746,1.0,65904.93264416611,-69.629288,18.426403,-8.866667,37.95,3359.7964613452154,False,0,False,0,False,0
TWKAO,VNHPG,405.0,38,79290.90983036329,827.3642133207975,13.279788413279372,0.4116701249582645,630.625733689136,324,585,79290.90983036329,0.14148761923679987,0.8195443130202213,0.9394252439136419,0.7283950617283951,47332.86962116951,120.260382,22.620829,106.828308,20.81389,756.7602324315936,False,0,False,0,False,0
ITGIT,LKCOL,10.0,10,79188.4237100453,10616.352358120495,16.428560498997307,0.4445468946064555,613.3108844330029,10,586,79188.4237100453,0.11725029876077209,0.8144497303268856,0.937715111586002,0.9,58045.491302091796,15.909341,38.462848,79.85,6.95,3925.0004550361245,False,0,True,1,True,2
ECPSJ,MXLCS,59.0,33,79047.10992369831,1922.6674024998683,13.465048210893451,0.3433837278506221,630.2585079373725,48,587,79047.10992369831,0.140987399326313,0.8194391689016152,0.9393899494907003,0.9152542372881356,59284.95076673387,-80.240917,-2.705467,-102.166667,17.883333,1791.9526654128836,False,0,False,0,False,0
CAHFX,USNYK,212.0,81,78916.92899574396,663.2559231271304,10.740928231396875,0.2543212308549461,627.0580116684681,187,588,78916.92899574396,0.13660300972879746,0.8185175886722149,0.9390805965490212,0.7783018867924528,50274.328209703315,-63.57595,44.655955,-74.049568,40.663452,520.3224500131872,False,0,False,0,False,0
COCTA,USPEV,145.0,34,78894.35183084615,1206.1398705220656,12.706533113596914,0.3435256134324977,630.7,142,589,78894.35183084615,0.1415887109560806,0.8195655620738862,0.9394323767242746,0.6551724137931034,42362.8545603912,-75.540962,10.394286,-80.1,26.083333,976.9052433050149,False,0,False,0,False,0
CNNSA,CNWGQ,281.0,146,78561.78697323421,968.3084438466516,13.753244541132224,0.37432463110242287,630.5230428606162,225,593,78561.78697323421,0.1413477966741301,0.8195149229063835,0.9394153783394011,0.7046263345195729,45365.64500128838,113.682083,22.64515,121.617967,31.353633,673.0110683632488,False,0,False,0,False,0
KRBUS,KRINC,777.0,104,78186.9996874674,452.56169946074607,13.345825078700654,0.44401764015697154,630.6294481434719,688,595,78186.9996874674,0.14149267593855164,0.8195453759176342,0.9394256007034589,0.5791505791505791,37110.691535176105,129.052391,35.112607,126.607819,37.439929,183.085761455853,False,0,False,0,False,0
CNNBO,MYTPP,56.0,37,77397.33978465472,2204.3535023891413,14.93950115158408,0.42351543693736454,630.7000000000002,49,597,77397.33978465472,0.14158871095608083,0.8195655620738862,0.9394323767242746,0.7678571428571429,48706.86346779047,121.683333,29.966667,103.549576,1.327854,2006.635502964862,False,0,False,0,False,0
CNNSA,HKHKG,5217.0,543,77030.93967488338,90.74006270379002,7.7501041110937265,0.22044564900367636,630.5490498246955,4955,601,77030.93967488338,0.14138321174138746,0.8195223670043773,0.9394178771490967,0.8033352501437608,50713.41201084518,113.682083,22.64515,114.181938,22.298785,34.66360642657915,False,0,False,0,False,0
CNYTN,USOAK,12.0,12,76875.33130380843,6407.373011229532,16.915557438481994,0.5981234992240874,628.5408393688112,10,604,76875.33130380843,0.13863990040220653,0.8189457345137996,0.9392243151004143,0.8333333333333334,52463.937217157574,114.263091,22.566543,-122.320518,37.814824,5978.987835281389,False,0,False,0,True,1
BRSAL,COCTA,36.0,11,76763.35099245458,3441.3744438414074,13.985311520905828,0.3328532198950767,630.7,36,605,76763.35099245458,0.1415887109560806,0.8195655620738862,0.9394323767242746,0.6666666666666666,41941.732601870695,-38.516667,-12.966667,-75.540962,10.394286,2614.7750730641496,False,0,False,0,False,0
PACRI,PTSNS,27.0,18,76451.74795000571,4307.413589716787,15.970327131842161,0.43657100871944093,630.6999999999999,26,606,76451.74795000571,0.1415887109560805,0.8195655620738862,0.9394323767242746,1.0,62657.219780177504,-79.916667,9.35,-8.866667,37.95,4164.076454500855,False,0,False,0,False,0
CAVCR,KRGWA,22.0,12,76378.33276382525,4892.371542321947,15.54317734135513,0.3956315806495468,630.7000000000002,22,608,76378.33276382525,0.14158871095608083,0.8195655620738862,0.9394323767242746,0.8636363636363636,54061.08969159838,-123.116667,49.283333,127.728767,34.866497,4507.102662639002,False,0,False,0,False,0
CNYSN,JPYOK,138.0,54,76293.07945232285,1070.2091297206414,10.962241679286981,0.24921390425836434,630.2979022930253,120,609,76293.07945232285,0.14104108861796072,0.8194504541646175,0.9393937376897047,0.5942028985507246,37148.613664923934,122.066667,30.633333,139.679832,35.450183,930.9016344054592,False,0,False,0,False,0
CNNBO,IDJAK,97.0,29,76154.30509808067,2494.257977418813,15.484791660974908,0.5231841148620772,630.651160661574,78,610,76154.30509808067,0.14152223325482594,0.8195515887410403,0.9394276862030557,0.6701030927835051,41822.730027001286,121.683333,29.966667,106.788826,-6.09208,2328.8411468567456,False,0,False,0,False,0
USLSA,VNHPG,15.0,9,75926.96897103105,7209.971412763058,16.16611683638612,0.4375373658295819,630.7000000000002,14,613,75926.96897103105,0.14158871095608083,0.8195655620738862,0.9394323767242746,0.9333333333333333,58078.653734555606,-118.244,33.738045,106.828308,20.81389,6639.58739232295,False,0,False,0,True,1
CNTJN,MYTPP,28.0,18,74992.86708780138,2905.4380846164077,17.293372627757314,0.49615071603662986,629.8616795288466,26,617,74992.86708780138,0.14044620018004317,0.8193254111202233,0.9393517636625003,1.0,61443.56165779713,117.8143,38.97075,103.549576,1.327854,2391.8431272731536,False,0,False,0,False,0
KRBUS,VNHPG,179.0,47,74903.24986228684,1711.716756628706,13.517931710545374,0.43586358141681153,630.0982942676991,164,618,74903.24986228684,0.14076898013314632,0.8193932581070411,0.9393745383100964,0.5307262569832403,32573.43969278869,129.052391,35.112607,106.828308,20.81389,1452.1612890339195,False,0,False,0,False,0
ESVAL,GRPIR,110.0,49,74434.23289149934,1286.9936246442867,14.284719221075104,0.3220557939843903,630.600275193316,87,619,74434.23289149934,0.14145295950905012,0.819537027691411,0.9394227983990501,0.7363636363636363,44919.36735066873,-0.316667,39.45,23.65,37.933333,1123.5152167792182,False,0,False,0,False,0
CNYTN,VNHPG,248.0,98,74017.00729014583,626.6401569890363,12.831346651045923,0.2937783552390308,630.6816700583644,226,620,74017.00729014583,0.1415637623495576,0.8195603179818612,0.939430616405159,0.5685483870967742,34488.94228362762,114.263091,22.566543,106.828308,20.81389,427.8602022919872,False,0,False,0,False,0
MYPEN,MYPKE,915.0,127,73847.52873644364,224.41858373766289,12.073529525531997,0.2978693946182377,630.3526032746366,706,622,73847.52873644364,0.14111562768605102,0.8194661219628234,0.939398997003338,0.5519125683060109,33399.29151371231,100.35,5.416667,101.34485,3.00525,156.5568598311073,False,0,False,0,False,0
GTPQL,MXLCS,226.0,63,73606.14306202422,789.6753897195015,13.274486259285089,0.36921600958671164,629.6961248208937,123,623,73606.14306202422,0.14022021311629962,0.8192779095911247,0.9393358185094988,0.6814159292035398,41092.0292089458,-90.783333,13.916667,-102.166667,17.883333,698.8977298736104,False,0,False,0,False,0
BRRDJ,LKCOL,12.0,12,73432.0945835954,7905.811417401737,15.29506484726772,0.43432869974086863,627.8199185853935,7,624,73432.0945835954,0.1376508072252871,0.8187378312933833,0.9391545268489212,0.6666666666666666,40081.089244468996,-43.1667,-22.916667,79.85,6.95,7387.716847899808,False,0,False,0,True,1
TWKAO,TWKEE,731.0,108,73223.0900317245,284.6402710176923,12.367527140737305,0.32278429880946913,630.3471867100737,701,625,73223.0900317245,0.14110824730464733,0.8194645706377334,0.9393984762597664,0.521203830369357,31274.172887561414,120.260382,22.620829,121.7559,25.15113,172.6807055373103,False,0,False,0,False,0
THBKK,THLCB,5055.0,231,73039.83256125195,55.41102933797495,8.062125697700905,0.22725451776343883,630.0522736194984,4079,626,73039.83256125195,0.14070621967636499,0.819380066123329,0.9393701100695182,0.8502472799208705,50885.0744647156,100.574341,13.69736,100.886078,13.056152,42.58748347103936,False,0,False,0,False,0
BEZEE,MYPKE,6.0,6,72524.40792612397,11695.07094645997,16.198407148949464,0.5819099287514825,607.327626311076,6,629,72524.40792612397,0.1085536429678362,0.812621729903472,0.9371014945721672,0.8333333333333334,49112.42485762662,3.2,51.333333,101.34485,3.00525,5566.971249338439,False,0,True,1,True,2
CAHFX,ESVAL,53.0,16,72471.31132357586,3269.3566330296085,15.265262107218037,0.30296265582971943,630.7000000000002,51,630,72471.31132357586,0.14158871095608083,0.8195655620738862,0.9394323767242746,0.6226415094339622,36981.786848519914,-63.57595,44.655955,-0.316667,39.45,2766.2291751732882,False,0,False,0,False,0
PHMAN,TWKAO,329.0,72,72331.45635317039,577.2347282729536,12.621410673734617,0.3407675213807059,630.3577457574459,181,632,72331.45635317039,0.1411226344978963,0.8194675947651655,0.9393994913886583,0.7021276595744681,41617.41256592776,120.94162,14.596732,120.260382,22.620829,483.3240197341763,False,0,False,0,False,0
HKHKG,VNCMP,110.0,54,72324.87198274684,992.6990632965218,13.69605566589095,0.27412881635912095,630.57401978422,105,633,72324.87198274684,0.1414172119154783,0.8195295136977861,0.9394202761270248,0.6,35563.42029856509,114.181938,22.298785,107.012844,10.522075,818.3352294082821,False,0,False,0,False,0
INMUN,SGSGP,46.0,37,71946.85415402724,2900.2083298328116,14.051454842557481,0.4399144196555188,628.0100643822174,44,635,71946.85415402724,0.1379119050702109,0.8187927129608238,0.9391729493418582,0.6739130434782609,39699.92080336854,69.7,22.766667,103.802776,1.248823,2370.7985536586352,False,0,False,0,False,0
DEWVN,MATAN,34.0,19,71770.84475512306,1711.048208493289,15.543032516450351,0.6183665093240055,630.7000000000002,33,636,71770.84475512306,0.14158871095608083,0.8195655620738862,0.9394323767242746,0.9705882352941176,57090.885877478,8.170278,53.541667,-5.797516,35.789733,1216.401848270777,False,0,False,0,False,0
CNXIA,VNHPG,248.0,83,71573.66476426572,869.3641601490193,12.949137245382051,0.3097623122377779,630.6999999999999,197,638,71573.66476426572,0.1415887109560805,0.8195655620738862,0.9394323767242746,0.7459677419354839,43757.95361515914,118.042517,24.44535,106.828308,20.81389,658.3185099807771,False,0,False,0,False,0
CRPMN,USPHI,105.0,11,71527.20635434671,2057.452021306539,16.41262134547876,0.4668249504635223,630.7,62,639,71527.20635434671,0.1415887109560806,0.8195655620738862,0.9394323767242746,0.9142857142857143,53596.55778685714,-83.090115,10.006213,-75.1333,39.95,1847.313391988218,False,0,False,0,False,0
CNDCB,CNNBO,164.0,73,71191.27832901446,803.3702724822042,15.352715966723299,0.3238112289538398,630.6646639796162,159,642,71191.27832901446,0.14154061433589582,0.8195554523668729,0.939428983131938,0.6097560975609756,35576.34165579963,113.852567,22.533467,121.683333,29.966667,613.5974123242906,False,0,False,0,False,0
CNQIN,MXLCS,16.0,15,71164.43923002688,7342.216339331415,17.057554016358438,0.5132917304448679,630.7000000000002,11,643,71164.43923002688,0.14158871095608083,0.8195655620738862,0.9394323767242746,0.75,43742.942727922426,120.2667,36.0333,-102.166667,17.883333,6772.035189158694,False,0,False,0,True,1
AEJAL,ZAPLZ,41.0,25,71090.41931244082,4635.604428109194,15.255785091551264,0.41570465249859284,630.7000000000002,31,645,71090.41931244082,0.14158871095608083,0.8195655620738862,0.9394323767242746,0.7317073170731707,42631.65326478206,55.0606,25.0136,25.6372,-33.9618,3918.4067572357985,False,0,False,0,False,0
EGPSA,ESALG,72.0,40,70823.27803139813,2001.8065698040482,16.04457670038601,0.41113698136688903,630.7,70,647,70823.27803139813,0.1415887109560806,0.8195655620738862,0.9394323767242746,0.5972222222222222,34665.35757933154,32.319633,31.269083,-5.433333,36.116667,1896.2882812937746,False,0,False,0,False,0
INVIS,MYPKE,153.0,49,70671.56496362516,1413.9143292099402,14.99285015592623,0.3776370909917542,630.4535163463773,97,648,70671.56496362516,0.14125310437233007,0.8194950189833232,0.9394086970576708,0.7058823529411765,40881.173273962704,83.301433,17.687283,101.34485,3.00525,1380.4583202315544,False,0,False,0,False,0
JPNAG,JPTOK,923.0,205,70582.80124177154,229.1199780100457,12.101592793956856,0.29236318694369184,630.6308445690031,800,649,70582.80124177154,0.14149457695807255,0.8195457755039317,0.939425734835239,0.6023835319609967,34845.37934885775,136.866667,35.066667,139.75,35.6667,145.68846140761315,False,0,False,0,False,0
HKHKG,JPTOK,141.0,27,70514.3997960851,1636.3231975010724,16.17106124337905,0.5743242688044649,630.6999999999999,138,650,70514.3997960851,0.1415887109560805,0.8195655620738862,0.9394323767242746,0.9432624113475178,54512.241861865965,114.181938,22.298785,139.75,35.6667,1557.099562699426,False,0,False,0,False,0
AEKHA,ESVAL,8.0,8,70030.5678448633,11250.722165732503,16.5143955074969,0.366738472407793,630.7,7,653,70030.5678448633,0.1415887109560806,0.8195655620738862,0.9394323767242746,0.875,50220.31148586271,54.659214,24.802318,-0.316667,39.45,2883.298883207565,False,0,True,1,True,2
JPNAG,JPYOK,1489.0,256,69890.5861786882,211.2256200481827,11.80589340611961,0.3328822104896677,630.5840636247196,1285,654,69890.5861786882,0.14143088728261277,0.8195323882023667,0.9394212410310229,0.5983881799865681,34274.238221934414,136.866667,35.066667,139.679832,35.450183,139.8232666334002,False,0,False,0,False,0
ESVAL,USSAV,40.0,12,69804.19587224281,4220.515392131223,15.622018860935446,0.3077693903906388,630.7000000000002,33,655,69804.19587224281,0.14158871095608083,0.8195655620738862,0.9394323767242746,0.675,38616.15264197647,-0.316667,39.45,-81.0833,32.0833,3826.8666125682544,False,0,False,0,False,0
BRSUA,ESVAL,27.0,10,69728.00889782194,3597.473796819701,15.68046234050462,0.4340010502497383,630.7000000000003,22,656,69728.00889782194,0.14158871095608094,0.8195655620738862,0.9394323767242746,1.0,57146.67480463638,-34.9681,-8.3911,-0.316667,39.45,3458.884181629379,False,0,False,0,False,0
BRSAL,BRSTS,134.0,42,69687.4385491226,988.089048023592,15.2362334724778,0.4103841816636303,630.7000000000002,87,657,69687.4385491226,0.14158871095608083,0.8195655620738862,0.9394323767242746,0.8805970149253731,50293.91134173228,-38.516667,-12.966667,-46.306133,-23.95,794.2494652295359,False,0,False,0,False,0
KEMOM,OMSAL,112.0,15,69592.98428884211,1842.1208870727512,14.728986638899896,0.42053222566190107,630.7000000000002,111,658,69592.98428884211,0.14158871095608083,0.8195655620738862,0.9394323767242746,0.875,49906.51162444851,39.647169,-4.053188,54.002781,16.946141,1521.37159352691,False,0,False,0,False,0
CNBYQ,CNFUN,176.0,40,69270.33336092644,1077.6919112089838,11.352782654983134,0.35330666435919944,630.6529638749373,136,659,69270.33336092644,0.14152468788307604,0.8195521046935612,0.939427859396257,0.9829545454545454,55802.966007315525,122.0684,40.268517,119.308128,25.393912,903.7333564270797,False,0,False,0,False,0
CNSHE,CNYSN,99.0,73,68668.02507403617,881.9494632138557,13.461595559040486,0.3445137820190303,630.0974170201666,91,665,68668.02507403617,0.14076778387639044,0.8193930066589088,0.9393744539048359,0.8585858585858586,48309.277371446726,113.8943,22.467416,122.066667,30.633333,657.5715709936754,False,0,False,0,False,0
CNNSA,CNYTN,1744.0,265,68379.22925405156,138.26242654624653,8.953319642693211,0.237661615153564,630.3168847203921,1435,666,68379.22925405156,0.14106695675752923,0.8194558915386162,0.939395562889061,0.8686926605504587,48676.11802793572,113.682083,22.64515,114.263091,22.566543,32.547862369121894,False,0,False,0,False,0
BRSTS,CNYTN,11.0,10,68152.84946034416,10525.695876588154,16.29672548072994,0.40868084428316487,630.0846487339732,7,667,68152.84946034416,0.14075037205265506,0.8193893467668861,0.9393732253646314,1.0,55843.718799613336,-46.306133,-23.95,114.263091,22.566543,9733.090352876034,False,0,True,1,True,2
JPTOK,TWTAP,166.0,35,67982.87494347792,1187.3371864713918,15.863917738773113,0.4982234338223465,630.4769025761688,160,668,67982.87494347792,0.14128495780288686,0.8195017144402817,0.93941094456607,0.9096385542168675,50677.85824025707,139.75,35.6667,121.37318,25.14978,1138.8705579122525,False,0,False,0,False,0
CNYTN,LKCOL,28.0,22,67916.40027215704,3160.8193539061567,12.896788106602008,0.34477680163102853,630.5749698153071,27,670,67916.40027215704,0.14141850546561674,0.8195297855965777,0.9394203673970938,0.7857142857142857,43732.4744634896,114.263091,22.566543,79.85,6.95,2198.406780262182,False,0,False,0,False,0
BEANT,DOCUC,43.0,18,67906.32966751757,4233.963301858872,15.705525622269061,0.4670109657444463,630.7,41,671,67906.32966751757,0.1415887109560806,0.8195655620738862,0.9394323767242746,0.8372093023255814,46593.78634241887,4.4,51.2167,-69.629288,18.426403,3950.7315097498968,False,0,False,0,False,0
GTPQL,MXMAN,152.0,57,67784.61727467904,894.6083580900196,14.240164409380155,0.39351458086250407,630.4412830703764,91,673,67784.61727467904,0.14123644098420607,0.8194915164093141,0.9394075213254464,0.8223684210526315,45681.67664445042,-90.783333,13.916667,-104.293756,19.073908,836.7121719067827,False,0,False,0,False,0
AEJAL,CNMWN,44.0,21,67433.58090541448,5062.928322982809,14.90884036693517,0.5462190820800226,628.8452877148637,23,676,67433.58090541448,0.1390569181692174,0.8190333898922366,0.9392537389620689,0.8863636363636364,48954.177729541516,55.0606,25.0136,113.862187,22.508158,3209.147987748983,False,0,False,0,True,1
CNNBO,CNQIZ,198.0,36,67379.30970044502,1155.8918789677562,11.524405362262375,0.32648638200005115,630.4884646972588,76,677,67379.30970044502,0.14130070522390348,0.8195050244818622,0.9394120556696585,0.6515151515151515,35975.15700548893,121.683333,29.966667,108.6,21.683333,863.3663965097135,False,0,False,0,False,0
HKHKG,KRINC,186.0,28,67287.64447509492,1234.5067916181913,14.89221343576663,0.48939203639896767,630.6999999999999,178,678,67287.64447509492,0.1415887109560805,0.8195655620738862,0.9394323767242746,0.7688172043010753,42397.68264287546,114.181938,22.298785,126.607819,37.439929,1113.4184906417715,False,0,False,0,False,0
CNWGQ,KRGWA,493.0,116,67038.76855831686,463.3097108532455,11.213138366980834,0.2903643942380867,630.6585013827921,406,680,67038.76855831686,0.14153222574036894,0.81955368911942,0.9394283912509828,0.6977687626774848,38336.720709089444,121.617967,31.353633,127.728767,34.866497,372.6071444432694,False,0,False,0,False,0
PAMIT,TWKAO,11.0,10,66519.33865960756,9943.411132992911,16.076051937493588,0.36685493328790947,630.6999999999999,11,683,66519.33865960756,0.1415887109560805,0.8195655620738862,0.9394323767242746,0.8181818181818182,44604.78478146365,-79.88466,9.361132,120.260382,22.620829,8550.93083637512,False,0,True,1,True,1
BRIJI,BRSTS,284.0,130,66405.7710727765,341.2664236660168,8.721404795562544,0.24211513586510713,626.9932597758091,116,684,66405.7710727765,0.13651384355617202,0.8184988463182349,0.9390743051788802,0.7852112676056338,42678.62494247431,-48.6646,-26.899129,-46.306133,-23.95,218.40774294684752,False,0,False,0,False,0
AEKFA,CNNSA,30.0,13,66357.66010925587,4820.408894042412,15.018273696010812,0.3532207099541669,630.4839595228148,24,686,66357.66010925587,0.14129456931820827,0.8195037347403253,0.9394116227335714,0.8,43504.28023053144,56.364756,25.359318,113.682083,22.64515,3123.9537019877425,False,0,False,0,False,0
CNNSA,SAJED,47.0,30,66318.45568765495,5919.006258983725,13.672441332570246,0.4626311138616953,630.5734220028709,42,687,66318.45568765495,0.1414163979820654,0.8195293426124105,0.9394202186976632,0.7021276595744681,38160.582403437154,113.682083,22.64515,39.1667,21.466667,4099.056162170215,False,0,False,0,True,1
ECPSJ,PECAL,134.0,29,66314.12615146741,701.416943351918,14.474046448968835,0.39859805807613263,628.6235825375396,115,688,66314.12615146741,0.13875327773331014,0.8189695659513312,0.9392323147569495,0.9925373134328358,53903.958191972444,-80.240917,-2.705467,-77.15,-12.05,590.3983554290944,False,0,False,0,False,0
INNSA,PKQAS,180.0,76,66296.8041093911,574.0554190811217,12.058055952094547,0.2514827210608648,630.6999999999999,157,689,66296.8041093911,0.1415887109560805,0.8195655620738862,0.9394323767242746,0.6333333333333333,34411.89909828978,72.9428,18.953883,67.343788,24.775279,468.36285087663236,False,0,False,0,False,0
KRPYT,PHDAV,95.0,28,66027.14081673637,2004.5519088993995,15.70291695398691,0.43119876670722224,630.6999999999999,92,691,66027.14081673637,0.1415887109560805,0.8195655620738862,0.9394323767242746,0.7263157894736842,39303.54087912013,126.799736,36.993778,125.627031,7.073807,1797.5535037416848,False,0,False,0,False,0
USNFK,VNCMP,6.0,6,65822.05053909635,13089.350022247221,17.123674366511988,0.620007110253214,627.9570450259345,6,692,65822.05053909635,0.13783911767780188,0.8187774133574692,0.9391678136226302,1.0,53893.608282285924,-76.316667,36.85,107.012844,10.522075,7956.837780269896,False,0,True,1,True,2
CNDCB,MYPKE,74.0,26,65788.22617121245,1687.1627166386036,14.131989969367671,0.28014421215659047,630.6641885996404,41,693,65788.22617121245,0.14153996724920637,0.8195553163519758,0.9394289374749163,0.581081081081081,31330.20124344978,113.852567,22.533467,101.34485,3.00525,1380.2171788369726,False,0,False,0,False,0
GBSOU,USCHA,26.0,9,65748.65224664779,3741.1517289265034,13.9843136152478,0.2793289314396442,630.6999999999998,14,694,65748.65224664779,0.1415887109560804,0.8195655620738861,0.9394323767242746,0.7307692307692307,39377.74198262934,-1.4,50.9,-79.938165,32.87698,3496.1212111934187,False,0,False,0,False,0
ESVAL,MYPKE,7.0,7,65725.08474122628,11067.646339278112,16.751485128487236,0.4433371805633201,619.1527753612103,6,695,65725.08474122628,0.1255793052301991,0.8162004524107807,0.9383027880675907,1.0,53644.84390052579,-0.316667,39.45,101.34485,3.00525,5826.2941629292245,False,0,True,1,True,2
CNDAL,CNYSN,91.0,53,65722.59940594563,649.0762714974627,14.13318985270061,0.49089194812020037,630.6334779772258,83,696,65722.59940594563,0.14149816191719577,0.8195465290472421,0.9394259877821146,0.8461538461538461,45576.15465031968,121.737442,38.978628,122.066667,30.633333,501.3170171739997,False,0,False,0,False,0
ECGYL,USSDI,49.0,3,65653.5219516959,3128.9034452367273,16.613531010668517,0.6371878102531111,630.7000000000002,48,697,65653.5219516959,0.14158871095608083,0.8195655620738862,0.9394323767242746,1.0,53807.36562047188,-79.930086,-2.257278,-117.166667,32.7,2977.801433972702,False,0,False,0,False,0
KRBUS,MYPKE,49.0,24,65121.81103742249,2756.179264775014,14.59692086184098,0.37485236624342655,630.6999999999999,43,700,65121.81103742249,0.1415887109560805,0.8195655620738862,0.9394323767242746,0.5306122448979592,28319.62112897998,129.052391,35.112607,101.34485,3.00525,2468.612237049839,False,0,False,0,False,0
AEJAL,CNSHE,28.0,20,64386.84458950944,5040.588217129012,14.79991426145174,0.38435397362696266,630.7,17,703,64386.84458950944,0.1415887109560806,0.8195655620738862,0.9394323767242746,0.6785714285714286,35807.698894540714,55.0606,25.0136,113.8943,22.467416,3211.509810736979,False,0,False,0,True,1
ESALG,GHTEM,58.0,20,64351.51943261499,3004.9398945149555,14.116524000297073,0.3217543846555385,630.7,28,704,64351.51943261499,0.1415887109560806,0.8195655620738862,0.9394323767242746,0.7931034482758621,41828.50522290667,-5.433333,36.116667,0.016667,5.633333,1854.7296107700367,False,0,False,0,False,0
MYTPP,REREU,39.0,10,64333.22712533545,3520.3101244480695,14.336870305466693,0.3659647829746501,630.7000000000002,38,705,64333.22712533545,0.14158871095608083,0.8195655620738862,0.9394323767242746,0.9230769230769231,48669.5053375408,103.549576,1.327854,55.3,-20.916666,3131.244373056214,False,0,False,0,False,0
MYPKE,OMSOH,36.0,27,64026.178753184715,3158.0314113222967,15.317939441293348,0.4069619015197731,630.7000000000002,25,706,64026.178753184715,0.14158871095608083,0.8195655620738862,0.9394323767242746,0.75,39355.238382972704,101.34485,3.00525,56.625595,24.507768,2889.928616137063,False,0,False,0,False,0
TWKAO,USLSA,10.0,8,63371.15112999374,6198.595183523273,18.32394691045878,0.7667846786606151,625.7491410785632,9,707,63371.15112999374,0.1347970545084186,0.8181379844903178,0.9389531722981559,0.9,46661.71127429197,120.260382,22.620829,-118.244,33.738045,6052.155670588136,False,0,False,0,True,1
MYPKE,MYTPP,752.0,168,62743.42168760555,202.4343295262745,10.43129176724207,0.25378348154730007,630.5953943955818,522,714,62743.42168760555,0.14144631436941368,0.8195356309110441,0.9394223295325297,0.6781914893617021,34872.92491478384,101.34485,3.00525,103.549576,1.327854,166.25005248822964,False,0,False,0,False,0
CNQIN,KRINC,633.0,106,62266.37972760211,351.6997829118636,12.36302363920476,0.3188934967030337,630.6208931261114,336,719,62266.37972760211,0.14148102940869267,0.8195429278661049,0.9394247789497822,0.5971563981042654,30472.87376704879,120.2667,36.0333,126.607819,37.439929,316.5089350126523,False,0,False,0,False,0
MYPKE,TWKAO,67.0,52,62223.13777550947,1848.8044786785372,14.86113404948409,0.4044167879070404,629.1036394396391,50,720,62223.13777550947,0.13941047856241828,0.8191077067979372,0.9392786854102039,0.6268656716417911,31949.745837446655,101.34485,3.00525,120.260382,22.620829,1612.1271225773748,False,0,False,0,False,0
CNXIA,KRINC,240.0,55,61863.10656634427,974.3259927382741,14.247207570057208,0.41834648763141047,630.7,197,724,61863.10656634427,0.1415887109560806,0.8195655620738862,0.9394323767242746,0.7916666666666666,40138.19009954044,118.042517,24.44535,126.607819,37.439929,895.2242949777894,False,0,False,0,False,0
CNWGQ,JPOSK,396.0,73,61862.075710109675,803.2880576976173,14.33957928206083,0.5315598773205679,630.7,390,725,61862.075710109675,0.1415887109560806,0.8195655620738862,0.9394323767242746,0.5252525252525253,26630.317133550445,121.617967,31.353633,135.433333,34.65,722.5610477690506,False,0,False,0,False,0
BRSTS,HKHKG,9.0,9,61551.346782059016,10525.442261409626,16.899121228630758,0.4696582264510185,629.257515905657,7,727,61551.346782059016,0.13962092416045013,0.8191519415763931,0.9392935339913727,1.0,50419.90522316552,-46.306133,-23.95,114.181938,22.298785,9726.216211927693,False,0,True,1,True,2
CNNBO,MXLCS,15.0,14,61334.610610243006,7202.486860940132,16.931183155423792,0.47878702987194777,630.7,11,728,61334.610610243006,0.1415887109560806,0.8195655620738862,0.9394323767242746,0.8,40214.187695493405,121.683333,29.966667,-102.166667,17.883333,6975.446068602333,False,0,False,0,True,1
CNWGQ,MYTPP,74.0,37,61261.921390153366,2318.9715806693916,14.373856393443313,0.42186574709766356,630.7,65,729,61261.921390153366,0.1415887109560806,0.8195655620738862,0.9394323767242746,0.8378378378378378,42066.29708576393,121.617967,31.353633,103.549576,1.327854,2073.984656887041,False,0,False,0,False,0
HKHKG,HKHKG,12914.0,382,61167.22265327799,63.14751199660912,3.2643063042486027,0.20782075003893796,630.696478320454,9298,732,61167.22265327799,0.14158391776382007,0.8195645545650586,0.9394320385271111,0.6550255536626917,32836.75038758956,114.181938,22.298785,114.181938,22.298785,0.0,False,0,False,0,False,0
LBBRT,SGSGP,13.0,11,60962.01140728581,9420.872788784958,15.73310804742316,0.3694796341122038,630.2958287970588,13,734,60962.01140728581,0.14103826288477828,0.8194498602074026,0.939393538312151,0.8461538461538461,42269.879152483605,35.516567,33.904758,103.802776,1.248823,4286.20730531037,False,0,True,1,True,1
BDCTG,MYTPP,149.0,23,60776.23125905439,1522.6479592538258,14.252757905323413,0.4162358691287085,630.7,91,736,60776.23125905439,0.1415887109560806,0.8195655620738862,0.9394323767242746,1.0,49810.1061325594,91.883333,22.35,103.549576,1.327854,1434.2282037302625,False,0,False,0,False,0
USSEA,VNHCM,25.0,6,60467.35914518262,6750.1051095659595,15.996483218824674,0.6813605530346274,624.8738406848653,25,741,60467.35914518262,0.1335851099053491,0.8178832388386197,0.9388676601373925,1.0,49455.23954167999,-122.333333,47.6,106.710033,10.776988,6437.819993750476,False,0,False,0,True,1
TWKAO,USSAV,6.0,6,60160.713341940515,13674.324946180344,16.823739379344087,0.35698917715482226,630.7,6,744,60160.713341940515,0.1415887109560806,0.8195655620738862,0.9394323767242746,1.0,49305.64884485342,120.260382,22.620829,-81.0833,32.0833,7301.615039028273,False,0,True,1,True,2
MXMAN,USLSA,97.0,29,60108.72492349082,1254.3343140270729,13.541081366572365,0.3515543720710307,630.6999999999999,92,746,60108.72492349082,0.1415887109560805,0.8195655620738862,0.9394323767242746,0.9587628865979382,47231.57532220907,-104.293756,19.073908,-118.244,33.738045,1154.1423709622322,False,0,False,0,False,0
GBLGP,MYTPP,6.0,6,59573.753282424615,12024.982881922055,15.851806747161474,0.3973105138113539,630.6999999999999,4,748,59573.753282424615,0.1415887109560805,0.8195655620738862,0.9394323767242746,0.8333333333333334,40687.163828134464,0.486317,51.502973,103.549576,1.327854,5826.185318173343,False,0,True,1,True,2
AUMEL,CNNBO,19.0,10,59524.952913171146,5105.496517107727,16.05100496976583,0.341916393277651,630.7000000000002,17,750,59524.952913171146,0.14158871095608083,0.8195655620738862,0.9394323767242746,0.9473684210526315,46216.99088687816,144.912243,-37.858862,121.683333,29.966667,4275.909820453133,False,0,False,0,True,1
CNBYQ,CNNBO,323.0,51,59480.712575166996,778.164568351088,10.044301444048418,0.2933411392749658,630.0677879463182,85,751,59480.712575166996,0.14072737829579807,0.8193845135760285,0.9393716029754331,0.9907120743034056,48284.90376773624,122.0684,40.268517,121.683333,29.966667,618.814916305525,False,0,False,0,False,0
COBUE,MXMAN,45.0,34,59271.32831437447,1984.2125398524531,15.857859061611782,0.48357419632111137,630.1383713165318,43,752,59271.32831437447,0.1408236275647411,0.8194047447670254,0.93937839411336,1.0,48567.20764944258,-77.083333,3.883333,-104.293756,19.073908,1837.4626166445453,False,0,False,0,False,0
THLCB,USSAV,7.0,7,59138.74769926933,13315.44699460743,16.106533296151664,0.31251967515515106,630.7,6,755,59138.74769926933,0.1415887109560806,0.8195655620738862,0.9394323767242746,0.8571428571428571,41544.069427283495,100.886078,13.056152,-81.0833,32.0833,8094.724227325242,False,0,True,1,True,2
AEKHA,SADMA,212.0,75,59017.69457171534,358.0308872620506,9.559297575606843,0.23817493992191952,630.22667742995,157,756,59017.69457171534,0.14094401365582165,0.8194300494163881,0.9393868882926716,0.6037735849056604,29199.01728564045,54.659214,24.802318,50.206833,26.510212,261.85372029817717,False,0,False,0,False,0
MYPKE,VNCMP,138.0,74,58556.186808418024,843.6575168889991,13.740415331594662,0.3314718894955702,629.6445951321159,122,759,58556.186808418024,0.14014984931872543,0.819263119417198,0.9393308537938221,0.7463768115942029,35805.87825638837,101.34485,3.00525,107.012844,10.522075,563.6627741746025,False,0,False,0,False,0
COCTA,USNFK,51.0,29,58537.62428008036,1787.9454419011395,12.892469489529386,0.32275101241189,630.5896717059279,49,760,58537.62428008036,0.14143852287438208,0.8195339931716008,0.9394217797816797,0.9019607843137255,43270.28150869653,-75.540962,10.394286,-76.316667,36.85,1588.9701492420277,False,0,False,0,False,0
AEJAL,CNDCB,28.0,15,58369.860600555796,5045.2772941591065,14.950157579277848,0.3098472979490106,630.5534820128236,14,762,58369.860600555796,0.1413892469965149,0.8195236355895889,0.9394183029834999,0.7857142857142857,37585.02028931963,55.0606,25.0136,113.852567,22.533467,3208.234419631006,False,0,False,0,True,1
BDCTG,CNWGQ,67.0,23,58111.088985424365,3795.366761587275,13.6101885361762,0.45157924683779616,630.7000000000004,12,764,58111.088985424365,0.14158871095608105,0.8195655620738863,0.9394323767242746,0.8805970149253731,41939.17897189301,91.883333,22.35,121.617967,31.353633,1675.7269747895396,False,0,False,0,False,0
BRRDJ,FRLEH,14.0,12,58049.02544785778,5200.03299983824,16.024935802848628,0.5010152429374227,630.7000000000002,14,765,58049.02544785778,0.14158871095608083,0.8195655620738862,0.9394323767242746,0.9285714285714286,44176.76915694239,-43.1667,-22.916667,0.094067,49.480233,4921.162818046187,False,0,False,0,True,1
CNGLA,CNGLA,48.0,16,57806.97057806268,2164.4601409286815,10.13478337335751,0.3048491897778075,628.7197694455803,25,766,57806.97057806268,0.13888503859609969,0.8189972615298045,0.9392416115152771,0.625,29589.844125479573,113.212217,21.928867,113.212217,21.928867,0.0,False,0,False,0,False,0
JMKIN,PFPAP,36.0,13,57067.02547692227,5173.391723195849,15.727305479669216,0.6338782052276863,630.7,36,772,57067.02547692227,0.1415887109560806,0.8195655620738862,0.9394323767242746,1.0,46770.16881087858,-76.7936,17.997,-149.566667,-17.533333,4796.761762550204,False,0,False,0,True,1
FRFOS,ITSPE,212.0,124,56987.450811726936,296.6736405891153,10.025337094569812,0.2666826527269044,630.0897453631667,204,773,56987.450811726936,0.14075732229549032,0.8193908076786605,0.9393737157585662,0.7641509433962265,35682.02321888376,4.871235,43.408352,9.816667,44.083333,218.2624289507669,False,0,False,0,False,0
CNYTN,USSAV,7.0,7,56877.90706281085,13118.557218890188,15.015789033674784,0.30406842249040994,630.7,6,774,56877.90706281085,0.1415887109560806,0.8195655620738862,0.9394323767242746,1.0,46615.17387151884,114.263091,22.566543,-81.0833,32.0833,7409.78928661257,False,0,True,1,True,2
PTSNS,SGSGP,5.0,5,56699.33422688193,10942.048471571416,17.2548019580602,0.6289833153215615,628.6835546366831,5,775,56699.33422688193,0.1388354347635582,0.8189868350131011,0.9392381115773327,1.0,46436.00828582403,-8.866667,37.95,103.802776,1.248823,6417.390450474318,False,0,True,1,True,2
CNSHE,CNZOS,99.0,47,56675.345539165,835.5040964818396,14.357738968485444,0.29359398538182335,626.3370241515252,93,776,56675.345539165,0.13560913833344934,0.8183086810904073,0.9390104711568854,0.7171717171717171,33260.93773084143,113.8943,22.467416,122.099218,30.006902,632.1490242397931,False,0,False,0,False,0
CNQIN,USNFK,6.0,6,56574.91582549607,11862.013455687398,15.36538155929112,0.4791148434343535,630.6999999999999,3,777,56574.91582549607,0.1415887109560805,0.8195655620738862,0.9394323767242746,1.0,46366.85268780548,120.2667,36.0333,-76.316667,36.85,6334.855302265171,False,0,True,1,True,2
TRMER,USSAV,41.0,12,56476.35079591228,5843.678346940484,13.768800370680609,0.35861080123030525,630.7,25,779,56476.35079591228,0.1415887109560806,0.8195655620738862,0.9394323767242746,0.6341463414634146,29352.143336153153,34.633333,36.783333,-81.0833,32.0833,5322.465645740416,False,0,False,0,True,1
QAHMD,SADMA,247.0,99,56467.43778742582,279.2974502370581,8.272227020876716,0.2211515788301239,629.405565811129,147,780,56467.43778742582,0.13982330406899768,0.8191944809808864,0.9393078134751306,0.6234817813765182,28840.903895348103,51.638489,25.021684,50.206833,26.510212,118.23365316646628,False,0,False,0,False,0
BRRDJ,ESLPA,22.0,9,56370.010376661165,3566.2173555271993,15.489291845413822,0.41547113880472325,630.7,22,781,56370.010376661165,0.1415887109560806,0.8195655620738862,0.9394323767242746,1.0,46198.91923845911,-43.1667,-22.916667,-15.4167,28.15,3461.6514774052307,False,0,False,0,False,0
CNSHE,IDSUR,91.0,28,56108.34533468163,2004.047360215902,15.797678113089198,0.5439849108583267,630.3307002367869,72,783,56108.34533468163,0.14108578275400463,0.8194598486837934,0.9393968912102013,0.7802197802197802,35873.363391514205,113.8943,22.467416,112.731533,-7.1937,1782.1790035620993,False,0,False,0,False,0
CNNBO,USOAK,11.0,11,55963.175425356414,5799.111437547535,16.601359333206325,0.552732427035593,628.3923720007173,6,787,55963.175425356414,0.13843639082337234,0.8189029576573694,0.9392099559095914,0.8181818181818182,37495.971716500295,121.683333,29.966667,-122.320518,37.814824,5382.062599072492,False,0,False,0,True,1
CNMWN,KRBUS,92.0,41,55944.470165645485,1219.7095004247049,15.202510183245106,0.40965393583100784,628.4816514039743,91,788,55944.470165645485,0.1385587808481622,0.8189286835251586,0.9392185914820831,0.7065217391304348,32368.962333828225,113.862187,22.508158,129.052391,35.112607,1097.9643461307066,False,0,False,0,False,0
CNRIZ,CNXIA,274.0,27,55859.59888824845,881.3290422159969,12.229481958418274,0.4476937735491069,630.7,190,789,55859.59888824845,0.1415887109560806,0.8195655620738862,0.9394323767242746,0.8102189781021898,37092.31383334071,119.533333,35.35,118.042517,24.44535,659.2749908439893,False,0,False,0,False,0
CNMWN,TWKAO,224.0,73,55754.7545278555,392.27191620963174,12.60288324044066,0.3382045606590202,630.5195659049155,219,790,55754.7545278555,0.14134306169708144,0.8195139276341483,0.9394150442497756,0.8526785714285714,38960.41693157825,113.862187,22.508158,120.260382,22.620829,354.780399052981,False,0,False,0,False,0
IDSUR,TWKAO,69.0,12,55638.471783531095,2017.0847954853164,16.07270824107197,0.4500065366162276,630.6999999999999,56,793,55638.471783531095,0.1415887109560805,0.8195655620738862,0.9394323767242746,0.9565217391304348,43616.79386106251,112.731533,-7.1937,120.260382,22.620829,1843.9697611077236,False,0,False,0,False,0
BRPEC,BRSUA,283.0,36,55480.497313759195,470.1252426954622,15.022284684128438,0.4277707418544344,630.5735659315256,199,797,55480.497313759195,0.14141659395409711,0.8195293838049063,0.9394202325250213,0.9045936395759717,41129.97113372479,-38.795986,-3.528841,-34.9681,-8.3911,370.7334536758534,False,0,False,0,False,0
GLNUK,ISREY,99.0,3,55210.34116537881,1156.7653680315832,15.670385145259472,0.663219363764293,630.7,96,800,55210.34116537881,0.1415887109560806,0.8195655620738862,0.9394323767242746,1.0,45248.4942894947,-51.716667,64.166667,-21.933333,64.15,772.3286045468772,False,0,False,0,False,0
USLSA,VNCMP,12.0,12,55137.73954910464,7398.424954198047,16.539700455259734,0.4253565391575664,629.9096306188328,12,801,55137.73954910464,0.14051163264781275,0.8193391647493925,0.9393563804343303,0.8333333333333334,37647.09122361079,-118.244,33.738045,107.012844,10.522075,7102.876097945025,False,0,False,0,True,1
USBAL,VNCMP,6.0,6,55117.1145532489,13240.307737070125,16.97465122053886,0.41765308619124275,630.7,6,802,55117.1145532489,0.1415887109560806,0.8195655620738862,0.9394323767242746,1.0,45172.08896872421,-76.583333,39.283333,107.012844,10.522075,7810.200346284313,False,0,True,1,True,2
CNNSA,VNCMP,114.0,38,54792.25201590557,937.1476813245911,15.416842090069395,0.3420334397318179,630.4443427422922,112,808,54792.25201590557,0.14124060873473654,0.8194923924529239,0.9394078153928093,0.7719298245614035,34661.0646046581,113.682083,22.64515,107.012844,10.522075,822.416996246385,False,0,False,0,False,0
CNNSA,PHMAN,297.0,96,54705.64361813567,724.7709090342286,11.927867772940889,0.3502882390790812,630.6111395874228,144,809,54705.64361813567,0.14146775086432695,0.8195401367719992,0.9394238420447308,0.67003367003367,30039.934881981222,113.682083,22.64515,120.94162,14.596732,635.3910176260226,False,0,False,0,False,0
BRMUC,ESVIG,52.0,7,53159.93210184361,3216.2592871498123,15.7580854745934,0.5495922680173462,628.1964412471067,48,824,53159.93210184361,0.13816767423068632,0.818846474561234,0.939190995854474,1.0,43529.822989509215,-38.476868,-3.709925,-8.716667,42.233333,3198.8817246632448,False,0,False,0,False,0
CNTJN,MXLCS,10.0,9,53014.59275978918,7685.960117070625,17.324627089538005,0.5232081578588361,630.7,10,826,53014.59275978918,0.1415887109560806,0.8195655620738862,0.9394323767242746,0.7,30414.254159306354,117.8143,38.97075,-102.166667,17.883333,6721.638543386781,False,0,False,0,True,1
CNQIN,JPYOK,208.0,53,52875.90100594935,1146.6473872261324,14.357684718262124,0.5027182791417758,630.6501134904645,170,830,52875.90100594935,0.14152080778435316,0.81955128911315,0.9394275856249765,0.8269230769230769,35834.30868836806,120.2667,36.0333,139.679832,35.450183,945.130338375927,False,0,False,0,False,0
CNYSN,TWKAO,101.0,51,52875.83347023161,694.2524938071773,10.883562613374423,0.2425709451671884,629.9268682832538,88,831,52875.83347023161,0.14053515215903878,0.8193441084516044,0.9393580399196071,0.7227722772277227,31313.02665575324,122.066667,30.633333,120.260382,22.620829,490.71837048849153,False,0,False,0,False,0
JMKIN,USNFK,68.0,26,52559.011813364246,1348.526536224374,13.510313394035446,0.39967938127779107,630.4713492183229,44,834,52559.011813364246,0.14127739401442463,0.8195001245638004,0.9394104108816975,0.8970588235294118,38638.2223589432,-76.7936,17.997,-76.316667,36.85,1132.2234633663163,False,0,False,0,False,0
JPKOB,TWKEE,169.0,34,52523.58584195955,952.8212305650826,14.923659343165443,0.4833443629484925,630.7000000000002,169,835,52523.58584195955,0.14158871095608083,0.8195655620738862,0.9394323767242746,0.6035502958579881,25980.741180920486,135.237233,34.685033,121.7559,25.15113,903.8895248441098,False,0,False,0,False,0
ESALG,FRLEH,51.0,27,52502.99250544549,1322.2976362290772,12.76486702469238,0.3149978795848806,618.6984763428225,48,836,52502.99250544549,0.12493723404612234,0.8160654917518447,0.9382574849290023,0.8627450980392157,36965.0732840312,-5.433333,36.116667,0.094067,49.480233,837.9045129961557,False,0,False,0,False,0
FRLEH,SXPHI,50.0,7,52352.09651295182,3699.139937142542,14.950015149105909,0.48638698221251714,628.0232811852438,48,838,52352.09651295182,0.13793004778702334,0.8187965264834933,0.9391742294522798,1.0,42865.71477893356,0.094067,49.480233,-63.052254,18.021834,3545.4731362088082,False,0,False,0,False,0
DOCUC,FRLEH,21.0,10,52230.758881484646,3954.214472557375,15.92971306163474,0.44017129566513774,630.7,21,841,52230.758881484646,0.1415887109560806,0.8195655620738862,0.9394323767242746,0.9523809523809523,40768.12500976151,-69.629288,18.426403,0.094067,49.480233,3782.904184855397,False,0,False,0,False,0
GTPQL,PECAL,45.0,22,52136.20296592168,1850.586329883177,15.442187222916786,0.3612186876352288,627.6888026107416,25,843,52136.20296592168,0.1374706737667475,0.8186999679989949,0.9391418170260246,0.8222222222222222,35095.65744204888,-90.783333,13.916667,-77.15,-12.05,1757.5443973576055,False,0,False,0,False,0
CNSHE,JPTOK,119.0,31,51900.95389221293,1661.3173030946236,15.305425660687035,0.5839220745562981,629.4853379685503,117,847,51900.95389221293,0.1399323108188918,0.8192173937406536,0.9393155047530137,0.9831932773109243,41803.57318560675,113.8943,22.467416,139.75,35.6667,1563.9268842371898,False,0,False,0,False,0
CNQIZ,CNTJN,109.0,25,51737.08557875842,1835.9480190169202,11.374130842380533,0.3128175400577367,630.7,59,849,51737.08557875842,0.1415887109560806,0.8195655620738862,0.9394323767242746,0.8256880733944955,35010.770880897166,108.6,21.683333,117.8143,38.97075,1140.9250600646076,False,0,False,0,False,0
COBUE,GTPQL,84.0,41,51646.35814047497,1039.6424523851847,15.845207040433875,0.4076340488248105,630.3585029018541,75,850,51646.35814047497,0.14112366612385463,0.8194678116085974,0.9393995641779299,0.8928571428571429,37787.97150261509,-77.083333,3.883333,-90.783333,13.916667,1010.6450633437411,False,0,False,0,False,0
CLSAN,CNYSN,8.0,8,51570.44981142832,10224.690090395872,17.461694484762205,0.4240889180255544,629.6481680541742,8,851,51570.44981142832,0.14015472851591215,0.8192641450038988,0.9393311980593052,0.875,36968.59291319801,-71.616667,-33.5833,122.066667,30.633333,10089.821331622263,False,0,True,1,True,2
COCTA,USSAV,73.0,20,51196.384043640755,1531.4116209585763,14.38408484782225,0.2873845879404933,630.6999999999999,52,856,51196.384043640755,0.1415887109560805,0.8195655620738862,0.9394323767242746,0.9863013698630136,41384.015274947145,-75.540962,10.394286,-81.0833,32.0833,1338.0153533095151,False,0,False,0,False,0
CNQIN,THLCB,69.0,24,50913.847658915154,2592.8853114026824,15.124030523693218,0.48410499426083997,630.3616148007628,65,858,50913.847658915154,0.1411279061287397,0.8194687028397684,0.939399863343402,0.9420289855072463,39303.62036733522,120.2667,36.0333,100.886078,13.056152,1731.2000409450961,False,0,False,0,False,0
MYTPP,VNHCM,259.0,44,50776.25377764235,696.6207656105905,12.441983713202754,0.34562554742429313,630.5727777478762,244,859,50776.25377764235,0.14141552076885,0.8195291582258868,0.9394201568034172,0.583011583011583,24260.63976044224,103.549576,1.327854,106.710033,10.776988,597.8184807902325,False,0,False,0,False,0
CNLYG,CNQIN,991.0,129,50542.12983667104,161.74063848742153,10.325413585357037,0.2513800283981164,630.5434102026841,579,863,50542.12983667104,0.14137553221598098,0.8195207528004778,0.9394173352985786,0.7194752774974773,29800.899313941718,119.483333,34.733333,120.2667,36.0333,86.96079965186888,False,0,False,0,False,0
JPKOB,JPTOK,346.0,85,50537.29969281718,381.22899035571925,13.240991595329104,0.332161526824563,630.3164536950478,301,864,50537.29969281718,0.1410663693987375,0.8194557680782717,0.9393955214463091,0.708092485549133,29324.291980962225,135.237233,34.685033,139.75,35.6667,229.15380291370838,False,0,False,0,False,0
DEHAM,PLGDA,71.0,37,50334.454698385925,971.3972169556733,14.358527519558237,0.4484944292718727,627.8695371630516,69,865,50334.454698385925,0.1377189560011992,0.8187521558790847,0.9391593352775135,0.8732394366197183,35987.45752896759,9.903145,53.539287,18.666667,54.35,313.2736938197073,False,0,False,0,False,0
AEJAL,MYTPP,24.0,14,49823.025267197954,3547.833825517177,16.001572150977196,0.5055855474968849,630.7,19,870,49823.025267197954,0.1415887109560806,0.8195655620738862,0.9394323767242746,0.7083333333333334,28923.54195936054,55.0606,25.0136,103.549576,1.327854,3145.7127839700565,False,0,False,0,False,0
ECGYL,MXMAN,34.0,17,49715.58499124436,2030.1676950094559,13.948765664913237,0.3410033968291266,627.1566511778451,34,872,49715.58499124436,0.13673880523596138,0.8185461323159446,0.9390901779830324,0.8235294117647058,33513.117490923985,-79.930086,-2.257278,-104.293756,19.073908,1925.5406947805131,False,0,False,0,False,0
GBLGP,SGSGP,6.0,5,49632.4646808867,11901.209913215189,15.269089294938324,0.4731102196610949,630.1952721615869,5,874,49632.4646808867,0.14090120330007672,0.8194210508598979,0.9393838676875932,1.0,40669.88636557895,0.486317,51.502973,103.802776,1.248823,5839.225535712882,False,0,True,1,True,2
SGSGP,TRMER,6.0,6,49619.959463157524,12922.730873328828,15.048944932521376,0.32079942351438656,630.7,6,876,49619.959463157524,0.1415887109560806,0.8195655620738862,0.9394323767242746,1.0,40666.809967506146,103.802776,1.248823,34.633333,36.783333,4363.44922163539,False,0,True,1,True,2
CNQIN,MXMAN,14.0,12,49442.97447978674,7069.488803096945,16.743671374924727,0.5016619420094922,630.0529019680017,10,879,49442.97447978674,0.14070707664561177,0.8193802462546558,0.9393701705353941,0.7857142857142857,31831.32590377954,120.2667,36.0333,-104.293756,19.073908,6642.2367857844065,False,0,False,0,True,1
CNYTN,USCHA,5.0,4,49368.46704645642,13906.89531327703,17.46770205948249,0.4056896733095275,630.7,5,880,49368.46704645642,0.1415887109560806,0.8195655620738862,0.9394323767242746,0.8,32368.55635492415,114.263091,22.566543,-79.938165,32.87698,7380.380097856352,False,0,True,1,True,2
HKHKG,TWKEE,253.0,68,49362.81883441928,508.25201856985836,14.084670083807909,0.34163989788015336,629.6163823431436,252,881,49362.81883441928,0.14011131987201908,0.8192550206897594,0.9393281352403234,0.7035573122529645,28452.376345685647,114.181938,22.298785,121.7559,25.15113,450.0525886158406,False,0,False,0,False,0
CNNSA,USLGB,8.0,8,49343.95760105994,6838.82155435081,16.803599876507604,0.4520162356668766,630.6999999999999,8,882,49343.95760105994,0.1415887109560805,0.8195655620738862,0.9394323767242746,0.875,35385.53230297986,113.682083,22.64515,-118.217354,33.74561,6307.1791644986015,False,0,False,0,True,1
GBLGP,PACRI,12.0,10,49296.1952742636,4959.4437697513495,17.959116574817905,0.5542227124531678,630.7,10,885,49296.1952742636,0.1415887109560806,0.8195655620738862,0.9394323767242746,1.0,40401.4639880559,0.486317,51.502973,-79.916667,9.35,4606.869237065039,False,0,False,0,False,0
TWKAO,TWTAP,615.0,85,49145.344061850425,248.31978729729806,12.683893586511834,0.3668747846575264,629.2987301573257,546,887,49145.344061850425,0.13967727240662142,0.8191637857404387,0.9392975098003933,0.6260162601626016,25202.216497382742,120.260382,22.620829,121.37318,25.14978,163.66525299730452,False,0,False,0,False,0
IQUMQ,QAHMD,189.0,40,49132.183865823274,433.54313622625943,11.117381759368191,0.23668465202675004,630.6080765543227,150,889,49132.183865823274,0.141463580742195,0.8195392602298888,0.939423547810033,0.6613756613756614,26630.789430473335,47.95,30.033333,51.638489,25.021684,359.2523044829758,False,0,False,0,False,0
JPKOB,TWKAO,102.0,38,49085.88742845912,1162.214368566653,15.658491037724426,0.359050354527111,630.338625761226,101,890,49085.88742845912,0.14109658225976496,0.8194621186944242,0.93939765319971,0.6078431372549019,24449.897737524596,135.237233,34.685033,120.260382,22.620829,1068.7149578070353,False,0,False,0,False,0
AEJAL,ESMAL,6.0,5,49035.89065714693,10746.169776345878,15.856057838980481,0.3407581370103846,620.8759620147197,5,891,49035.89065714693,0.128006183001228,0.8167105718979308,0.9384740232557202,1.0,40048.13030212287,55.0606,25.0136,-4.383333,36.716667,3093.9432359490866,False,0,True,1,True,2
JPNAG,KRBUS,376.0,55,48887.28068495233,611.6134237405846,11.771899948447636,0.36354121426124525,630.7,338,894,48887.28068495233,0.1415887109560806,0.8195655620738862,0.9394323767242746,0.6861702127659575,27492.323328694984,136.866667,35.066667,129.052391,35.112607,383.8137715388491,False,0,False,0,False,0
CNSHE,VNHPG,398.0,65,48692.829005804015,547.465987712563,12.291671838176587,0.38484235166183417,630.6519061366348,311,897,48692.829005804015,0.1415232480361327,0.8195518020437974,0.9394277578038055,0.8115577889447236,32386.26515059408,113.8943,22.467416,106.828308,20.81389,406.59499241303826,False,0,False,0,False,0
CNNBO,CNZPU,3483.0,78,48682.13366158181,80.96974395996546,7.917751491653878,0.25688681473009206,629.9395378753761,1682,898,48682.13366158181,0.14055243805460638,0.8193477418740565,0.9393592595745954,0.9928222796439851,39601.29427341906,121.683333,29.966667,121.066951,30.583181,48.90424489597273,False,0,False,0,False,0
CNSHE,JPOSK,117.0,30,48495.14547579819,1444.2282774523203,15.786152018371519,0.48175502699100337,630.7,117,900,48495.14547579819,0.1415887109560806,0.8195655620738862,0.9394323767242746,0.7777777777777778,30912.739790899108,113.8943,22.467416,135.433333,34.65,1346.2819687954511,False,0,False,0,False,0
DEWVN,PLGDA,57.0,33,48334.72004776524,907.1761111986705,14.585894302788404,0.47996779452101673,626.2096522046091,56,902,48334.72004776524,0.13543331998481922,0.8182717248139498,0.9389980657987073,0.9473684210526315,37469.306597574556,8.170278,53.541667,18.666667,54.35,373.7137992359206,False,0,False,0,False,0
CNXIA,USLGB,15.0,13,48240.9159337757,6367.818303322073,16.081421161648787,0.4100618618217142,630.0639967389649,13,905,48240.9159337757,0.14072220789930068,0.8193834267804588,0.9393712381635635,0.9333333333333333,36892.61987492216,118.042517,24.44535,-118.217354,33.74561,6063.215228099928,False,0,False,0,True,1
CAHFX,MATAN,20.0,19,48092.700099549984,2820.3286319178796,16.148412759130956,0.427168691191695,628.572577138876,20,907,48092.700099549984,0.1386833920367102,0.8189548762722157,0.939227383775032,1.0,39385.751259623736,-63.57595,44.655955,-5.797516,35.789733,2644.9645612269037,False,0,False,0,False,0
THLCB,TWKAO,98.0,32,48038.94908461907,1700.9604105151227,15.21840065957746,0.5375995021486879,630.6520450431893,91,908,48038.94908461907,0.14152343712304472,0.8195518417890699,0.9394277711453645,0.9693877551020408,38165.19259175037,100.886078,13.056152,120.260382,22.620829,1245.425232578614,False,0,False,0,False,0
JPTOK,JPYOK,3921.0,366,47686.04882814233,41.20076111508054,7.74516086924801,0.21950703556589415,630.4415388856139,3167,912,47686.04882814233,0.14123678944602258,0.8194915896545205,0.9394075459121501,0.710533027288957,27766.434139359757,139.75,35.6667,139.679832,35.450183,13.443983013899654,False,0,False,0,False,0
EGPSA,SIKOP,46.0,24,47662.30759765506,1351.7726752647202,15.474234059607953,0.4284673590999595,630.7000000000002,37,914,47662.30759765506,0.14158871095608083,0.8195655620738862,0.9394323767242746,0.9565217391304348,37364.02131096669,32.319633,31.269083,13.726419,45.550429,1219.1569598498047,False,0,False,0,False,0
CNYTN,TWTAP,89.0,42,47521.905019030324,468.23709379452526,14.697152118380057,0.4788141559879322,626.6505355564811,73,916,47521.905019030324,0.13604159051867182,0.8183995807185535,0.9390409840373352,0.9887640449438202,38454.91942181885,114.263091,22.566543,121.37318,25.14978,420.00752893364495,False,0,False,0,False,0
CNCGM,CNCGM,45.0,37,47142.06377249397,1820.8351079062106,10.452779039097113,0.3369133513608526,570.9983580276746,19,926,47142.06377249397,0.05183615261156338,0.800699952285179,0.933099632489401,0.8444444444444444,31874.94738008689,121.382233,31.619333,121.382233,31.619333,0.0,False,0,False,0,False,0
GTPQL,USSDI,53.0,3,47140.92659315726,2080.047382014816,16.516355255588376,0.6386055806595855,630.7,52,927,47140.92659315726,0.1415887109560806,0.8195655620738862,0.9394323767242746,1.0,38635.08000000474,-90.783333,13.916667,-117.166667,32.7,1830.9914869200668,False,0,False,0,False,0
CNQIN,JPOSK,281.0,36,47091.17467571136,859.3455252395389,14.317805861270491,0.48546673402606894,630.7,226,929,47091.17467571136,0.1415887109560806,0.8195655620738862,0.9394323767242746,0.7935943060498221,30628.22072713745,120.2667,36.0333,135.433333,34.65,746.6610901505862,False,0,False,0,False,0
CNQIZ,CNXIA,250.0,50,47045.05504841763,692.7408799746629,12.508429571127541,0.43030603048790284,630.6884073421342,212,930,47045.05504841763,0.14157293253322356,0.8195622455158493,0.939431263433264,0.884,34083.81424501374,108.6,21.683333,118.042517,24.44535,547.1811161690213,False,0,False,0,False,0
CNMWN,CNWGQ,156.0,67,47013.5951771025,935.8320851998413,13.157624340929026,0.3753790125901173,630.5744873285099,138,931,47013.5951771025,0.14141784851827155,0.8195296475090124,0.9394203210443257,0.6602564102564102,25439.04239495569,113.862187,22.508158,121.617967,31.353633,673.6092059977876,False,0,False,0,False,0
CNNBO,TWTAP,123.0,52,46937.54101395758,369.0230747408599,13.515206560867318,0.44401640428687095,627.7388067735802,112,932,46937.54101395758,0.1375393807773969,0.8187144099232874,0.9391466648424391,0.983739837398374,37803.58849214292,121.683333,29.966667,121.37318,25.14978,289.67841907185004,False,0,False,0,False,0
COCTA,MXLCS,33.0,20,46568.57062363194,2089.653589308245,10.351824964610351,0.30287607175276726,630.7000000000002,32,939,46568.57062363194,0.14158871095608083,0.8195655620738862,0.9394323767242746,0.9090909090909091,34696.36068921306,-75.540962,10.394286,-102.166667,17.883333,1612.0023974508745,False,0,False,0,False,0
CNQIN,JPTOK,206.0,36,46079.56569443299,1147.2501754443938,14.602746030830689,0.5444660587639545,630.1360739829345,193,948,46079.56569443299,0.14082049520202156,0.8194040863575731,0.9393781731006967,0.9320388349514563,35191.72140824914,120.2667,36.0333,139.75,35.6667,946.8474169857915,False,0,False,0,False,0
CNNSA,USLSA,11.0,10,45964.247476832534,6823.180684211204,17.39756621685399,0.5447254374237792,630.7,10,950,45964.247476832534,0.1415887109560806,0.8195655620738862,0.9394323767242746,0.9090909090909091,34246.1039260486,113.682083,22.64515,-118.244,33.738045,6306.47782680254,False,0,False,0,True,1
CNXIA,MYPKE,56.0,41,45872.32239979993,1912.9330747186498,15.571995422446616,0.4791833119990802,616.3805357112159,47,953,45872.32239979993,0.12164650141766564,0.8153737936116187,0.9380252980313166,0.8214285714285714,30723.966405310795,118.042517,24.44535,101.34485,3.00525,1609.9899047410454,False,0,False,0,False,0
PHMAN,THLCB,107.0,30,45847.31471138706,1435.5779281078408,14.447924697459529,0.40155304387900465,630.6427652483534,55,954,45847.31471138706,0.14151080479486466,0.8195491865268851,0.939426879835914,0.8317757009345794,31253.247882039093,120.94162,14.596732,100.886078,13.056152,1172.520329773451,False,0,False,0,False,0
CNZOS,SGSGP,42.0,40,45788.545850308095,2294.093140236421,13.440278075824208,0.28514711652255603,630.572074895219,33,955,45788.545850308095,0.14141456376741157,0.8195289570682147,0.9394200892794886,0.7619047619047619,28590.506077236667,122.099218,30.006902,103.802776,1.248823,2017.5509865686506,False,0,False,0,False,0
CNNBO,PHMAN,142.0,46,45561.46293916655,1109.7828386692868,12.53257446592199,0.33212491583404513,630.6289542994994,28,962,45561.46293916655,0.14149200364359205,0.8195452346040649,0.9394255532677969,0.6126760563380281,22877.1277852421,121.683333,29.966667,120.94162,14.596732,923.7292497206461,False,0,False,0,False,0
CNSHA,CNSHA,2263.0,97,45541.66275769888,3643.657668144504,3.262631830264854,0.23194252831551587,630.7000000000002,882,964,45541.66275769888,0.14158871095608083,0.8195655620738862,0.9394323767242746,0.964206805125939,35988.41968488732,121.46055,31.130717,121.46055,31.130717,0.0,False,0,False,0,False,0
CNJIT,CNNSA,190.0,14,45528.260793143134,1418.3530251513978,10.808550235904978,0.4923815217495113,630.7,94,965,45528.260793143134,0.1415887109560806,0.8195655620738862,0.9394323767242746,0.9947368421052631,37117.008359562096,118.997083,39.205083,113.682083,22.64515,1030.728548592313,False,0,False,0,False,0
CNNSA,KRBUS,65.0,37,45105.956808402196,1244.359919220599,14.587023697317315,0.3622902839367233,630.4888245910983,58,971,45105.956808402196,0.14130119538419506,0.8195051275114913,0.9394120902542967,0.7846153846153846,29002.964725779544,113.682083,22.64515,129.052391,35.112607,1098.8435033460353,False,0,False,0,False,0
CNYSN,USSEA,17.0,15,44915.78101053499,5256.781482751094,15.198823185213767,0.40062731251993544,630.6999999999999,16,972,44915.78101053499,0.1415887109560805,0.8195655620738862,0.9394323767242746,0.7058823529411765,25984.536924625907,122.066667,30.633333,-122.333333,47.6,4970.502622288244,False,0,False,0,True,1
AEKHA,CNNBO,8.0,8,44867.6454107367,5838.244727089092,16.121112762857305,0.5052514836416147,630.7,7,974,44867.6454107367,0.1415887109560806,0.8195655620738862,0.9394323767242746,0.875,32175.479901234467,54.659214,24.802318,121.683333,29.966667,3536.5082520385454,False,0,False,0,True,1
CNQIN,CNXIA,108.0,75,44812.932535199034,935.3971403492433,13.298115506727894,0.3077916888677526,628.9168540235079,71,976,44812.932535199034,0.1391548874284687,0.8190539826179529,0.9392606514587505,0.7037037037037037,25828.889127746064,120.2667,36.0333,118.042517,24.44535,705.1810323877647,False,0,False,0,False,0
JPYOK,USOAK,16.0,5,44810.66290963922,4860.377718145204,17.87828083288111,0.7608650915531757,624.6,16,977,44810.66290963922,0.13320525136087102,0.8178033941722702,0.9388408581492155,1.0,36646.31222261241,139.679832,35.450183,-122.320518,37.814824,4477.288165469052,False,0,False,0,False,0
EGDAM,ESBAR,39.0,25,44793.98659637066,1624.5158240443507,12.53223236807445,0.35700549063207776,629.9781725893628,36,978,44793.98659637066,0.14060514545334968,0.8193588207473055,0.9393629784933837,0.9743589743589743,35761.2621871428,31.757526,31.481673,2.166667,41.35,1538.0400582047184,False,0,False,0,False,0
MATAN,MQFDF,33.0,11,44339.87082966248,3285.6617369027854,15.490718401703736,0.4101442850495156,630.7000000000002,33,984,44339.87082966248,0.14158871095608083,0.8195655620738862,0.9394323767242746,1.0,36339.431158795844,-5.797516,35.789733,-61.05,14.583333,3212.74165481363,False,0,False,0,False,0
MYPKE,USNYK,6.0,6,44248.22877514469,11948.388713081735,16.5853098349588,0.4081591745818364,629.7839366488092,3,987,44248.22877514469,0.14034009365039646,0.8193031079745384,0.9393442770178152,1.0,36252.71135784445,101.34485,3.00525,-74.049568,40.663452,8173.230550673484,False,0,True,1,True,2
CNSHE,MXMAN,12.0,10,43692.02973983824,7890.623707590038,17.030022384522184,0.47819878520952386,628.6282927482949,11,991,43692.02973983824,0.138759730916568,0.8189709223832756,0.9392327700794475,1.0,35782.50189683283,113.8943,22.467416,-104.293756,19.073908,7454.872606746598,False,0,False,0,True,1
AEKHA,CNTJN,7.0,7,43213.49363632158,6610.810250936364,17.016003821077618,0.47854636515166854,629.7555001844914,7,999,43213.49363632158,0.14030127590566033,0.8192949486480683,0.939341538122638,1.0,35404.59704967371,54.659214,24.802318,117.8143,38.97075,3264.484097445345,False,0,False,0,True,1
AEJAL,ZACPT,21.0,11,43126.7817067641,5017.706366262371,16.721745018147143,0.4932320140942418,630.7000000000002,17,1003,43126.7817067641,0.14158871095608083,0.8195655620738862,0.9394323767242746,1.0,35345.225089941916,55.0606,25.0136,18.437805,-33.905756,4108.108340251721,False,0,False,0,True,1
TWTCH,VNHCM,114.0,20,42871.37724490618,1263.6391940266728,14.156287938931445,0.44874430685674055,628.1691585959477,107,1007,42871.37724490618,0.1381302431177771,0.8188386066989343,0.939188354797006,0.8333333333333334,29253.949008736145,120.5,24.283333,106.710033,10.776988,1129.9929264214463,False,0,False,0,False,0
USSAV,VNCMP,5.0,5,42838.08575453498,13296.110767259453,17.398439364400357,0.5205244439860578,630.1043139470665,5,1009,42838.08575453498,0.14077718876642764,0.8193949835271878,0.939375117493309,1.0,35101.31257117345,-81.0833,32.0833,107.012844,10.522075,8207.321007141229,False,0,True,1,True,2
BEANT,COCTA,14.0,11,42602.54599226769,4827.5119422377065,16.14818549690869,0.5082554081121183,630.7000000000003,14,1016,42602.54599226769,0.14158871095608094,0.8195655620738862,0.9394323767242746,0.9285714285714286,32421.60958393635,4.4,51.2167,-75.540962,10.394286,4540.616611475619,False,0,False,0,False,0
NGLAG,ZACPT,37.0,15,42235.03099679004,2812.0988268371707,13.92479183061201,0.37878676293632824,630.6999999999999,20,1025,42235.03099679004,0.1415887109560805,0.8195655620738862,0.9394323767242746,0.9459459459459459,32743.329517114274,3.3833,6.45,18.437805,-33.905756,2569.7103742468894,False,0,False,0,False,0
CNQIZ,HKHKG,1231.0,88,42031.68107372376,429.20447746011115,9.183219333955043,0.27243752375321034,630.7000000000002,759,1027,42031.68107372376,0.14158871095608083,0.8195655620738862,0.9394323767242746,0.8424045491470349,29018.91462395477,108.6,21.683333,114.181938,22.298785,312.92788181572337,False,0,False,0,False,0
CNYSN,USCHA,5.0,5,41318.63409414663,10317.629837463646,16.18535955895695,0.5375634644414634,630.7000000000002,5,1032,41318.63409414663,0.14158871095608083,0.8195655620738862,0.9394323767242746,1.0,33863.32957549452,122.066667,30.633333,-79.938165,32.87698,6794.531205957168,False,0,True,1,True,2
BRPEC,MATAN,19.0,14,41197.09176897212,3063.442412663674,16.1188115351059,0.4650147131589338,630.7000000000002,18,1033,41197.09176897212,0.14158871095608083,0.8195655620738862,0.9394323767242746,1.0,33763.717671447106,-38.795986,-3.528841,-5.797516,35.789733,3000.937220065141,False,0,False,0,False,0
EGPSA,TRTEK,39.0,20,41049.24702656811,779.895434327078,12.27765340055339,0.4354944418455289,630.7,28,1036,41049.24702656811,0.1415887109560806,0.8195655620738862,0.9394323767242746,0.9230769230769231,31054.660811113015,32.319633,31.269083,27.511883,40.96832,627.0174531267712,False,0,False,0,False,0
CNQIN,JPKOB,180.0,34,40995.395867312815,899.6141533727136,13.88973409900213,0.40608732482005777,630.7,128,1037,40995.395867312815,0.1415887109560806,0.8195655620738862,0.9394323767242746,0.9388888888888889,31545.178205209075,120.2667,36.0333,135.237233,34.685033,736.7553563058551,False,0,False,0,False,0
JMKIN,USCHA,36.0,16,40896.1579356424,1117.0935841665078,15.426694273126815,0.5357541358608883,630.4594153006154,28,1039,40896.1579356424,0.141261139320364,0.8194967078955623,0.9394092639860323,1.0,33514.266793835915,-76.7936,17.997,-79.938165,32.87698,909.3725021001094,False,0,False,0,False,0
CNQIN,CNSHE,83.0,51,40839.26112627597,1220.9424633174008,13.533472747330746,0.3867196649679787,624.1730023445988,56,1040,40839.26112627597,0.13261227581724333,0.8176787532102,0.9387990190916489,0.9036144578313253,30174.75552990282,120.2667,36.0333,113.8943,22.467416,879.6627701249288,False,0,False,0,False,0
IDJAK,IDSEM,533.0,87,40816.436600904715,268.09116121914764,11.806516225200593,0.3205363364719974,630.5894933010767,351,1042,40816.436600904715,0.14143827997224967,0.8195339421145955,0.9394217626430365,0.7485928705440901,25040.772272145125,106.788826,-6.09208,110.421696,-6.947692,222.71165259741184,False,0,False,0,False,0
CNTJN,PHMAN,56.0,17,40812.106232663835,1770.3862729316681,14.611143737651563,0.5699608829144948,630.7,49,1043,40812.106232663835,0.1415887109560806,0.8195655620738862,0.9394323767242746,0.8571428571428571,28669.882957707672,117.8143,38.97075,120.94162,14.596732,1472.7392332159911,False,0,False,0,False,0
CNXIA,PHMAN,245.0,67,40495.759461984635,699.9407167949558,13.279351686862778,0.4305136085670561,630.5183367790021,91,1047,40495.759461984635,0.14134138784014183,0.8195135757964687,0.9394149261460906,0.7714285714285715,25601.264723276774,118.042517,24.44535,120.94162,14.596732,613.5773441044985,False,0,False,0,False,0
CNWGQ,PHMAN,117.0,54,40073.35198180949,1252.277422466952,12.83626084641873,0.334164753202626,630.4273187640574,70,1053,40073.35198180949,0.14121741890658235,0.8194875180487053,0.9394061791692491,0.717948717948718,23577.157157769903,121.617967,31.353633,120.94162,14.596732,1006.7788314116581,False,0,False,0,False,0
USOAK,USSEA,68.0,29,40059.73425138323,985.6804758058156,10.931049021990008,0.2642423820763686,630.7000000000002,51,1054,40059.73425138323,0.14158871095608083,0.8195655620738862,0.9394323767242746,0.9117647058823529,29934.674622536102,-122.320518,37.814824,-122.333333,47.6,587.506745086412,False,0,False,0,False,0
EGALE,MYPKE,8.0,6,40028.76304504207,11649.527454102006,16.21052556636687,0.4586365633179156,630.6999999999999,4,1055,40028.76304504207,0.1415887109560805,0.8195655620738862,0.9394323767242746,0.875,28705.421223615765,29.86702,31.187057,101.34485,3.00525,4360.753323092972,False,0,True,1,True,2
DEWVN,ESALG,19.0,15,39775.91244716286,1685.9333917390104,16.249246503207804,0.6550314711476595,630.6999999999998,19,1060,39775.91244716286,0.1415887109560804,0.8195655620738861,0.9394323767242746,1.0,32598.968041760712,8.170278,53.541667,-5.433333,36.116667,1191.2144613263022,False,0,False,0,False,0
KRGWA,KRINC,340.0,78,39522.26168663562,387.1643141841707,13.890243757094131,0.40795657388204426,630.0731620918655,311,1071,39522.26168663562,0.140734707375041,0.8193860541176203,0.9393721200992363,0.7676470588235295,24859.474717321977,127.728767,34.866497,126.607819,37.439929,163.78386662484905,False,0,False,0,False,0
JPTOK,USEVE,26.0,8,39459.5262417547,4386.885376177856,14.588825347572483,0.6778281928984474,628.7011030269234,25,1072,39459.5262417547,0.13885947170540414,0.8189918874770502,0.9392398075713824,1.0,32317.031875684872,139.75,35.6667,-122.216667,47.983333,4147.106378940001,False,0,False,0,False,0
TWKAO,VNCMP,48.0,29,39420.71667320521,1162.293512646122,14.79686180603129,0.35876263701093586,629.417967797688,46,1073,39420.71667320521,0.13984025290167656,0.8191980435541388,0.9393090093476987,0.875,28256.70222741776,120.260382,22.620829,107.012844,10.522075,1051.6210109687574,False,0,False,0,False,0
IDSUR,TWTAP,45.0,9,39062.26199202498,2192.3792356414974,17.672268654790013,0.5960029825681001,630.7,43,1078,39062.26199202498,0.1415887109560806,0.8195655620738862,0.9394323767242746,0.7555555555555555,24188.419555169465,112.731533,-7.1937,121.37318,25.14978,2006.5211576539568,False,0,False,0,False,0
CNNSA,TWKAO,251.0,96,38975.991546055375,427.0120079664826,13.851394441473174,0.37977353802550756,630.2552324953551,224,1081,38975.991546055375,0.14098293503022996,0.8194382305253789,0.9393896344997318,0.8804780876494024,28121.07680298508,113.682083,22.64515,120.260382,22.620829,364.5206777797941,False,0,False,0,False,0
ECPBO,USPHU,33.0,3,38658.57612333249,3236.169875386035,18.690206605401603,0.6337627184625362,630.7000000000002,28,1084,38658.57612333249,0.14158871095608083,0.8195655620738862,0.9394323767242746,1.0,31683.23766949511,-80.0027,-3.25955,-119.2,34.15,3153.73475672014,False,0,False,0,False,0
CNNBO,JPNAG,120.0,26,38506.80830420574,926.0952075219808,13.838736920270346,0.3225981537339239,629.7489768237436,107,1089,38506.80830420574,0.14029237057176047,0.8192930767843856,0.9393409097817533,0.7,22083.853016889472,121.683333,29.966667,136.866667,35.066667,826.3168536531214,False,0,False,0,False,0
AUSYD,CNMWN,26.0,15,38464.65818819078,4684.878660319021,13.741933009479308,0.38576221700191443,630.7,25,1091,38464.65818819078,0.1415887109560806,0.8195655620738862,0.9394323767242746,0.8461538461538461,26674.41548367918,151.2111,-33.86,113.862187,22.508158,4000.9143446253515,False,0,False,0,False,0
PAMIT,USSAV,58.0,27,38425.56139416475,1655.5573340212743,15.036679592683265,0.4349235549622692,630.6999999999999,43,1092,38425.56139416475,0.1415887109560805,0.8195655620738862,0.9394323767242746,1.0,31492.26682201326,-79.88466,9.361132,-81.0833,32.0833,1365.877709624026,False,0,False,0,False,0
CNTAI,CNYSN,3414.0,122,38325.929325835925,133.4052746458229,6.475367857967018,0.23218437348140042,630.7000000000002,1703,1093,38325.929325835925,0.14158871095608083,0.8195655620738862,0.9394323767242746,0.8154657293497364,25614.277468908258,121.211133,31.6506,122.066667,30.633333,75.25390775721107,False,0,False,0,False,0
CNBYQ,CNZHA,100.0,18,38060.02333420772,1640.2017514847182,11.490030480868763,0.426155555978553,630.7,61,1097,38060.02333420772,0.1415887109560806,0.8195655620738862,0.9394323767242746,0.96,29944.977039787365,122.0684,40.268517,110.407368,21.182277,1291.568903730422,False,0,False,0,False,0
KRULS,KRULS,64.0,56,37573.78435089793,1788.876868979376,10.931835884452669,0.3564179457134362,630.7,64,1103,37573.78435089793,0.1415887109560806,0.8195655620738862,0.9394323767242746,0.984375,30313.020633118107,129.369164,35.462441,129.369164,35.462441,0.0,False,0,False,0,False,0
CNMWN,VNCMP,50.0,25,37004.93916828309,979.2267791517704,15.485109864131568,0.3924391284738911,630.7,50,1114,37004.93916828309,0.1415887109560806,0.8195655620738862,0.9394323767242746,0.92,27901.735867446787,113.862187,22.508158,107.012844,10.522075,820.1303934580222,False,0,False,0,False,0
IDSUR,PHMAN,44.0,15,36920.879365281944,1619.5920647861908,13.394135138300754,0.4847914180429619,630.7,17,1116,36920.879365281944,0.1415887109560806,0.8195655620738862,0.9394323767242746,0.9545454545454546,28883.66846521174,112.731533,-7.1937,120.94162,14.596732,1396.667392299979,False,0,False,0,False,0
SGSGP,USMOB,4.0,4,36890.97523149539,13435.380160130522,15.771547208181898,0.3899110449596599,630.7,4,1119,36890.97523149539,0.1415887109560806,0.8195655620738862,0.9394323767242746,1.0,30234.57285105433,103.802776,1.248823,-88.1167,30.6833,8772.681057226715,False,0,True,1,True,2
GTSTC,USPHI,54.0,4,36771.32706394458,1841.2189968056343,18.411904173290658,0.6258923139748643,630.7,52,1121,36771.32706394458,0.1415887109560806,0.8195655620738862,0.9394323767242746,0.9814814814814815,29578.42975311695,-88.616667,15.7,-75.1333,39.95,1617.9496776831404,False,0,False,0,False,0
CNMWN,CNYSN,56.0,34,36552.35138965291,905.1532229685484,14.092280096410448,0.3233063496430826,630.7,53,1127,36552.35138965291,0.1415887109560806,0.8195655620738862,0.9394323767242746,0.9642857142857143,28887.153825647973,113.862187,22.508158,122.066667,30.633333,656.852839693534,False,0,False,0,False,0
OMSAL,SGSGP,20.0,17,36313.97981708834,3222.7958338736194,14.122397458568152,0.4661414796525386,630.7000000000002,17,1136,36313.97981708834,0.14158871095608083,0.8195655620738862,0.9394323767242746,0.7,20833.18109595223,54.002781,16.946141,103.802776,1.248823,3087.1463371114833,False,0,False,0,False,0
CNQIN,CNQIN,399.0,97,36127.674243113266,313.1728130777377,5.866671482899243,0.24162858180931046,629.7769449951484,69,1139,36127.674243113266,0.1403305498835452,0.819301101914938,0.9393436036304976,0.6691729323308271,19807.146279801425,120.2667,36.0333,120.2667,36.0333,0.0,False,0,False,0,False,0
MYPKE,USNFK,4.0,3,36043.6052479744,12289.340571846069,17.121283136812085,0.38827445722787296,630.7,3,1143,36043.6052479744,0.1415887109560806,0.8195655620738862,0.9394323767242746,1.0,29540.097594225415,101.34485,3.00525,-76.316667,36.85,8410.785274164504,False,0,True,1,True,2
CNYSN,KRGWA,94.0,35,36041.06947443126,521.7155607089566,11.415602315159305,0.2739849204699763,627.2334405355132,91,1144,36041.06947443126,0.1368444904057271,0.818568346893557,0.9390976348974858,0.9042553191489362,26677.411554220085,122.066667,30.633333,127.728767,34.866497,382.4171051941548,False,0,False,0,False,0
CNHUM,CNTJN,160.0,14,35683.2008899716,1482.3537458695212,10.654379699515605,0.5045439326041536,630.5680682342677,142,1154,35683.2008899716,0.14140910827273312,0.819527810346208,0.9394197043517148,1.0,29243.375491502287,113.659717,22.81445,117.8143,38.97075,993.0475353467115,False,0,False,0,False,0
JPNAG,THLCB,40.0,4,35628.43286422268,2880.991633659569,16.126805520631958,0.3948046328958122,630.7000000000002,40,1157,35628.43286422268,0.14158871095608083,0.8195655620738862,0.9394323767242746,0.875,25549.857030406085,136.866667,35.066667,100.886078,13.056152,2353.293743819035,False,0,False,0,False,0
CNMWN,SAJED,22.0,9,35445.40391985394,5934.505656492878,15.953157790707044,0.6128826344172376,630.6999999999998,19,1166,35445.40391985394,0.1415887109560804,0.8195655620738861,0.9394323767242746,1.0,29049.832386511018,113.862187,22.508158,39.1667,21.466667,4110.844317579547,False,0,False,0,True,1
AEJAL,CNYSN,8.0,8,34806.78171281134,5747.281060400147,16.430286179024947,0.5101856141321054,630.6999999999999,8,1181,34806.78171281134,0.1415887109560805,0.8195655620738862,0.9394323767242746,0.75,21394.829713832467,55.0606,25.0136,122.066667,30.633333,3522.257427156719,False,0,False,0,True,1
CNBYQ,CNXIA,141.0,28,34793.67826952113,1163.9653305139766,10.9970852303917,0.4283192118195871,630.6999999999999,71,1182,34793.67826952113,0.1415887109560805,0.8195655620738862,0.9394323767242746,1.0,28515.700487578044,122.0684,40.268517,118.042517,24.44535,971.4203336891694,False,0,False,0,False,0
CNSHE,INCHN,46.0,10,34418.32323268515,3060.178638585657,14.045788403187919,0.4558144736883715,630.1649928506307,42,1194,34418.32323268515,0.14085992376233258,0.8194123740749047,0.9393809550936851,0.9782608695652174,27589.69560499434,113.8943,22.467416,80.3,13.1,1996.0358205316952,False,0,False,0,False,0
MXLCS,USLSA,38.0,22,34311.1118001042,1470.103572955125,12.601021099050579,0.3790707499864973,630.7,38,1197,34311.1118001042,0.1415887109560806,0.8195655620738862,0.9394323767242746,1.0,28120.205627832347,-102.166667,17.883333,-118.244,33.738045,1285.3478030566782,False,0,False,0,False,0
CRPTC,GTPQL,167.0,27,34253.70238109571,484.6790360769274,15.360367961860316,0.5153697683925917,630.6671042891036,102,1201,34253.70238109571,0.14154393606707405,0.8195561505807777,0.9394292175060255,0.9101796407185628,25551.320568393672,-84.720083,9.91385,-90.783333,13.916667,429.61787037296995,False,0,False,0,False,0
NLROT,PACOL,8.0,7,34044.68735579094,5017.390105432284,17.53506353933383,0.5665561846371584,630.7,8,1210,34044.68735579094,0.1415887109560806,0.8195655620738862,0.9394323767242746,1.0,27901.85332837853,4.03038,52.002215,-79.892063,9.359918,4737.358838571802,False,0,False,0,True,1
CNWGQ,KRINC,340.0,35,34001.41343319683,521.0188688155514,13.272726329688968,0.4371112991341729,630.6999999999999,262,1211,34001.41343319683,0.1415887109560805,0.8195655620738862,0.9394323767242746,0.9205882352941176,25653.46850340371,121.617967,31.353633,126.607819,37.439929,441.0166450431354,False,0,False,0,False,0
CNJIN,CNNBO,162.0,25,33826.90996343727,786.8721031908506,10.301459448902479,0.3354161686977938,630.7,57,1218,33826.90996343727,0.1415887109560806,0.8195655620738862,0.9394323767242746,0.9444444444444444,26183.18322866236,121.066667,40.783333,121.683333,29.966667,650.1336720074983,False,0,False,0,False,0
CNZOS,TWKAO,65.0,44,33811.18339316305,573.7617388064447,12.629478218092947,0.3833047332875242,630.4758273778068,58,1220,33811.18339316305,0.14128349337083934,0.8195014066228326,0.9394108412389472,0.8769230769230769,24298.058522552947,122.099218,30.006902,120.260382,22.620829,454.3455490143777,False,0,False,0,False,0
CNTJN,CNXIA,162.0,32,33668.11665718722,1202.5703416228378,11.04905223464753,0.36747539024176457,630.5797860659329,129,1223,33668.11665718722,0.14142506315070558,0.819531163994367,0.9394208300930125,0.9753086419753086,26910.78513396864,117.8143,38.97075,118.042517,24.44535,872.188713181287,False,0,False,0,False,0
CNWGQ,LKCOL,19.0,11,33525.80221194855,4090.4541422869024,14.271146309317588,0.4359554563971168,630.7000000000002,13,1228,33525.80221194855,0.14158871095608083,0.8195655620738862,0.9394323767242746,0.7894736842105263,21692.047053010694,121.617967,31.353633,79.85,6.95,2759.203244316164,False,0,False,0,False,0
CNNBO,USNYK,4.0,4,33440.887756949305,12942.421328526729,16.021115252208688,0.3646709731682848,629.1249226150516,4,1230,33440.887756949305,0.13943959214079438,0.8191138263495057,0.939280739600625,1.0,27391.893527119086,121.683333,29.966667,-74.049568,40.663452,6477.243367274311,False,0,True,1,True,2
HKHKG,MYPEN,65.0,21,33288.19030927546,1874.2938829810357,15.181771747240312,0.46078036973848785,630.7,61,1235,33288.19030927546,0.1415887109560806,0.8195655620738862,0.9394323767242746,0.9076923076923077,24763.529379590556,114.181938,22.298785,100.35,5.416667,1292.9682684113873,False,0,False,0,False,0
JPKOB,TWTAP,97.0,22,33083.91389745963,974.9225626754454,16.13819490286554,0.4634023741913538,630.1288257592929,96,1242,33083.91389745963,0.1408106122623044,0.8194020090052645,0.9393774757820835,0.9896907216494846,26829.551023507407,135.237233,34.685033,121.37318,25.14978,919.3798943500968,False,0,False,0,False,0
NLROT,PACRI,8.0,7,32967.01074466914,5012.247921518038,17.26530060907967,0.5352119927177389,630.6999999999999,7,1245,32967.01074466914,0.1415887109560805,0.8195655620738862,0.9394323767242746,1.0,27018.626690850608,4.03038,52.002215,-79.916667,9.35,4738.733525715555,False,0,False,0,True,1
USSEA,VNHPG,13.0,5,32683.283411430613,6542.7312176989235,16.088776405656457,0.7075381059284482,624.6,12,1254,32683.283411430613,0.13320525136087102,0.8178033941722702,0.9388408581492155,1.0,26728.50010656221,-122.333333,47.6,106.828308,20.81389,5920.807554647225,False,0,False,0,True,1
JPYOK,TWTAP,86.0,27,32664.624028995026,1177.2208432838167,16.288824217110633,0.5465493326285871,629.057344665908,86,1255,32664.624028995026,0.13934714443635143,0.8190943942313572,0.9392742166927754,0.9186046511627907,24577.644466443635,139.679832,35.450183,121.37318,25.14978,1129.6753069662384,False,0,False,0,False,0
CNDAL,TWKAO,94.0,15,32624.601168094377,1098.7232818528666,14.908033395570191,0.43675766371674113,630.6347403471225,76,1256,32624.601168094377,0.14149988041890105,0.8195468902690635,0.9394261090358368,0.8191489361702128,21901.90492963485,121.737442,38.978628,120.260382,22.620829,985.0379662422173,False,0,False,0,False,0
CNNBO,CNNBO,1462.0,146,31592.65686762829,303.55209274564453,6.614899213877613,0.21773994254297857,629.3115854201424,652,1285,31592.65686762829,0.13969484664969367,0.8191674797723221,0.939298749800551,0.9699042407660738,25100.80857434592,121.683333,29.966667,121.683333,29.966667,0.0,False,0,False,0,False,0
CNFUN,CNNSA,121.0,27,31494.13546659806,469.8858934693337,10.310369057148382,0.29337691523911136,630.6999999999999,105,1290,31494.13546659806,0.1415887109560805,0.8195655620738862,0.9394323767242746,0.9669421487603306,24958.235816351124,119.308128,25.393912,113.682083,22.64515,349.8460762760991,False,0,False,0,False,0
CNSHE,USLSA,8.0,6,30948.03206584749,6576.766139206601,17.15950245212617,0.4590426601288761,630.6999999999999,7,1301,30948.03206584749,0.1415887109560805,0.8195655620738862,0.9394323767242746,1.0,25363.94129512695,113.8943,22.467416,-118.244,33.738045,6306.326006134447,False,0,False,0,True,1
CNMWN,VNHCM,146.0,46,30837.328204047022,969.3163250010185,12.889073320462987,0.4049976737202424,630.1101385764389,133,1305,30837.328204047022,0.1407851312738042,0.81939665300879,0.9393756778992599,0.821917808219178,20768.222069695636,113.862187,22.508158,106.710033,10.776988,815.2345688709356,False,0,False,0,False,0
CNQIN,USLGB,11.0,10,30832.538358525446,6050.1269766658725,15.734079289262914,0.4039947359179999,630.7,10,1306,30832.538358525446,0.1415887109560806,0.8195655620738862,0.9394323767242746,0.8181818181818182,20674.87087906601,120.2667,36.0333,-118.217354,33.74561,5488.688815549164,False,0,False,0,True,1
CNJIN,CNNSA,74.0,25,30622.49705123113,1491.7190559856404,11.258484754443076,0.33182472119877227,630.6999999999999,50,1312,30622.49705123113,0.1415887109560805,0.8195655620738862,0.9394323767242746,0.9459459459459459,23740.54162909286,121.066667,40.783333,113.682083,22.64515,1151.3532499721805,False,0,False,0,False,0
AUMEL,CNMWN,16.0,11,30132.85274887621,5155.124993422698,15.356076723131215,0.3768052420031481,630.7,16,1328,30132.85274887621,0.1415887109560806,0.8195655620738862,0.9394323767242746,0.9375,23152.357875020978,144.912243,-37.858862,113.862187,22.508158,4025.688881429486,False,0,False,0,True,1
GBLGP,PACOL,9.0,7,29779.176979606356,5055.0104362103175,17.029935382741517,0.4836774138864439,630.7,8,1342,29779.176979606356,0.1415887109560806,0.8195655620738862,0.9394323767242746,1.0,24405.987919388815,0.486317,51.502973,-79.892063,9.359918,4605.487915750589,False,0,False,0,True,1
CNDAL,SGSGP,13.0,13,29768.57091084388,2730.028287726526,17.016090637058177,0.509972966399206,625.0015732437217,12,1343,29768.57091084388,0.13376218048513777,0.8179204583287932,0.9388801538502628,0.9230769230769231,22475.37522756056,121.737442,38.978628,103.802776,1.248823,2469.8776790927277,False,0,False,0,False,0
USOAK,VNCMP,6.0,6,29726.428841036868,7319.093825642459,16.925010283072528,0.5120449538906493,630.6999999999999,6,1344,29726.428841036868,0.1415887109560805,0.8195655620738862,0.9394323767242746,1.0,24362.757361553762,-122.320518,37.814824,107.012844,10.522075,6797.497352765607,False,0,False,0,True,1
KRKHN,KRKHN,25.0,22,29228.810874618564,1375.2560359465767,12.470108648540393,0.4238745847765517,627.9166902137922,3,1356,29228.810874618564,0.13778370851129174,0.8187657665840137,0.9391639040730169,1.0,23931.549742096224,128.596617,34.916717,128.596617,34.916717,0.0,False,0,False,0,False,0
CNQIN,USLSA,9.0,8,29081.088611886018,6189.00402418449,15.835708642871127,0.458410055624919,628.8798125020797,4,1363,29081.088611886018,0.13910418296626503,0.8190433247535297,0.9392570738627841,1.0,23818.671504131133,120.2667,36.0333,-118.244,33.738045,5488.100167921394,False,0,False,0,True,1
CNNSA,CNYAN,56.0,12,28980.97943916336,1316.197135154838,10.613855327120454,0.23561757560874683,630.7,46,1371,28980.97943916336,0.1415887109560806,0.8195655620738862,0.9394323767242746,0.9642857142857143,22903.533678384312,113.682083,22.64515,121.4,37.55,979.6307017348189,False,0,False,0,False,0
CAVCR,USOAK,48.0,19,28970.33884615392,960.97700170906,12.072388295238309,0.2579351912390447,630.7,26,1372,28970.33884615392,0.1415887109560806,0.8195655620738862,0.9394323767242746,1.0,23743.09203991908,-123.116667,49.283333,-122.320518,37.814824,689.4347856295486,False,0,False,0,False,0
CNNJG,CNYSN,989.0,85,28009.445013768396,251.63825389933933,7.0195167864860215,0.2401093776995329,630.7,461,1402,28009.445013768396,0.1415887109560806,0.8195655620738862,0.9394323767242746,0.9828109201213346,22560.9913071752,118.764874,32.137024,122.066667,30.633333,191.7966643043479,False,0,False,0,False,0
KRMOK,KRMOK,21.0,17,27948.18979920756,2089.1532111988477,12.092610356091665,0.4565075595229789,629.5628634751691,10,1405,27948.18979920756,0.14003822110553454,0.8192396556368855,0.9393229775512216,1.0,22896.26538677712,126.410408,34.788572,126.410408,34.788572,0.0,False,0,False,0,False,0
CRPMN,ECGYL,51.0,16,27947.13404937823,1059.439564270662,13.61317260460369,0.4061977537276844,630.7000000000002,51,1406,27947.13404937823,0.14158871095608083,0.8195655620738862,0.9394323767242746,1.0,22904.50862553291,-83.090115,10.006213,-79.930086,-2.257278,760.1579645976818,False,0,False,0,False,0
CNHUA,CNNSA,121.0,9,27936.982843082424,1458.9653828270546,10.713362421967984,0.4548674452604891,630.7,68,1407,27936.982843082424,0.1415887109560806,0.8195655620738862,0.9394323767242746,1.0,22896.189046439362,117.866667,38.316667,113.682083,22.64515,965.203631052241,False,0,False,0,False,0
TWTAP,USOAK,6.0,6,27918.597256626035,5940.8923888489935,17.462596707023792,0.6297703874660506,626.7394006929522,6,1410,27918.597256626035,0.13616409084636627,0.8184253297715487,0.9390496273925585,1.0,22849.28716651322,121.37318,25.14978,-122.320518,37.814824,5597.58832595288,False,0,False,0,True,1
JPOSK,VNHCM,45.0,4,27759.93273820739,2280.899777143239,14.604777042819572,0.32502463643348845,630.7000000000002,44,1415,27759.93273820739,0.14158871095608083,0.8195655620738862,0.9394323767242746,0.8888888888888888,20223.1865579753,135.433333,34.65,106.710033,10.776988,2126.1626148796813,False,0,False,0,False,0
THBKK,VNHCM,162.0,46,27669.3771872994,672.9119693652808,13.921566275673472,0.46610119553289625,629.8544565331476,84,1420,27669.3771872994,0.1404363430561716,0.8193233391942969,0.9393510681653967,0.845679012345679,19171.68402433257,100.574341,13.69736,106.710033,10.776988,400.40064538753205,False,0,False,0,False,0
INMUN,OMSAL,71.0,19,27044.781678237556,1030.0804658932143,13.772771044794753,0.35930531819092365,630.7,66,1443,27044.781678237556,0.1415887109560806,0.8195655620738862,0.9394323767242746,0.9014084507042254,19979.692797557454,69.7,22.766667,54.002781,16.946141,952.0412390011195,False,0,False,0,False,0
CNJIT,CNQIZ,71.0,9,26806.21398012649,1772.3320607418307,10.545782683249042,0.34692458204945975,630.7,38,1451,26806.21398012649,0.1415887109560806,0.8195655620738862,0.9394323767242746,1.0,21969.449827695233,118.997083,39.205083,108.6,21.683333,1179.6364068637056,False,0,False,0,False,0
CNQIN,CNRIZ,1113.0,66,26526.445669528523,97.36079183069462,8.204382109955981,0.2136778839696033,630.6757308940429,549,1460,26526.445669528523,0.14155567833169358,0.8195586187553504,0.9394300460145377,0.9326145552560647,20275.019142854566,120.2667,36.0333,119.533333,35.35,54.42351915056357,False,0,False,0,False,0
CNLYG,HKHKG,64.0,16,26315.413531849677,1192.5875021950635,15.286208652399255,0.5958383443471754,630.7,63,1468,26315.413531849677,0.1415887109560806,0.8195655620738862,0.9394323767242746,0.9375,20219.25626478481,119.483333,34.733333,114.181938,22.298785,796.8722796314378,False,0,False,0,False,0
CNTJN,USOAK,4.0,4,26058.691740050795,6653.125440452297,16.380965046291767,0.43427248100510446,630.6999999999999,4,1476,26058.691740050795,0.1415887109560805,0.8195655620738862,0.9394323767242746,1.0,21356.806342844866,117.8143,38.97075,-122.320518,37.814824,5128.98885876856,False,0,False,0,True,1
HKHKG,JPOSK,75.0,18,26029.079475809882,1405.7307859403666,15.649294385243108,0.48644905303141367,630.7000000000002,75,1477,26029.079475809882,0.14158871095608083,0.8195655620738862,0.9394323767242746,0.9066666666666666,19341.500350111237,114.181938,22.298785,135.433333,34.65,1339.9168526194828,False,0,False,0,False,0
AEKHA,CNQIN,6.0,6,25978.197870704957,6228.914697913881,16.34526166451384,0.38559174930543777,630.7000000000002,5,1480,25978.197870704957,0.14158871095608083,0.8195655620738862,0.9394323767242746,0.8333333333333334,17742.363616309118,54.659214,24.802318,120.2667,36.0333,3400.549439574333,False,0,False,0,True,1
MXMAN,PACOL,18.0,16,25977.79011330572,1867.0392412696983,12.863860286621925,0.36233078494477844,630.0820408266444,5,1481,25977.79011330572,0.14074681562149727,0.8193885992200339,0.9393729744306265,1.0,21285.90505177362,-104.293756,19.073908,-79.892063,9.359918,1532.8142203481264,False,0,False,0,False,0
CNWGQ,OMSOH,12.0,8,25977.31129299388,5641.058014061699,15.031521455510871,0.2872395882104963,630.7,9,1482,25977.31129299388,0.1415887109560806,0.8195655620738862,0.9394323767242746,0.8333333333333334,17741.758109175702,121.617967,31.353633,56.625595,24.507768,3423.6181082617472,False,0,False,0,True,1
KRGWA,USSEA,7.0,6,25855.81622922542,4909.810456909602,17.49760540636009,0.4728499227050012,630.7,7,1491,25855.81622922542,0.1415887109560806,0.8195655620738862,0.9394323767242746,1.0,21190.53656078424,127.728767,34.866497,-122.333333,47.6,4592.941209267678,False,0,False,0,False,0
KHSSK,VNHCM,229.0,51,25845.57220475774,424.9206782880878,12.87962997788363,0.3881536087001757,628.5215793233882,137,1492,25845.57220475774,0.13861350539018213,0.8189401863934295,0.9392224527260897,0.9694323144104804,20518.98276670581,103.504086,10.605101,106.710033,10.776988,189.4257257526798,False,0,False,0,False,0
CNTJN,CNZOS,57.0,40,25732.071801036233,1126.4282449102504,10.88066990400715,0.28318609324586574,630.5913222223106,28,1497,25732.071801036233,0.14144077008225442,0.8195344655252319,0.9394219383397527,0.8947368421052632,18868.49658291711,117.8143,38.97075,122.099218,30.006902,578.2637280001114,False,0,False,0,False,0
CNNBO,JPYOK,77.0,35,25712.59640985759,1049.108941259251,13.30810108421139,0.3478478454919289,630.1316862266601,44,1499,25712.59640985759,0.14081451253150146,0.8194028288254246,0.9393777509765485,0.987012987012987,20795.351192674887,121.683333,29.966667,139.679832,35.450183,965.191806288728,False,0,False,0,False,0
CNSHE,SAJED,8.0,6,25449.09102818562,5979.453228964258,13.277048109474777,0.42545670235720867,630.7,8,1507,25449.09102818562,0.1415887109560806,0.8195655620738862,0.9394323767242746,1.0,20857.198592784443,113.8943,22.467416,39.1667,21.466667,4113.205564100251,False,0,False,0,True,1
CNFUN,CNNBO,260.0,36,25374.235973459836,403.0079607042436,12.890489357938451,0.30567924909788036,628.8400080308032,167,1512,25374.235973459836,0.1390496897686575,0.81903187051288,0.9392532289419333,0.8538461538461538,17744.893713013535,119.308128,25.393912,121.683333,29.966667,302.17614715513446,False,0,False,0,False,0
CNMWN,USOAK,6.0,6,25169.803952103954,6382.442750937874,15.849945161993503,0.4175751570041228,613.2009721482058,6,1518,25169.803952103954,0.11709207161995838,0.8144164716482292,0.9377039474249768,1.0,20498.702926750157,113.862187,22.508158,-122.320518,37.814824,5996.437508794575,False,0,False,0,True,1
CNYTN,JPYOK,54.0,24,25007.550260930173,1646.6621367700534,14.390614503757087,0.40353272368043763,630.6999999999999,53,1528,25007.550260930173,0.1415887109560805,0.8195655620738862,0.9394323767242746,0.9629629629629629,19736.240801035005,114.263091,22.566543,139.679832,35.450183,1535.5845150157427,False,0,False,0,False,0
CNWHN,CNYSN,313.0,20,24947.983432802546,624.3882008210383,8.429631072427464,0.3945799922935004,630.7000000000002,71,1530,24947.983432802546,0.14158871095608083,0.8195655620738862,0.9394323767242746,1.0,20446.50806471482,114.2833,30.5667,122.066667,30.633333,402.17886605601814,False,0,False,0,False,0
CNBYQ,CNZZU,120.0,10,24929.437102993103,1148.9655740924657,11.04659451613329,0.5427169674667144,630.7,68,1532,24929.437102993103,0.1415887109560806,0.8195655620738862,0.9394323767242746,1.0,20431.308131500136,122.0684,40.268517,118.047455,24.412528,973.3025216378678,False,0,False,0,False,0
CNNBO,CNTAI,1134.0,56,24588.773749700682,172.5151881101106,7.710301882023339,0.23990180979658812,630.5666390665291,662,1543,24588.773749700682,0.14140716229220207,0.8195274013092955,0.9394195670475842,0.9902998236331569,19955.703912106503,121.683333,29.966667,121.211133,31.6506,103.9946560768922,False,0,False,0,False,0
CNHPU,HKHKG,2826.0,159,24548.64272787895,75.09282728922925,4.889687909464447,0.20488001661474203,630.6595613107097,2676,1547,24548.64272787895,0.14153366853774507,0.8195539923893524,0.9394284930516104,0.9256900212314225,18623.90028820094,113.470483,23.077133,114.181938,22.298785,61.131636179953546,False,0,False,0,False,0
CNQUA,CNRIZ,120.0,13,24331.207851823794,851.8181955030497,10.696097197487191,0.32526097076911575,630.7,78,1556,24331.207851823794,0.1415887109560806,0.8195655620738862,0.9394323767242746,0.9,17946.91803511487,118.682805,24.833576,119.533333,35.35,632.946235039159,False,0,False,0,False,0
CNTJN,QAHMD,6.0,5,24313.628263127666,6719.798520349102,16.561831724192153,0.3632308229795825,628.8403149282752,4,1558,24313.628263127666,0.13905010994444367,0.8190319588320607,0.939253258588618,1.0,19913.638582664007,117.8143,38.97075,51.638489,25.021684,3397.880637074987,False,0,False,0,True,1
CNDCB,CNSHA,109.0,10,24169.523067497117,891.6823335075649,10.264050471914503,0.5409278429565492,630.7,86,1561,24169.523067497117,0.1415887109560806,0.8195655620738862,0.9394323767242746,1.0,19808.508757871034,113.852567,22.533467,121.46055,31.130717,657.2562815007178,False,0,False,0,False,0
JPTOK,VNHCM,37.0,8,24062.319356600194,2483.7040097100344,13.943779511688236,0.5488427414943851,630.546712792496,37,1566,24062.319356600194,0.14138002939971384,0.8195216980895593,0.9394176526100279,0.9459459459459459,18653.668882927006,139.75,35.6667,106.710033,10.776988,2336.575534575835,False,0,False,0,False,0
CNTAI,CNXIA,216.0,30,23906.634778180683,635.7630485684854,13.052423474858381,0.407225599699143,630.1521847578576,129,1568,23906.634778180683,0.14084246139995782,0.8194087035598729,0.9393797229875848,0.8564814814814815,16777.876633623404,121.211133,31.6506,118.042517,24.44535,463.97084497406894,False,0,False,0,False,0
CNBYQ,CNSTO,100.0,11,23797.830468954166,1252.46900116017,11.370114609193498,0.5724622088349528,630.7000000000002,41,1574,23797.830468954166,0.14158871095608083,0.8195655620738862,0.9394323767242746,1.0,19503.882304427476,122.0684,40.268517,116.733333,23.333333,1052.047593481922,False,0,False,0,False,0
IDSUR,KRBUS,31.0,10,23225.948280945893,2933.965870511418,15.18415097715075,0.5283460825069912,628.9981397348577,31,1602,23225.948280945893,0.13926613482797112,0.8190773663528317,0.9392685008319699,0.9354838709677419,17796.503481326545,112.731533,-7.1937,129.052391,35.112607,2703.0568717525794,False,0,False,0,False,0
HKHKG,USLGB,5.0,4,23157.330400550847,6536.79341114091,16.68238185576647,0.4315292019366761,630.7,5,1605,23157.330400550847,0.1415887109560806,0.8195655620738862,0.9394323767242746,1.0,18978.95050585815,114.181938,22.298785,-118.217354,33.74561,6303.578469857036,False,0,False,0,True,1
CNFUN,CNTJN,106.0,19,22835.036811903316,1083.799135441613,11.331572071072465,0.5210478844009699,630.357974922803,73,1618,22835.036811903316,0.14112294674101222,0.8194676603973535,0.9393995134198497,0.9811320754716981,18359.50675376544,119.308128,25.393912,117.8143,38.97075,818.6502520977109,False,0,False,0,False,0
CNBYQ,CNQUA,110.0,17,22587.689289634334,1104.226330489367,11.00026664185068,0.5166301942044825,630.6999999999997,70,1634,22587.689289634334,0.14158871095608017,0.8195655620738861,0.9394323767242746,1.0,18512.09226860946,122.0684,40.268517,118.682805,24.833576,942.215961461233,False,0,False,0,False,0
JPOSK,TWTAP,74.0,14,22327.939740447502,964.9756769674791,15.626374241729986,0.5655762237178514,629.9324804814103,72,1642,22327.939740447502,0.1405428093083112,0.8193457179521348,0.9393585801913141,0.9459459459459459,17305.420637730098,135.433333,34.65,121.37318,25.14978,926.1682558698114,False,0,False,0,False,0
CNHPU,CNSHA,151.0,6,22265.730117871393,931.6615051857914,9.302210417973736,0.21839171423788317,630.7000000000002,112,1649,22265.730117871393,0.14158871095608083,0.8195655620738862,0.9394323767242746,1.0,18248.225619038723,113.470483,23.077133,121.46055,31.130717,644.6552464565868,False,0,False,0,False,0
HKHKG,KHSSK,68.0,16,22211.238561687587,1243.6208357130715,15.085172169612868,0.5580374004046181,630.4493928269313,31,1654,22211.238561687587,0.1412474876494597,0.8194938383718295,0.9394083007539885,0.9852941176470589,17934.297068264026,114.181938,22.298785,103.504086,10.605101,932.3281585853749,False,0,False,0,False,0
KRULS,VNHPG,49.0,9,22045.60865766999,1654.0963897326956,14.919630093462837,0.6050288135399259,630.7,46,1661,22045.60865766999,0.1415887109560806,0.8195655620738862,0.9394323767242746,1.0,18067.821650784237,129.369164,35.462441,106.828308,20.81389,1476.1894008096392,False,0,False,0,False,0
CNNBO,KRINC,163.0,21,21815.145588052033,576.8816392105881,13.240859925919295,0.3953815878338451,630.6535361466937,51,1677,21815.145588052033,0.14152546688635836,0.8195522684367705,0.9394279143610249,0.9202453987730062,16452.74728800594,121.683333,29.966667,126.607819,37.439929,511.4888180872477,False,0,False,0,False,0
CNWEN,THLCB,49.0,14,21767.442564108092,1954.1272069289064,14.690978506330254,0.4845203512760313,630.7,47,1679,21767.442564108092,0.1415887109560806,0.8195655620738862,0.9394323767242746,1.0,17839.846299964283,120.666189,28.032743,100.886078,13.056152,1426.0741996784352,False,0,False,0,False,0
IDJAK,VNHCM,58.0,10,21538.40231666718,1065.8229136218713,14.145516902406039,0.5070031132402225,630.6429257415158,46,1694,21538.40231666718,0.1415110232729292,0.8195492324500542,0.9394268952512485,1.0,17651.781086825056,106.788826,-6.09208,106.710033,10.776988,1012.8375645095992,False,0,False,0,False,0
CNBYQ,CNQIZ,51.0,18,21403.849101457003,1808.7189489658683,11.36233143494232,0.47170221800835127,630.7,26,1700,21403.849101457003,0.1415887109560806,0.8195655620738862,0.9394323767242746,0.9803921568627451,17197.899626843384,122.0684,40.268517,108.6,21.683333,1310.126460942388,False,0,False,0,False,0
CNNTG,CNQUA,272.0,14,21359.01138755421,554.427840451747,10.037295434556103,0.4778425866567063,630.7,165,1701,21359.01138755421,0.1415887109560806,0.8195655620738862,0.9394323767242746,1.0,17505.110173183402,120.81025,32.00315,118.682805,24.833576,444.84694686969897,False,0,False,0,False,0
KRGWA,TWKAO,62.0,14,21295.76732742906,907.0735951857781,15.613343468047391,0.518708366045796,630.280411350477,61,1702,21295.76732742906,0.14101725160716405,0.8194454437253329,0.9393920558023525,1.0,17450.719507096554,127.728767,34.866497,120.260382,22.620829,833.0471341698044,False,0,False,0,False,0
CNHUM,CNNBO,158.0,9,21154.85779620538,806.0879129831172,10.572613994217951,0.3474718748060641,630.60006500674,106,1711,21154.85779620538,0.14145267334500933,0.8195369675409347,0.9394227782079412,1.0,17337.188007061857,113.659717,22.81445,121.683333,29.966667,608.3967433954479,False,0,False,0,False,0
CNQUA,CNTJN,124.0,6,20885.055063032363,1113.035141902236,10.085637638614799,0.49716215457391594,630.7,75,1726,20885.055063032363,0.1415887109560806,0.8195655620738862,0.9394323767242746,1.0,17116.671891678183,118.682805,24.833576,117.8143,38.97075,849.9433765721444,False,0,False,0,False,0
CNNBO,CNNJG,425.0,12,19414.410308200364,311.3088996028107,7.4963070888960734,0.2392944920540838,630.7,167,1812,19414.410308200364,0.1415887109560806,0.8195655620738862,0.9394323767242746,1.0,15911.382096573281,121.683333,29.966667,118.764874,32.137024,198.7671317422852,False,0,False,0,False,0
