origin_port,dest_port,frequency,n_vessels,total_emission,mean_distance,mean_speed,mean_load_factor,EF_avg_e,n_legs_direct,corridor_id,E_e,eta_LNG,eta_green_methanol,eta_green_ammonia,alpha_e,W_e,origin_lon,origin_lat,dest_lon,dest_lat,gc_distance_nm,range_violating_LNG,k_e_LNG,range_violating_green_methanol,k_e_green_methanol,range_violating_green_ammonia,k_e_green_ammonia
MATAN,SGSGP,244.0,127,3186539.1807995965,10896.68319553589,16.356190114645326,0.6443644764784269,625.4289473364067,236,0,3186539.1807995965,0.13435410640052947,0.8180448786634287,0.9389219188483565,1.0,2606732.0575134675,-5.797516,35.789733,103.802776,1.248823,6305.966526821533,False,0,True,1,True,2
MYTPP,NLROT,136.0,66,2083470.5995070843,11931.300469961157,17.585803376120626,0.7498014464497337,630.369537343578,128,2,2083470.5995070843,0.14113870051288013,0.8194709717738562,0.9394006249715405,0.9338235294117647,1594357.6982258956,103.549576,1.327854,4.03038,52.002215,5691.301502173687,False,0,True,1,True,2
EGPSA,SGSGP,102.0,42,1517405.0130149361,12795.835088765278,17.20054639443456,0.6799633402943237,630.660084792157,97,5,1517405.0130149361,0.14153438111050576,0.8195541421691459,0.939428543329186,1.0,1243595.5637646175,32.319633,31.269083,103.802776,1.248823,4417.6949977457625,False,0,True,1,True,2
KRBUS,MXMAN,237.0,129,1158471.0287188366,6752.66309664529,15.422196473833445,0.41698763639731523,627.6571288800578,232,7,1158471.0287188366,0.13742714757971175,0.8186908189777821,0.9391387459134558,0.8481012658227848,804364.3402870694,129.052391,35.112607,-104.293756,19.073908,6356.88678173363,False,0,False,0,True,1
CNYTN,SGSGP,640.0,279,1035466.535007759,1503.4212416448813,14.921223797953928,0.5129085415411258,623.3326937157761,616,10,1035466.535007759,0.13144295901978698,0.8174329677437232,0.9387165146556259,0.9359375,792200.4142870479,114.263091,22.566543,103.802776,1.248823,1418.044886458818,False,0,False,0,False,0
CNYTN,USLSA,171.0,89,875273.8811929516,6534.766149222274,17.547406532458236,0.5299979892968278,627.9098464656222,166,13,875273.8811929516,0.13777431099793813,0.8187637912662825,0.9391632410050262,0.8596491228070176,616061.1492409271,114.263091,22.566543,-118.244,33.738045,6288.038073002395,False,0,False,0,True,1
GBFEL,SGSGP,55.0,31,792891.8021761689,11921.674139340115,15.938291364359248,0.5901685515915489,625.9020478925376,43,18,792891.8021761689,0.13500842212781183,0.8181824130737809,0.9389680859351356,1.0,648730.1280109168,1.3,51.933333,103.802776,1.248823,5804.596582088126,False,0,True,1,True,2
ILASD,SGSGP,54.0,33,695710.0888035056,12836.446758941884,16.713433171686955,0.5856297149066646,630.5824109906702,53,23,695710.0888035056,0.14142863713968967,0.8195319152318004,0.9394210822658592,1.0,570156.6215232229,34.65,31.816667,103.802776,1.248823,4305.521522754551,False,0,True,1,True,2
GBFEL,MYTPP,61.0,46,650091.097430476,12331.121064714129,15.619315658969363,0.4741424709125301,630.1140034584027,51,26,650091.097430476,0.14079040137418442,0.819397760761696,0.9393760497460174,0.9836065573770492,523950.67822194647,1.3,51.933333,103.549576,1.327854,5791.609154966137,False,0,True,1,True,2
EGDAM,SGSGP,70.0,38,607032.0743585847,12749.168153446833,16.45697327082167,0.4586831074310888,630.3498503038319,65,30,607032.0743585847,0.14111187662051106,0.8194653335046438,0.9393987323363567,1.0,497441.74126227334,31.757526,31.481673,103.802776,1.248823,4448.099551464168,False,0,True,1,True,2
MYTPP,PTSNS,41.0,17,514487.15368446294,10885.341486366282,17.472478650841534,0.6231475948874864,626.8108832880287,40,43,514487.15368446294,0.1362626041845243,0.8184460368603599,0.9390565782782578,1.0,421079.9719486156,103.549576,1.327854,-8.866667,37.95,6402.749793329105,False,0,True,1,True,2
JPYOK,MXMAN,87.0,54,462521.68765103444,6209.876085059862,17.71475971601079,0.5360430026153022,627.6887319869227,86,48,462521.68765103444,0.1374705767200557,0.818699947600189,0.9391418101786223,0.9885057471264368,374313.9931513948,139.679832,35.450183,-104.293756,19.073908,5915.635863013831,False,0,False,0,True,1
CAHFX,LKCOL,58.0,38,455390.1801952907,11096.325388358942,16.033049717134524,0.4336161745578278,623.9732605433352,56,49,455390.1801952907,0.132334613940721,0.8176203898530736,0.9387794278768665,0.896551724137931,333818.7487355142,-63.57595,44.655955,79.85,6.95,7133.867125480561,False,0,True,1,True,2
TWKAO,USLGB,97.0,19,443418.8685929173,6348.668778885065,16.53070477666364,0.34782722844925423,630.7,95,55,443418.8685929173,0.1415887109560806,0.8195655620738862,0.9394323767242746,0.8762886597938144,318452.79291921936,120.260382,22.620829,-118.217354,33.74561,6052.949714512584,False,0,False,0,True,1
CNYSN,MXMAN,77.0,42,386544.7263837518,7139.057358442411,16.15357254965025,0.40545409593064236,629.5138780959303,74,70,386544.7263837518,0.13997130351191844,0.8192255898405177,0.9393182559921598,0.8571428571428571,271429.1412612605,122.066667,30.633333,-104.293756,19.073908,6799.406653871914,False,0,False,0,True,1
BRSTS,MATAN,119.0,17,367443.1314484607,4442.171356571199,16.549772104701642,0.51782573831174,630.6999999999999,108,76,367443.1314484607,0.1415887109560805,0.8195655620738862,0.9394323767242746,1.0,301143.7365557465,-46.306133,-23.95,-5.797516,35.789733,4260.432383979919,False,0,False,0,False,0
KRBUS,USOAK,116.0,53,365683.8070347949,5231.17029277046,15.219033092077773,0.3567777252494889,630.0123560376355,115,77,365683.8070347949,0.14065177482382907,0.8193686220446098,0.9393662685597899,0.9051724137931034,271216.66286882176,129.052391,35.112607,-122.320518,37.814824,4898.754645625859,False,0,False,0,True,1
BEZEE,SGSGP,31.0,22,355809.7398326695,11896.915383750022,15.609984067428849,0.5007331975858337,627.1828039178281,29,80,355809.7398326695,0.13677480215013538,0.81855369871571,0.939092717846574,1.0,291249.3785791061,3.2,51.333333,103.802776,1.248823,5741.020290935177,False,0,True,1,True,2
CNYSN,SGSGP,164.0,119,327578.2386433292,2250.244141225643,14.509133879996103,0.45638018265940117,626.8089757778674,151,89,327578.2386433292,0.13625997565187264,0.8184454843538661,0.9390563928147424,0.8780487804878049,235409.2069962959,122.066667,30.633333,103.802776,1.248823,2047.6869082331768,False,0,False,0,False,0
JPYOK,MXLCS,56.0,36,327114.09339714533,6352.909293309731,17.054986110928922,0.5238476539078639,627.4606916039994,55,90,327114.09339714533,0.1371571044299198,0.8186340570449295,0.93911969225937,0.9642857142857143,258222.92534448343,139.679832,35.450183,-102.166667,17.883333,6053.162101754083,False,0,False,0,True,1
CAHFX,SGSGP,39.0,23,318451.3385663589,12229.640905387194,15.704947810498199,0.430097442539524,626.1734061163296,38,97,318451.3385663589,0.13538327448639764,0.8182612054609384,0.9389945346977843,0.9743589743589743,253894.93063298496,-63.57595,44.655955,103.802776,1.248823,7969.74914154213,False,0,True,1,True,2
MYPKE,USCHA,35.0,24,316110.1271440622,12365.160149971076,16.49334443453244,0.4176095683436007,624.6743155758596,30,99,316110.1271440622,0.13330837125757722,0.8178250695402887,0.9388481340636118,0.9428571428571428,243750.05604461173,101.34485,3.00525,-79.938165,32.87698,8651.663525306196,False,0,True,1,True,2
GBSOU,SGSGP,26.0,21,312802.71139420423,11790.135589426352,15.214476294071467,0.5594720242381783,630.7,26,103,312802.71139420423,0.1415887109560806,0.8195655620738862,0.9394323767242746,1.0,256362.3299820266,-1.4,50.9,103.802776,1.248823,5916.155020619102,False,0,True,1,True,2
CNYSN,MXLCS,61.0,35,303474.701736653,7321.092232792436,16.7708428006019,0.4880694774119033,630.7,58,107,303474.701736653,0.1415887109560806,0.8195655620738862,0.9394323767242746,0.8852459016393442,220176.0718560044,122.066667,30.633333,-102.166667,17.883333,6933.700579111996,False,0,False,0,True,1
CNNBO,USLSA,77.0,42,291529.28952860215,5903.57024626183,17.07553676546621,0.48304495570301964,629.8572982014974,70,117,291529.28952860215,0.1404402210692478,0.819324154336314,0.9393513417895184,0.9090909090909091,217142.7169157167,121.683333,29.966667,-118.244,33.738045,5691.49953337667,False,0,False,0,True,1
DEWVN,SGSGP,23.0,21,282971.3795315321,12281.643345339424,15.04976042774647,0.5174600202152911,626.2730891120982,22,119,282971.3795315321,0.1355208942993662,0.8182901325660655,0.9390042448508233,1.0,231552.68766925985,8.170278,53.541667,103.802776,1.248823,5543.966544588826,False,0,True,1,True,2
PRSJU,USJAC,399.0,4,278367.5748986847,1127.9975522267428,19.448298777534617,0.7550994612456107,630.6999999999999,397,122,278367.5748986847,0.1415887109560805,0.8195655620738862,0.9394323767242746,1.0,228140.47798498513,-66.083333,18.45,-81.377283,30.398817,1099.4909853419394,False,0,False,0,False,0
CNYSN,CNYTN,372.0,235,276911.4637084781,860.9613111273441,12.629974016092682,0.33445281625220424,629.0256292162283,330,124,276911.4637084781,0.13930375035022124,0.8190852729771984,0.9392711549009576,0.8494623655913979,192670.04350034165,122.066667,30.633333,114.263091,22.566543,639.9418904137054,False,0,False,0,False,0
MXMAN,PABAL,208.0,94,275718.00224328274,1780.7552803276797,15.07014003498627,0.36309826994653105,630.1751414735684,153,125,275718.00224328274,0.14087375973920724,0.8194152823389763,0.9393819313299552,0.9278846153846154,209634.69287617685,-104.293756,19.073908,-79.57037,8.954178,1560.4676592122607,False,0,False,0,False,0
MATAN,MYPKE,26.0,25,271765.0020754016,10527.085395927345,17.21028880532978,0.6079056265403021,602.7542123795714,22,127,271765.0020754016,0.1017897695602249,0.8111999921979195,0.9366242504565951,1.0,220455.76756323336,-5.797516,35.789733,101.34485,3.00525,6124.790925430405,False,0,True,1,True,2
CNNSA,CNTJN,537.0,62,262325.563193666,1502.8094855098088,11.450201264176084,0.3485271465446141,630.6840182191647,401,131,262325.563193666,0.14156695847672207,0.8195609897943313,0.9394308419169021,0.9031657355679702,194173.22557986557,113.682083,22.64515,117.8143,38.97075,1002.7711755796681,False,0,False,0,False,0
MYPKE,NLROT,22.0,19,262015.43601232755,11758.318711535134,16.841551277685422,0.5837337283071792,628.1046748450573,19,132,262015.43601232755,0.13804176010383284,0.818820007942032,0.9391821116290476,1.0,214543.48139654903,101.34485,3.00525,4.03038,52.002215,5530.803823853867,False,0,True,1,True,2
ESALG,MYPKE,22.0,18,258543.19224585037,10561.000763913704,17.400485212098836,0.6428674799782975,612.8960312595796,17,133,258543.19224585037,0.11665278874892715,0.8143241362386922,0.9376729525862745,0.9545454545454546,200968.05435572367,-5.433333,36.116667,101.34485,3.00525,6103.235620027048,False,0,True,1,True,2
CNNBO,MXMAN,54.0,23,239999.60581196967,6975.204007441218,16.844289385585967,0.3536492049053769,628.6491871959389,51,152,239999.60581196967,0.1387883560068056,0.8189769392566946,0.9392347898032138,0.8888888888888888,174714.79341395566,121.683333,29.966667,-104.293756,19.073908,6840.937007452967,False,0,False,0,True,1
AEKHA,EGPSA,11.0,11,235287.4021977711,12111.178815621402,17.18426963327303,0.8093971225021763,630.6999999999999,10,156,235287.4021977711,0.1415887109560805,0.8195655620738862,0.9394323767242746,1.0,192833.4520311208,54.659214,24.802318,32.319633,31.269083,1243.225743837467,False,0,True,1,True,2
CNNSA,CNQIN,788.0,144,227895.5435177851,1208.2105599314345,12.087138575314178,0.3858248086405908,630.1453765302142,473,166,227895.5435177851,0.14083317887512747,0.8194067524122451,0.9393790680329329,0.8781725888324873,163989.20033574515,113.682083,22.64515,120.2667,36.0333,873.9733970125026,False,0,False,0,False,0
CNYTN,PACOL,26.0,16,223619.50674588265,10583.833407054173,17.836503761042273,0.5569861171104664,628.7867751175997,10,172,223619.50674588265,0.1389768019552513,0.8190165498014548,0.9392480861372194,1.0,183148.07688331595,114.263091,22.566543,-79.892063,9.359918,8717.353240347999,False,0,True,1,True,2
CNQIN,PACOL,37.0,19,221654.22823423208,8958.49684251645,16.918836039346903,0.4816523099964606,629.0784436468734,19,177,221654.22823423208,0.13937601030896363,0.8191004617162173,0.9392762534056195,1.0,181557.0806880113,120.2667,36.0333,-79.892063,9.359918,7853.009956593474,False,0,True,1,True,1
MXLCS,MXMAN,629.0,206,199631.36384107807,375.4369802867077,5.13849096136241,0.21838405984845033,628.7222974664842,595,196,199631.36384107807,0.13888850104149386,0.8189979893212449,0.939241855817852,0.848966613672496,138804.0764797371,-102.166667,17.883333,-104.293756,19.073908,140.64357024185486,False,0,False,0,False,0
CNYSN,USLSA,51.0,20,199592.63719507222,5927.106684961402,15.873806732050594,0.4474489066682373,629.9794066226085,49,197,199592.63719507222,0.14060682887634823,0.8193591745957304,0.939363097272029,0.9607843137254902,157124.801272734,122.066667,30.633333,-118.244,33.738045,5649.484730625522,False,0,False,0,True,1
CNBYQ,CNNSA,367.0,47,192843.63696620328,1479.1415779160193,12.06506570076105,0.39224241975974644,630.6914599560095,272,207,192843.63696620328,0.1415770874117077,0.8195631188538093,0.9394315565924034,0.9918256130790191,156755.5908800559,122.0684,40.268517,113.682083,22.64515,1140.5698555590848,False,0,False,0,False,0
CGPNO,LKCOL,38.0,17,191436.84305776394,6324.426153466848,16.59393411202941,0.40520431324760503,626.9120730482434,38,209,191436.84305776394,0.1364020198757011,0.8184753414515235,0.9390664151445359,1.0,156686.33548810505,11.839142,-4.778824,79.85,6.95,4135.644541809176,False,0,False,0,True,1
TWKAO,USOAK,40.0,30,184809.8879845162,6023.450230705813,16.42346525542201,0.49661509126505127,625.5269631841729,37,217,184809.8879845162,0.1344897472619475,0.8180733898012738,0.9389314893709021,0.975,147408.3502439797,120.260382,22.620829,-122.320518,37.814824,5748.162162595534,False,0,False,0,True,1
ESALG,ZAPLZ,49.0,15,182229.02665192125,5625.1826368764805,16.652985169392117,0.48806780901405705,630.7,39,219,182229.02665192125,0.1415887109560806,0.8195655620738862,0.9394323767242746,0.9183673469387755,137156.90937626848,-5.433333,36.116667,25.6372,-33.9618,4553.548755243234,False,0,False,0,True,1
CNQIN,JMKIN,22.0,12,180315.00061230894,10096.405020822413,16.135924117567164,0.5865153021401828,630.1854679075435,13,223,180315.00061230894,0.14088783767474866,0.8194182414617407,0.9393829246382996,1.0,147753.40071091088,120.2667,36.0333,-76.7936,17.997,7421.506160340199,False,0,True,1,True,2
GHTEM,LKCOL,46.0,23,172430.69110086074,7033.530605999446,16.250107350242754,0.42937393680199676,630.2854660187032,22,235,172430.69110086074,0.14102414034732902,0.819446891709505,0.9393925418567934,0.9130434782608695,129011.02917462455,0.016667,5.633333,79.85,6.95,4759.1771216684265,False,0,False,0,True,1
ESALG,LKCOL,18.0,14,172416.41385851108,9661.1684699347,14.959406147539477,0.537042371721171,630.5711000104297,18,236,172416.41385851108,0.14141323636455094,0.8195286780537234,0.9394199956208457,1.0,141300.19572422927,-5.433333,36.116667,79.85,6.95,4929.960688181875,False,0,True,1,True,1
ITGIT,SGSGP,14.0,13,168489.00096323882,11780.955431830416,16.938864559740953,0.5798112228002787,629.6530775991681,14,245,168489.00096323882,0.1401614329206048,0.8192655542415309,0.9393316711074383,1.0,138037.23475774968,15.909341,38.462848,103.802776,1.248823,5257.974794879055,False,0,True,1,True,2
FRDKK,MYPKE,11.0,10,163283.77836514494,11424.144870179176,18.054530439176606,0.7083857061221819,603.9533806275633,11,254,163283.77836514494,0.10357319394845443,0.811574860493783,0.9367500849812171,1.0,132517.00964759028,2.35,51.0667,101.34485,3.00525,5600.977977647391,False,0,True,1,True,2
MXLCS,PABAL,138.0,90,162321.53956997473,1644.7646972144303,14.061539676684477,0.36722660693167114,629.8223564827688,108,255,162321.53956997473,0.14039253381947536,0.8193141306772374,0.9393479770814628,0.8985507246376812,119500.35546585228,-102.166667,17.883333,-79.57037,8.954178,1422.507065919692,False,0,False,0,False,0
CNQIN,CNYTN,131.0,70,161683.19454721123,1220.7262368171755,13.731407802795772,0.389318701320699,628.7826361248002,108,256,161683.19454721123,0.1389711342274671,0.819015358468943,0.9392476862347419,0.9389312977099237,124334.2397212216,120.2667,36.0333,114.263091,22.566543,866.9821152038594,False,0,False,0,False,0
USLGB,VNCMP,35.0,19,161337.9487676855,7406.254891320707,15.590849211383965,0.3500635059696067,630.3858812197565,34,257,161337.9487676855,0.1411609680210072,0.8194756523102893,0.9394021961182166,1.0,132212.52080880312,-118.217354,33.74561,107.012844,10.522075,7103.654345690547,False,0,False,0,True,1
HKHKG,USOAK,38.0,13,154118.99354210644,6333.024438874852,16.295407430018805,0.3728292116243589,630.220613888784,38,274,154118.99354210644,0.1409357484210415,0.8194283120988447,0.9393863051157809,1.0,126289.46674058103,114.181938,22.298785,-122.320518,37.814824,5993.9530676373915,False,0,False,0,True,1
MYTPP,ZADUR,50.0,21,150754.20922553173,4953.160416699645,16.54501724747226,0.4635136956848256,630.7,47,279,150754.20922553173,0.1415887109560806,0.8195655620738862,0.9394323767242746,0.9,111197.66239703444,103.549576,1.327854,31.041098,-29.877639,4537.945942006057,False,0,False,0,False,0
EGAKI,SGSGP,10.0,10,149055.8397334029,12605.13081698384,17.655666879417854,0.6872758362431141,626.2568216591882,10,282,149055.8397334029,0.1354984388583118,0.8182854125269226,0.9390026604440109,1.0,121970.21930579445,30.073013,31.322122,103.802776,1.248823,4532.241785210878,False,0,True,1,True,2
USBOS,VNCMP,18.0,10,142510.453111225,13003.583598074529,18.12076044387617,0.6412717507934379,630.7,18,294,142510.453111225,0.1415887109560806,0.8195655620738862,0.9394323767242746,0.9444444444444444,110307.95629408838,-71.083333,42.35,107.012844,10.522075,7631.088931416994,False,0,True,1,True,2
CNTJN,USSAV,19.0,10,142183.14233240695,10640.105804482328,15.960722186207267,0.3539769761188825,630.7,18,298,142183.14233240695,0.1415887109560806,0.8195655620738862,0.9394323767242746,1.0,116528.40696309046,117.8143,38.97075,-81.0833,32.0833,6412.81715233392,False,0,True,1,True,2
CNNBO,VNHCM,339.0,87,138738.48993555736,1655.4210917571706,13.678516221103227,0.4244353972981228,629.3738730672608,220,304,138738.48993555736,0.13977998902070576,0.8191853763401483,0.9393047572600498,0.8702064896755162,98901.17969546729,121.683333,29.966667,106.710033,10.776988,1424.0095915319177,False,0,False,0,False,0
THLCB,USCHA,16.0,10,136118.6790290871,13286.575695046944,15.929884378873759,0.32271682659539636,630.7,16,311,136118.6790290871,0.1415887109560806,0.8195655620738862,0.9394323767242746,1.0,111558.18168722867,100.886078,13.056152,-79.938165,32.87698,8049.031251696988,False,0,True,1,True,2
DOCUC,NLROT,46.0,9,135699.8865863928,4086.5243903468563,17.482704414945534,0.570533121250661,630.7,41,315,135699.8865863928,0.1415887109560806,0.8195655620738862,0.9394323767242746,1.0,111214.95382353962,-69.629288,18.426403,4.03038,52.002215,3937.5002962757626,False,0,False,0,False,0
CNXIA,VNHCM,435.0,71,126757.69029680245,1175.1188175197647,13.680986509752115,0.40673942081914943,629.9474608012064,337,336,126757.69029680245,0.14056324743112103,0.8193500139594784,0.939360022260563,0.8919540229885058,92637.37733768427,118.042517,24.44535,106.710033,10.776988,1044.6623468655102,False,0,False,0,False,0
OMSOH,SGSGP,47.0,24,125470.67390285905,3346.0340735530413,15.165510544552584,0.4404097571175212,630.6999999999998,45,341,125470.67390285905,0.1415887109560804,0.8195655620738861,0.9394323767242746,0.9148936170212766,94079.83117834885,56.625595,24.507768,103.802776,1.248823,3070.6146303047267,False,0,False,0,False,0
COCTA,ESALG,51.0,14,124733.88346489624,4173.397511642886,18.419554997827255,0.6669290202758063,630.6999999999998,51,342,124733.88346489624,0.1415887109560804,0.8195655620738861,0.9394323767242746,1.0,102227.59531156629,-75.540962,10.394286,-5.433333,36.116667,4074.9848032949667,False,0,False,0,False,0
DEBHN,ESALG,90.0,34,123972.81697909905,1682.8749328843012,14.765447173779464,0.4635584751183915,630.7000000000002,88,344,123972.81697909905,0.14158871095608083,0.8195655620738862,0.9394323767242746,0.9111111111111111,92572.39796897094,8.548651,53.563407,-5.433333,36.116667,1199.9227179027803,False,0,False,0,False,0
GBLGP,MATAN,93.0,66,121134.29046820097,1466.1660874847933,14.202285880929145,0.4212960140751368,630.5559651337943,88,357,121134.29046820097,0.14139262819419496,0.8195243463031019,0.9394185415534139,0.8494623655913979,84328.25286727479,0.486317,51.502973,-5.797516,35.789733,981.2275883295385,False,0,False,0,False,0
CNNBO,CNTJN,421.0,104,117447.85158636836,865.5550591053869,11.861070542695424,0.3138669272379602,630.3445087755617,232,369,117447.85158636836,0.1411045984176742,0.8194638036570583,0.9393982188022814,0.8741092636579573,84128.00203033717,121.683333,29.966667,117.8143,38.97075,573.366831202369,False,0,False,0,False,0
CNSHE,USOAK,26.0,12,117367.26244661347,6453.028937918624,16.932002522854063,0.522085964233146,628.7488229625525,25,370,117367.26244661347,0.13892482939527495,0.81900562538822,0.9392444190670475,1.0,96124.448180192,113.8943,22.467416,-122.320518,37.814824,5997.07440564146,False,0,False,0,True,1
MYTPP,TWKAO,88.0,38,115731.82235227365,1673.4591278240139,16.656329323101016,0.6774508674999808,626.4594884536345,87,378,115731.82235227365,0.13577811498010373,0.8183441992699221,0.9390223937795344,0.9772727272727273,92556.00036808115,103.549576,1.327854,120.260382,22.620829,1607.7291099517208,False,0,False,0,False,0
CNYTN,HKHKG,4615.0,438,114123.10816439976,96.13609549641218,7.5540289325163865,0.20812342946257548,630.2491952779719,3912,385,114123.10816439976,0.14097470642352017,0.8194365009069018,0.9393890539072377,0.8422535211267606,78764.71968346431,114.263091,22.566543,114.181938,22.298785,16.69525793559655,False,0,False,0,False,0
HKHKG,MATAN,10.0,10,113876.65557275053,12303.543632893825,17.843655064195932,0.5244630649587929,629.9074895889794,10,386,113876.65557275053,0.14050871128192388,0.8193385506905855,0.939356174309142,1.0,93303.5339344684,114.181938,22.298785,-5.797516,35.789733,5932.469947191802,False,0,True,1,True,2
KRINC,VNHCM,197.0,33,112967.48567092483,2082.434827440574,16.026860032895755,0.6541498942941016,630.6497120125903,163,392,112967.48567092483,0.14152026126796757,0.8195511742377073,0.9394275470639756,0.9695431472081218,89762.8598307968,126.607819,37.439929,106.710033,10.776988,1927.4562902605437,False,0,False,0,False,0
MXLCS,PECAL,62.0,28,112161.0487118248,2381.898033990106,16.342186003971126,0.47308592064666366,628.2270831665676,52,397,112161.0487118248,0.1382097102992078,0.8188553103658106,0.9391939618275392,0.9516129032258065,87399.62178836596,-102.166667,17.883333,-77.15,-12.05,2329.825115786975,False,0,False,0,False,0
MUPLO,MYTPP,54.0,21,111709.06962577022,3423.037805597687,14.819227722389996,0.39437983467630383,630.7,54,400,111709.06962577022,0.1415887109560806,0.8195655620738862,0.9394323767242746,0.8518518518518519,77989.512890433,57.486134,-20.150235,103.549576,1.327854,3000.0169323340087,False,0,False,0,False,0
SGSGP,USCHA,12.0,10,110651.11518251461,12538.864485390524,16.55489109669915,0.4829338328449291,627.7729107639254,12,408,110651.11518251461,0.13758623426235428,0.8187242583285111,0.9391499707218728,0.9166666666666666,83043.35619344136,103.802776,1.248823,-79.938165,32.87698,8747.409352108876,False,0,True,1,True,2
PACOL,USSAV,93.0,44,110547.96027244741,1604.3632163851817,15.769533296030835,0.4073393776229106,628.9008934755548,17,409,110547.96027244741,0.13913304048908293,0.8190493904832982,0.939259109986485,0.978494623655914,88597.05153450658,-79.892063,9.359918,-81.0833,32.0833,1365.9304841157425,False,0,False,0,False,0
MTMAL,PACOL,24.0,13,108799.66367890307,5413.284331622422,17.8484727748094,0.5390607481637464,630.6999999999999,24,415,108799.66367890307,0.1415887109560805,0.8195655620738862,0.9394323767242746,1.0,89168.45751644998,14.539518,35.819159,-79.892063,9.359918,5288.864171474917,False,0,False,0,True,1
NLROT,ZACPT,26.0,9,105729.81980348943,6277.450437320258,16.751247790409952,0.48935775622428945,630.6999999999999,22,429,105729.81980348943,0.1415887109560805,0.8195655620738862,0.9394323767242746,0.9615384615384616,83319.72999540146,4.03038,52.002215,18.437805,-33.905756,5213.3436616834215,False,0,False,0,True,1
AEKHA,ESALG,13.0,10,103979.08411882565,10439.369573048401,17.371086498003383,0.44782151011958204,630.7000000000002,11,436,103979.08411882565,0.14158871095608083,0.8195655620738862,0.9394323767242746,0.9230769230769231,78662.47063363684,54.659214,24.802318,-5.433333,36.116667,3134.2017554361155,False,0,True,1,True,2
SGSGP,ZACPT,47.0,17,103827.28645901251,5698.826288303671,15.458544186560125,0.3441546766580099,630.6999999999999,44,437,103827.28645901251,0.1415887109560805,0.8195655620738862,0.9394323767242746,0.9574468085106383,81472.27824132796,103.802776,1.248823,18.437805,-33.905756,5214.707827906002,False,0,False,0,True,1
CNNBO,CNZOS,2654.0,200,102104.02628985349,135.22944437468732,7.028162663271214,0.20697416784798642,630.5802379779032,1973,447,102104.02628985349,0.14142567845747844,0.8195312933292594,0.9394208735077128,0.960060286360211,80335.3915392443,121.683333,29.966667,122.099218,30.006902,21.761954407450578,False,0,False,0,False,0
MTMAL,PACRI,23.0,15,101514.8073258337,5455.862770041537,17.989352709329623,0.5541966249487437,630.7,23,450,101514.8073258337,0.1415887109560806,0.8195655620738862,0.9394323767242746,0.9565217391304348,79580.7340324357,14.539518,35.819159,-79.916667,9.35,5290.393309734953,False,0,False,0,True,1
AEKHA,MYPKE,37.0,11,100912.97387733392,3364.6074935185625,16.31118973633024,0.39717620394851183,630.7,36,453,100912.97387733392,0.1415887109560806,0.8195655620738862,0.9394323767242746,0.972972972972973,80469.53334128877,54.659214,24.802318,101.34485,3.00525,2997.2011019840274,False,0,False,0,False,0
TWKAO,USTAC,25.0,14,100688.26497730434,5703.577483300762,17.02262133541629,0.559889178970891,627.0552722161115,25,455,100688.26497730434,0.1365992377568126,0.8185167958195886,0.939080330406927,0.96,79118.43458482256,120.260382,22.620829,-122.422033,47.272467,5420.444299820855,False,0,False,0,True,1
CGPNO,INNSA,44.0,17,100379.46620503551,6524.019126113382,15.21076865689234,0.3922973708102455,630.6999999999999,23,460,100379.46620503551,0.1415887109560805,0.8195655620738862,0.9394323767242746,0.9772727272727273,80397.8365128019,11.839142,-4.778824,72.9428,18.953883,3880.7357771909374,False,0,False,0,True,1
CNYSN,MYPKE,48.0,39,99980.0484435921,2419.616783651711,14.875209856329983,0.4155035216793148,602.8530689391963,39,465,99980.0484435921,0.1019370591367007,0.8112309518466134,0.9366346428870003,0.9166666666666666,74348.00070918526,122.066667,30.633333,101.34485,3.00525,2033.0397542055885,False,0,False,0,False,0
CNYSN,PACOL,15.0,12,97840.87900390956,8779.34309066106,16.995020036825213,0.40881980799458617,630.6999999999999,0,476,97840.87900390956,0.1415887109560805,0.8195655620738862,0.9394323767242746,1.0,80187.01499464223,122.066667,30.633333,-79.892063,9.359918,8092.94338506548,False,0,True,1,True,1
COBUE,MXLCS,67.0,44,97434.34179136393,1816.9298313969646,14.803734358427231,0.430497420534399,623.0573934679096,65,479,97434.34179136393,0.13105918383121695,0.8173522998152798,0.938689436317607,0.9253731343283582,73695.03533340117,-77.083333,3.883333,-102.166667,17.883333,1697.161666147474,False,0,False,0,False,0
GBSOU,MATAN,86.0,37,94926.96397250294,1249.4745668530177,14.156251708603088,0.39764332619095183,629.4002712923956,82,492,94926.96397250294,0.13981606825764137,0.8191929600438116,0.9393073029321055,0.9069767441860465,70529.68659487607,-1.4,50.9,-5.797516,35.789733,926.894279992826,False,0,False,0,False,0
CNTJN,CNYSN,122.0,68,94822.8617282866,788.9053854910113,14.659657700891533,0.4232861507476069,630.4524477333869,113,494,94822.8617282866,0.14125164880166574,0.8194947130284994,0.939408594355788,0.8770491803278688,68152.71494328092,117.8143,38.97075,122.066667,30.633333,542.5285884895311,False,0,False,0,False,0
SGSGP,USMIA,10.0,9,94482.16288870413,12408.010088073432,17.147879740590472,0.5588981634794808,630.6999999999999,10,498,94482.16288870413,0.1415887109560805,0.8195655620738862,0.9394323767242746,1.0,77434.32693383728,103.802776,1.248823,-80.1833,25.7833,9167.855384766457,False,0,True,1,True,2
BRRDJ,PTSNS,30.0,14,92619.6987795503,4387.573637812948,15.328869126474817,0.4412650320170304,630.7000000000003,27,510,92619.6987795503,0.14158871095608094,0.8195655620738862,0.9394323767242746,0.9666666666666667,73377.6516397303,-43.1667,-22.916667,-8.866667,37.95,4134.795825694223,False,0,False,0,False,0
USLGB,VNHPG,20.0,9,92183.25219834255,6974.943428415492,15.373778605205931,0.3116236510543008,630.7000000000002,18,512,92183.25219834255,0.14158871095608083,0.8195655620738862,0.9394323767242746,0.95,71772.70795664674,-118.217354,33.74561,106.828308,20.81389,6640.206352636616,False,0,False,0,True,1
PACOL,USNYK,68.0,42,89393.24036161262,2008.2950107519077,15.442542902242339,0.40314545314123357,629.114997051831,44,519,89393.24036161262,0.13942601505747354,0.8191109725037689,0.9392797816313179,0.9558823529411765,69992.55828104616,-79.892063,9.359918,-74.049568,40.663452,1905.0636219683117,False,0,False,0,False,0
USCHA,VNCMP,11.0,8,89202.32992843428,13231.751329941126,16.823865716203727,0.36167352407155196,630.7,11,521,89202.32992843428,0.1415887109560806,0.8195655620738862,0.9394323767242746,1.0,73107.15766609748,-79.938165,32.87698,107.012844,10.522075,8171.337410892346,False,0,True,1,True,2
INNSA,TGLOM,14.0,13,87794.97381264996,7472.376577106169,17.158402576138688,0.48190043351308065,626.3546168342766,10,532,87794.97381264996,0.13563341683925711,0.818313784330084,0.93901218419516,0.8571428571428571,61580.43194210589,72.9428,18.953883,1.286945,6.137824,4244.250195856322,False,0,False,0,True,1
JPKOB,USOAK,29.0,7,86908.99306031973,5056.561728789214,16.119983363898967,0.38676139649188224,630.7000000000003,29,538,86908.99306031973,0.14158871095608094,0.8195655620738862,0.9394323767242746,1.0,71227.61774675641,135.237233,34.685033,-122.320518,37.814824,4679.544437193262,False,0,False,0,True,1
PABAL,PTSNS,28.0,15,85631.96723091172,4398.339519746532,15.06920633949434,0.38490103913929286,630.6999999999999,8,545,85631.96723091172,0.1415887109560805,0.8195655620738862,0.9394323767242746,1.0,70181.01135509477,-79.57037,8.954178,-8.866667,37.95,4162.109121814102,False,0,False,0,False,0
AEKHA,GRPIR,5.0,5,85631.39018447275,11546.94411484684,16.98814989632805,0.7261235743522871,630.7,5,546,85631.39018447275,0.1415887109560806,0.8195655620738862,0.9394323767242746,1.0,70180.53842770567,54.659214,24.802318,23.65,37.933333,1762.9781098573185,False,0,True,1,True,2
CNSHE,CNXIA,508.0,189,85409.9065854111,355.6607354028418,12.114202638423668,0.30657698406100836,628.5197587884575,379,550,85409.9065854111,0.13861101034658108,0.818939661945772,0.9392222766812697,0.844488188976378,59068.199313191,113.8943,22.467416,118.042517,24.44535,257.476347312697,False,0,False,0,False,0
CNSHE,VNCMP,135.0,46,84790.3213798888,993.0575602385785,14.772674994742045,0.4274212000879118,629.0230986204031,125,553,84790.3213798888,0.1393002877200874,0.8190845451469264,0.9392709105853478,0.9185185185185185,63791.516931245795,113.8943,22.467416,107.012844,10.522075,818.8964381481336,False,0,False,0,False,0
DOCUC,PTSNS,30.0,21,80414.47285485697,3500.551467964365,16.796579996811833,0.5097648403020661,630.7,30,582,80414.47285485697,0.1415887109560806,0.8195655620738862,0.9394323767242746,1.0,65904.93264416611,-69.629288,18.426403,-8.866667,37.95,3359.7964613452154,False,0,False,0,False,0
PACRI,PTSNS,27.0,18,76451.74795000571,4307.413589716787,15.970327131842161,0.43657100871944093,630.6999999999999,26,606,76451.74795000571,0.1415887109560805,0.8195655620738862,0.9394323767242746,1.0,62657.219780177504,-79.916667,9.35,-8.866667,37.95,4164.076454500855,False,0,False,0,False,0
USLSA,VNHPG,15.0,9,75926.96897103105,7209.971412763058,16.16611683638612,0.4375373658295819,630.7000000000002,14,613,75926.96897103105,0.14158871095608083,0.8195655620738862,0.9394323767242746,0.9333333333333333,58078.653734555606,-118.244,33.738045,106.828308,20.81389,6639.58739232295,False,0,False,0,True,1
CNTJN,MYTPP,28.0,18,74992.86708780138,2905.4380846164077,17.293372627757314,0.49615071603662986,629.8616795288466,26,617,74992.86708780138,0.14044620018004317,0.8193254111202233,0.9393517636625003,1.0,61443.56165779713,117.8143,38.97075,103.549576,1.327854,2391.8431272731536,False,0,False,0,False,0
DEWVN,MATAN,34.0,19,71770.84475512306,1711.048208493289,15.543032516450351,0.6183665093240055,630.7000000000002,33,636,71770.84475512306,0.14158871095608083,0.8195655620738862,0.9394323767242746,0.9705882352941176,57090.885877478,8.170278,53.541667,-5.797516,35.789733,1216.401848270777,False,0,False,0,False,0
HKHKG,JPTOK,141.0,27,70514.3997960851,1636.3231975010724,16.17106124337905,0.5743242688044649,630.6999999999999,138,650,70514.3997960851,0.1415887109560805,0.8195655620738862,0.9394323767242746,0.9432624113475178,54512.241861865965,114.181938,22.298785,139.75,35.6667,1557.099562699426,False,0,False,0,False,0
BRSUA,ESVAL,27.0,10,69728.00889782194,3597.473796819701,15.68046234050462,0.4340010502497383,630.7000000000003,22,656,69728.00889782194,0.14158871095608094,0.8195655620738862,0.9394323767242746,1.0,57146.67480463638,-34.9681,-8.3911,-0.316667,39.45,3458.884181629379,False,0,False,0,False,0
CNSHE,CNYSN,99.0,73,68668.02507403617,881.9494632138557,13.461595559040486,0.3445137820190303,630.0974170201666,91,665,68668.02507403617,0.14076778387639044,0.8193930066589088,0.9393744539048359,0.8585858585858586,48309.277371446726,113.8943,22.467416,122.066667,30.633333,657.5715709936754,False,0,False,0,False,0
CNNSA,CNYTN,1744.0,265,68379.22925405156,138.26242654624653,8.953319642693211,0.237661615153564,630.3168847203921,1435,666,68379.22925405156,0.14106695675752923,0.8194558915386162,0.939395562889061,0.8686926605504587,48676.11802793572,113.682083,22.64515,114.263091,22.566543,32.547862369121894,False,0,False,0,False,0
BRSTS,CNYTN,11.0,10,68152.84946034416,10525.695876588154,16.29672548072994,0.40868084428316487,630.0846487339732,7,667,68152.84946034416,0.14075037205265506,0.8193893467668861,0.9393732253646314,1.0,55843.718799613336,-46.306133,-23.95,114.263091,22.566543,9733.090352876034,False,0,True,1,True,2
JPTOK,TWTAP,166.0,35,67982.87494347792,1187.3371864713918,15.863917738773113,0.4982234338223465,630.4769025761688,160,668,67982.87494347792,0.14128495780288686,0.8195017144402817,0.93941094456607,0.9096385542168675,50677.85824025707,139.75,35.6667,121.37318,25.14978,1138.8705579122525,False,0,False,0,False,0
AEJAL,CNMWN,44.0,21,67433.58090541448,5062.928322982809,14.90884036693517,0.5462190820800226,628.8452877148637,23,676,67433.58090541448,0.1390569181692174,0.8190333898922366,0.9392537389620689,0.8863636363636364,48954.177729541516,55.0606,25.0136,113.862187,22.508158,3209.147987748983,False,0,False,0,True,1
USNFK,VNCMP,6.0,6,65822.05053909635,13089.350022247221,17.123674366511988,0.620007110253214,627.9570450259345,6,692,65822.05053909635,0.13783911767780188,0.8187774133574692,0.9391678136226302,1.0,53893.608282285924,-76.316667,36.85,107.012844,10.522075,7956.837780269896,False,0,True,1,True,2
MYTPP,REREU,39.0,10,64333.22712533545,3520.3101244480695,14.336870305466693,0.3659647829746501,630.7000000000002,38,705,64333.22712533545,0.14158871095608083,0.8195655620738862,0.9394323767242746,0.9230769230769231,48669.5053375408,103.549576,1.327854,55.3,-20.916666,3131.244373056214,False,0,False,0,False,0
TWKAO,USLSA,10.0,8,63371.15112999374,6198.595183523273,18.32394691045878,0.7667846786606151,625.7491410785632,9,707,63371.15112999374,0.1347970545084186,0.8181379844903178,0.9389531722981559,0.9,46661.71127429197,120.260382,22.620829,-118.244,33.738045,6052.155670588136,False,0,False,0,True,1
BRSTS,HKHKG,9.0,9,61551.346782059016,10525.442261409626,16.899121228630758,0.4696582264510185,629.257515905657,7,727,61551.346782059016,0.13962092416045013,0.8191519415763931,0.9392935339913727,1.0,50419.90522316552,-46.306133,-23.95,114.181938,22.298785,9726.216211927693,False,0,True,1,True,2
BDCTG,MYTPP,149.0,23,60776.23125905439,1522.6479592538258,14.252757905323413,0.4162358691287085,630.7,91,736,60776.23125905439,0.1415887109560806,0.8195655620738862,0.9394323767242746,1.0,49810.1061325594,91.883333,22.35,103.549576,1.327854,1434.2282037302625,False,0,False,0,False,0
USSEA,VNHCM,25.0,6,60467.35914518262,6750.1051095659595,15.996483218824674,0.6813605530346274,624.8738406848653,25,741,60467.35914518262,0.1335851099053491,0.8178832388386197,0.9388676601373925,1.0,49455.23954167999,-122.333333,47.6,106.710033,10.776988,6437.819993750476,False,0,False,0,True,1
TWKAO,USSAV,6.0,6,60160.713341940515,13674.324946180344,16.823739379344087,0.35698917715482226,630.7,6,744,60160.713341940515,0.1415887109560806,0.8195655620738862,0.9394323767242746,1.0,49305.64884485342,120.260382,22.620829,-81.0833,32.0833,7301.615039028273,False,0,True,1,True,2
MXMAN,USLSA,97.0,29,60108.72492349082,1254.3343140270729,13.541081366572365,0.3515543720710307,630.6999999999999,92,746,60108.72492349082,0.1415887109560805,0.8195655620738862,0.9394323767242746,0.9587628865979382,47231.57532220907,-104.293756,19.073908,-118.244,33.738045,1154.1423709622322,False,0,False,0,False,0
AUMEL,CNNBO,19.0,10,59524.952913171146,5105.496517107727,16.05100496976583,0.341916393277651,630.7000000000002,17,750,59524.952913171146,0.14158871095608083,0.8195655620738862,0.9394323767242746,0.9473684210526315,46216.99088687816,144.912243,-37.858862,121.683333,29.966667,4275.909820453133,False,0,False,0,True,1
CNBYQ,CNNBO,323.0,51,59480.712575166996,778.164568351088,10.044301444048418,0.2933411392749658,630.0677879463182,85,751,59480.712575166996,0.14072737829579807,0.8193845135760285,0.9393716029754331,0.9907120743034056,48284.90376773624,122.0684,40.268517,121.683333,29.966667,618.814916305525,False,0,False,0,False,0
COBUE,MXMAN,45.0,34,59271.32831437447,1984.2125398524531,15.857859061611782,0.48357419632111137,630.1383713165318,43,752,59271.32831437447,0.1408236275647411,0.8194047447670254,0.93937839411336,1.0,48567.20764944258,-77.083333,3.883333,-104.293756,19.073908,1837.4626166445453,False,0,False,0,False,0
COCTA,USNFK,51.0,29,58537.62428008036,1787.9454419011395,12.892469489529386,0.32275101241189,630.5896717059279,49,760,58537.62428008036,0.14143852287438208,0.8195339931716008,0.9394217797816797,0.9019607843137255,43270.28150869653,-75.540962,10.394286,-76.316667,36.85,1588.9701492420277,False,0,False,0,False,0
BRRDJ,FRLEH,14.0,12,58049.02544785778,5200.03299983824,16.024935802848628,0.5010152429374227,630.7000000000002,14,765,58049.02544785778,0.14158871095608083,0.8195655620738862,0.9394323767242746,0.9285714285714286,44176.76915694239,-43.1667,-22.916667,0.094067,49.480233,4921.162818046187,False,0,False,0,True,1
PTSNS,SGSGP,5.0,5,56699.33422688193,10942.048471571416,17.2548019580602,0.6289833153215615,628.6835546366831,5,775,56699.33422688193,0.1388354347635582,0.8189868350131011,0.9392381115773327,1.0,46436.00828582403,-8.866667,37.95,103.802776,1.248823,6417.390450474318,False,0,True,1,True,2
BRRDJ,ESLPA,22.0,9,56370.010376661165,3566.2173555271993,15.489291845413822,0.41547113880472325,630.7,22,781,56370.010376661165,0.1415887109560806,0.8195655620738862,0.9394323767242746,1.0,46198.91923845911,-43.1667,-22.916667,-15.4167,28.15,3461.6514774052307,False,0,False,0,False,0
CNMWN,TWKAO,224.0,73,55754.7545278555,392.27191620963174,12.60288324044066,0.3382045606590202,630.5195659049155,219,790,55754.7545278555,0.14134306169708144,0.8195139276341483,0.9394150442497756,0.8526785714285714,38960.41693157825,113.862187,22.508158,120.260382,22.620829,354.780399052981,False,0,False,0,False,0
IDSUR,TWKAO,69.0,12,55638.471783531095,2017.0847954853164,16.07270824107197,0.4500065366162276,630.6999999999999,56,793,55638.471783531095,0.1415887109560805,0.8195655620738862,0.9394323767242746,0.9565217391304348,43616.79386106251,112.731533,-7.1937,120.260382,22.620829,1843.9697611077236,False,0,False,0,False,0
USBAL,VNCMP,6.0,6,55117.1145532489,13240.307737070125,16.97465122053886,0.41765308619124275,630.7,6,802,55117.1145532489,0.1415887109560806,0.8195655620738862,0.9394323767242746,1.0,45172.08896872421,-76.583333,39.283333,107.012844,10.522075,7810.200346284313,False,0,True,1,True,2
JMKIN,USNFK,68.0,26,52559.011813364246,1348.526536224374,13.510313394035446,0.39967938127779107,630.4713492183229,44,834,52559.011813364246,0.14127739401442463,0.8195001245638004,0.9394104108816975,0.8970588235294118,38638.2223589432,-76.7936,17.997,-76.316667,36.85,1132.2234633663163,False,0,False,0,False,0
ESALG,FRLEH,51.0,27,52502.99250544549,1322.2976362290772,12.76486702469238,0.3149978795848806,618.6984763428225,48,836,52502.99250544549,0.12493723404612234,0.8160654917518447,0.9382574849290023,0.8627450980392157,36965.0732840312,-5.433333,36.116667,0.094067,49.480233,837.9045129961557,False,0,False,0,False,0
DOCUC,FRLEH,21.0,10,52230.758881484646,3954.214472557375,15.92971306163474,0.44017129566513774,630.7,21,841,52230.758881484646,0.1415887109560806,0.8195655620738862,0.9394323767242746,0.9523809523809523,40768.12500976151,-69.629288,18.426403,0.094067,49.480233,3782.904184855397,False,0,False,0,False,0
CNSHE,JPTOK,119.0,31,51900.95389221293,1661.3173030946236,15.305425660687035,0.5839220745562981,629.4853379685503,117,847,51900.95389221293,0.1399323108188918,0.8192173937406536,0.9393155047530137,0.9831932773109243,41803.57318560675,113.8943,22.467416,139.75,35.6667,1563.9268842371898,False,0,False,0,False,0
COCTA,USSAV,73.0,20,51196.384043640755,1531.4116209585763,14.38408484782225,0.2873845879404933,630.6999999999999,52,856,51196.384043640755,0.1415887109560805,0.8195655620738862,0.9394323767242746,0.9863013698630136,41384.015274947145,-75.540962,10.394286,-81.0833,32.0833,1338.0153533095151,False,0,False,0,False,0
CNQIN,THLCB,69.0,24,50913.847658915154,2592.8853114026824,15.124030523693218,0.48410499426083997,630.3616148007628,65,858,50913.847658915154,0.1411279061287397,0.8194687028397684,0.939399863343402,0.9420289855072463,39303.62036733522,120.2667,36.0333,100.886078,13.056152,1731.2000409450961,False,0,False,0,False,0
DEHAM,PLGDA,71.0,37,50334.454698385925,971.3972169556733,14.358527519558237,0.4484944292718727,627.8695371630516,69,865,50334.454698385925,0.1377189560011992,0.8187521558790847,0.9391593352775135,0.8732394366197183,35987.45752896759,9.903145,53.539287,18.666667,54.35,313.2736938197073,False,0,False,0,False,0
CNNSA,USLGB,8.0,8,49343.95760105994,6838.82155435081,16.803599876507604,0.4520162356668766,630.6999999999999,8,882,49343.95760105994,0.1415887109560805,0.8195655620738862,0.9394323767242746,0.875,35385.53230297986,113.682083,22.64515,-118.217354,33.74561,6307.1791644986015,False,0,False,0,True,1
GBLGP,PACRI,12.0,10,49296.1952742636,4959.4437697513495,17.959116574817905,0.5542227124531678,630.7,10,885,49296.1952742636,0.1415887109560806,0.8195655620738862,0.9394323767242746,1.0,40401.4639880559,0.486317,51.502973,-79.916667,9.35,4606.869237065039,False,0,False,0,False,0
AEJAL,ESMAL,6.0,5,49035.89065714693,10746.169776345878,15.856057838980481,0.3407581370103846,620.8759620147197,5,891,49035.89065714693,0.128006183001228,0.8167105718979308,0.9384740232557202,1.0,40048.13030212287,55.0606,25.0136,-4.383333,36.716667,3093.9432359490866,False,0,True,1,True,2
DEWVN,PLGDA,57.0,33,48334.72004776524,907.1761111986705,14.585894302788404,0.47996779452101673,626.2096522046091,56,902,48334.72004776524,0.13543331998481922,0.8182717248139498,0.9389980657987073,0.9473684210526315,37469.306597574556,8.170278,53.541667,18.666667,54.35,373.7137992359206,False,0,False,0,False,0
CNXIA,USLGB,15.0,13,48240.9159337757,6367.818303322073,16.081421161648787,0.4100618618217142,630.0639967389649,13,905,48240.9159337757,0.14072220789930068,0.8193834267804588,0.9393712381635635,0.9333333333333333,36892.61987492216,118.042517,24.44535,-118.217354,33.74561,6063.215228099928,False,0,False,0,True,1
CAHFX,MATAN,20.0,19,48092.700099549984,2820.3286319178796,16.148412759130956,0.427168691191695,628.572577138876,20,907,48092.700099549984,0.1386833920367102,0.8189548762722157,0.939227383775032,1.0,39385.751259623736,-63.57595,44.655955,-5.797516,35.789733,2644.9645612269037,False,0,False,0,False,0
THLCB,TWKAO,98.0,32,48038.94908461907,1700.9604105151227,15.21840065957746,0.5375995021486879,630.6520450431893,91,908,48038.94908461907,0.14152343712304472,0.8195518417890699,0.9394277711453645,0.9693877551020408,38165.19259175037,100.886078,13.056152,120.260382,22.620829,1245.425232578614,False,0,False,0,False,0
EGPSA,SIKOP,46.0,24,47662.30759765506,1351.7726752647202,15.474234059607953,0.4284673590999595,630.7000000000002,37,914,47662.30759765506,0.14158871095608083,0.8195655620738862,0.9394323767242746,0.9565217391304348,37364.02131096669,32.319633,31.269083,13.726419,45.550429,1219.1569598498047,False,0,False,0,False,0
CNYTN,TWTAP,89.0,42,47521.905019030324,468.23709379452526,14.697152118380057,0.4788141559879322,626.6505355564811,73,916,47521.905019030324,0.13604159051867182,0.8183995807185535,0.9390409840373352,0.9887640449438202,38454.91942181885,114.263091,22.566543,121.37318,25.14978,420.00752893364495,False,0,False,0,False,0
CNNBO,TWTAP,123.0,52,46937.54101395758,369.0230747408599,13.515206560867318,0.44401640428687095,627.7388067735802,112,932,46937.54101395758,0.1375393807773969,0.8187144099232874,0.9391466648424391,0.983739837398374,37803.58849214292,121.683333,29.966667,121.37318,25.14978,289.67841907185004,False,0,False,0,False,0
COCTA,MXLCS,33.0,20,46568.57062363194,2089.653589308245,10.351824964610351,0.30287607175276726,630.7000000000002,32,939,46568.57062363194,0.14158871095608083,0.8195655620738862,0.9394323767242746,0.9090909090909091,34696.36068921306,-75.540962,10.394286,-102.166667,17.883333,1612.0023974508745,False,0,False,0,False,0
CNQIN,JPTOK,206.0,36,46079.56569443299,1147.2501754443938,14.602746030830689,0.5444660587639545,630.1360739829345,193,948,46079.56569443299,0.14082049520202156,0.8194040863575731,0.9393781731006967,0.9320388349514563,35191.72140824914,120.2667,36.0333,139.75,35.6667,946.8474169857915,False,0,False,0,False,0
CNNSA,USLSA,11.0,10,45964.247476832534,6823.180684211204,17.39756621685399,0.5447254374237792,630.7,10,950,45964.247476832534,0.1415887109560806,0.8195655620738862,0.9394323767242746,0.9090909090909091,34246.1039260486,113.682083,22.64515,-118.244,33.738045,6306.47782680254,False,0,False,0,True,1
AEKHA,CNNBO,8.0,8,44867.6454107367,5838.244727089092,16.121112762857305,0.5052514836416147,630.7,7,974,44867.6454107367,0.1415887109560806,0.8195655620738862,0.9394323767242746,0.875,32175.479901234467,54.659214,24.802318,121.683333,29.966667,3536.5082520385454,False,0,False,0,True,1
JPYOK,USOAK,16.0,5,44810.66290963922,4860.377718145204,17.87828083288111,0.7608650915531757,624.6,16,977,44810.66290963922,0.13320525136087102,0.8178033941722702,0.9388408581492155,1.0,36646.31222261241,139.679832,35.450183,-122.320518,37.814824,4477.288165469052,False,0,False,0,False,0
EGDAM,ESBAR,39.0,25,44793.98659637066,1624.5158240443507,12.53223236807445,0.35700549063207776,629.9781725893628,36,978,44793.98659637066,0.14060514545334968,0.8193588207473055,0.9393629784933837,0.9743589743589743,35761.2621871428,31.757526,31.481673,2.166667,41.35,1538.0400582047184,False,0,False,0,False,0
MYPKE,USNYK,6.0,6,44248.22877514469,11948.388713081735,16.5853098349588,0.4081591745818364,629.7839366488092,3,987,44248.22877514469,0.14034009365039646,0.8193031079745384,0.9393442770178152,1.0,36252.71135784445,101.34485,3.00525,-74.049568,40.663452,8173.230550673484,False,0,True,1,True,2
CNSHE,MXMAN,12.0,10,43692.02973983824,7890.623707590038,17.030022384522184,0.47819878520952386,628.6282927482949,11,991,43692.02973983824,0.138759730916568,0.8189709223832756,0.9392327700794475,1.0,35782.50189683283,113.8943,22.467416,-104.293756,19.073908,7454.872606746598,False,0,False,0,True,1
AEKHA,CNTJN,7.0,7,43213.49363632158,6610.810250936364,17.016003821077618,0.47854636515166854,629.7555001844914,7,999,43213.49363632158,0.14030127590566033,0.8192949486480683,0.939341538122638,1.0,35404.59704967371,54.659214,24.802318,117.8143,38.97075,3264.484097445345,False,0,False,0,True,1
AEJAL,ZACPT,21.0,11,43126.7817067641,5017.706366262371,16.721745018147143,0.4932320140942418,630.7000000000002,17,1003,43126.7817067641,0.14158871095608083,0.8195655620738862,0.9394323767242746,1.0,35345.225089941916,55.0606,25.0136,18.437805,-33.905756,4108.108340251721,False,0,False,0,True,1
USSAV,VNCMP,5.0,5,42838.08575453498,13296.110767259453,17.398439364400357,0.5205244439860578,630.1043139470665,5,1009,42838.08575453498,0.14077718876642764,0.8193949835271878,0.939375117493309,1.0,35101.31257117345,-81.0833,32.0833,107.012844,10.522075,8207.321007141229,False,0,True,1,True,2
BEANT,COCTA,14.0,11,42602.54599226769,4827.5119422377065,16.14818549690869,0.5082554081121183,630.7000000000003,14,1016,42602.54599226769,0.14158871095608094,0.8195655620738862,0.9394323767242746,0.9285714285714286,32421.60958393635,4.4,51.2167,-75.540962,10.394286,4540.616611475619,False,0,False,0,False,0
NGLAG,ZACPT,37.0,15,42235.03099679004,2812.0988268371707,13.92479183061201,0.37878676293632824,630.6999999999999,20,1025,42235.03099679004,0.1415887109560805,0.8195655620738862,0.9394323767242746,0.9459459459459459,32743.329517114274,3.3833,6.45,18.437805,-33.905756,2569.7103742468894,False,0,False,0,False,0
EGPSA,TRTEK,39.0,20,41049.24702656811,779.895434327078,12.27765340055339,0.4354944418455289,630.7,28,1036,41049.24702656811,0.1415887109560806,0.8195655620738862,0.9394323767242746,0.9230769230769231,31054.660811113015,32.319633,31.269083,27.511883,40.96832,627.0174531267712,False,0,False,0,False,0
CNQIN,JPKOB,180.0,34,40995.395867312815,899.6141533727136,13.88973409900213,0.40608732482005777,630.7,128,1037,40995.395867312815,0.1415887109560806,0.8195655620738862,0.9394323767242746,0.9388888888888889,31545.178205209075,120.2667,36.0333,135.237233,34.685033,736.7553563058551,False,0,False,0,False,0
JMKIN,USCHA,36.0,16,40896.1579356424,1117.0935841665078,15.426694273126815,0.5357541358608883,630.4594153006154,28,1039,40896.1579356424,0.141261139320364,0.8194967078955623,0.9394092639860323,1.0,33514.266793835915,-76.7936,17.997,-79.938165,32.87698,909.3725021001094,False,0,False,0,False,0
CNQIN,CNSHE,83.0,51,40839.26112627597,1220.9424633174008,13.533472747330746,0.3867196649679787,624.1730023445988,56,1040,40839.26112627597,0.13261227581724333,0.8176787532102,0.9387990190916489,0.9036144578313253,30174.75552990282,120.2667,36.0333,113.8943,22.467416,879.6627701249288,False,0,False,0,False,0
USOAK,USSEA,68.0,29,40059.73425138323,985.6804758058156,10.931049021990008,0.2642423820763686,630.7000000000002,51,1054,40059.73425138323,0.14158871095608083,0.8195655620738862,0.9394323767242746,0.9117647058823529,29934.674622536102,-122.320518,37.814824,-122.333333,47.6,587.506745086412,False,0,False,0,False,0
DEWVN,ESALG,19.0,15,39775.91244716286,1685.9333917390104,16.249246503207804,0.6550314711476595,630.6999999999998,19,1060,39775.91244716286,0.1415887109560804,0.8195655620738861,0.9394323767242746,1.0,32598.968041760712,8.170278,53.541667,-5.433333,36.116667,1191.2144613263022,False,0,False,0,False,0
TWKAO,VNCMP,48.0,29,39420.71667320521,1162.293512646122,14.79686180603129,0.35876263701093586,629.417967797688,46,1073,39420.71667320521,0.13984025290167656,0.8191980435541388,0.9393090093476987,0.875,28256.70222741776,120.260382,22.620829,107.012844,10.522075,1051.6210109687574,False,0,False,0,False,0
CNNSA,TWKAO,251.0,96,38975.991546055375,427.0120079664826,13.851394441473174,0.37977353802550756,630.2552324953551,224,1081,38975.991546055375,0.14098293503022996,0.8194382305253789,0.9393896344997318,0.8804780876494024,28121.07680298508,113.682083,22.64515,120.260382,22.620829,364.5206777797941,False,0,False,0,False,0
PAMIT,USSAV,58.0,27,38425.56139416475,1655.5573340212743,15.036679592683265,0.4349235549622692,630.6999999999999,43,1092,38425.56139416475,0.1415887109560805,0.8195655620738862,0.9394323767242746,1.0,31492.26682201326,-79.88466,9.361132,-81.0833,32.0833,1365.877709624026,False,0,False,0,False,0
BEZEE,LKCOL,4.0,4,37200.89682969444,10700.878656574847,17.592567268289944,0.4796403802510818,630.7,4,1109,37200.89682969444,0.1415887109560806,0.8195655620738862,0.9394323767242746,1.0,30488.57391988117,3.2,51.333333,79.85,6.95,4578.100733241504,False,0,True,1,True,2
CNMWN,VNCMP,50.0,25,37004.93916828309,979.2267791517704,15.485109864131568,0.3924391284738911,630.7,50,1114,37004.93916828309,0.1415887109560806,0.8195655620738862,0.9394323767242746,0.92,27901.735867446787,113.862187,22.508158,107.012844,10.522075,820.1303934580222,False,0,False,0,False,0
SGSGP,USMOB,4.0,4,36890.97523149539,13435.380160130522,15.771547208181898,0.3899110449596599,630.7,4,1119,36890.97523149539,0.1415887109560806,0.8195655620738862,0.9394323767242746,1.0,30234.57285105433,103.802776,1.248823,-88.1167,30.6833,8772.681057226715,False,0,True,1,True,2
CNMWN,CNYSN,56.0,34,36552.35138965291,905.1532229685484,14.092280096410448,0.3233063496430826,630.7,53,1127,36552.35138965291,0.1415887109560806,0.8195655620738862,0.9394323767242746,0.9642857142857143,28887.153825647973,113.862187,22.508158,122.066667,30.633333,656.852839693534,False,0,False,0,False,0
JMPRO,KRBUS,5.0,5,36347.8731804594,8952.645940922204,15.406974124603364,0.49838516638558295,629.6072384509628,5,1133,36347.8731804594,0.14009883156359682,0.8192523956999211,0.9393272540925922,1.0,29778.082181688274,-76.8439,17.9368,129.052391,35.112607,7296.8486292667885,False,0,True,1,True,1
MYPKE,USNFK,4.0,3,36043.6052479744,12289.340571846069,17.121283136812085,0.38827445722787296,630.7,3,1143,36043.6052479744,0.1415887109560806,0.8195655620738862,0.9394323767242746,1.0,29540.097594225415,101.34485,3.00525,-76.316667,36.85,8410.785274164504,False,0,True,1,True,2
CNYSN,KRGWA,94.0,35,36041.06947443126,521.7155607089566,11.415602315159305,0.2739849204699763,627.2334405355132,91,1144,36041.06947443126,0.1368444904057271,0.818568346893557,0.9390976348974858,0.9042553191489362,26677.411554220085,122.066667,30.633333,127.728767,34.866497,382.4171051941548,False,0,False,0,False,0
CNMWN,SAJED,22.0,9,35445.40391985394,5934.505656492878,15.953157790707044,0.6128826344172376,630.6999999999998,19,1166,35445.40391985394,0.1415887109560804,0.8195655620738861,0.9394323767242746,1.0,29049.832386511018,113.862187,22.508158,39.1667,21.466667,4110.844317579547,False,0,False,0,True,1
CNBYQ,CNXIA,141.0,28,34793.67826952113,1163.9653305139766,10.9970852303917,0.4283192118195871,630.6999999999999,71,1182,34793.67826952113,0.1415887109560805,0.8195655620738862,0.9394323767242746,1.0,28515.700487578044,122.0684,40.268517,118.042517,24.44535,971.4203336891694,False,0,False,0,False,0
MXLCS,USLSA,38.0,22,34311.1118001042,1470.103572955125,12.601021099050579,0.3790707499864973,630.7,38,1197,34311.1118001042,0.1415887109560806,0.8195655620738862,0.9394323767242746,1.0,28120.205627832347,-102.166667,17.883333,-118.244,33.738045,1285.3478030566782,False,0,False,0,False,0
NLROT,PACOL,8.0,7,34044.68735579094,5017.390105432284,17.53506353933383,0.5665561846371584,630.7,8,1210,34044.68735579094,0.1415887109560806,0.8195655620738862,0.9394323767242746,1.0,27901.85332837853,4.03038,52.002215,-79.892063,9.359918,4737.358838571802,False,0,False,0,True,1
CNWGQ,KRINC,340.0,35,34001.41343319683,521.0188688155514,13.272726329688968,0.4371112991341729,630.6999999999999,262,1211,34001.41343319683,0.1415887109560805,0.8195655620738862,0.9394323767242746,0.9205882352941176,25653.46850340371,121.617967,31.353633,126.607819,37.439929,441.0166450431354,False,0,False,0,False,0
CLSAN,CNYTN,5.0,5,33919.44344743414,10552.541491947988,18.16364811113069,0.549077311145817,627.530591882452,5,1215,33919.44344743414,0.13725321601307028,0.8186542592949527,0.9391264736824885,1.0,27768.296851156232,-71.616667,-33.5833,114.263091,22.566543,10076.553142988003,False,0,True,1,True,2
CNZOS,TWKAO,65.0,44,33811.18339316305,573.7617388064447,12.629478218092947,0.3833047332875242,630.4758273778068,58,1220,33811.18339316305,0.14128349337083934,0.8195014066228326,0.9394108412389472,0.8769230769230769,24298.058522552947,122.099218,30.006902,120.260382,22.620829,454.3455490143777,False,0,False,0,False,0
CNTJN,CNXIA,162.0,32,33668.11665718722,1202.5703416228378,11.04905223464753,0.36747539024176457,630.5797860659329,129,1223,33668.11665718722,0.14142506315070558,0.819531163994367,0.9394208300930125,0.9753086419753086,26910.78513396864,117.8143,38.97075,118.042517,24.44535,872.188713181287,False,0,False,0,False,0
GBFEL,PLGDA,30.0,20,33523.47303587836,1102.556301626303,13.53922473612463,0.4421713564218795,627.0467013598877,28,1229,33523.47303587836,0.1365874362693308,0.8185143151966195,0.9390794977197792,0.9666666666666667,26524.794489141845,1.3,51.933333,18.666667,54.35,640.2800134896453,False,0,False,0,False,0
GBLGP,ZACPT,9.0,8,33277.67485549291,6245.220945989602,16.17376480381467,0.38574069430399205,630.7,8,1236,33277.67485549291,0.1415887109560806,0.8195655620738862,0.9394323767242746,1.0,27273.236297454074,0.486317,51.502973,18.437805,-33.905756,5214.698703503145,False,0,False,0,True,1
JPKOB,TWTAP,97.0,22,33083.91389745963,974.9225626754454,16.13819490286554,0.4634023741913538,630.1288257592929,96,1242,33083.91389745963,0.1408106122623044,0.8194020090052645,0.9393774757820835,0.9896907216494846,26829.551023507407,135.237233,34.685033,121.37318,25.14978,919.3798943500968,False,0,False,0,False,0
NLROT,PACRI,8.0,7,32967.01074466914,5012.247921518038,17.26530060907967,0.5352119927177389,630.6999999999999,7,1245,32967.01074466914,0.1415887109560805,0.8195655620738862,0.9394323767242746,1.0,27018.626690850608,4.03038,52.002215,-79.916667,9.35,4738.733525715555,False,0,False,0,True,1
USSEA,VNHPG,13.0,5,32683.283411430613,6542.7312176989235,16.088776405656457,0.7075381059284482,624.6,12,1254,32683.283411430613,0.13320525136087102,0.8178033941722702,0.9388408581492155,1.0,26728.50010656221,-122.333333,47.6,106.828308,20.81389,5920.807554647225,False,0,False,0,True,1
JPYOK,TWTAP,86.0,27,32664.624028995026,1177.2208432838167,16.288824217110633,0.5465493326285871,629.057344665908,86,1255,32664.624028995026,0.13934714443635143,0.8190943942313572,0.9392742166927754,0.9186046511627907,24577.644466443635,139.679832,35.450183,121.37318,25.14978,1129.6753069662384,False,0,False,0,False,0
CNNBO,CNNBO,1462.0,146,31592.65686762829,303.55209274564453,6.614899213877613,0.21773994254297857,629.3115854201424,652,1285,31592.65686762829,0.13969484664969367,0.8191674797723221,0.939298749800551,0.9699042407660738,25100.80857434592,121.683333,29.966667,121.683333,29.966667,0.0,False,0,False,0,False,0
CNFUN,CNNSA,121.0,27,31494.13546659806,469.8858934693337,10.310369057148382,0.29337691523911136,630.6999999999999,105,1290,31494.13546659806,0.1415887109560805,0.8195655620738862,0.9394323767242746,0.9669421487603306,24958.235816351124,119.308128,25.393912,113.682083,22.64515,349.8460762760991,False,0,False,0,False,0
CNSHE,USLSA,8.0,6,30948.03206584749,6576.766139206601,17.15950245212617,0.4590426601288761,630.6999999999999,7,1301,30948.03206584749,0.1415887109560805,0.8195655620738862,0.9394323767242746,1.0,25363.94129512695,113.8943,22.467416,-118.244,33.738045,6306.326006134447,False,0,False,0,True,1
DEWVN,GHTEM,15.0,14,30766.105524309005,4315.505084634137,16.409588689528867,0.40480585281160697,630.7,14,1308,30766.105524309005,0.1415887109560806,0.8195655620738862,0.9394323767242746,0.9333333333333333,23533.85119573115,8.170278,53.541667,0.016667,5.633333,2904.0507396602443,False,0,False,0,False,0
AEKHA,ESMAL,4.0,4,30637.996364242146,10892.773119428313,16.488165064337498,0.40441622694586815,616.4709439661939,4,1311,30637.996364242146,0.12177531593493995,0.8154008698806726,0.9380343869019481,1.0,24982.248886803933,54.659214,24.802318,-4.383333,36.716667,3080.6803073641927,False,0,True,1,True,2
AUMEL,CNMWN,16.0,11,30132.85274887621,5155.124993422698,15.356076723131215,0.3768052420031481,630.7,16,1328,30132.85274887621,0.1415887109560806,0.8195655620738862,0.9394323767242746,0.9375,23152.357875020978,144.912243,-37.858862,113.862187,22.508158,4025.688881429486,False,0,False,0,True,1
BRSUA,PTSNS,13.0,8,30109.50250932823,3157.7520462870207,16.39360333244168,0.45265556721240663,630.7,12,1330,30109.50250932823,0.1415887109560806,0.8195655620738862,0.9394323767242746,1.0,24676.71134782268,-34.9681,-8.3911,-8.866667,37.95,3143.251176633859,False,0,False,0,False,0
GBLGP,PACOL,9.0,7,29779.176979606356,5055.0104362103175,17.029935382741517,0.4836774138864439,630.7,8,1342,29779.176979606356,0.1415887109560806,0.8195655620738862,0.9394323767242746,1.0,24405.987919388815,0.486317,51.502973,-79.892063,9.359918,4605.487915750589,False,0,False,0,True,1
CNDAL,SGSGP,13.0,13,29768.57091084388,2730.028287726526,17.016090637058177,0.509972966399206,625.0015732437217,12,1343,29768.57091084388,0.13376218048513777,0.8179204583287932,0.9388801538502628,0.9230769230769231,22475.37522756056,121.737442,38.978628,103.802776,1.248823,2469.8776790927277,False,0,False,0,False,0
USOAK,VNCMP,6.0,6,29726.428841036868,7319.093825642459,16.925010283072528,0.5120449538906493,630.6999999999999,6,1344,29726.428841036868,0.1415887109560805,0.8195655620738862,0.9394323767242746,1.0,24362.757361553762,-122.320518,37.814824,107.012844,10.522075,6797.497352765607,False,0,False,0,True,1
MATAN,PKKAR,4.0,4,29084.280071256253,9885.96627101013,17.006697265715562,0.3464014968313427,630.7,4,1361,29084.280071256253,0.1415887109560806,0.8195655620738862,0.9394323767242746,1.0,23836.47434411346,-5.797516,35.789733,66.9833,24.7833,3747.058128528137,False,0,True,1,True,1
ITTRS,MATAN,21.0,14,29083.95479947708,1771.3740464016867,15.205348300786829,0.46600793165309723,630.7,21,1362,29083.95479947708,0.1415887109560806,0.8195655620738862,0.9394323767242746,0.9523809523809523,22701.15025006184,13.75,45.65,-5.797516,35.789733,1064.0146746150258,False,0,False,0,False,0
CNQIN,USLSA,9.0,8,29081.088611886018,6189.00402418449,15.835708642871127,0.458410055624919,628.8798125020797,4,1363,29081.088611886018,0.13910418296626503,0.8190433247535297,0.9392570738627841,1.0,23818.671504131133,120.2667,36.0333,-118.244,33.738045,5488.100167921394,False,0,False,0,True,1
CAVCR,USOAK,48.0,19,28970.33884615392,960.97700170906,12.072388295238309,0.2579351912390447,630.7,26,1372,28970.33884615392,0.1415887109560806,0.8195655620738862,0.9394323767242746,1.0,23743.09203991908,-123.116667,49.283333,-122.320518,37.814824,689.4347856295486,False,0,False,0,False,0
NLROT,ZADUR,6.0,4,28104.912048221726,7113.7191863874805,17.280696297547596,0.4828348582393259,630.7,5,1400,28104.912048221726,0.1415887109560806,0.8195655620738862,0.9394323767242746,1.0,23033.818039837974,4.03038,52.002215,31.041098,-29.877639,5117.709996897037,False,0,False,0,True,1
TWTAP,USOAK,6.0,6,27918.597256626035,5940.8923888489935,17.462596707023792,0.6297703874660506,626.7394006929522,6,1410,27918.597256626035,0.13616409084636627,0.8184253297715487,0.9390496273925585,1.0,22849.28716651322,121.37318,25.14978,-122.320518,37.814824,5597.58832595288,False,0,False,0,True,1
BEZEE,PLGDA,23.0,19,27407.542216044905,1097.095114401354,13.40793712486595,0.42395690306023864,626.566336092933,18,1433,27407.542216044905,0.13592548974782637,0.8183751768254575,0.9390327922208477,1.0,22429.65220740694,3.2,51.333333,18.666667,54.35,588.0110560887924,False,0,False,0,False,0
INMUN,OMSAL,71.0,19,27044.781678237556,1030.0804658932143,13.772771044794753,0.35930531819092365,630.7,66,1443,27044.781678237556,0.1415887109560806,0.8195655620738862,0.9394323767242746,0.9014084507042254,19979.692797557454,69.7,22.766667,54.002781,16.946141,952.0412390011195,False,0,False,0,False,0
ESALG,GBFEL,19.0,15,27009.149268880334,1465.1903203918353,14.004682577289875,0.39012521887211793,626.986176651758,19,1445,27009.149268880334,0.1365040886687594,0.8184967958819815,0.9390736168953576,1.0,22106.90213607672,-5.433333,36.116667,1.3,51.933333,992.0771848571891,False,0,False,0,False,0
CIABI,NGLKK,48.0,20,26803.356040377363,583.4473428813063,12.660017754609676,0.3019248706381871,625.2950079556409,46,1452,26803.356040377363,0.1341686834026229,0.8180059035301412,0.93890883580713,0.9791666666666666,21468.526319710432,-4.0267,5.3364,4.00692,6.421413,484.1962381577398,False,0,False,0,False,0
CNLYG,HKHKG,64.0,16,26315.413531849677,1192.5875021950635,15.286208652399255,0.5958383443471754,630.7,63,1468,26315.413531849677,0.1415887109560806,0.8195655620738862,0.9394323767242746,0.9375,20219.25626478481,119.483333,34.733333,114.181938,22.298785,796.8722796314378,False,0,False,0,False,0
CNTJN,USOAK,4.0,4,26058.691740050795,6653.125440452297,16.380965046291767,0.43427248100510446,630.6999999999999,4,1476,26058.691740050795,0.1415887109560805,0.8195655620738862,0.9394323767242746,1.0,21356.806342844866,117.8143,38.97075,-122.320518,37.814824,5128.98885876856,False,0,False,0,True,1
MXMAN,PACOL,18.0,16,25977.79011330572,1867.0392412696983,12.863860286621925,0.36233078494477844,630.0820408266444,5,1481,25977.79011330572,0.14074681562149727,0.8193885992200339,0.9393729744306265,1.0,21285.90505177362,-104.293756,19.073908,-79.892063,9.359918,1532.8142203481264,False,0,False,0,False,0
KRGWA,USSEA,7.0,6,25855.81622922542,4909.810456909602,17.49760540636009,0.4728499227050012,630.7,7,1491,25855.81622922542,0.1415887109560806,0.8195655620738862,0.9394323767242746,1.0,21190.53656078424,127.728767,34.866497,-122.333333,47.6,4592.941209267678,False,0,False,0,False,0
CNTJN,CNZOS,57.0,40,25732.071801036233,1126.4282449102504,10.88066990400715,0.28318609324586574,630.5913222223106,28,1497,25732.071801036233,0.14144077008225442,0.8195344655252319,0.9394219383397527,0.8947368421052632,18868.49658291711,117.8143,38.97075,122.099218,30.006902,578.2637280001114,False,0,False,0,False,0
CNNBO,JPYOK,77.0,35,25712.59640985759,1049.108941259251,13.30810108421139,0.3478478454919289,630.1316862266601,44,1499,25712.59640985759,0.14081451253150146,0.8194028288254246,0.9393777509765485,0.987012987012987,20795.351192674887,121.683333,29.966667,139.679832,35.450183,965.191806288728,False,0,False,0,False,0
CNSHE,SAJED,8.0,6,25449.09102818562,5979.453228964258,13.277048109474777,0.42545670235720867,630.7,8,1507,25449.09102818562,0.1415887109560806,0.8195655620738862,0.9394323767242746,1.0,20857.198592784443,113.8943,22.467416,39.1667,21.466667,4113.205564100251,False,0,False,0,True,1
CNMWN,USOAK,6.0,6,25169.803952103954,6382.442750937874,15.849945161993503,0.4175751570041228,613.2009721482058,6,1518,25169.803952103954,0.11709207161995838,0.8144164716482292,0.9377039474249768,1.0,20498.702926750157,113.862187,22.508158,-122.320518,37.814824,5996.437508794575,False,0,False,0,True,1
CNYTN,JPYOK,54.0,24,25007.550260930173,1646.6621367700534,14.390614503757087,0.40353272368043763,630.6999999999999,53,1528,25007.550260930173,0.1415887109560805,0.8195655620738862,0.9394323767242746,0.9629629629629629,19736.240801035005,114.263091,22.566543,139.679832,35.450183,1535.5845150157427,False,0,False,0,False,0
CNSHE,COBUE,7.0,4,24878.357840619938,9718.520962553723,18.127414705013894,0.5697522580921283,630.6999999999999,5,1534,24878.357840619938,0.1415887109560805,0.8195655620738862,0.9394323767242746,1.0,20389.445327122954,113.8943,22.467416,-77.083333,3.883333,9099.058027256458,False,0,True,1,True,1
CNNBO,CNTAI,1134.0,56,24588.773749700682,172.5151881101106,7.710301882023339,0.23990180979658812,630.5666390665291,662,1543,24588.773749700682,0.14140716229220207,0.8195274013092955,0.9394195670475842,0.9902998236331569,19955.703912106503,121.683333,29.966667,121.211133,31.6506,103.9946560768922,False,0,False,0,False,0
CNTJN,QAHMD,6.0,5,24313.628263127666,6719.798520349102,16.561831724192153,0.3632308229795825,628.8403149282752,4,1558,24313.628263127666,0.13905010994444367,0.8190319588320607,0.939253258588618,1.0,19913.638582664007,117.8143,38.97075,51.638489,25.021684,3397.880637074987,False,0,False,0,True,1
JPTOK,VNHCM,37.0,8,24062.319356600194,2483.7040097100344,13.943779511688236,0.5488427414943851,630.546712792496,37,1566,24062.319356600194,0.14138002939971384,0.8195216980895593,0.9394176526100279,0.9459459459459459,18653.668882927006,139.75,35.6667,106.710033,10.776988,2336.575534575835,False,0,False,0,False,0
IDSUR,KRBUS,31.0,10,23225.948280945893,2933.965870511418,15.18415097715075,0.5283460825069912,628.9981397348577,31,1602,23225.948280945893,0.13926613482797112,0.8190773663528317,0.9392685008319699,0.9354838709677419,17796.503481326545,112.731533,-7.1937,129.052391,35.112607,2703.0568717525794,False,0,False,0,False,0
HKHKG,USLGB,5.0,4,23157.330400550847,6536.79341114091,16.68238185576647,0.4315292019366761,630.7,5,1605,23157.330400550847,0.1415887109560806,0.8195655620738862,0.9394323767242746,1.0,18978.95050585815,114.181938,22.298785,-118.217354,33.74561,6303.578469857036,False,0,False,0,True,1
BEZEE,USPHI,20.0,11,23087.363345254016,3610.151198611819,16.986864478307684,0.7269649184449244,630.7,20,1609,23087.363345254016,0.1415887109560806,0.8195655620738862,0.9394323767242746,1.0,18921.607916857145,3.2,51.333333,-75.1333,39.95,3197.6113331657903,False,0,False,0,False,0
CNFUN,CNTJN,106.0,19,22835.036811903316,1083.799135441613,11.331572071072465,0.5210478844009699,630.357974922803,73,1618,22835.036811903316,0.14112294674101222,0.8194676603973535,0.9393995134198497,0.9811320754716981,18359.50675376544,119.308128,25.393912,117.8143,38.97075,818.6502520977109,False,0,False,0,False,0
DEWVN,FRLEH,47.0,21,22805.359094312174,479.2208299911608,13.37473060997565,0.3984564362057382,630.7000000000002,46,1619,22805.359094312174,0.14158871095608083,0.8195655620738862,0.9394323767242746,0.9787234042553191,18292.817009438964,8.170278,53.541667,0.094067,49.480233,387.58918231243297,False,0,False,0,False,0
USNYK,USPEV,48.0,10,22694.636940394073,997.8337144682098,14.837800991057955,0.353529716560545,630.7,48,1627,22694.636940394073,0.1415887109560806,0.8195655620738862,0.9394323767242746,0.9166666666666666,17049.764306773777,-74.049568,40.663452,-80.1,26.083333,925.8397951640987,False,0,False,0,False,0
CNMWN,EGSOK,13.0,8,22186.830208359173,6546.6893073040355,15.499743199275827,0.5853609679189588,630.7,8,1656,22186.830208359173,0.1415887109560806,0.8195655620738862,0.9394323767242746,1.0,18183.561970351762,113.862187,22.508158,32.33,29.58,4329.198371977865,False,0,False,0,True,1
CGPNO,INMUN,8.0,5,22125.021706801777,6558.995744694425,15.712975834600824,0.3424599053230156,630.6999999999999,3,1659,22125.021706801777,0.1415887109560805,0.8195655620738862,0.9394323767242746,1.0,18132.90585103193,11.839142,-4.778824,69.7,22.766667,3772.521744639634,False,0,False,0,True,1
CNYTN,KRGWA,24.0,10,21894.440118054776,1148.2879946127205,14.320642971947208,0.35346804019505434,630.6999999999999,19,1670,21894.440118054776,0.1415887109560805,0.8195655620738862,0.9394323767242746,0.875,15700.937981440778,114.263091,22.566543,127.728767,34.866497,1021.7172915293036,False,0,False,0,False,0
ESALG,GBSOU,20.0,15,21891.415868542892,1287.4224079313847,11.799388652963668,0.3261363718140226,630.5145731489458,20,1671,21891.415868542892,0.14133626238626906,0.8195124984476494,0.9394145645052743,1.0,17940.288912986103,-5.433333,36.116667,-1.4,50.9,904.4531190171983,False,0,False,0,False,0
CNYTN,USSEA,6.0,6,21885.128594114045,6080.043622414162,14.925917192118016,0.4109317717178776,630.7,6,1672,21885.128594114045,0.1415887109560806,0.8195655620738862,0.9394323767242746,1.0,17936.297717294357,114.263091,22.566543,-122.333333,47.6,5608.155908750204,False,0,False,0,True,1
CNNBO,KRINC,163.0,21,21815.145588052033,576.8816392105881,13.240859925919295,0.3953815878338451,630.6535361466937,51,1677,21815.145588052033,0.14152546688635836,0.8195522684367705,0.9394279143610249,0.9202453987730062,16452.74728800594,121.683333,29.966667,126.607819,37.439929,511.4888180872477,False,0,False,0,False,0
CLVAL,CNQIN,4.0,4,21765.90245660751,10578.588626121635,17.569483422837756,0.5143673962949271,630.7,1,1680,21765.90245660751,0.1415887109560806,0.8195655620738862,0.9394323767242746,1.0,17838.584080894914,-71.6167,-33.033333,120.2667,36.0333,10193.017311428548,False,0,True,1,True,2
IDJAK,VNHCM,58.0,10,21538.40231666718,1065.8229136218713,14.145516902406039,0.5070031132402225,630.6429257415158,46,1694,21538.40231666718,0.1415110232729292,0.8195492324500542,0.9394268952512485,1.0,17651.781086825056,106.788826,-6.09208,106.710033,10.776988,1012.8375645095992,False,0,False,0,False,0
CNBYQ,CNQIZ,51.0,18,21403.849101457003,1808.7189489658683,11.36233143494232,0.47170221800835127,630.7,26,1700,21403.849101457003,0.1415887109560806,0.8195655620738862,0.9394323767242746,0.9803921568627451,17197.899626843384,122.0684,40.268517,108.6,21.683333,1310.126460942388,False,0,False,0,False,0
KRGWA,TWKAO,62.0,14,21295.76732742906,907.0735951857781,15.613343468047391,0.518708366045796,630.280411350477,61,1702,21295.76732742906,0.14101725160716405,0.8194454437253329,0.9393920558023525,1.0,17450.719507096554,127.728767,34.866497,120.260382,22.620829,833.0471341698044,False,0,False,0,False,0
HKHKG,MXLCS,4.0,4,21267.22004145101,8071.674956763075,16.30215685235163,0.32793674008096524,630.7,4,1703,21267.22004145101,0.1415887109560806,0.8195655620738862,0.9394323767242746,1.0,17429.881147020817,114.181938,22.298785,-102.166667,17.883333,7585.923049185716,False,0,True,1,True,1
CNSHE,CNTJN,38.0,15,21168.32479318414,1516.221339676387,14.452925976201772,0.5305550637276426,630.7,35,1709,21168.32479318414,0.1415887109560806,0.8195655620738862,0.9394323767242746,0.9210526315789473,15979.185533028918,113.8943,22.467416,117.8143,38.97075,1011.0233863533165,False,0,False,0,False,0
CNQUA,CNTJN,124.0,6,20885.055063032363,1113.035141902236,10.085637638614799,0.49716215457391594,630.7,75,1726,20885.055063032363,0.1415887109560806,0.8195655620738862,0.9394323767242746,1.0,17116.671891678183,118.682805,24.833576,117.8143,38.97075,849.9433765721444,False,0,False,0,False,0
CNNSA,JPYOK,40.0,5,20792.272943045915,1703.2192597410487,14.890969559709143,0.5839367706765277,630.6999999999999,40,1735,20792.272943045915,0.1415887109560805,0.8195655620738862,0.9394323767242746,1.0,17040.63086136108,113.682083,22.64515,139.679832,35.450183,1559.008349638677,False,0,False,0,False,0
PABAL,PACOL,117.0,79,20639.101831506123,83.35669441970161,3.633376962092884,0.20052928982316556,629.8888572614009,63,1742,20639.101831506123,0.1404832872359868,0.8193332066631978,0.9393543804440612,0.8974358974358975,15175.911590229915,-79.57037,8.954178,-79.892063,9.359918,30.936279960173568,False,0,False,0,False,0
BRRDJ,MATAN,7.0,6,20618.908654678744,4228.469862682685,17.833421979793545,0.551421398771198,630.6999999999999,7,1745,20618.908654678744,0.1415887109560805,0.8195655620738862,0.9394323767242746,1.0,16898.5474609219,-43.1667,-22.916667,-5.797516,35.789733,4114.382097665146,False,0,False,0,False,0
CNSHE,JPKOB,48.0,18,19994.229291489522,1442.8302024305274,15.503825887440827,0.5083915471590309,629.7010458859363,46,1777,19994.229291489522,0.14022693222893445,0.8192793219203043,0.9393362925953921,0.9375,15357.054952734958,113.8943,22.467416,135.237233,34.685033,1338.6504898861765,False,0,False,0,False,0
PTSNS,TGLOM,7.0,7,19520.55382915062,3127.745288236094,15.334118425879415,0.4405298456648227,630.6999999999999,6,1805,19520.55382915062,0.1415887109560805,0.8195655620738862,0.9394323767242746,1.0,15998.37367098138,-8.866667,37.95,1.286945,6.137824,1988.705463736568,False,0,False,0,False,0
JPYOK,TWKEE,52.0,16,19332.33071225313,1154.2363852439169,15.945072130847256,0.5763679870641288,630.6999999999999,52,1818,19332.33071225313,0.1415887109560805,0.8195655620738862,0.9394323767242746,0.9807692307692307,15539.418015493951,139.679832,35.450183,121.7559,25.15113,1113.17439088781,False,0,False,0,False,0
CGPNO,NGLKK,19.0,13,19168.895055584937,1084.349635561144,12.136211840136541,0.28789080521617816,627.0362417936782,16,1825,19168.895055584937,0.13657303371924745,0.8185112878412456,0.9390784815073425,0.9473684210526315,14864.169769048905,11.839142,-4.778824,4.00692,6.421413,820.1201192165926,False,0,False,0,False,0
TWTAP,VNCMP,17.0,10,18602.11647080041,1359.282823501114,16.772104525413596,0.5708453464195085,626.4482429105844,17,1865,18602.11647080041,0.13576260109763572,0.8183409383171609,0.9390212991539152,1.0,15222.873447399923,121.37318,25.14978,107.012844,10.522075,1199.9313688134318,False,0,False,0,False,0
USBOS,USCHA,29.0,19,18526.900632997244,911.14959987571,15.203313776800782,0.4051489505434314,628.4921962044803,23,1870,18526.900632997244,0.1385732340519703,0.8189317215277322,0.9392196112685358,1.0,15172.266629953663,-71.083333,42.35,-79.938165,32.87698,706.8219246536581,False,0,False,0,False,0
CNZOS,THLCB,7.0,7,18478.270075636814,2307.491432728469,13.890143394688987,0.23885453481870975,630.3616776153967,6,1873,18478.270075636814,0.14112799171410773,0.8194687208294522,0.9393998693821184,0.8571428571428571,12979.169436019924,122.099218,30.006902,100.886078,13.056152,1556.3254744163178,False,0,False,0,False,0
BDCTG,HKHKG,21.0,7,18199.543059613425,2997.1392515583643,14.118684183012498,0.5842708401164236,630.1286780610232,1,1884,18199.543059613425,0.14081041087361923,0.8194019666742111,0.9393774615725383,1.0,14912.741375619229,91.883333,22.35,114.181938,22.298785,1237.3330480658765,False,0,False,0,False,0
INNSA,MYTPP,15.0,9,17862.864866696986,2478.1094467090825,15.162400979716868,0.48169711729214015,630.7,11,1905,17862.864866696986,0.1415887109560806,0.8195655620738862,0.9394323767242746,1.0,14639.788884724388,72.9428,18.953883,103.549576,1.327854,2088.3530366414725,False,0,False,0,False,0
BEZEE,GRPIR,10.0,5,17759.890826630508,2907.3851061756695,14.503817715451547,0.2894189893419932,630.7,8,1916,17759.890826630508,0.1415887109560806,0.8195655620738862,0.9394323767242746,0.9,13099.85541692846,3.2,51.333333,23.65,37.933333,1180.2572994633726,False,0,False,0,False,0
MXLCS,USLGB,25.0,8,17512.423801348,1432.5373602272934,14.812055623049213,0.5700634775370259,630.7000000000002,25,1928,17512.423801348,0.14158871095608083,0.8195655620738862,0.9394323767242746,1.0,14352.579456027875,-102.166667,17.883333,-118.217354,33.74561,1284.7022030061905,False,0,False,0,False,0
CNZOS,SAJED,12.0,11,17270.36027733781,6585.836901776396,14.163637993537918,0.5476300771275016,630.2950204655705,9,1944,17270.36027733781,0.14103716129616217,0.8194496286581145,0.9393934605864673,0.9166666666666666,12972.841123051627,122.099218,30.006902,39.1667,21.466667,4419.5788321929695,False,0,False,0,True,1
HKHKG,JPYOK,31.0,15,17161.880038212912,1622.4505444574236,16.386836133310172,0.519496858954251,630.7000000000002,31,1950,17161.880038212912,0.14158871095608083,0.8195655620738862,0.9394323767242746,0.9354838709677419,13157.848062358535,114.181938,22.298785,139.679832,35.450183,1548.6973344712997,False,0,False,0,False,0
DEHAM,GRPIR,7.0,7,16418.039681931234,3261.6783863663527,13.851947044676132,0.32859549428308754,630.6999999999999,6,2007,16418.039681931234,0.1415887109560805,0.8195655620738862,0.9394323767242746,0.8571428571428571,11533.42278863429,9.903145,53.539287,23.65,37.933333,1095.6381580610998,False,0,False,0,False,0
KRINC,THLCB,25.0,10,16351.522817764338,2616.663273587915,15.126206290360592,0.558269284388022,629.1394070308899,22,2010,16351.522817764338,0.13945940446642857,0.8191179908169183,0.9392821375149937,1.0,13393.826517284118,126.607819,37.439929,100.886078,13.056152,2009.6476283704565,False,0,False,0,False,0
BRSTS,MACAS,19.0,6,16338.65157635016,4295.533627268405,13.252748575021654,0.37427145378734117,630.7,1,2011,16338.65157635016,0.1415887109560806,0.8195655620738862,0.9394323767242746,0.9473684210526315,12685.827943611288,-46.306133,-23.95,-7.616667,33.6,4101.628754802007,False,0,False,0,False,0
COCTA,FRLEH,5.0,5,15992.408827213963,4503.561810747981,16.58412954743402,0.4983234795703133,630.7,5,2036,15992.408827213963,0.1415887109560806,0.8195655620738862,0.9394323767242746,1.0,13106.827529390992,-75.540962,10.394286,0.094067,49.480233,4370.977407627184,False,0,False,0,False,0
CIABI,ESVAL,11.0,7,15701.373062880366,3217.7015441763433,13.728129186425205,0.3791262702228865,619.9945808947431,7,2064,15701.373062880366,0.1267665610581944,0.8164500085859301,0.9383865582423772,0.9090909090909091,11653.987429090514,-4.0267,5.3364,-0.316667,39.45,2058.0584659966985,False,0,False,0,False,0
CNSHE,GTPQL,5.0,5,15515.689476726558,8747.240930220594,17.637997779917622,0.5507241888252119,630.7000000000002,3,2078,15515.689476726558,0.14158871095608083,0.8195655620738862,0.9394323767242746,1.0,12716.124766957284,113.8943,22.467416,-90.783333,13.916667,8184.372167399425,False,0,True,1,True,1
CNYSN,TWKEE,35.0,12,15453.59469815889,511.9710708261637,7.745426628303382,0.2167884209920965,628.3516168566157,32,2081,15453.59469815889,0.13838050945360636,0.818891211628778,0.939206013042349,1.0,12654.812886395393,122.066667,30.633333,121.7559,25.15113,329.56626479472635,False,0,False,0,False,0
BRSTS,ESLPA,6.0,5,15383.43911662271,3824.790516276553,14.151312331878815,0.37380737810848425,630.7000000000002,6,2087,15383.43911662271,0.14158871095608083,0.8195655620738862,0.9394323767242746,1.0,12607.736926244299,-46.306133,-23.95,-15.4167,28.15,3602.4664483716083,False,0,False,0,False,0
IDJAK,KRBUS,21.0,10,15328.492257919082,2941.8049998183246,14.229330640063337,0.43497143497048024,628.3839897495837,21,2092,15328.492257919082,0.13842489810131475,0.8189005419355921,0.9392091450082568,0.9523809523809523,11954.772016252824,106.788826,-6.09208,129.052391,35.112607,2775.8738948773,False,0,False,0,False,0
CNXIA,CNXIA,1004.0,79,15237.25626050204,612.8363241006055,6.502416012083822,0.2444090670389435,630.6679663625273,216,2096,15237.25626050204,0.14154510950888122,0.8195563972333038,0.9394293003015132,0.9790836653386454,12226.592032091468,118.042517,24.44535,118.042517,24.44535,0.0,False,0,False,0,False,0
AEKHA,SAJED,28.0,11,15114.270173371215,2362.1455695079007,11.615578186877809,0.2664149400625206,630.7,24,2104,15114.270173371215,0.1415887109560806,0.8195655620738862,0.9394323767242746,0.8928571428571429,11059.942258906745,54.659214,24.802318,39.1667,21.466667,877.9339097724555,False,0,False,0,False,0
DJDJI,MYPKE,11.0,10,15103.89872136936,3634.2002254409413,15.17524265864137,0.44963534850344505,629.6094095968948,7,2105,15103.89872136936,0.14010179684793878,0.8192530189902021,0.9393274633165705,0.9090909090909091,11249.013296367364,43.133333,11.583333,101.34485,3.00525,3498.733274643917,False,0,False,0,False,0
NLROT,USPHI,14.0,10,14820.503666526009,3713.405702404716,16.096828932911258,0.648325208691621,630.7,13,2129,14820.503666526009,0.1415887109560806,0.8195655620738862,0.9394323767242746,1.0,12146.37441767448,4.03038,52.002215,-75.1333,39.95,3212.520879106228,False,0,False,0,False,0
LKCOL,SIKOP,4.0,3,14760.285583571034,11383.264281390722,15.775974525675785,0.5654483401900601,630.6999999999999,3,2135,14760.285583571034,0.1415887109560805,0.8195655620738862,0.9394323767242746,1.0,12097.021750670474,79.85,6.95,13.726419,45.550429,4108.16457027325,False,0,True,1,True,2
ESLPA,ESMAL,22.0,19,14438.551398522373,795.7911170926862,14.196870419706872,0.3838110530780675,630.6999999999999,22,2161,14438.551398522373,0.1415887109560805,0.8195655620738862,0.9394323767242746,0.9090909090909091,10757.581356784258,-15.4167,28.15,-4.383333,36.716667,758.6803546913168,False,0,False,0,False,0
ITLIV,MTMAL,51.0,17,14371.746785183717,569.0535717407042,15.889419434426284,0.4932629705942509,630.6999999999998,50,2169,14371.746785183717,0.1415887109560804,0.8195655620738861,0.9394323767242746,0.9803921568627451,11547.636011747703,10.3,43.55,14.539518,35.819159,503.6210027744865,False,0,False,0,False,0
USOAK,VNHPG,4.0,3,14273.682426055704,6906.850412794432,17.00100636516158,0.37787579501979157,630.6999999999999,4,2181,14273.682426055704,0.1415887109560805,0.8195655620738862,0.9394323767242746,1.0,11698.218560374495,-122.320518,37.814824,106.828308,20.81389,6326.824405143453,False,0,False,0,True,1
CNMWN,JPNAG,39.0,11,14262.37187385699,1518.667261113379,14.516068820891618,0.49499860735920104,630.7,39,2183,14262.37187385699,0.1415887109560806,0.8195655620738862,0.9394323767242746,1.0,11688.94882130439,113.862187,22.508158,136.866667,35.066667,1420.563822125001,False,0,False,0,False,0
CNDAL,CNLYG,118.0,23,14259.707830419338,370.10975222768246,12.8429237575027,0.42751765560576854,630.6388037238165,94,2184,14259.707830419338,0.14150541196779576,0.819548052977346,0.9394264993298297,0.9576271186440678,11191.324441477935,121.737442,38.978628,119.483333,34.733333,276.91223950744626,False,0,False,0,False,0
CIABI,ESMAL,7.0,7,14237.517310719997,2810.506941677749,14.858110001989427,0.35796738188524413,630.7000000000002,6,2185,14237.517310719997,0.14158871095608083,0.8195655620738862,0.9394323767242746,0.8571428571428571,10001.639037683073,-4.0267,5.3364,-4.383333,36.716667,1884.187828183384,False,0,False,0,False,0
JPNAG,TWTAP,48.0,17,14018.250440548536,1062.712242207707,16.08627181751358,0.5470851779426376,630.7,48,2211,14018.250440548536,0.1415887109560806,0.8195655620738862,0.9394323767242746,0.9791666666666666,11249.523732817315,136.866667,35.066667,121.37318,25.14978,998.9252177332972,False,0,False,0,False,0
ESALG,ZACPT,4.0,4,14008.246334276215,5204.347621038374,16.25412990097231,0.5057491407160922,630.7,4,2212,14008.246334276215,0.1415887109560806,0.8195655620738862,0.9394323767242746,1.0,11480.676280620542,-5.433333,36.116667,18.437805,-33.905756,4411.951314191209,False,0,False,0,True,1
KRINC,TWKAO,42.0,10,13709.136484333374,1012.1496246606243,15.830433936773112,0.5234996039110748,629.7531291931683,42,2237,13709.136484333374,0.1402980391798374,0.8192942683019311,0.9393413097463424,1.0,11231.81694498322,126.607819,37.439929,120.260382,22.620829,948.294613924437,False,0,False,0,False,0
CNSHE,USLGB,6.0,5,13705.527778673086,6594.549622643156,17.492398698786864,0.5383306759436567,630.7000000000002,4,2239,13705.527778673086,0.14158871095608083,0.8195655620738862,0.9394323767242746,1.0,11232.578577447468,113.8943,22.467416,-118.217354,33.74561,6307.033160803437,False,0,False,0,True,1
CNYSN,KRINC,35.0,16,13567.253122645248,631.6204767975732,9.906376252073533,0.24125926343746917,630.7,34,2253,13567.253122645248,0.1415887109560806,0.8195655620738862,0.9394323767242746,0.9142857142857143,10166.174565722917,122.066667,30.633333,126.607819,37.439929,466.8095667044448,False,0,False,0,False,0
KRBUS,SADMA,4.0,3,13437.562619427976,6302.846634215102,15.854894873514747,0.36181539825512415,630.6999999999999,4,2273,13437.562619427976,0.1415887109560805,0.8195655620738862,0.9394323767242746,1.0,11012.963561094532,129.052391,35.112607,50.206833,26.510212,3994.1911953270546,False,0,False,0,True,1
CIABI,PTSNS,5.0,5,13365.063712804887,2846.3178018422595,16.695661293021875,0.44876898072435784,629.1976450303621,4,2279,13365.063712804887,0.1395390553728557,0.8191347331020151,0.9392877575087608,1.0,10947.787897279859,-4.0267,5.3364,-8.866667,37.95,1975.9324595456362,False,0,False,0,False,0
HRRJK,MATAN,10.0,10,13145.92807638304,1738.46378725508,15.152593714535184,0.4098731740111238,630.7,9,2303,13145.92807638304,0.1415887109560806,0.8195655620738862,0.9394323767242746,0.9,9696.554939613374,14.430199,45.328375,-5.797516,35.789733,1081.3330822391667,False,0,False,0,False,0
CNYTN,VNHCM,54.0,24,12491.77169411453,975.8384049355941,13.250791842378224,0.34076485458505623,630.6999999999998,50,2377,12491.77169411453,0.1415887109560804,0.8195655620738861,0.9394323767242746,0.9074074074074074,9289.879048138819,114.263091,22.566543,106.710033,10.776988,830.0055413440166,False,0,False,0,False,0
KRBUS,THLCB,16.0,12,12403.006644098099,2586.4655925900447,14.544329488511785,0.4069118097197465,630.130346287721,15,2388,12403.006644098099,0.14081268551888826,0.8194024447950674,0.9393776220665341,1.0,10163.053966983447,129.052391,35.112607,100.886078,13.056152,2020.292728900545,False,0,False,0,False,0
CNDCB,MACAS,5.0,5,12273.160789028243,12240.457476486345,14.803528442617662,0.5017455832676603,630.7,4,2401,12273.160789028243,0.1415887109560806,0.8195655620738862,0.9394323767242746,1.0,10058.659920483113,113.852567,22.533467,-7.616667,33.6,6059.676740697839,False,0,True,1,True,2
CNYTN,INMUN,5.0,4,11538.599482883035,4336.713984119492,16.856265632135507,0.5171648109528463,628.3871881587053,5,2476,11538.599482883035,0.13842928340661176,0.8189014637082977,0.9392094544258082,1.0,9448.976005676725,114.263091,22.566543,69.7,22.766667,2459.23067999169,False,0,False,0,False,0
MXMAN,USLGB,14.0,13,11449.15231175856,1261.4621918072826,14.902817880195206,0.4230800186247066,630.7,13,2490,11449.15231175856,0.1415887109560806,0.8195655620738862,0.9394323767242746,1.0,9383.330949655938,-104.293756,19.073908,-118.217354,33.74561,1153.550461225875,False,0,False,0,False,0
CNYTN,PAMIT,4.0,4,11378.025301691416,12084.994995238398,12.821994479290852,0.22300238520591056,630.7,4,2495,11378.025301691416,0.1415887109560806,0.8195655620738862,0.9394323767242746,1.0,9325.037701671623,114.263091,22.566543,-79.88466,9.361132,8717.459749384529,False,0,True,1,True,2
DOCUC,MXMAN,4.0,4,11196.84722729331,3003.664923119383,10.431855689315118,0.3475263778210928,628.0429056459478,4,2519,11196.84722729331,0.13795698489235353,0.8188021885495933,0.9391761300755226,1.0,9168.003014563208,-69.629288,18.426403,-104.293756,19.073908,1967.9764056632148,False,0,False,0,False,0
HKHKG,TWTAP,65.0,16,10976.526631754808,470.8936349514343,15.408981587862714,0.45327167137079954,630.3347758468952,64,2549,10976.526631754808,0.14109133630998816,0.8194610160178734,0.9393972830569662,0.9538461538461539,8579.689404497116,114.181938,22.298785,121.37318,25.14978,430.6522339958889,False,0,False,0,False,0
CNTJN,VNCMP,6.0,5,10937.173805655642,2371.1679009821073,16.307785492176507,0.35412565499503357,630.6999999999999,6,2556,10937.173805655642,0.1415887109560805,0.8195655620738862,0.9394323767242746,1.0,8963.730997531951,117.8143,38.97075,107.012844,10.522075,1803.4442375747735,False,0,False,0,False,0
EGPSA,ITTRS,11.0,9,10865.058897602044,1372.0046787137321,14.4734397616114,0.3489805561080802,630.7,11,2570,10865.058897602044,0.1415887109560806,0.8195655620738862,0.9394323767242746,1.0,8904.628102379098,32.319633,31.269083,13.75,45.65,1222.0918585389204,False,0,False,0,False,0
USBOS,USSAV,15.0,10,10620.32274083719,988.4601163140287,15.558347973400707,0.41413182919286173,629.6926206582385,14,2599,10620.32274083719,0.14021542854661906,0.8192769038947271,0.9393354809207256,0.9333333333333333,8120.919457910798,-71.083333,42.35,-81.0833,32.0833,778.9065061919267,False,0,False,0,False,0
ESVAL,TRDER,9.0,7,10437.025242236816,1644.6674011134533,13.195023783636842,0.27257338780588536,630.7,9,2621,10437.025242236816,0.1415887109560806,0.8195655620738862,0.9394323767242746,0.8888888888888888,7603.40129691836,-0.316667,39.45,29.834417,40.7459,1380.142054667585,False,0,False,0,False,0
CNNBO,JPTOK,59.0,15,10324.082189891045,1054.7385469690537,13.408376851933232,0.4340148109545561,629.9706745898027,37,2630,10324.082189891045,0.1405949168149364,0.8193566707305869,0.9393622567830265,0.8813559322033898,7455.482911793556,121.683333,29.966667,139.75,35.6667,971.9009979499713,False,0,False,0,False,0
DEBHN,GBSOU,23.0,11,10297.896279142433,507.24496311763767,12.693490479334582,0.24286979280006038,630.7,18,2632,10297.896279142433,0.1415887109560806,0.8195655620738862,0.9394323767242746,1.0,8439.80115219395,8.548651,53.563407,-1.4,50.9,398.81969000797966,False,0,False,0,False,0
BJCOT,NGONN,46.0,15,10130.489452731454,426.1758791270534,12.083100084868704,0.38382001131314525,630.7000000000003,14,2650,10130.489452731454,0.14158871095608094,0.8195655620738862,0.9394323767242746,0.9782608695652174,8122.1089719242245,2.428967,6.3469,7.166667,4.683333,300.2275517371557,False,0,False,0,False,0
CNWGQ,INMUN,7.0,6,10025.121608908348,5082.348697094776,13.027324606726866,0.4384076842531813,629.952175634352,1,2666,10025.121608908348,0.14056967982558577,0.819351366021706,0.9393604761162493,0.8571428571428571,7040.654644108095,121.617967,31.353633,69.7,22.766667,2798.1313012042897,False,0,False,0,True,1
CNLYG,JPYOK,42.0,7,9512.869760597121,1185.4348621479087,11.621728357591541,0.3024003983809522,628.1745554888419,11,2739,9512.869760597121,0.13813764777739912,0.8188401631272035,0.9391888772535956,0.9047619047619048,7047.660795472789,119.483333,34.733333,139.679832,35.450183,991.4020192087039,False,0,False,0,False,0
CNYTN,TWKEE,29.0,13,9270.315811865488,524.8361061239926,11.046260067311573,0.24909987786734816,627.1722056353898,28,2772,9270.315811865488,0.13676021492134482,0.8185506325416495,0.9390916886036117,1.0,7588.222871663351,114.263091,22.566543,121.7559,25.15113,439.62317008842524,False,0,False,0,False,0
JPNAG,TWKEE,26.0,10,9198.16328492384,1044.407826177584,16.777809589295664,0.531629546906801,630.4892443549089,26,2782,9198.16328492384,0.14130176708416564,0.8195052476804175,0.9394121305921964,1.0,7537.943081016434,136.866667,35.066667,121.7559,25.15113,983.0582258289688,False,0,False,0,False,0
CNDAL,CNMWN,31.0,5,9136.762444952174,1316.3914036188814,13.647519587739536,0.39788356649910495,630.7000000000002,30,2793,9136.762444952174,0.14158871095608083,0.8195655620738862,0.9394323767242746,0.9354838709677419,7005.067729459718,121.737442,38.978628,113.862187,22.508158,1068.0065178845362,False,0,False,0,False,0
ESVAL,TGLOM,4.0,4,8976.491761019395,3506.618567134916,14.821010160370824,0.39059988410580493,628.9422143370128,3,2824,8976.491761019395,0.13918959856955027,0.8190612787536291,0.9392631006009546,1.0,7352.2968205019615,-0.316667,39.45,1.286945,6.137824,2001.9610532013787,False,0,False,0,False,0
DOCUC,GPPPE,34.0,14,8955.471471320201,527.4924852624649,12.91722464676492,0.36150579357880896,630.7000000000002,34,2827,8955.471471320201,0.14158871095608083,0.8195655620738862,0.9394323767242746,1.0,7339.596010029193,-69.629288,18.426403,-61.533333,16.216667,482.56550878708214,False,0,False,0,False,0
BEZEE,DEWVN,21.0,12,8947.317059062127,343.1892638616033,12.233597991625242,0.38706261408889336,625.7875504760242,20,2829,8947.317059062127,0.13485015867099348,0.8181491467616533,0.9389569192117324,1.0,7320.239817677664,3.2,51.333333,8.170278,53.541667,225.0292068842133,False,0,False,0,False,0
MXLCS,PACOL,7.0,7,8931.152495652479,1678.085705598555,13.902248623510923,0.35249730266702356,629.9856144720101,3,2832,8931.152495652479,0.14061529729730982,0.8193609546221534,0.9393636947852922,1.0,7317.837634713843,-102.166667,17.883333,-79.892063,9.359918,1395.1304523765257,False,0,False,0,False,0
CNSHE,MXESE,4.0,4,8874.199930153689,6882.354254110575,17.006604730778193,0.47196499136425507,630.6999999999999,3,2841,8874.199930153689,0.1415887109560805,0.8195655620738862,0.9394323767242746,1.0,7272.988653712449,113.8943,22.467416,-116.6246,31.850733,6442.515064624959,False,0,False,0,True,1
BDCTG,VNHCM,14.0,6,8675.05790013558,2172.300919298942,14.865847614138827,0.45389698756903685,630.6999999999999,2,2877,8675.05790013558,0.1415887109560805,0.8195655620738862,0.9394323767242746,1.0,7109.778703948124,91.883333,22.35,106.710033,10.776988,1098.8171349191375,False,0,False,0,False,0
CNBYQ,CNTJN,114.0,35,8661.394704675571,249.29846834826625,9.796869640330712,0.30859000945514004,630.7000000000002,44,2880,8661.394704675571,0.14158871095608083,0.8195655620738862,0.9394323767242746,0.9210526315789473,6538.166544259015,122.0684,40.268517,117.8143,38.97075,211.5856440231927,False,0,False,0,False,0
USCHA,USWMT,39.0,17,8485.337098481612,183.63595685337643,8.55589338749367,0.2080581502992588,630.7,32,2896,8485.337098481612,0.1415887109560806,0.8195655620738862,0.9394323767242746,1.0,6954.290068503481,-79.938165,32.87698,-77.957268,34.200019,127.0281131436335,False,0,False,0,False,0
ESVAL,GPPPE,5.0,4,8435.378563060234,3666.57005873484,16.250986977326427,0.44213656679019864,630.7,5,2903,8435.378563060234,0.1415887109560806,0.8195655620738862,0.9394323767242746,1.0,6913.345773340471,-0.316667,39.45,-61.533333,16.216667,3463.8964535233463,False,0,False,0,False,0
CNBYQ,CNDAL,212.0,24,8285.623991074248,203.0060537207483,9.164814904238726,0.3484093306641239,628.8086320511721,107,2925,8285.623991074248,0.13900673049930223,0.819022840655376,0.9392501978298362,0.9952830188679245,6754.105319952285,122.0684,40.268517,121.737442,38.978628,78.94326857180003,False,0,False,0,False,0
NGLAG,ZAPLZ,6.0,6,8090.118782067203,3403.5728396551776,13.215088343983565,0.36001814076457034,630.6999999999999,1,2949,8090.118782067203,0.1415887109560805,0.8195655620738862,0.9394323767242746,1.0,6630.382746869411,3.3833,6.45,25.6372,-33.9618,2736.1417357379983,False,0,False,0,False,0
FRLEH,PLGDA,5.0,5,7909.889591351425,1257.7588408097415,16.26002091293232,0.5288999392525824,630.6999999999999,5,2983,7909.889591351425,0.1415887109560805,0.8195655620738862,0.9394323767242746,1.0,6482.673108878313,0.094067,49.480233,18.666667,54.35,744.5494631115613,False,0,False,0,False,0
CNTJN,VNHCM,13.0,7,7857.26025063258,2316.452931519592,13.674374924090957,0.4684680322274624,630.6999999999998,9,2985,7857.26025063258,0.1415887109560804,0.8195655620738861,0.9394323767242746,0.9230769230769231,5944.190689541994,117.8143,38.97075,106.710033,10.776988,1794.109577649218,False,0,False,0,False,0
CNQIN,TWTAP,37.0,10,7807.047675383121,777.7733296641427,14.387151449484781,0.4433426342598071,630.7,36,2996,7807.047675383121,0.1415887109560806,0.8195655620738862,0.9394323767242746,1.0,6398.387416212994,120.2667,36.0333,121.37318,25.14978,655.9337603982872,False,0,False,0,False,0
CNFUN,KRBUS,44.0,7,7291.901991815809,898.4600547543856,12.797032667200376,0.48398777206151905,630.1609899885378,44,3081,7291.901991815809,0.14085446639620192,0.8194112269595267,0.9393805700338658,0.9772727272727273,5839.26939530099,119.308128,25.393912,129.052391,35.112607,771.033380081232,False,0,False,0,False,0
AEJAL,CNXIA,4.0,4,7196.116831552853,5342.104748113189,12.49847814406318,0.35981165996362235,629.8160143771876,1,3100,7196.116831552853,0.14038387776566852,0.8193123112111804,0.9393473663292363,1.0,5895.867113005244,55.0606,25.0136,118.042517,24.44535,3401.3399201503016,False,0,False,0,True,1
OMSOH,PKKAR,49.0,13,7044.252876612029,594.4367894339117,11.91270843331293,0.29349746081544736,630.7,44,3124,7044.252876612029,0.1415887109560806,0.8195655620738862,0.9394323767242746,0.8979591836734694,5184.12226533244,56.625595,24.507768,66.9833,24.7833,565.3381102566392,False,0,False,0,False,0
CNNBO,INKAN,4.0,4,6921.3341257658885,5045.358040988302,13.739905225574837,0.49067179448677917,628.5602983945896,1,3151,6921.3341257658885,0.13866656646499365,0.8189513396078986,0.9392261965994879,1.0,5668.235854169838,121.683333,29.966667,70.185127,22.953651,2777.3635116921328,False,0,False,0,True,1
PKQAS,SGSGP,5.0,5,6471.733265374946,2949.582245449202,14.829704043906013,0.35244908717767365,630.7,5,3243,6471.733265374946,0.1415887109560806,0.8195655620738862,0.9394323767242746,1.0,5304.009711229285,67.343788,24.775279,103.802776,1.248823,2541.8393740543524,False,0,False,0,False,0
PAMIT,USNFK,4.0,4,6455.634144182357,1820.104546828285,13.699504852900395,0.3322159285681694,630.7,3,3249,6455.634144182357,0.1415887109560806,0.8195655620738862,0.9394323767242746,1.0,5290.815425920185,-79.88466,9.361132,-76.316667,36.85,1661.8142812839142,False,0,False,0,False,0
CNSHE,INVIS,8.0,4,6326.429898913649,3050.9701310670207,14.464925019238171,0.4699454454839199,630.7,8,3279,6326.429898913649,0.1415887109560806,0.8195655620738862,0.9394323767242746,1.0,5184.924076024204,113.8943,22.467416,83.301433,17.687283,1745.7571349858529,False,0,False,0,False,0
CNBYQ,CNQIN,51.0,29,6043.616581000577,442.4180928792922,10.326171406834511,0.3142489484586938,630.6999999999999,26,3343,6043.616581000577,0.1415887109560805,0.8195655620738862,0.9394323767242746,0.9411764705882353,4661.778842509925,122.0684,40.268517,120.2667,36.0333,268.11818658901734,False,0,False,0,False,0
LBKYE,SIKOP,6.0,5,5810.700899298552,1488.6879165763228,15.64030712612292,0.389281608892895,630.7000000000002,3,3390,5810.700899298552,0.14158871095608083,0.8195655620738862,0.9394323767242746,1.0,4762.250348576854,35.836183,34.471133,13.726419,45.550429,1208.6696290639052,False,0,False,0,False,0
INNSA,VNHPG,7.0,3,5738.382893985199,3812.6671117220417,14.52149344662768,0.49569630327287434,630.7,6,3412,5738.382893985199,0.1415887109560806,0.8195655620738862,0.9394323767242746,1.0,4702.981001904153,72.9428,18.953883,106.828308,20.81389,1913.030101325014,False,0,False,0,False,0
BEZEE,PTSNS,5.0,5,5731.518496115391,1365.7481343600768,11.922286836546691,0.321394464113933,627.2482108420895,5,3416,5731.518496115391,0.13686481580686716,0.8185726192072802,0.9390990690133401,1.0,4691.664107400147,3.2,51.333333,-8.866667,37.95,951.9236868333053,False,0,False,0,False,0
CNDAL,CNQUA,36.0,5,5646.472598195586,954.0894968559132,10.516289633317609,0.4756392575025791,630.7000000000002,19,3431,5646.472598195586,0.14158871095608083,0.8195655620738862,0.9394323767242746,1.0,4627.6544886749625,121.737442,38.978628,118.682805,24.833576,863.2729619963836,False,0,False,0,False,0
CNQIZ,CNSHE,120.0,37,5582.437124371473,450.9176503595412,10.26689745279301,0.32130372770277665,630.3155450750126,78,3447,5582.437124371473,0.1410651312184137,0.819455507817982,0.9393954340830133,0.925,4231.466934967748,108.6,21.683333,113.8943,22.467416,298.28913523991395,False,0,False,0,False,0
ITGOA,TRBAM,13.0,4,5548.136316287298,1372.2645725090138,13.057833022395702,0.3832600458723078,630.7,12,3458,5548.136316287298,0.1415887109560806,0.8195655620738862,0.9394323767242746,1.0,4547.061458520539,8.923988,44.403373,28.678178,40.961688,893.6475315341587,False,0,False,0,False,0
CNLYG,CNNSA,18.0,9,5446.852269460442,1242.462362577732,10.748150674866562,0.29048400372335925,630.7,12,3490,5446.852269460442,0.1415887109560806,0.8195655620738862,0.9394323767242746,0.8888888888888888,3968.046703781128,119.483333,34.733333,113.682083,22.64515,787.0451845626833,False,0,False,0,False,0
MXMAN,USOAK,4.0,4,5427.089490245084,1912.0158267804452,14.537282419477888,0.5966763826235958,628.8756347003417,4,3495,5427.089490245084,0.13909846378771495,0.8190421226062836,0.939256670330053,1.0,4445.014895664587,-104.293756,19.073908,-122.320518,37.814824,1467.9223509779004,False,0,False,0,False,0
ITTRS,LBBRT,4.0,3,5393.681125746183,1467.2147247576852,16.633093937866466,0.35226773765694686,630.6999999999999,3,3502,5393.681125746183,0.1415887109560805,0.8195655620738862,0.9394323767242746,1.0,4420.475303469482,13.75,45.65,35.516567,33.904758,1220.7232025542908,False,0,False,0,False,0
CNYTN,INNSA,4.0,4,5391.925430654372,3979.349830218687,14.424716461066966,0.6213213029048833,630.6999999999999,4,3503,5391.925430654372,0.1415887109560805,0.8195655620738862,0.9394323767242746,1.0,4419.036396234731,114.263091,22.566543,72.9428,18.953883,2322.7912598796484,False,0,False,0,False,0
CNZOS,DJDJI,4.0,4,5373.030634064561,5960.59060646653,12.249845440835523,0.6918462289953933,627.7516288090619,2,3513,5373.030634064561,0.13755699682194977,0.8187181127416658,0.9391479077920178,1.0,4398.997500424493,122.099218,30.006902,43.133333,11.583333,4488.913125898136,False,0,False,0,True,1
CNBYQ,CNLYG,67.0,13,4356.937948251321,500.73131447562446,9.36579335124753,0.27755227509955593,630.7000000000002,40,3798,4356.937948251321,0.14158871095608083,0.8195655620738862,0.9394323767242746,0.9701492537313433,3464.2053641966645,122.0684,40.268517,119.483333,34.733333,354.3654549497946,False,0,False,0,False,0
CNZOS,VNHPG,15.0,11,4240.200888708301,1355.3781372567657,10.65964948514407,0.274852685164738,630.6999999999999,10,3835,4240.200888708301,0.1415887109560805,0.8195655620738862,0.9394323767242746,0.9333333333333333,3243.4477830163833,122.099218,30.006902,106.828308,20.81389,993.627155848082,False,0,False,0,False,0
CNGLA,CNNBO,34.0,5,4214.684846144945,821.2347909704104,10.857151955113904,0.4636708370986205,630.7,7,3851,4214.684846144945,0.1415887109560806,0.8195655620738862,0.9394323767242746,1.0,3454.2105548950726,113.212217,21.928867,121.683333,29.966667,664.3750028240879,False,0,False,0,False,0
BEZEE,DEHAM,10.0,10,4056.1771581670373,446.1904499662742,9.782907635975526,0.2360311906456543,628.9037730753256,9,3909,4056.1771581670373,0.1391369821927353,0.8190502190128062,0.9392593881044745,0.9,2989.9915107763086,3.2,51.333333,9.903145,53.539287,278.66424520327416,False,0,False,0,False,0
CNZOS,VNHCM,12.0,11,4028.2052774741132,1644.2862447853538,12.577296401101991,0.3854985273151436,630.0824747644789,9,3914,4028.2052774741132,0.14074740738921188,0.8193887236071155,0.9393730161844623,0.9166666666666666,3025.6104823422133,122.099218,30.006902,106.710033,10.776988,1439.6344032828297,False,0,False,0,False,0
AEJAL,VNHCM,4.0,3,4024.385222804228,4226.986905246224,14.402223931000742,0.47886699562133367,627.9073632733752,1,3917,4024.385222804228,0.13777090114439705,0.8187630745294281,0.9391630004132175,1.0,3295.018018113987,55.0606,25.0136,106.710033,10.776988,3052.7465337046547,False,0,False,0,False,0
CNYSN,TWTAP,9.0,7,3958.8609843230392,454.2963364526134,13.011641885232487,0.4338797072148061,626.2535656608474,8,3942,3958.8609843230392,0.1354939441682964,0.8182844677620098,0.939002343308513,1.0,3239.4744535005643,122.066667,30.633333,121.37318,25.14978,331.2824846523955,False,0,False,0,False,0
CNZOS,JPYOK,19.0,8,3944.495826035451,1042.5135548423245,13.642014558593507,0.3568055542076618,629.9010823667286,16,3951,3944.495826035451,0.14049996871604553,0.8193367130400554,0.939355557452813,0.8947368421052632,2891.6733768405147,122.099218,30.006902,139.679832,35.450183,944.5384090506532,False,0,False,0,False,0
MXMAN,MXMAN,28.0,20,3935.8143873843933,67.04062671789045,2.512873235827575,0.20088419747968658,628.5202214251844,10,3955,3935.8143873843933,0.1386116443917068,0.8189397952193872,0.9392223214181071,0.8928571428571429,2877.852703951869,-104.293756,19.073908,-104.293756,19.073908,0.0,False,0,False,0,False,0
JMKIN,USBAL,5.0,5,3864.4913424094075,1450.610390233492,15.801615846829495,0.5289659507177193,630.7,4,3981,3864.4913424094075,0.1415887109560806,0.8195655620738862,0.9394323767242746,1.0,3167.204019171433,-76.7936,17.997,-76.583333,39.283333,1278.0882140943322,False,0,False,0,False,0
CNGLA,CNNSA,280.0,41,3823.8825334418175,129.9602479798642,7.079175501474352,0.23241266132212918,630.6999999999999,218,4003,3823.8825334418175,0.1415887109560805,0.8195655620738862,0.9394323767242746,0.9928571428571429,3111.5372775545825,113.212217,21.928867,113.682083,22.64515,50.30796228138429,False,0,False,0,False,0
ITGOA,SAJED,4.0,2,3710.4607773089047,2175.887043917108,11.19660520526014,0.20278509524532728,630.7,2,4050,3710.4607773089047,0.1415887109560806,0.8195655620738862,0.9394323767242746,1.0,3040.9658725082813,8.923988,44.403373,39.1667,21.466667,2032.6913443396259,False,0,False,0,False,0
CNSHE,JPYOK,8.0,6,3703.7862674978487,1644.0447972456136,14.64233610038639,0.5016282279998634,629.8941530529804,8,4051,3703.7862674978487,0.14049051356337516,0.8193347256067826,0.9393548903179182,1.0,3034.6407051865194,113.8943,22.467416,139.679832,35.450183,1555.6481179684138,False,0,False,0,False,0
IDJAK,VNHPG,8.0,5,3668.779021235283,1703.2247119034932,14.493810580793335,0.4901169407085656,630.6999999999999,5,4069,3668.779021235283,0.1415887109560805,0.8195655620738862,0.9394323767242746,1.0,3006.804940663577,106.788826,-6.09208,106.828308,20.81389,1615.4485128077295,False,0,False,0,False,0
ITTRS,MTMAL,6.0,5,3496.359991020833,858.6064039184565,10.472150415408152,0.2893066802763473,630.7,6,4136,3496.359991020833,0.1415887109560806,0.8195655620738862,0.9394323767242746,1.0,2865.496241253637,13.75,45.65,14.539518,35.819159,591.3314792119804,False,0,False,0,False,0
BJCOT,NAWVB,4.0,4,3456.3368748769726,1951.3332644217353,13.713812029111786,0.32994897595493405,630.7,2,4144,3456.3368748769726,0.1415887109560806,0.8195655620738862,0.9394323767242746,1.0,2832.6946735752454,2.428967,6.3469,14.5,-22.95,1896.4060149512688,False,0,False,0,False,0
JPNAG,VNHCM,6.0,5,3371.9622103473866,2324.21305407071,14.72849001210204,0.49065169853341695,630.6999999999999,6,4175,3371.9622103473866,0.1415887109560805,0.8195655620738862,0.9394323767242746,1.0,2763.5441042152597,136.866667,35.066667,106.710033,10.776988,2198.425429714129,False,0,False,0,False,0
ILASD,TRDER,8.0,7,3294.7032648376344,943.0432554317481,13.469157847478911,0.28788239277934574,630.7,8,4210,3294.7032648376344,0.1415887109560806,0.8195655620738862,0.9394323767242746,0.875,2362.697166474158,34.65,31.816667,29.834417,40.7459,584.3318071375257,False,0,False,0,False,0
CNDCB,CNFUN,31.0,9,3175.517832286003,436.09228560049627,9.880634696629832,0.43165319621170767,630.7000000000002,20,4257,3175.517832286003,0.14158871095608083,0.8195655620738862,0.9394323767242746,1.0,2602.5450570931266,113.852567,22.533467,119.308128,25.393912,345.03221250742484,False,0,False,0,False,0
CNBYQ,CNWGQ,25.0,8,2851.442153397012,712.601626802774,9.785464652683181,0.22251573920566498,630.7,23,4387,2851.442153397012,0.1415887109560806,0.8195655620738862,0.9394323767242746,0.96,2243.466039523195,122.0684,40.268517,121.617967,31.353633,535.7005417199736,False,0,False,0,False,0
JPTOK,VNHPG,4.0,3,2838.9837676378966,2171.6471836127084,15.911770685442468,0.4742069665524422,630.7,4,4391,2838.9837676378966,0.1415887109560806,0.8195655620738862,0.9394323767242746,1.0,2326.733327242792,139.75,35.6667,106.828308,20.81389,1943.3187657869903,False,0,False,0,False,0
CNDAL,CNSHE,8.0,7,2691.768727904594,1341.0713964177917,15.073794739286736,0.4629091257972226,630.6999999999999,8,4465,2691.768727904594,0.1415887109560805,0.8195655620738862,0.9394323767242746,0.875,1930.3208316507835,121.737442,38.978628,113.8943,22.467416,1069.6806742215565,False,0,False,0,False,0
CNCGM,CNYTN,4.0,4,2675.1626058708343,942.3736569715861,9.746748662275962,0.20422381778811471,630.7,3,4473,2675.1626058708343,0.1415887109560806,0.8195655620738862,0.9394323767242746,1.0,2192.4711447195723,121.382233,31.619333,114.263091,22.566543,663.0666515079205,False,0,False,0,False,0
CNTAI,MYPKE,5.0,4,2655.474063840329,2459.086861877993,13.947568131074052,0.5611191512680873,628.159741570656,3,4486,2655.474063840329,0.1381173224405009,0.8188358908269837,0.939187443142274,1.0,2174.3974706326467,121.211133,31.6506,101.34485,3.00525,2053.795466489285,False,0,False,0,False,0
CNLYG,CNLYG,113.0,13,2577.0227308384224,32.03687474864813,5.759240537715845,0.204060920558905,630.6999999999999,67,4523,2577.0227308384224,0.1415887109560805,0.8195655620738862,0.9394323767242746,0.9911504424778761,2093.348471523881,119.483333,34.733333,119.483333,34.733333,0.0,False,0,False,0,False,0
CNXIA,IDSUR,4.0,4,2558.6681985361733,2204.170293342623,15.420136634130646,0.689124990425102,629.0458104129918,4,4532,2558.6681985361733,0.13933136341127395,0.8190910771263447,0.9392731032181578,1.0,2095.782290747918,118.042517,24.44535,112.731533,-7.1937,1924.9004778181202,False,0,False,0,False,0
CNSHA,CNYSN,158.0,14,2448.996303296936,179.72871242985485,4.93995069342124,0.21623672987169826,630.6999999999999,131,4593,2448.996303296936,0.1415887109560805,0.8195655620738862,0.9394323767242746,1.0,2007.1130318284227,121.46055,31.130717,122.066667,30.633333,43.211593708036894,False,0,False,0,False,0
MXVER,USNOL,4.0,4,2336.3882425388015,841.1498616036491,13.037254167205242,0.26236357225326196,630.7,3,4662,2336.3882425388015,0.1415887109560806,0.8195655620738862,0.9394323767242746,1.0,1914.823343219132,-96.1333,19.2,-90.061119,29.923919,723.862118491697,False,0,False,0,False,0
CNRIZ,CNYTN,6.0,5,2335.574543988062,1169.4976887595396,13.251792567563612,0.5876313977816542,630.6999999999999,4,4663,2335.574543988062,0.1415887109560805,0.8195655620738862,0.9394323767242746,1.0,1914.1564639090366,119.533333,35.35,114.263091,22.566543,815.5515354536042,False,0,False,0,False,0
MYTPP,PHMAN,6.0,5,2284.0155006910168,1419.1116766610467,11.767853067430543,0.34039902055197785,630.7,3,4702,2284.0155006910168,0.1415887109560806,0.8195655620738862,0.9394323767242746,1.0,1871.9004476093019,103.549576,1.327854,120.94162,14.596732,1303.4318290330843,False,0,False,0,False,0
CNNSA,JPOSK,7.0,5,2110.0620660152726,1451.6540080903233,14.941440577813355,0.5485297630973595,630.6999999999999,7,4816,2110.0620660152726,0.1415887109560805,0.8195655620738862,0.9394323767242746,1.0,1729.3342031445925,113.682083,22.64515,135.433333,34.65,1349.1558201739363,False,0,False,0,False,0
CNLYG,CNSHE,5.0,4,2034.5611897907881,1225.159585494911,14.819033431535903,0.6079327752134022,629.7705392964606,3,4867,2034.5611897907881,0.14032180577259545,0.8192992639396405,0.9393429866651517,1.0,1666.914485235752,119.483333,34.733333,113.8943,22.467416,792.7914188585419,False,0,False,0,False,0
CNGLA,CNXIA,42.0,6,2027.2147888668023,370.34421111458914,9.937466869674243,0.311846453529355,630.7,31,4874,2027.2147888668023,0.1415887109560806,0.8195655620738862,0.9394323767242746,1.0,1661.4354278821154,113.212217,21.928867,118.042517,24.44535,306.38696305831655,False,0,False,0,False,0
KRBUS,TWTAP,9.0,9,2005.1248431931465,738.0807410524922,15.939653965852298,0.4905240810441539,627.4099506833559,9,4882,2005.1248431931465,0.13708732319223893,0.818619389322639,0.9391147686478455,0.8888888888888888,1459.0525108003785,129.052391,35.112607,121.37318,25.14978,718.3007729978002,False,0,False,0,False,0
CNDAL,TWTAP,6.0,5,1983.9694914265247,892.2568447391421,16.297992847272507,0.5198635139399916,628.0269842615548,4,4891,1983.9694914265247,0.13793513086609233,0.8187975949253072,0.9391745881032226,1.0,1624.4694479852233,121.737442,38.978628,121.37318,25.14978,830.495052062733,False,0,False,0,False,0
CNNSA,CNSHA,13.0,2,1911.5899329779245,922.8422996803869,11.103928287617945,0.4341857725560126,630.7,12,4933,1911.5899329779245,0.1415887109560806,0.8195655620738862,0.9394323767242746,1.0,1566.673277875835,113.682083,22.64515,121.46055,31.130717,657.6099478114489,False,0,False,0,False,0
CNTJN,JPTOK,9.0,8,1868.914681452583,1324.564893893746,12.758496686544252,0.41653700133820265,629.6908707018575,8,4975,1868.914681452583,0.14021303914323546,0.8192764016521984,0.9393353123296483,0.8888888888888888,1361.0290624137215,117.8143,38.97075,139.75,35.6667,1063.2994015637473,False,0,False,0,False,0
OMSAL,PKKAR,4.0,3,1852.5456269495892,1231.0222087651,12.383769521578484,0.2679098298491153,630.7000000000002,4,4991,1852.5456269495892,0.14158871095608083,0.8195655620738862,0.9394323767242746,1.0,1518.28259801846,54.002781,16.946141,66.9833,24.7833,866.1885887523711,False,0,False,0,False,0
BEZEE,GBLGP,8.0,8,1833.537206101411,202.94303942118225,8.031678322463176,0.2240276330414574,629.8599259210084,5,5002,1833.537206101411,0.14044380707608684,0.8193249080998498,0.9393515948103186,0.875,1314.4798650258572,3.2,51.333333,0.486317,51.502973,102.11206276987436,False,0,False,0,False,0
CNFUN,CNQIN,7.0,6,1753.34956723341,825.0631753765496,12.916577100388285,0.3772869744257936,630.6999999999999,5,5064,1753.34956723341,0.1415887109560805,0.8195655620738862,0.9394323767242746,1.0,1436.9849235816548,119.308128,25.393912,120.2667,36.0333,640.6958946201029,False,0,False,0,False,0
DEWVN,GBSOU,4.0,4,1548.2553693250823,660.1237955704473,7.974471631045592,0.24238774388814394,630.7,4,5214,1548.2553693250823,0.1415887109560806,0.8195655620738862,0.9394323767242746,1.0,1268.8967819948234,8.170278,53.541667,-1.4,50.9,385.69187833654195,False,0,False,0,False,0
EGSOK,ILASD,33.0,1,1521.9974386217864,300.38592065787975,8.923705188850718,0.23586363573785613,630.7000000000002,10,5232,1521.9974386217864,0.14158871095608083,0.8195655620738862,0.9394323767242746,1.0,1247.3766862590794,32.33,29.58,34.65,31.816667,179.9320611565037,False,0,False,0,False,0
USBAL,USPEV,4.0,3,1514.4956831929308,891.5790421396325,14.739278750609227,0.32829575665195904,630.7000000000002,4,5240,1514.4956831929308,0.14158871095608083,0.8195655620738862,0.9394323767242746,1.0,1241.2285058544885,-76.583333,39.283333,-80.1,26.083333,812.0195449930532,False,0,False,0,False,0
CNGLA,CNQIN,8.0,4,1512.5742241358473,1291.709266133747,10.966093552611651,0.48828742110827206,630.7,2,5244,1512.5742241358473,0.1415887109560806,0.8195655620738862,0.9394323767242746,1.0,1239.653744182368,113.212217,21.928867,120.2667,36.0333,923.6009229841394,False,0,False,0,False,0
DEBHN,FRDKK,4.0,4,1358.1212719296398,360.09420696575694,14.229072925340988,0.2443505120186228,630.7,3,5376,1358.1212719296398,0.1415887109560806,0.8195655620738862,0.9394323767242746,1.0,1113.0694235935164,8.548651,53.563407,2.35,51.0667,272.31034963802443,False,0,False,0,False,0
CNBYQ,CNBYQ,12.0,12,1190.2254239525523,1926.8021326796713,9.52007535088814,0.43280752121445637,630.6063612218895,2,5525,1190.2254239525523,0.14146124540995675,0.819538769352887,0.9394233830340974,0.9166666666666666,894.1495559320435,122.0684,40.268517,122.0684,40.268517,0.0,False,0,False,0,False,0
CNGLA,CNYTN,177.0,17,1184.6499776725852,101.92203180534419,6.203310591210621,0.21312376159781654,630.7000000000002,147,5529,1184.6499776725852,0.14158871095608083,0.8195655620738862,0.9394323767242746,0.9943502824858758,965.4130235419245,113.212217,21.928867,114.263091,22.566543,69.8290286545332,False,0,False,0,False,0
AUFRE,AUFRE,4.0,4,1181.0778321754894,813.6397983861076,12.582655210436723,0.24609589133446763,630.6999999999999,4,5536,1181.0778321754894,0.1415887109560805,0.8195655620738862,0.9394323767242746,1.0,967.970717379912,115.75,-32.05,115.75,-32.05,0.0,False,0,False,0,False,0
CNQIZ,CNYTN,34.0,17,1048.9046363274877,457.55953771894787,8.831336184167801,0.30748264944819886,630.7,18,5662,1048.9046363274877,0.1415887109560806,0.8195655620738862,0.9394323767242746,1.0,859.6461178336426,108.6,21.683333,114.263091,22.566543,319.38762408614883,False,0,False,0,False,0
CNSHA,CNZOS,8.0,6,961.7152187221237,147.82949782864733,9.422649786809972,0.21842759910104897,630.7,5,5753,961.7152187221237,0.1415887109560806,0.8195655620738862,0.9394323767242746,1.0,788.1886737870077,121.46055,31.130717,122.099218,30.006902,75.11863883453586,False,0,False,0,False,0
HRRJK,HRRJK,6.0,6,739.8794555980307,130.60114073203206,6.274048494703849,0.20033071551088918,630.7,4,6090,739.8794555980307,0.1415887109560806,0.8195655620738862,0.9394323767242746,1.0,606.379721894121,14.430199,45.328375,14.430199,45.328375,0.0,False,0,False,0,False,0
CNMWN,CNQIZ,23.0,16,737.3838752111312,439.13230060929146,8.918532796371403,0.29214910288812257,630.7,10,6095,737.3838752111312,0.1415887109560806,0.8195655620738862,0.9394323767242746,0.9130434782608695,551.7836101384457,113.862187,22.508158,108.6,21.683333,296.88136592918175,False,0,False,0,False,0
CNCGM,CNLYG,4.0,4,668.6638335345626,470.38888140640086,10.877754191160301,0.2664764670316214,628.4807421444864,3,6198,668.6638335345626,0.1385575345512603,0.8189284215587984,0.9392185035460993,1.0,547.5878177499145,121.382233,31.619333,119.483333,34.733333,209.8976731519617,False,0,False,0,False,0
CNDCB,CNYTN,28.0,20,508.6300187021742,83.95271810430424,8.62805643777348,0.21414362797119088,630.7,24,6479,508.6300187021742,0.1415887109560806,0.8195655620738862,0.9394323767242746,0.8928571428571429,372.1925421118738,113.852567,22.533467,114.263091,22.566543,22.850041385927458,False,0,False,0,False,0
CNZOS,KRINC,5.0,5,506.31092926645255,500.4881028440512,12.582252715205467,0.4643382079682366,630.7,2,6487,506.31092926645255,0.1415887109560806,0.8195655620738862,0.9394323767242746,1.0,414.9550013284118,122.099218,30.006902,126.607819,37.439929,499.68480621286835,False,0,False,0,False,0
CNGLA,TWKAO,8.0,3,488.69484742938977,428.4528807451513,9.791689089765546,0.2249986707046291,630.7,7,6521,488.69484742938977,0.1415887109560806,0.8195655620738862,0.9394323767242746,1.0,400.5174673160799,113.212217,21.928867,120.260382,22.620829,393.7549561514363,False,0,False,0,False,0
CLVAL,CLVAL,4.0,4,259.9407726790144,15.846504811604111,2.466625220739427,0.2007595218058604,628.3356521025524,1,7023,259.9407726790144,0.13835861742310218,0.81888661001616,0.9392044683885529,1.0,212.86201814409938,-71.6167,-33.033333,-71.6167,-33.033333,0.0,False,0,False,0,False,0
CNGLA,CNMWN,20.0,7,127.53491779007338,70.5027110770135,5.799803597571296,0.2170120122691122,630.7,8,7431,127.53491779007338,0.1415887109560806,0.8195655620738862,0.9394323767242746,1.0,104.52322658266836,113.212217,21.928867,113.862187,22.508158,50.1482091328312,False,0,False,0,False,0
CNQUA,HKHKG,5.0,2,87.68131666187436,333.3091636706472,6.710518690059609,0.2804551360789057,630.7,4,7575,87.68131666187436,0.1415887109560806,0.8195655620738862,0.9394323767242746,1.0,71.86058757336747,118.682805,24.833576,114.181938,22.298785,290.6793618141053,False,0,False,0,False,0
