origin_port,dest_port,frequency,n_vessels,total_emission,mean_distance,mean_speed,mean_load_factor,EF_avg_e,n_legs_direct,corridor_id,E_e,eta_LNG,eta_green_methanol,eta_green_ammonia,alpha_e,W_e,origin_lon,origin_lat,dest_lon,dest_lat,gc_distance_nm,range_violating_LNG,k_e_LNG,range_violating_green_methanol,k_e_green_methanol,range_violating_green_ammonia,k_e_green_ammonia
MATAN,SGSGP,244.0,127,3186539.1807995965,10896.68319553589,16.356190114645326,0.6443644764784269,625.4289473364067,236,0,3186539.1807995965,0.13435410640052947,0.8180448786634287,0.9389219188483565,1.0,2606732.0575134675,-5.797516,35.789733,103.802776,1.248823,6305.966526821533,False,0,True,1,True,2
NLROT,SGSGP,193.0,91,2341846.812303471,11961.67759882148,16.025468683613802,0.587212336386024,628.763115966596,161,1,2341846.812303471,0.1389444033024949,0.8190097397410859,0.9392458001591343,0.8497409326424871,1629799.1560328386,4.03038,52.002215,103.802776,1.248823,5704.322736595839,False,0,True,1,True,2
MYTPP,NLROT,136.0,66,2083470.5995070843,11931.300469961157,17.585803376120626,0.7498014464497337,630.369537343578,128,2,2083470.5995070843,0.14113870051288013,0.8194709717738562,0.9394006249715405,0.9338235294117647,1594357.6982258956,103.549576,1.327854,4.03038,52.002215,5691.301502173687,False,0,True,1,True,2
ESVAL,SGSGP,143.0,83,1745877.505838655,11240.422121220994,16.706911651788218,0.5994224082720712,623.9025867781195,111,3,1745877.505838655,0.1322363274756868,0.8175997304520376,0.9387724929988386,0.965034965034965,1377518.8740439333,-0.316667,39.45,103.802776,1.248823,6006.936742345254,False,0,True,1,True,2
BRSTS,SGSGP,308.0,98,1720793.4869570662,9178.026636144456,16.46016750415021,0.4417051069800278,627.4999290693813,244,4,1720793.4869570662,0.1372110578515483,0.8186453978269417,0.9391234990948082,0.9188311688311688,1294375.539754408,-46.306133,-23.95,103.802776,1.248823,8599.26125352153,False,0,True,1,True,1
EGPSA,SGSGP,102.0,42,1517405.0130149361,12795.835088765278,17.20054639443456,0.6799633402943237,630.660084792157,97,5,1517405.0130149361,0.14153438111050576,0.8195541421691459,0.939428543329186,1.0,1243595.5637646175,32.319633,31.269083,103.802776,1.248823,4417.6949977457625,False,0,True,1,True,2
KRBUS,USLGB,302.0,101,1251079.2534023072,5636.956817163628,16.607683845873726,0.40420092465621016,630.4225082392643,289,6,1251079.2534023072,0.14121086584915776,0.8194861406236316,0.9394057167998482,0.695364238410596,712916.6983007938,129.052391,35.112607,-118.217354,33.74561,5208.498867553833,False,0,False,0,True,1
KRBUS,MXMAN,237.0,129,1158471.0287188366,6752.66309664529,15.422196473833445,0.41698763639731523,627.6571288800578,232,7,1158471.0287188366,0.13742714757971175,0.8186908189777821,0.9391387459134558,0.8481012658227848,804364.3402870694,129.052391,35.112607,-104.293756,19.073908,6356.88678173363,False,0,False,0,True,1
CNSHE,SGSGP,1128.0,458,1107960.476158061,1499.6786815258852,14.182299896430479,0.3597878818744452,627.6505000144614,1057,8,1107960.476158061,0.13741803760607874,0.8186889040996892,0.9391381031336391,0.6640070921985816,602304.1986353706,113.8943,22.467416,103.802776,1.248823,1403.5726228500714,False,0,False,0,False,0
GRPIR,SGSGP,100.0,53,1080479.2070073474,12368.910280666432,16.689012508866078,0.5546972977319667,630.649722984405,97,9,1080479.2070073474,0.14152027620348617,0.8195511773770904,0.939427548117793,0.99,876652.9261719931,23.65,37.933333,103.802776,1.248823,4891.746880858865,False,0,True,1,True,2
CNYTN,SGSGP,640.0,279,1035466.535007759,1503.4212416448813,14.921223797953928,0.5129085415411258,623.3326937157761,616,10,1035466.535007759,0.13144295901978698,0.8174329677437232,0.9387165146556259,0.9359375,792200.4142870479,114.263091,22.566543,103.802776,1.248823,1418.044886458818,False,0,False,0,False,0
ESALG,SGSGP,83.0,60,991727.5930074215,10814.450864614688,15.720735145503243,0.5658900291955207,624.6661051315245,81,11,991727.5930074215,0.13329697969444454,0.8178226750816915,0.9388473302998297,0.9879518072289156,801285.5382094437,-5.433333,36.116667,103.802776,1.248823,6284.379345507191,False,0,True,1,True,2
SGSGP,USNYK,98.0,49,961148.5030470471,12596.135485277313,17.269336397007056,0.42160029905207114,630.3031440771608,92,12,961148.5030470471,0.141048231969913,0.819451955667115,0.9393942417089964,0.3979591836734694,313438.63061049476,103.802776,1.248823,-74.049568,40.663452,8288.108506446199,False,0,True,1,True,2
CNYTN,USLSA,171.0,89,875273.8811929516,6534.766149222274,17.547406532458236,0.5299979892968278,627.9098464656222,166,13,875273.8811929516,0.13777431099793813,0.8187637912662825,0.9391632410050262,0.8596491228070176,616061.1492409271,114.263091,22.566543,-118.244,33.738045,6288.038073002395,False,0,False,0,True,1
KRBUS,USHOU,124.0,50,858034.6960484636,10136.900110282479,16.0713697550183,0.38805448982309276,630.7,63,14,858034.6960484636,0.1415887109560806,0.8195655620738862,0.9394323767242746,0.6451612903225806,453687.54061022913,129.052391,35.112607,-94.97475,29.6069,6192.128186752496,False,0,True,1,True,2
KRBUS,PABAL,148.0,101,848150.5638338559,8391.073074465625,16.9356247441237,0.40869508089413925,630.3810029128232,77,15,848150.5638338559,0.14115432175409104,0.8194742552929729,0.9394017271721579,0.5675675675675675,394480.7725717661,129.052391,35.112607,-79.57037,8.954178,7703.193333867882,False,0,True,1,True,1
ESALG,MYTPP,57.0,23,842305.9444114325,10898.904482301296,17.907411111322098,0.7832548794290052,630.6999999999999,57,16,842305.9444114325,0.1415887109560805,0.8195655620738862,0.9394323767242746,0.8070175438596491,557104.3413931164,-5.433333,36.116667,103.549576,1.327854,6269.476334666067,False,0,True,1,True,2
CNNBO,CNYSN,3091.0,1153,839052.5385140642,224.17032981614088,7.594941563615394,0.20848186602896296,628.4567124684474,1958,17,839052.5385140642,0.13852459643004966,0.8189214981044324,0.9392161795042998,0.8362989323843416,574636.1851588688,121.683333,29.966667,122.066667,30.633333,44.688068643847636,False,0,False,0,False,0
GBFEL,SGSGP,55.0,31,792891.8021761689,11921.674139340115,15.938291364359248,0.5901685515915489,625.9020478925376,43,18,792891.8021761689,0.13500842212781183,0.8181824130737809,0.9389680859351356,1.0,648730.1280109168,1.3,51.933333,103.802776,1.248823,5804.596582088126,False,0,True,1,True,2
ESALG,OMSAL,127.0,42,785984.5999237399,9525.727387867988,17.527168220253735,0.4328140363439067,630.6999999999998,124,19,785984.5999237399,0.1415887109560804,0.8195655620738861,0.9394323767242746,0.2283464566929134,147093.00316629632,-5.433333,36.116667,54.002781,16.946141,3339.1891334718175,False,0,True,1,True,1
LKCOL,MATAN,82.0,56,715563.6352843776,9567.885229349895,17.69386123663989,0.550915397605016,630.2031220448249,82,20,715563.6352843776,0.14091190433440692,0.8194233001722488,0.9393846227291731,0.7317073170731707,429036.23085949477,79.85,6.95,-5.797516,35.789733,4948.66415624456,False,0,True,1,True,1
LKCOL,USNYK,81.0,56,708770.767922743,11383.213898847693,16.64747369829438,0.4663323197796636,630.4032054170204,71,21,708770.767922743,0.14118456989466543,0.8194806133247377,0.9394038614148065,0.6666666666666666,387215.93573598313,79.85,6.95,-74.049568,40.663452,7605.91881943662,False,0,True,1,True,2
AEJAL,SGSGP,278.0,132,700420.5125458671,3570.511638444872,15.410059446317792,0.41387832883684855,630.5399362196839,222,22,700420.5125458671,0.1413708015928543,0.8195197584434186,0.9394170015161563,0.7769784172661871,445992.17639599775,55.0606,25.0136,103.802776,1.248823,3161.1813120480756,False,0,False,0,False,0
ILASD,SGSGP,54.0,33,695710.0888035056,12836.446758941884,16.713433171686955,0.5856297149066646,630.5824109906702,53,23,695710.0888035056,0.14142863713968967,0.8195319152318004,0.9394210822658592,1.0,570156.6215232229,34.65,31.816667,103.802776,1.248823,4305.521522754551,False,0,True,1,True,2
MATAN,OMSAL,108.0,52,691006.6673869805,9461.206039977245,16.979994013775563,0.46515179027887693,630.6804462791014,108,24,691006.6673869805,0.14156209663045616,0.819559967854721,0.939430498875662,0.6018518518518519,340841.5846038857,-5.797516,35.789733,54.002781,16.946141,3355.7169153172586,False,0,True,1,True,1
KRBUS,USNYK,92.0,44,653656.3092541696,10704.12508316019,16.37213271693744,0.38318022477480146,630.7000000000002,73,25,653656.3092541696,0.14158871095608083,0.8195655620738862,0.9394323767242746,0.782608695652174,419254.5916933322,129.052391,35.112607,-74.049568,40.663452,6082.120728214737,False,0,True,1,True,2
GBFEL,MYTPP,61.0,46,650091.097430476,12331.121064714129,15.619315658969363,0.4741424709125301,630.1140034584027,51,26,650091.097430476,0.14079040137418442,0.819397760761696,0.9393760497460174,0.9836065573770492,523950.67822194647,1.3,51.933333,103.549576,1.327854,5791.609154966137,False,0,True,1,True,2
LKCOL,NLROT,45.0,21,646963.2365946696,10717.392983797907,17.615483495091745,0.794666184098957,625.6991579433421,44,27,646963.2365946696,0.13472793893543256,0.8181234566879427,0.9389482956544764,0.9555555555555556,505771.54171850154,79.85,6.95,4.03038,52.002215,4551.94140145919,False,0,True,1,True,2
CNQIN,SGSGP,399.0,213,641002.2456064165,2580.1470039057012,15.058088379813482,0.39155801415136726,627.5721678316536,276,28,641002.2456064165,0.13731037201568397,0.8186662732460008,0.9391305064850372,0.7218045112781954,378779.1299028615,120.2667,36.0333,103.802776,1.248823,2280.7332048981575,False,0,False,0,False,0
INNSA,MYPKE,616.0,192,631740.0993023245,2323.934575434996,14.535857832841725,0.322253260929252,630.6687044017046,429,29,631740.0993023245,0.1415461141145271,0.8195566083971799,0.9394293711842906,0.4935064935064935,255511.39455276632,72.9428,18.953883,101.34485,3.00525,1922.756266066833,False,0,False,0,False,0
EGDAM,SGSGP,70.0,38,607032.0743585847,12749.168153446833,16.45697327082167,0.4586831074310888,630.3498503038319,65,30,607032.0743585847,0.14111187662051106,0.8194653335046438,0.9393987323363567,1.0,497441.74126227334,31.757526,31.481673,103.802776,1.248823,4448.099551464168,False,0,True,1,True,2
CNQIN,KRBUS,1780.0,632,589076.7135303138,546.6300173027712,11.432542428337257,0.27362459669665207,629.6173880072369,1466,31,589076.7135303138,0.14011269333975718,0.819255309386894,0.9393282321492034,0.7061797752808989,340805.3432984473,120.2667,36.0333,129.052391,35.112607,432.44654231935135,False,0,False,0,False,0
LKCOL,SGSGP,548.0,326,582838.4715734911,1649.9589696374508,13.41325539532757,0.3412464753944577,627.8051688611499,492,32,582838.4715734911,0.13763054709774136,0.8187335726998947,0.939153097338629,0.6441605839416058,307386.6181036926,79.85,6.95,103.802776,1.248823,1474.0928280650671,False,0,False,0,False,0
FRLEH,SGSGP,61.0,36,582650.3518907363,11581.349970297862,16.362228189441385,0.455947781562797,623.7898235581677,57,33,582650.3518907363,0.13207946081615574,0.8175667577408173,0.9387614248303974,0.5901639344262295,281127.87093945575,0.094067,49.480233,103.802776,1.248823,5877.6949125497495,False,0,True,1,True,2
CNNBO,CNWGQ,4844.0,961,581093.9681094631,250.29783500390008,10.07057090792721,0.22448219344404666,630.6214433897696,2536,34,581093.9681094631,0.14148177852972943,0.8195430853281921,0.9394248318061242,0.6040462427745664,287665.87453588605,121.683333,29.966667,121.617967,31.353633,83.34247453011474,False,0,False,0,False,0
CNNSA,SGSGP,823.0,278,559306.4221603577,1478.7292866803587,14.362900570175121,0.33096855847836,629.1575763061954,775,35,559306.4221603577,0.13948425579077195,0.8191232144606388,0.9392838909700914,0.6026731470230863,276109.20254760847,113.682083,22.64515,103.802776,1.248823,1408.0413391936736,False,0,False,0,False,0
HKHKG,SGSGP,658.0,261,558551.5060491528,1486.3665640866402,14.976777430642269,0.3961009050555645,628.6132839228351,639,36,558551.5060491528,0.13873916786897067,0.818966600117268,0.9392313191957788,0.7872340425531915,360108.42621871934,114.181938,22.298785,103.802776,1.248823,1401.6753807801063,False,0,False,0,False,0
KRBUS,MXLCS,115.0,95,553253.0009200337,6926.038501795422,15.012348255726142,0.42301036626714134,629.2186417136818,111,37,553253.0009200337,0.13956776848585906,0.8191407684774488,0.9392897834432209,0.7652173913043478,346790.46759631316,129.052391,35.112607,-102.166667,17.883333,6491.476424865248,False,0,False,0,True,1
BEANT,CNYSN,44.0,16,550957.3852266399,14057.732023917448,17.71092000767232,0.5282310933991761,630.1551390593373,44,38,550957.3852266399,0.14084648931345123,0.8194095502103265,0.9393800071883521,1.0,451459.7432136186,4.4,51.2167,122.066667,30.633333,4896.3092813334215,False,0,True,1,True,2
FRDKK,SGSGP,33.0,16,547017.4780811607,12067.006938983059,17.87684101449561,0.7990847489074808,565.7579967536656,32,39,547017.4780811607,0.043053738335882885,0.7988539257898476,0.9324799645445709,1.0,436987.05984079716,2.35,51.0667,103.802776,1.248823,5775.186156148858,False,0,True,1,True,2
SGSGP,THLCB,1511.0,316,529276.6604257323,833.6844969780634,12.94480619507981,0.31285602941584345,629.8031044460923,1401,40,529276.6604257323,0.14036625704448102,0.819308607409793,0.9393461230496845,0.47121111846459296,204336.4246158794,103.802776,1.248823,100.886078,13.056152,729.8242527659659,False,0,False,0,False,0
CNYSN,KRBUS,1109.0,512,528838.255823414,555.4569569039575,9.846806456872276,0.2554922359355153,629.0764768499678,1070,41,528838.255823414,0.13937331958269727,0.8190998961368876,0.9392760635538586,0.7989179440937781,346068.3727055903,122.066667,30.633333,129.052391,35.112607,442.9796288954696,False,0,False,0,False,0
CNQIN,CNYSN,1122.0,521,520497.6833307874,519.0183585091884,10.60952463993799,0.2537251007448043,627.4382703184443,868,42,520497.6833307874,0.13712627104301,0.8186275759968499,0.9391175167230199,0.7433155080213903,316722.09731321456,120.2667,36.0333,122.066667,30.633333,336.5336443102714,False,0,False,0,False,0
MYTPP,PTSNS,41.0,17,514487.15368446294,10885.341486366282,17.472478650841534,0.6231475948874864,626.8108832880287,40,43,514487.15368446294,0.1362626041845243,0.8184460368603599,0.9390565782782578,1.0,421079.9719486156,103.549576,1.327854,-8.866667,37.95,6402.749793329105,False,0,True,1,True,2
INMUN,MATAN,72.0,30,514112.40673043235,9899.179154086803,16.182107192335078,0.34268648301004234,630.7000000000002,70,44,514112.40673043235,0.14158871095608083,0.8195655620738862,0.9394323767242746,0.6944444444444444,292603.34971610084,69.7,22.766667,-5.797516,35.789733,3936.713455851056,False,0,True,1,True,1
CNWGQ,USLGB,135.0,23,505894.1084001927,5967.939444431727,19.955438255530403,0.673784242307238,630.7,132,45,505894.1084001927,0.1415887109560806,0.8195655620738862,0.9394323767242746,0.3111111111111111,128990.8322269378,121.617967,31.353633,-118.217354,33.74561,5636.952476425495,False,0,False,0,True,1
CNYSN,USLGB,106.0,44,488767.91403771256,5994.381363815245,16.94241772568348,0.3858598032142389,630.6235761020284,101,46,488767.91403771256,0.14148468196119746,0.8195436956172595,0.939425036665899,0.660377358490566,264525.1545270983,122.066667,30.633333,-118.217354,33.74561,5650.180783604128,False,0,False,0,True,1
CNWGQ,USLSA,130.0,27,470416.26359038695,5937.8345254673995,18.559336639286904,0.5634305772943087,630.7,117,47,470416.26359038695,0.1415887109560806,0.8195655620738862,0.9394323767242746,0.3384615384615385,130489.43582337482,121.617967,31.353633,-118.244,33.738045,5636.273290712429,False,0,False,0,True,1
JPYOK,MXMAN,87.0,54,462521.68765103444,6209.876085059862,17.71475971601079,0.5360430026153022,627.6887319869227,86,48,462521.68765103444,0.1374705767200557,0.818699947600189,0.9391418101786223,0.9885057471264368,374313.9931513948,139.679832,35.450183,-104.293756,19.073908,5915.635863013831,False,0,False,0,True,1
CAHFX,LKCOL,58.0,38,455390.1801952907,11096.325388358942,16.033049717134524,0.4336161745578278,623.9732605433352,56,49,455390.1801952907,0.132334613940721,0.8176203898530736,0.9387794278768665,0.896551724137931,333818.7487355142,-63.57595,44.655955,79.85,6.95,7133.867125480561,False,0,True,1,True,2
CAVCR,KRBUS,149.0,82,453109.5723189485,4873.130018241599,14.816967724580405,0.3423393523731546,630.5060271672485,139,51,453109.5723189485,0.1413246239176904,0.8195100520905674,0.9394137433203837,0.6711409395973155,249213.3216200243,-123.116667,49.283333,129.052391,35.112607,4453.996500161266,False,0,False,0,False,0
INMUN,USNYK,57.0,34,447763.5345905436,11567.108868013545,16.972006499112872,0.3842257308328559,630.7,53,52,447763.5345905436,0.1415887109560806,0.8195655620738862,0.9394323767242746,0.7543859649122807,276838.2041197232,69.7,22.766667,-74.049568,40.663452,6494.815663191851,False,0,True,1,True,2
KRBUS,USLSA,130.0,62,443814.84964763914,5473.942662033376,16.564528872855572,0.42761477993719615,630.1464092885197,122,53,443814.84964763914,0.140834586979113,0.8194070483897729,0.9393791673856707,0.7769230769230769,282539.74318548926,129.052391,35.112607,-118.244,33.738045,5207.7908382902715,False,0,False,0,True,1
AEKHA,MATAN,39.0,25,443597.1267893509,10357.694783685694,18.582363737702305,0.6140241611753668,630.4121267595051,39,54,443597.1267893509,0.14119672351014623,0.819483167963529,0.9394047189473358,0.6153846153846154,223704.8484682194,54.659214,24.802318,-5.797516,35.789733,3153.688267960499,False,0,True,1,True,2
TWKAO,USLGB,97.0,19,443418.8685929173,6348.668778885065,16.53070477666364,0.34782722844925423,630.7,95,55,443418.8685929173,0.1415887109560806,0.8195655620738862,0.9394323767242746,0.8762886597938144,318452.79291921936,120.260382,22.620829,-118.217354,33.74561,6052.949714512584,False,0,False,0,True,1
ESALG,USNYK,241.0,54,437474.72535184544,3370.1175827332645,15.749357130611118,0.34613110993827656,630.7000000000002,225,56,437474.72535184544,0.14158871095608083,0.8195655620738862,0.9394323767242746,0.24896265560165975,89262.87614342842,-5.433333,36.116667,-74.049568,40.663452,3157.563260341453,False,0,False,0,False,0
CNNBO,SGSGP,327.0,176,429571.71503997344,2183.934476268976,15.022223076445494,0.4055792597821391,628.387886626901,277,57,429571.71503997344,0.13843024106311141,0.818901665003661,0.9392095219959565,0.72782874617737,256033.40751976013,121.683333,29.966667,103.802776,1.248823,2003.3858029375665,False,0,False,0,False,0
CNTJN,SGSGP,196.0,101,421292.4559074931,2883.901192755801,15.803007852714634,0.4641287238533906,630.4453371817093,179,58,421292.4559074931,0.14124196330766792,0.8194926771784496,0.939407910968513,0.8112244897959183,280072.0771842232,117.8143,38.97075,103.802776,1.248823,2391.869432148379,False,0,False,0,False,0
CNQIN,CNWGQ,2140.0,594,419456.7882358336,478.3278370420253,10.40014516448846,0.23807215332124582,630.5982373054031,1563,59,419456.7882358336,0.14145018496492212,0.8195364444939197,0.9394226026332841,0.6817757009345794,234367.3000727178,120.2667,36.0333,121.617967,31.353633,288.95387911645236,False,0,False,0,False,0
CNNBO,USLGB,105.0,52,417783.978483863,5936.14682426146,16.952130864231336,0.42720302589977677,630.5372558122433,89,60,417783.978483863,0.14136715156889312,0.8195189912237533,0.939416743978448,0.780952380952381,267383.96358968015,121.683333,29.966667,-118.217354,33.74561,5692.200998276048,False,0,False,0,True,1
GHTEM,SGSGP,110.0,73,409791.84370078245,8331.657544945128,15.608080132247418,0.3541820250296217,630.2677043761156,56,61,409791.84370078245,0.14099993345539308,0.8194418035227626,0.9393908338714371,0.7363636363636363,247271.3269559824,0.016667,5.633333,103.802776,1.248823,6219.51687381601,False,0,True,1,True,1
BRRDJ,SGSGP,67.0,38,409712.87037132855,9229.020099312398,17.245829943143416,0.4885460949250828,614.6713911695318,66,62,409712.87037132855,0.11920416701047165,0.8148604252046392,0.9378529722567418,0.8507462686567164,284029.1315592218,-43.1667,-22.916667,103.802776,1.248823,8484.16541967193,False,0,True,1,True,1
INMUN,INNSA,1637.0,567,405382.6732110117,475.4684291766347,11.300030898243948,0.2623839727664514,630.2460716970749,1154,63,405382.6732110117,0.14097044898326372,0.8194356060108892,0.9393887535115638,0.5088576664630422,169034.88214741604,69.7,22.766667,72.9428,18.953883,292.3822316478465,False,0,False,0,False,0
CNNBO,KRBUS,960.0,413,402158.3193223175,567.2612736112139,10.637966810589532,0.2644009465094188,629.8539324243669,821,64,402158.3193223175,0.14043562780325825,0.8193231888511466,0.9393510176987153,0.696875,229618.6655127184,121.683333,29.966667,129.052391,35.112607,484.06093284852756,False,0,False,0,False,0
CNMWN,SGSGP,423.0,190,400646.45523419447,1487.9224267497864,14.088216599636727,0.34363990336520933,630.3360372229591,410,65,400646.45523419447,0.14109305508658576,0.8194613772974759,0.9393974043300841,0.7470449172576832,245265.5261014619,113.862187,22.508158,103.802776,1.248823,1404.9836483566105,False,0,False,0,False,0
MYPKE,SGSGP,3474.0,644,389963.2894412713,239.44165877432502,9.70422380544389,0.23765908859791582,630.3478599702621,2730,66,389963.2894412713,0.14110916466736068,0.8194647634635125,0.9393985409868733,0.4939550949913644,157848.87042496228,101.34485,3.00525,103.802776,1.248823,181.29473394393423,False,0,False,0,False,0
CNYSN,MYTPP,187.0,96,389146.9633002585,2225.9929374203152,15.72554550565102,0.5712167593591247,630.5745886901639,181,67,389146.9633002585,0.14141798653098003,0.8195296765187025,0.9394203307822007,0.8128342245989305,259227.0465917531,122.066667,30.633333,103.549576,1.327854,2050.8872754899726,False,0,False,0,False,0
CNNBO,CNYTN,609.0,313,388521.4592938375,797.685773006305,13.118248213881172,0.3324858357525798,623.5480642254475,448,68,388521.4592938375,0.13174295445450446,0.8174960255207289,0.9387376816774327,0.7947454844006568,252422.88738961788,121.683333,29.966667,114.263091,22.566543,597.1524062884863,False,0,False,0,False,0
AEJAL,MYPKE,224.0,104,387005.4036540582,3375.6527596755295,15.175074816295153,0.32757814527037954,628.3076105595375,138,69,387005.4036540582,0.13832016212909182,0.8188785268753059,0.9392017550671062,0.7098214285714286,224949.8033887764,55.0606,25.0136,101.34485,3.00525,2980.491666214786,False,0,False,0,False,0
CNYSN,MXMAN,77.0,42,386544.7263837518,7139.057358442411,16.15357254965025,0.40545409593064236,629.5138780959303,74,70,386544.7263837518,0.13997130351191844,0.8192255898405177,0.9393182559921598,0.8571428571428571,271429.1412612605,122.066667,30.633333,-104.293756,19.073908,6799.406653871914,False,0,False,0,True,1
CNNBO,CNSHE,786.0,356,383057.21060374484,811.0146135056527,13.22900829318215,0.32580961938181824,629.2716304238384,696,71,383057.21060374484,0.13964022240229312,0.8191559979855577,0.9392948956331134,0.6730279898218829,211185.1533795545,121.683333,29.966667,113.8943,22.467416,615.0329553645491,False,0,False,0,False,0
COCTA,KRBUS,52.0,22,380975.0917368336,9660.403483600454,14.487641873873843,0.36070619175102814,630.592887815056,50,72,380975.0917368336,0.14144290165418905,0.8195349135726758,0.9394220887388068,1.0,312222.38887988817,-75.540962,10.394286,129.052391,35.112607,7738.643932669051,False,0,True,1,True,1
CLSAN,HKHKG,56.0,29,371184.94183653564,10615.601003619375,16.931576803434396,0.3497921214099428,630.6999999999999,56,74,371184.94183653564,0.1415887109560805,0.8195655620738862,0.9394323767242746,0.7857142857142857,239022.45359898955,-71.616667,-33.5833,114.181938,22.298785,10063.604080775129,False,0,True,1,True,2
CNQIN,MYPKE,232.0,128,370663.2238685389,2787.7390964268407,15.569032639199577,0.41315481196247195,614.8872011197514,147,75,370663.2238685389,0.11951330420591966,0.8149254045412517,0.9378747843011934,0.6681034482758621,201809.2501605311,120.2667,36.0333,101.34485,3.00525,2243.5305760962747,False,0,False,0,False,0
BRSTS,MATAN,119.0,17,367443.1314484607,4442.171356571199,16.549772104701642,0.51782573831174,630.6999999999999,108,76,367443.1314484607,0.1415887109560805,0.8195655620738862,0.9394323767242746,1.0,301143.7365557465,-46.306133,-23.95,-5.797516,35.789733,4260.432383979919,False,0,False,0,False,0
KRBUS,USOAK,116.0,53,365683.8070347949,5231.17029277046,15.219033092077773,0.3567777252494889,630.0123560376355,115,77,365683.8070347949,0.14065177482382907,0.8193686220446098,0.9393662685597899,0.9051724137931034,271216.66286882176,129.052391,35.112607,-122.320518,37.814824,4898.754645625859,False,0,False,0,True,1
CNYTN,USLGB,79.0,33,365481.32743353123,6552.140135223991,18.159659677951062,0.5256511222953969,630.7,74,78,365481.32743353123,0.1415887109560806,0.8195655620738862,0.9394323767242746,0.7974683544303798,238870.40887811445,114.263091,22.566543,-118.217354,33.74561,6288.749217466294,False,0,False,0,True,1
CNSHE,MYPKE,520.0,160,358342.2081278011,1687.8894003299451,14.778331647832344,0.3637787314806078,630.0322971326399,349,79,358342.2081278011,0.1406789739764409,0.8193743391919449,0.9393681876725157,0.5865384615384616,172217.31739756983,113.8943,22.467416,101.34485,3.00525,1378.203430262849,False,0,False,0,False,0
BEZEE,SGSGP,31.0,22,355809.7398326695,11896.915383750022,15.609984067428849,0.5007331975858337,627.1828039178281,29,80,355809.7398326695,0.13677480215013538,0.81855369871571,0.939092717846574,1.0,291249.3785791061,3.2,51.333333,103.802776,1.248823,5741.020290935177,False,0,True,1,True,2
CNQIN,CNTJN,1360.0,404,353957.55242325354,522.6478103970941,11.778122801486075,0.2741445139027002,630.0282157171114,816,81,353957.55242325354,0.14067340716833276,0.819373169072324,0.9393677948907099,0.6154411764705883,178492.29415471046,120.2667,36.0333,117.8143,38.97075,211.52088938713973,False,0,False,0,False,0
ESBAR,SGSGP,36.0,25,353172.0696010328,11395.652473262484,14.802416522098222,0.5300590823096467,630.4999629482675,36,82,353172.0696010328,0.14131636508213108,0.8195083161181133,0.9394131605950081,0.9722222222222222,281387.79672372784,2.166667,41.35,103.802776,1.248823,5876.332545540555,False,0,True,1,True,2
JPYOK,MXESE,96.0,30,347033.3775075061,5234.144104072473,15.924334919802314,0.40522876514283634,630.2808064521453,93,83,347033.3775075061,0.1410177900743257,0.8194455569088627,0.9393920937954179,0.84375,239941.37190735165,139.679832,35.450183,-116.6246,31.850733,4912.669556372769,False,0,False,0,True,1
CNYTN,MYTPP,254.0,136,345029.25316079013,1519.2697098317246,15.384005730453586,0.4604959417233248,629.7116473836396,241,84,345029.25316079013,0.1402414069210276,0.819282364439625,0.9393373138980112,0.8070866141732284,228144.32432178766,114.263091,22.566543,103.549576,1.327854,1420.177240735508,False,0,False,0,False,0
CNNBO,CNNSA,766.0,267,336254.45269729896,840.4108557404172,13.779230600395438,0.32807920540656693,630.5633757294408,657,85,336254.45269729896,0.14140271884058597,0.8195264673144785,0.9394192535273557,0.7101827676240209,195704.65602265374,121.683333,29.966667,113.682083,22.64515,614.9783412753962,False,0,False,0,False,0
CNNBO,CNXIA,1142.0,414,333985.17963126046,545.3779799391267,13.093790719764254,0.3261302169438767,628.2284553814152,891,86,333985.17963126046,0.13821159267403638,0.8188557060330723,0.9391940946437906,0.8038528896672504,219842.24616959027,121.683333,29.966667,118.042517,24.44535,384.2329989961004,False,0,False,0,False,0
CLSAN,PECAL,423.0,124,332680.25342125964,1356.739649987714,15.86017124751696,0.43432777734233347,630.0890794947971,389,87,332680.25342125964,0.14075641426115126,0.8193906168136664,0.939373651689649,0.7730496453900709,210729.5284236201,-71.616667,-33.5833,-77.15,-12.05,1327.9967726375646,False,0,False,0,False,0
JMKIN,KRBUS,38.0,16,330513.98295771563,9066.472977962047,16.847548572770393,0.693965159529609,630.505456595153,19,88,330513.98295771563,0.14132384686460775,0.8195098887572818,0.9394136884932176,0.9736842105263158,263731.59642202465,-76.7936,17.997,129.052391,35.112607,7294.769095591336,False,0,True,1,True,1
CNYSN,SGSGP,164.0,119,327578.2386433292,2250.244141225643,14.509133879996103,0.45638018265940117,626.8089757778674,151,89,327578.2386433292,0.13625997565187264,0.8184454843538661,0.9390563928147424,0.8780487804878049,235409.2069962959,122.066667,30.633333,103.802776,1.248823,2047.6869082331768,False,0,False,0,False,0
JPYOK,MXLCS,56.0,36,327114.09339714533,6352.909293309731,17.054986110928922,0.5238476539078639,627.4606916039994,55,90,327114.09339714533,0.1371571044299198,0.8186340570449295,0.93911969225937,0.9642857142857143,258222.92534448343,139.679832,35.450183,-102.166667,17.883333,6053.162101754083,False,0,False,0,True,1
LKCOL,MYTPP,232.0,108,325864.40922239865,1623.3579877132765,14.835079468781569,0.443671856862077,629.1707582333953,216,91,325864.40922239865,0.13950228468951853,0.8191270040592301,0.9392851630497592,0.6379310344827587,170279.31859426468,79.85,6.95,103.549576,1.327854,1458.1967122127503,False,0,False,0,False,0
CNYTN,ESALG,26.0,17,324249.6959892812,12451.344643463197,13.73096430899138,0.45906260139366306,630.6999999999999,26,92,324249.6959892812,0.1415887109560805,0.8195655620738862,0.9394323767242746,0.9615384615384616,255522.96571705956,114.263091,22.566543,-5.433333,36.116667,5898.506110646396,False,0,True,1,True,2
GBLGP,LKCOL,38.0,28,323877.5852989634,10723.168037641475,16.63132817637036,0.388346462405755,630.5553002679213,31,93,323877.5852989634,0.1413917228671926,0.8195241560071787,0.9394184776755204,0.47368421052631576,125727.87066715704,0.486317,51.502973,79.85,6.95,4680.205746329894,False,0,True,1,True,2
KRBUS,USSEA,118.0,47,321384.6349639576,4835.879049446319,16.404255150828853,0.4321943361654861,630.2452811328463,116,94,321384.6349639576,0.1409693714376563,0.8194353795153404,0.9393886774823023,0.8135593220338984,214254.05314339502,129.052391,35.112607,-122.333333,47.6,4539.086777627776,False,0,False,0,False,0
CNNBO,CNQIN,962.0,444,321144.59483065625,664.6072391727124,11.78932616730123,0.2594788152098945,630.3155475626712,545,95,321144.59483065625,0.14106513460836145,0.8194555085305348,0.9393954343222006,0.6798336798336798,178907.55151121347,121.683333,29.966667,120.2667,36.0333,371.1480622296862,False,0,False,0,False,0
AEJAL,MATAN,41.0,21,320702.701472971,10141.01323183827,17.55853684602582,0.4138848539114073,630.7,33,96,320702.701472971,0.1415887109560806,0.8195655620738862,0.9394323767242746,0.5365853658536586,141034.42866850737,55.0606,25.0136,-5.797516,35.789733,3167.339767216329,False,0,True,1,True,2
CAHFX,SGSGP,39.0,23,318451.3385663589,12229.640905387194,15.704947810498199,0.430097442539524,626.1734061163296,38,97,318451.3385663589,0.13538327448639764,0.8182612054609384,0.9389945346977843,0.9743589743589743,253894.93063298496,-63.57595,44.655955,103.802776,1.248823,7969.74914154213,False,0,True,1,True,2
ESVAL,INMUN,46.0,26,317683.9530345188,10261.29725302131,16.419169752442777,0.35945720247603397,628.7629680988437,34,98,317683.9530345188,0.13894420080590675,0.8190096971771559,0.9392457858714178,0.5869565217391305,152718.00936232094,-0.316667,39.45,69.7,22.766667,3645.1041821572007,False,0,True,1,True,2
MYPKE,USCHA,35.0,24,316110.1271440622,12365.160149971076,16.49334443453244,0.4176095683436007,624.6743155758596,30,99,316110.1271440622,0.13330837125757722,0.8178250695402887,0.9388481340636118,0.9428571428571428,243750.05604461173,101.34485,3.00525,-79.938165,32.87698,8651.663525306196,False,0,True,1,True,2
SGSGP,ZADUR,143.0,45,316058.4069641223,5043.967192239385,12.742172408931898,0.27138097717062365,630.6999999999999,87,100,316058.4069641223,0.1415887109560805,0.8195655620738862,0.9394323767242746,0.7482517482517482,193820.0887890552,103.802776,1.248823,31.041098,-29.877639,4548.460125184966,False,0,False,0,True,1
BSFRE,MYTPP,31.0,14,315666.9694952144,12884.669181624635,17.79468164837421,0.4196269240300936,630.7000000000002,31,101,315666.9694952144,0.14158871095608083,0.8195655620738862,0.9394323767242746,0.22580645161290322,58418.336805727085,-78.6966,26.5285,103.549576,1.327854,9129.72180619896,False,0,True,1,True,2
LKCOL,MYPKE,440.0,164,314968.67661126744,1444.9385320713454,13.895002820495355,0.29163064901108404,629.6881825129849,314,102,314968.67661126744,0.14020936864439937,0.8192756301288006,0.9393350533472775,0.4727272727272727,121985.45792799625,79.85,6.95,101.34485,3.00525,1307.0140547898814,False,0,False,0,False,0
GBSOU,SGSGP,26.0,21,312802.71139420423,11790.135589426352,15.214476294071467,0.5594720242381783,630.7,26,103,312802.71139420423,0.1415887109560806,0.8195655620738862,0.9394323767242746,1.0,256362.3299820266,-1.4,50.9,103.802776,1.248823,5916.155020619102,False,0,True,1,True,2
INNSA,MATAN,47.0,18,309887.2462941656,9797.030106783504,16.589428188937106,0.4341600460061532,630.7,46,104,309887.2462941656,0.1415887109560806,0.8195655620738862,0.9394323767242746,0.7872340425531915,199936.12472294568,72.9428,18.953883,-5.797516,35.789733,4211.142393809487,False,0,True,1,True,1
AUMEL,AUSYD,831.0,221,309558.3767999748,681.1498966316219,10.90116657263237,0.2642519102311599,630.6999999999999,767,105,309558.3767999748,0.1415887109560805,0.8195655620738862,0.9394323767242746,0.5415162454873647,137384.50455419743,144.912243,-37.858862,151.2111,-33.86,389.17721656779435,False,0,False,0,False,0
USHNL,USLGB,224.0,19,305741.1538776846,2277.237854479459,19.467854356488882,0.6710014386926026,630.6999999999999,221,106,305741.1538776846,0.1415887109560805,0.8195655620738862,0.9394323767242746,0.38839285714285715,97321.50935061979,-157.868643,21.300094,-118.217354,33.74561,2223.568801119506,False,0,False,0,False,0
CNYSN,MXLCS,61.0,35,303474.701736653,7321.092232792436,16.7708428006019,0.4880694774119033,630.7,58,107,303474.701736653,0.1415887109560806,0.8195655620738862,0.9394323767242746,0.8852459016393442,220176.0718560044,122.066667,30.633333,-102.166667,17.883333,6933.700579111996,False,0,False,0,True,1
CNWGQ,SGSGP,310.0,141,302888.96602996514,2297.782330882678,13.910778406070623,0.2984712960331218,630.7,258,108,302888.96602996514,0.1415887109560806,0.8195655620738862,0.9394323767242746,0.6064516129032258,150543.95080574646,121.617967,31.353633,103.802776,1.248823,2071.1320166670885,False,0,False,0,False,0
THLCB,VNHCM,1775.0,212,301576.06587965245,641.77075261426,13.672621821305862,0.46335974589087164,630.2574539744481,1516,109,301576.06587965245,0.14098596282218756,0.8194388669544975,0.9393898481341107,0.8507042253521127,210228.70765339502,100.886078,13.056152,106.710033,10.776988,368.45873761098994,False,0,False,0,False,0
CNXIA,USLSA,67.0,32,300878.3791708972,6335.119975292804,17.15568465754125,0.4230774156631283,630.5696712344051,65,110,300878.3791708972,0.14141129093609317,0.8195282691328545,0.9394198583556682,0.40298507462686567,99367.38965878283,118.042517,24.44535,-118.244,33.738045,6062.478307149679,False,0,False,0,True,1
USNFK,USSAV,686.0,270,300715.2301792193,570.7364070903606,12.154643272607094,0.2822549575582792,629.8502988176665,310,111,300715.2301792193,0.14043066897594936,0.8193221465265295,0.939350667814705,0.6049562682215743,149050.7272182475,-76.316667,36.85,-81.0833,32.0833,370.800311011568,False,0,False,0,False,0
CNYSN,USSAV,36.0,21,300649.73516386363,12515.819851326065,15.216475734350592,0.4460331221820953,630.7,26,112,300649.73516386363,0.1415887109560806,0.8195655620738862,0.9394323767242746,0.9166666666666666,225868.6550880255,122.066667,30.633333,-81.0833,32.0833,6818.1184984029405,False,0,True,1,True,2
CNGLA,IRBAB,102.0,14,300487.01432296797,5419.683556444679,14.870452418900454,0.33077241121355405,627.7235365312678,32,113,300487.01432296797,0.13751840023122652,0.8187099999008378,0.9391451845009842,0.6764705882352942,166419.69528620248,113.212217,21.928867,56.270599,27.172804,3099.941507162525,False,0,False,0,True,1
CNWGQ,VNHCM,611.0,130,299082.0750036108,1768.5440920026786,14.191072085881899,0.4789866736951978,630.4840331401325,482,114,299082.0750036108,0.1412946695833811,0.8195037558156424,0.9394116298080627,0.7888707037643208,193351.32892564754,121.617967,31.353633,106.710033,10.776988,1487.4602452977574,False,0,False,0,False,0
CNQIN,USOAK,67.0,27,295888.9217983222,5804.544553222934,16.70302113745522,0.39514646098412975,630.3068349738197,49,115,295888.9217983222,0.14105326174594401,0.8194530129048548,0.9393945965989935,0.47761194029850745,115805.16702223479,120.2667,36.0333,-122.320518,37.814824,5174.567885748851,False,0,False,0,True,1
FRLEH,MYPKE,18.0,13,293148.67774880154,11549.469129440247,18.221056420035147,0.7932730240413594,568.6171724418017,17,116,293148.67774880154,0.04786554779013008,0.7998653478731378,0.9328194752966069,1.0,234479.4691060955,0.094067,49.480233,101.34485,3.00525,5702.381131564812,False,0,True,1,True,2
CNNBO,USLSA,77.0,42,291529.28952860215,5903.57024626183,17.07553676546621,0.48304495570301964,629.8572982014974,70,117,291529.28952860215,0.1404402210692478,0.819324154336314,0.9393513417895184,0.9090909090909091,217142.7169157167,121.683333,29.966667,-118.244,33.738045,5691.49953337667,False,0,False,0,True,1
DEWVN,SGSGP,23.0,21,282971.3795315321,12281.643345339424,15.04976042774647,0.5174600202152911,626.2730891120982,22,119,282971.3795315321,0.1355208942993662,0.8182901325660655,0.9390042448508233,1.0,231552.68766925985,8.170278,53.541667,103.802776,1.248823,5543.966544588826,False,0,True,1,True,2
KRBUS,USMOB,49.0,24,281046.6683347053,9870.543655273093,15.997110993114433,0.3357703716514531,630.6999999999999,34,120,281046.6683347053,0.1415887109560805,0.8195655620738862,0.9394323767242746,0.24489795918367346,56408.85813127979,129.052391,35.112607,-88.1167,30.6833,6333.689670498708,False,0,True,1,True,1
BEANT,DEHAM,845.0,336,280212.6377915975,462.87691042248446,10.551015923669697,0.24342029573802706,630.5617852935573,689,121,280212.6377915975,0.14140055324165912,0.8195260121147041,0.9394191007274314,0.4887573964497041,112239.00394096017,4.4,51.2167,9.903145,53.539287,245.1028547870434,False,0,False,0,False,0
PRSJU,USJAC,399.0,4,278367.5748986847,1127.9975522267428,19.448298777534617,0.7550994612456107,630.6999999999999,397,122,278367.5748986847,0.1415887109560805,0.8195655620738862,0.9394323767242746,1.0,228140.47798498513,-66.083333,18.45,-81.377283,30.398817,1099.4909853419394,False,0,False,0,False,0
AUBRI,SGSGP,149.0,38,277043.8444997631,4022.7398664126204,15.003503631457473,0.30880023834891784,630.7,129,123,277043.8444997631,0.1415887109560806,0.8195655620738862,0.9394323767242746,0.46308724832214765,105146.55030484933,153.169467,-27.350967,103.802776,1.248823,3324.4814143562044,False,0,False,0,False,0
CNYSN,CNYTN,372.0,235,276911.4637084781,860.9613111273441,12.629974016092682,0.33445281625220424,629.0256292162283,330,124,276911.4637084781,0.13930375035022124,0.8190852729771984,0.9392711549009576,0.8494623655913979,192670.04350034165,122.066667,30.633333,114.263091,22.566543,639.9418904137054,False,0,False,0,False,0
MXMAN,PABAL,208.0,94,275718.00224328274,1780.7552803276797,15.07014003498627,0.36309826994653105,630.1751414735684,153,125,275718.00224328274,0.14087375973920724,0.8194152823389763,0.9393819313299552,0.9278846153846154,209634.69287617685,-104.293756,19.073908,-79.57037,8.954178,1560.4676592122607,False,0,False,0,False,0
BRRDJ,COCTA,112.0,39,272371.9575945812,4160.764315343693,14.762919500717862,0.35946256858909076,630.6999999999999,110,126,272371.9575945812,0.1415887109560805,0.8195655620738862,0.9394323767242746,0.36607142857142855,81716.90836862384,-43.1667,-22.916667,-75.540962,10.394286,2760.761967876718,False,0,False,0,False,0
MATAN,MYPKE,26.0,25,271765.0020754016,10527.085395927345,17.21028880532978,0.6079056265403021,602.7542123795714,22,127,271765.0020754016,0.1017897695602249,0.8111999921979195,0.9366242504565951,1.0,220455.76756323336,-5.797516,35.789733,101.34485,3.00525,6124.790925430405,False,0,True,1,True,2
CNWGQ,KRBUS,1430.0,337,266871.4870153068,543.0400464929817,10.488106759700992,0.27955897755919445,630.5296843266112,1249,128,266871.4870153068,0.1413568409896504,0.8195168239834174,0.9394160164865251,0.637062937062937,139329.27868071335,121.617967,31.353633,129.052391,35.112607,436.0758484429307,False,0,False,0,False,0
INMUN,LKCOL,379.0,191,264811.3049475213,1293.1208558546632,12.852899180615395,0.29091220976710536,630.2994638547308,321,129,264811.3049475213,0.14104321668155506,0.8194509014746232,0.9393938878412179,0.5224274406332454,113366.68281494381,69.7,22.766667,79.85,6.95,1116.2619809090118,False,0,False,0,False,0
USNFK,USNYK,919.0,357,263288.45601366163,356.45778437563297,9.376732318889921,0.22565639711233457,630.1349142336177,615,130,263288.45601366163,0.14081891390122192,0.8194037539748044,0.9393780615275705,0.6060935799782372,130758.35573923204,-76.316667,36.85,-74.049568,40.663452,252.344079551572,False,0,False,0,False,0
CNNSA,CNTJN,537.0,62,262325.563193666,1502.8094855098088,11.450201264176084,0.3485271465446141,630.6840182191647,401,131,262325.563193666,0.14156695847672207,0.8195609897943313,0.9394308419169021,0.9031657355679702,194173.22557986557,113.682083,22.64515,117.8143,38.97075,1002.7711755796681,False,0,False,0,False,0
MYPKE,NLROT,22.0,19,262015.43601232755,11758.318711535134,16.841551277685422,0.5837337283071792,628.1046748450573,19,132,262015.43601232755,0.13804176010383284,0.818820007942032,0.9391821116290476,1.0,214543.48139654903,101.34485,3.00525,4.03038,52.002215,5530.803823853867,False,0,True,1,True,2
ESALG,MYPKE,22.0,18,258543.19224585037,10561.000763913704,17.400485212098836,0.6428674799782975,612.8960312595796,17,133,258543.19224585037,0.11665278874892715,0.8143241362386922,0.9376729525862745,0.9545454545454546,200968.05435572367,-5.433333,36.116667,101.34485,3.00525,6103.235620027048,False,0,True,1,True,2
SGSGP,TWKAO,338.0,121,257540.99520935927,1652.2879408310982,14.815029835379924,0.3569924926986056,630.6858588938975,317,134,257540.99520935927,0.14156946383812674,0.8195615164107477,0.9394310186897238,0.7071005917159763,149248.20878295865,103.802776,1.248823,120.260382,22.620829,1602.6742782642089,False,0,False,0,False,0
JPTOK,USOAK,78.0,32,257505.95052120136,4780.256748267806,16.100042691056156,0.3248888805193641,630.7000000000002,74,135,257505.95052120136,0.14158871095608083,0.8195655620738862,0.9394323767242746,0.47435897435897434,100110.14533105529,139.75,35.6667,-122.320518,37.814824,4466.917262855329,False,0,False,0,False,0
CNTJN,KRBUS,687.0,211,256934.02761885757,761.3176175478874,12.944569007720995,0.34646472763784897,630.0230061005881,649,136,256934.02761885757,0.14066630145636105,0.819371675481592,0.9393672935272127,0.7234352256186317,152300.8136172541,117.8143,38.97075,129.052391,35.112607,585.7372430070668,False,0,False,0,False,0
BDCTG,SGSGP,792.0,78,256089.33898078036,1535.2791957075622,12.801856782071749,0.4181528451618457,630.4471400819838,543,137,256089.33898078036,0.14124441911244778,0.8194931933782722,0.9394080842447275,0.5202020202020202,109171.40116021983,91.883333,22.35,103.802776,1.248823,1445.4970605951296,False,0,False,0,False,0
JPYOK,USNFK,31.0,16,255420.53026487547,9716.521399163375,17.055489233186044,0.5135654823143062,630.7000000000002,20,138,255420.53026487547,0.14158871095608083,0.8195655620738862,0.9394323767242746,0.6451612903225806,135054.10996886628,139.679832,35.450183,-76.316667,36.85,6024.701423419143,False,0,True,1,True,1
GHTEM,MYTPP,44.0,21,253671.6259667568,8282.458269669964,16.33737233553293,0.3826172110365037,621.3457565960126,36,139,253671.6259667568,0.12866549058609222,0.8168491555757246,0.9385205425570534,0.9772727272727273,202502.10224936483,0.016667,5.633333,103.549576,1.327854,6203.900058621501,False,0,True,1,True,1
CNNSA,MYPKE,394.0,164,253100.85958787336,1670.7514138449678,14.3054207661196,0.33311132811502026,630.0971083243971,294,141,253100.85958787336,0.1407673629232601,0.8193929181763335,0.9393744242033035,0.5329949238578681,110537.31194273011,113.682083,22.64515,101.34485,3.00525,1380.619582212028,False,0,False,0,False,0
INNSA,SGSGP,195.0,101,252103.54862492686,2516.691006309319,14.167855164248248,0.3177940683062171,630.6134644214854,165,142,252103.54862492686,0.14147091594900918,0.8195408020594703,0.9394240653661843,0.558974358974359,115489.21407276987,72.9428,18.953883,103.802776,1.248823,2103.7297455765765,False,0,False,0,False,0
CNYTN,VNCMP,338.0,172,250941.4006533899,989.5669266508886,14.429930889322106,0.36484388544134927,629.1394956307903,317,143,250941.4006533899,0.13945952565387842,0.8191180162900099,0.9392821460657151,0.8224852071005917,169062.34615884937,114.263091,22.566543,107.012844,10.522075,834.4161988082551,False,0,False,0,False,0
SGSGP,VNCMP,638.0,240,248644.17837578017,670.5912005254877,11.51902994076398,0.2883721071339161,629.6740560466579,591,145,248644.17837578017,0.1401900796117872,0.8192715756553774,0.93933369235532,0.6786833855799373,138252.6295853215,103.802776,1.248823,107.012844,10.522075,588.7835424350544,False,0,False,0,False,0
AEJAL,INMUN,697.0,234,246641.18701439814,1251.0703859106902,12.982066709211384,0.3154924583263977,630.6703634938807,434,146,246641.18701439814,0.1415483724323553,0.8195570830860769,0.9394295305262578,0.4017216642754663,81202.62396492707,55.0606,25.0136,69.7,22.766667,814.4588711933749,False,0,False,0,False,0
USLSA,USOAK,647.0,218,244887.2524780469,475.9624723851743,8.538340500843326,0.21714782430139093,629.7843869114124,535,147,244887.2524780469,0.14034070826186562,0.8193032371632809,0.9393443203834564,0.7527047913446677,151020.37002257194,-118.244,33.738045,-122.320518,37.814824,315.1120702803044,False,0,False,0,False,0
DEHAM,NLROT,1045.0,389,244278.17804852463,359.913153412115,10.436141744368818,0.2534006039148704,630.0697338100264,757,148,244278.17804852463,0.14073003201382372,0.8193850713763818,0.9393717902159735,0.5751196172248804,115114.73043631167,9.903145,53.539287,4.03038,52.002215,232.34261540380663,False,0,False,0,False,0
CAVCR,JPTOK,93.0,33,242014.97251842494,4441.427488031224,15.083675358947286,0.29057015412753207,630.4408906751269,85,149,242014.97251842494,0.14123590647772666,0.8194914040583031,0.9394074836118381,0.3763440860215054,74640.0176035371,-123.116667,49.283333,139.75,35.6667,4077.1176598762486,False,0,False,0,False,0
BEANT,LKCOL,30.0,24,241135.71512518165,10726.68205972753,16.259990545901502,0.4025704534946028,630.2230170120835,27,150,241135.71512518165,0.14093902414608328,0.8194290006424534,0.9393865362437761,0.7,138315.51864496164,4.4,51.2167,79.85,6.95,4532.523606903127,False,0,True,1,True,2
CNXIA,PABAL,34.0,14,241119.61636601324,9290.95595179607,17.65150342741984,0.4422969300088142,630.7,33,151,241119.61636601324,0.1415887109560806,0.8195655620738862,0.9394323767242746,0.5,98806.66695702572,118.042517,24.44535,-79.57037,8.954178,8552.06138149368,False,0,True,1,True,1
CNNBO,MXMAN,54.0,23,239999.60581196967,6975.204007441218,16.844289385585967,0.3536492049053769,628.6491871959389,51,152,239999.60581196967,0.1387883560068056,0.8189769392566946,0.9392347898032138,0.8888888888888888,174714.79341395566,121.683333,29.966667,-104.293756,19.073908,6840.937007452967,False,0,False,0,True,1
BRSTS,COCTA,94.0,43,237898.226908683,4365.1066996260715,15.43854002431928,0.37332563320343226,630.6713187016785,59,153,237898.226908683,0.14154967263368745,0.8195573563829214,0.9394296222656203,0.35106382978723405,68447.35089153545,-46.306133,-23.95,-75.540962,10.394286,2682.0199933820286,False,0,False,0,False,0
IDJAK,SGSGP,927.0,180,236946.72824027002,608.7206331048245,12.363499987822596,0.30108655095763537,630.6494361007086,875,154,236946.72824027002,0.14151988567933382,0.8195510952905581,0.939427520563263,0.3926645091693635,76251.50165950078,106.788826,-6.09208,103.802776,1.248823,475.712904659944,False,0,False,0,False,0
AEJAL,ESVAL,29.0,20,236444.1296564124,10669.221659985033,16.97735870865392,0.378839284984108,628.5221632334167,19,155,236444.1296564124,0.13861430563596822,0.8189403546017237,0.9392225091896823,0.5862068965517241,113509.37481149692,55.0606,25.0136,-0.316667,39.45,2895.2529782554852,False,0,True,1,True,2
AEKHA,EGPSA,11.0,11,235287.4021977711,12111.178815621402,17.18426963327303,0.8093971225021763,630.6999999999999,10,156,235287.4021977711,0.1415887109560805,0.8195655620738862,0.9394323767242746,1.0,192833.4520311208,54.659214,24.802318,32.319633,31.269083,1243.225743837467,False,0,True,1,True,2
INMUN,MYPKE,209.0,89,234951.65783804553,2656.7102712610513,15.225185721782845,0.3580653275635566,630.6686293481289,151,157,234951.65783804553,0.14154601195305794,0.8195565869232693,0.9394293639760007,0.430622009569378,82918.92866542639,69.7,22.766667,101.34485,3.00525,2189.5038197159956,False,0,False,0,False,0
HKHKG,TWKAO,1576.0,317,232860.1496694718,366.36882905299524,13.61540296467444,0.37081406680294465,629.9403624532953,1503,158,232860.1496694718,0.14055356305234346,0.8193479783438431,0.9393593389519754,0.6789340101522843,129536.19122418993,114.181938,22.298785,120.260382,22.620829,337.8001698323597,False,0,False,0,False,0
CNYTN,USHOU,29.0,13,232457.82268959135,11318.722306641213,16.912915267062264,0.33103770930873894,630.7000000000002,14,159,232457.82268959135,0.14158871095608083,0.8195655620738862,0.9394323767242746,0.3448275862068966,65694.62969347129,114.263091,22.566543,-94.97475,29.6069,7248.663601207551,False,0,True,1,True,2
KRBUS,PACRI,38.0,21,231727.46881911473,8612.002020723716,16.564392517805224,0.3701055462184517,630.7,19,160,231727.46881911473,0.1415887109560806,0.8195655620738862,0.9394323767242746,0.2631578947368421,49977.85611334123,129.052391,35.112607,-79.916667,9.35,7672.3461557924475,False,0,True,1,True,1
CNNBO,HKHKG,539.0,221,231208.01838533304,810.3504765251844,13.589741661492187,0.3270291292655458,629.5103570588491,421,161,231208.01838533304,0.13996649311778075,0.819224578715928,0.9393179165812693,0.6716141001855288,127211.29407718698,121.683333,29.966667,114.181938,22.298785,612.3585571961911,False,0,False,0,False,0
JPYOK,KRBUS,509.0,148,229813.27876243394,890.7828192711756,13.845050889165083,0.3554908813207574,629.5225324248202,496,162,229813.27876243394,0.139983126712536,0.8192280750274965,0.9393190902113389,0.7799607072691552,146842.80455912292,139.679832,35.450183,129.052391,35.112607,521.0207311076266,False,0,False,0,False,0
CNQIN,HKHKG,402.0,138,229263.53542050236,1205.143374731454,14.37493733554799,0.3587449853381956,630.1840976175864,334,163,229263.53542050236,0.14088596959719402,0.8194178487997057,0.9393827928308327,0.6293532338308457,118231.95559609015,120.2667,36.0333,114.181938,22.298785,883.6341705801048,False,0,False,0,False,0
CGPNO,SGSGP,47.0,23,229173.8215984881,7562.348402330026,15.265267352961956,0.29762887756872036,630.5515576384062,20,164,229173.8215984881,0.14138662661036627,0.8195230847954557,0.9394181180947838,0.425531914893617,79920.52648117294,11.839142,-4.778824,103.802776,1.248823,5527.350921716165,False,0,False,0,True,1
HKHKG,THLCB,464.0,89,228079.49027131675,1497.6502259288916,15.731073378624137,0.498655254859137,630.5770181585925,457,165,228079.49027131675,0.1414212944502906,0.8195303718294109,0.939420564181753,0.6875,128506.17275974138,114.181938,22.298785,100.886078,13.056152,940.5178330441901,False,0,False,0,False,0
CNNSA,CNQIN,788.0,144,227895.5435177851,1208.2105599314345,12.087138575314178,0.3858248086405908,630.1453765302142,473,166,227895.5435177851,0.14083317887512747,0.8194067524122451,0.9393790680329329,0.8781725888324873,163989.20033574515,113.682083,22.64515,120.2667,36.0333,873.9733970125026,False,0,False,0,False,0
FRFOS,REREU,36.0,21,227261.74215394835,8056.954454129355,16.48046935061701,0.37893748906202884,630.7000000000002,36,167,227261.74215394835,0.14158871095608083,0.8195655620738862,0.9394323767242746,0.5555555555555556,103475.49858127294,4.871235,43.408352,55.3,-20.916666,4756.683992433206,False,0,True,1,True,1
USHNL,USOAK,171.0,17,226446.83270567964,2138.1091958989396,19.46431062048181,0.6395652136798649,630.7,170,168,226446.83270567964,0.1415887109560806,0.8195655620738862,0.9394323767242746,0.29239766081871343,54265.50459832795,-157.868643,21.300094,-122.320518,37.814824,2086.86730257555,False,0,False,0,False,0
AEJAL,ESALG,30.0,17,225350.06626317385,10064.917460422463,16.54932528747342,0.34107716529766596,630.4531656678821,22,169,225350.06626317385,0.14125262670945915,0.8194949185805993,0.9394086633548233,0.9,166205.91078402507,55.0606,25.0136,-5.433333,36.116667,3147.7143600253894,False,0,True,1,True,2
LKCOL,USBAL,30.0,16,225253.06738876633,11437.229256670078,17.194999140183707,0.438024833945784,630.7,28,170,225253.06738876633,0.1415887109560806,0.8195655620738862,0.9394323767242746,0.6333333333333333,116919.44929611612,79.85,6.95,-76.583333,39.283333,7737.789316405643,False,0,True,1,True,2
EGPSA,MATAN,205.0,61,223669.58090242784,1968.4486834292086,15.895229115815454,0.41227399108441226,630.7,202,171,223669.58090242784,0.1415887109560806,0.8195655620738862,0.9394323767242746,0.775609756097561,142178.48702824142,32.319633,31.269083,-5.797516,35.789733,1914.878620753077,False,0,False,0,False,0
CNYTN,PACOL,26.0,16,223619.50674588265,10583.833407054173,17.836503761042273,0.5569861171104664,628.7867751175997,10,172,223619.50674588265,0.1389768019552513,0.8190165498014548,0.9392480861372194,1.0,183148.07688331595,114.263091,22.566543,-79.892063,9.359918,8717.353240347999,False,0,True,1,True,2
AEJAL,CNNBO,87.0,53,223150.7853200916,5702.1956103713055,16.124638054155884,0.531044366492622,630.3293749615563,30,173,223150.7853200916,0.14108397687634355,0.819459469095914,0.9393967637914228,0.6896551724137931,126112.43039085418,55.0606,25.0136,121.683333,29.966667,3511.5400700094356,False,0,False,0,True,1
AUFRE,SGSGP,199.0,54,223002.44248819628,2385.015927709714,14.665062798110288,0.3552044693280479,630.6672530094111,183,174,223002.44248819628,0.14154413850322278,0.8195561931320036,0.9394292317894775,0.5025125628140703,91840.72001244457,115.75,-32.05,103.802776,1.248823,2111.523912126137,False,0,False,0,False,0
COBUE,PECAL,267.0,118,222533.65063684812,1187.3097918002018,14.769028729474813,0.3677411752755333,628.3205844638243,219,175,222533.65063684812,0.1383379545618384,0.81888226676974,0.9392030104622502,0.8352059925093633,152198.63610235436,-77.083333,3.883333,-77.15,-12.05,956.6529311710117,False,0,False,0,False,0
JPKOB,SGSGP,157.0,49,221660.9397600337,2744.575155177146,14.625484608782688,0.33282023427384566,630.480827446847,148,176,221660.9397600337,0.14129030347771687,0.8195028380786187,0.9394113217451954,0.6687898089171974,121486.85202913848,135.237233,34.685033,103.802776,1.248823,2668.8734324513584,False,0,False,0,False,0
CNQIN,PACOL,37.0,19,221654.22823423208,8958.49684251645,16.918836039346903,0.4816523099964606,629.0784436468734,19,177,221654.22823423208,0.13937601030896363,0.8191004617162173,0.9392762534056195,1.0,181557.0806880113,120.2667,36.0333,-79.892063,9.359918,7853.009956593474,False,0,True,1,True,1
MXMAN,TWKAO,43.0,19,221463.45338143603,7513.850121569707,16.683966864147685,0.37642701386224225,629.395022926809,42,178,221463.45338143603,0.13980889540183383,0.8191914523397279,0.9393067968310862,0.8372093023255814,151887.32205966438,-104.293756,19.073908,120.260382,22.620829,7188.841832656863,False,0,False,0,True,1
KRBUS,SGSGP,113.0,78,221099.1791420113,2578.2354980985433,13.935084562619489,0.4482367460548611,629.994997643633,109,179,221099.1791420113,0.14062809700871348,0.819363645067587,0.939364597904937,0.7964601769911505,144287.2269105529,129.052391,35.112607,103.802776,1.248823,2474.6447130224556,False,0,False,0,False,0
GBFEL,INMUN,33.0,26,221067.2711751716,11205.508082027878,15.129355422242218,0.30432039409838346,630.4439348195235,25,180,221067.2711751716,0.14124005308261722,0.8194922756571885,0.9394077761872108,0.3333333333333333,60387.64037622206,1.3,51.933333,69.7,22.766667,3546.7135086340195,False,0,True,1,True,2
AEJAL,INNSA,453.0,168,219370.76201647555,1234.9259234389708,13.573246575804246,0.30017341374146755,630.6284074498525,300,181,219370.76201647555,0.14149125918807892,0.8195450781226512,0.9394255007406439,0.37969094922737306,68262.44429729425,55.0606,25.0136,72.9428,18.953883,1058.798893902086,False,0,False,0,False,0
FRLEH,USNYK,120.0,37,217024.21045540352,3406.8320213538523,15.605107043868733,0.37586857569726667,630.6999999999999,107,182,217024.21045540352,0.1415887109560805,0.8195655620738862,0.9394323767242746,0.49166666666666664,87450.57143754937,0.094067,49.480233,-74.049568,40.663452,3059.0447215542977,False,0,False,0,False,0
KEMOM,SGSGP,141.0,46,214768.75332130762,4142.753548738115,14.282808191072807,0.34923817501161875,630.6268272358876,138,183,214768.75332130762,0.1414891079514956,0.8195446259417809,0.9394253489540951,0.3262411347517731,57422.54304833979,39.647169,-4.053188,103.802776,1.248823,3862.375216195476,False,0,False,0,False,0
AEJAL,SAJED,287.0,74,213144.21261999794,3669.8504494574204,13.654470146057509,0.31541257595744304,630.2904934739847,226,184,213144.21261999794,0.14103099189081092,0.819448331875091,0.9393930252867178,0.3519163763066202,61465.949886790906,55.0606,25.0136,39.1667,21.466667,901.6965472450182,False,0,False,0,False,0
ITGOA,SGSGP,32.0,22,212172.09505093936,11711.226978431185,14.86829938763914,0.3571132579200686,630.2784903631136,30,185,212172.09505093936,0.1410146335660437,0.8194448934241149,0.9393918710790965,0.9375,162996.88107805143,8.923988,44.403373,103.802776,1.248823,5560.207981036836,False,0,True,1,True,2
CNMWN,CNNBO,471.0,207,211080.47691394258,814.0830211889261,13.828922406186868,0.31878428555111976,630.4608389505095,446,186,211080.47691394258,0.14126307844713049,0.8194971154918423,0.9394094008065762,0.6942675159235668,120094.28518770955,113.862187,22.508158,121.683333,29.966667,614.3785398439564,False,0,False,0,False,0
BEANT,GRPIR,118.0,35,209844.32364394848,2965.55839047804,15.682503231099243,0.33009133126978557,630.7000000000002,117,187,209844.32364394848,0.14158871095608083,0.8195655620738862,0.9394323767242746,0.3305084745762712,56841.23780640184,4.4,51.2167,23.65,37.933333,1139.6610400953182,False,0,False,0,False,0
AEKHA,SGSGP,77.0,57,208639.54505376637,3580.52128011238,15.75489924584503,0.4045599731648643,629.7690247230453,57,188,208639.54505376637,0.1403197382753264,0.8192988293604214,0.9393428407870659,0.8181818181818182,139858.4741079614,54.659214,24.802318,103.802776,1.248823,3177.781374957561,False,0,False,0,False,0
KRBUS,PACOL,36.0,23,208188.65813388364,8384.292012456695,16.690767742335265,0.46734696606247844,629.5147996602402,20,189,208188.65813388364,0.13997256253196477,0.8192258544812294,0.9393183448258609,0.9444444444444444,161078.33516675184,129.052391,35.112607,-79.892063,9.359918,7672.561309428757,False,0,True,1,True,1
CNYSN,USNYK,25.0,14,205162.49703580106,11123.615598190927,16.827775628775672,0.4009804939259898,630.7,24,190,205162.49703580106,0.1415887109560806,0.8195655620738862,0.9394323767242746,1.0,168144.11719962832,122.066667,30.633333,-74.049568,40.663452,6433.844530652076,False,0,True,1,True,2
AUMEL,SGSGP,97.0,23,204094.5761195597,4008.530583223646,15.832756737517894,0.326752116547,630.7,91,191,204094.5761195597,0.1415887109560806,0.8195655620738862,0.9394323767242746,0.5154639175257731,86221.07525446314,144.912243,-37.858862,103.802776,1.248823,3269.4514942497217,False,0,False,0,False,0
ESALG,NLROT,176.0,91,202572.0551153264,1467.0190590946827,13.482578352498887,0.37814731486289127,629.0618573707422,150,193,202572.0551153264,0.139353318506924,0.8190956919949907,0.9392746523216928,0.6818181818181818,113131.29386150159,-5.433333,36.116667,4.03038,52.002215,1035.4438175049831,False,0,False,0,False,0
INMUN,PTSNS,29.0,24,201829.6538224774,10084.783051115855,16.076285447557417,0.40019165559253783,625.6709557782208,28,194,201829.6538224774,0.13468893673257232,0.8181152585891517,0.9389455437443374,0.9655172413793104,159426.12910283386,69.7,22.766667,-8.866667,37.95,4054.8458909733745,False,0,True,1,True,2
BDCTG,LKCOL,761.0,39,200654.53486994136,1354.7552275569137,12.042695339684434,0.35317672322661925,630.7,318,195,200654.53486994136,0.1415887109560806,0.8195655620738862,0.9394323767242746,0.3088042049934297,50782.71151582005,91.883333,22.35,79.85,6.95,1157.5213551444372,False,0,False,0,False,0
MXLCS,MXMAN,629.0,206,199631.36384107807,375.4369802867077,5.13849096136241,0.21838405984845033,628.7222974664842,595,196,199631.36384107807,0.13888850104149386,0.8189979893212449,0.939241855817852,0.848966613672496,138804.0764797371,-102.166667,17.883333,-104.293756,19.073908,140.64357024185486,False,0,False,0,False,0
CNYSN,USLSA,51.0,20,199592.63719507222,5927.106684961402,15.873806732050594,0.4474489066682373,629.9794066226085,49,197,199592.63719507222,0.14060682887634823,0.8193591745957304,0.939363097272029,0.9607843137254902,157124.801272734,122.066667,30.633333,-118.244,33.738045,5649.484730625522,False,0,False,0,True,1
TWKEE,USLSA,47.0,10,199180.87056940462,6018.415076557353,16.125734605361608,0.2905993652623573,630.7,47,198,199180.87056940462,0.1415887109560806,0.8195655620738862,0.9394323767242746,0.8085106382978723,131982.71747697963,121.7559,25.15113,-118.244,33.738045,5887.966450776495,False,0,False,0,True,1
MATAN,NLROT,188.0,108,198233.47412742538,1454.0444066032367,14.202378640970357,0.382250878185105,623.4971009938185,165,199,198233.47412742538,0.13167198510299494,0.8174811080619151,0.9387326742351947,0.7712765957446809,124987.0075120976,-5.797516,35.789733,4.03038,52.002215,1059.9637977632499,False,0,False,0,False,0
JPTOK,USTAC,72.0,29,197505.21439790577,4411.985666852919,14.703639848569876,0.30208409631751587,630.3480056267746,69,200,197505.21439790577,0.14110936313398947,0.819464805180362,0.9393985549902445,0.6111111111111112,98907.46069030781,139.75,35.6667,-122.422033,47.272467,4161.676119939412,False,0,False,0,False,0
AUBRI,TWKAO,89.0,20,197356.04412103118,3824.9288794615295,14.833111380268265,0.29300457219347453,630.7,87,201,197356.04412103118,0.1415887109560806,0.8195655620738862,0.9394323767242746,0.7640449438202247,123581.3794556601,153.169467,-27.350967,120.260382,22.620829,3556.1621159228084,False,0,False,0,False,0
CNNSA,THLCB,494.0,88,197028.78881728678,1501.4709908923016,15.021735584257787,0.45512327369068334,629.4203348621883,424,202,197028.78881728678,0.13984348770914812,0.8191987234970466,0.9393092375886396,0.7206477732793523,116316.68157024175,113.682083,22.64515,100.886078,13.056152,929.7317775290538,False,0,False,0,False,0
CNWGQ,USTAM,27.0,11,196280.5187996837,10195.705562594543,15.73921695300281,0.29727436552198616,630.7,27,203,196280.5187996837,0.1415887109560806,0.8195655620738862,0.9394323767242746,0.37037037037037035,59579.53841267287,121.617967,31.353633,-82.466667,27.95,6989.405566698665,False,0,True,1,True,2
CNNSA,MYTPP,264.0,118,196162.91404175226,1509.8207420193676,14.91806392038513,0.35890355637770294,630.675542412364,241,204,196162.91404175226,0.14155542177976466,0.8195585648292154,0.9394300279127946,0.7196969696969697,115703.52006783067,113.682083,22.64515,103.549576,1.327854,1409.8183055858813,False,0,False,0,False,0
CNXIA,CNYTN,641.0,277,195999.1414732736,348.0803633126435,11.543866150390434,0.2649048580687545,630.1013220593437,544,205,195999.1414732736,0.14077310894927741,0.8193941259668042,0.9393748296303333,0.6661466458658346,106983.51452101982,118.042517,24.44535,114.263091,22.566543,236.6792710810271,False,0,False,0,False,0
CLVAL,HKHKG,23.0,12,194039.966487851,10411.60060284926,19.214023907992907,0.6550685413164316,626.7097826982817,23,206,194039.966487851,0.13612326638812444,0.8184167486423505,0.9390467469080649,1.0,158805.55847965766,-71.6167,-33.033333,114.181938,22.298785,10093.180513609459,False,0,True,1,True,2
CNBYQ,CNNSA,367.0,47,192843.63696620328,1479.1415779160193,12.06506570076105,0.39224241975974644,630.6914599560095,272,207,192843.63696620328,0.1415770874117077,0.8195631188538093,0.9394315565924034,0.9918256130790191,156755.5908800559,122.0684,40.268517,113.682083,22.64515,1140.5698555590848,False,0,False,0,False,0
MYTPP,TGLOM,48.0,12,192721.0335467295,8256.897624417285,15.934125060256113,0.6636234743990426,630.7,31,208,192721.0335467295,0.1415887109560806,0.8195655620738862,0.9394323767242746,0.9791666666666666,154656.94880339009,103.549576,1.327854,1.286945,6.137824,6126.69267807529,False,0,True,1,True,1
CGPNO,LKCOL,38.0,17,191436.84305776394,6324.426153466848,16.59393411202941,0.40520431324760503,626.9120730482434,38,209,191436.84305776394,0.1364020198757011,0.8184753414515235,0.9390664151445359,1.0,156686.33548810505,11.839142,-4.778824,79.85,6.95,4135.644541809176,False,0,False,0,True,1
PKQAS,USNFK,28.0,16,191297.2739123132,11602.43294333236,15.560291603101442,0.28841561533997234,630.6999999999999,26,210,191297.2739123132,0.1415887109560805,0.8195655620738862,0.9394323767242746,0.7857142857142857,123184.80257061559,67.343788,24.775279,-76.316667,36.85,6574.898492104583,False,0,True,1,True,2
GRPIR,MYPKE,24.0,19,190851.4680572079,12090.757444127761,15.669560804586887,0.36697588570774203,630.1581545307185,18,211,190851.4680572079,0.14085060058743049,0.8194104143828032,0.939380297270853,0.875,136837.47046053267,23.65,37.933333,101.34485,3.00525,4710.640090912012,False,0,True,1,True,2
CNDAL,CNTJN,1538.0,345,190679.32084247362,241.34203984298364,10.87853779050957,0.2660196497328681,630.2315389456758,1272,212,190679.32084247362,0.14095064029052473,0.8194314423070959,0.9393873558535243,0.577373211963589,90213.77388538624,121.737442,38.978628,117.8143,38.97075,183.10651773044196,False,0,False,0,False,0
AEKHA,BSFRE,23.0,17,190488.0106633663,12132.24347849523,15.905013799714673,0.35903501979164293,630.7000000000002,19,213,190488.0106633663,0.14158871095608083,0.8195655620738862,0.9394323767242746,0.2608695652173913,40726.281789823886,54.659214,24.802318,-78.6966,26.5285,6708.289809402544,False,0,True,1,True,2
SGSGP,TGLOM,34.0,29,188772.50065726833,9619.684175584907,15.01530363966075,0.38103134914090886,630.1382024671735,25,214,188772.50065726833,0.14082339734321425,0.81940469637543,0.9393783778694326,0.6764705882352942,104637.19683697917,103.802776,1.248823,1.286945,6.137824,6142.333707745823,False,0,True,1,True,1
MYTPP,SGSGP,1935.0,371,187583.79093867677,173.35586008078266,4.967148747505589,0.20328249953024335,630.4437707647179,1693,215,187583.79093867677,0.14123982961511272,0.8194922286852602,0.9394077604198324,0.4630490956072351,71181.50861798617,103.549576,1.327854,103.802776,1.248823,15.921901494115852,False,0,False,0,False,0
CNYTN,PABAL,25.0,17,185883.07076123863,9354.574138026876,17.46697620245609,0.5138352474906384,628.1980148185,11,216,185883.07076123863,0.13816983303199049,0.8188469283321769,0.9391911481747729,0.8,121767.82521743435,114.263091,22.566543,-79.57037,8.954178,8747.253496352423,False,0,True,1,True,1
TWKAO,USOAK,40.0,30,184809.8879845162,6023.450230705813,16.42346525542201,0.49661509126505127,625.5269631841729,37,217,184809.8879845162,0.1344897472619475,0.8180733898012738,0.9389314893709021,0.975,147408.3502439797,120.260382,22.620829,-122.320518,37.814824,5748.162162595534,False,0,False,0,True,1
ESBAR,ESVAL,1149.0,339,183021.0373226126,207.0233015363837,8.087200186796904,0.24272077466129524,628.8620351773768,961,218,183021.0373226126,0.13907984626978998,0.8190382092824198,0.9392553567187033,0.4194952132288947,62882.8453671077,2.166667,41.35,-0.316667,39.45,160.93966345706667,False,0,False,0,False,0
ESALG,ZAPLZ,49.0,15,182229.02665192125,5625.1826368764805,16.652985169392117,0.48806780901405705,630.7,39,219,182229.02665192125,0.1415887109560806,0.8195655620738862,0.9394323767242746,0.9183673469387755,137156.90937626848,-5.433333,36.116667,25.6372,-33.9618,4553.548755243234,False,0,False,0,True,1
AUSYD,CNYTN,77.0,20,181796.51979630362,4548.958279934862,15.538400553621178,0.33760052666743,630.6999999999999,77,220,181796.51979630362,0.1415887109560805,0.8195655620738862,0.9394323767242746,0.44155844155844154,65789.63215087992,151.2111,-33.86,114.263091,22.566543,3991.6984647688037,False,0,False,0,False,0
ESVAL,VNCMP,21.0,16,181498.13551555522,11847.984760570986,17.659732058873928,0.4326340954685556,630.7,10,221,181498.13551555522,0.1415887109560806,0.8195655620738862,0.9394323767242746,0.7619047619047619,113333.04491365208,-0.316667,39.45,107.012844,10.522075,5783.178654533154,False,0,True,1,True,2
TWKEE,USOAK,48.0,11,181263.09483825756,5828.381577781642,14.799864162714986,0.2540601017045488,630.7,48,222,181263.09483825756,0.1415887109560806,0.8195655620738862,0.9394323767242746,0.8125,120702.55454104955,121.7559,25.15113,-122.320518,37.814824,5582.755008531069,False,0,False,0,True,1
CNQIN,JMKIN,22.0,12,180315.00061230894,10096.405020822413,16.135924117567164,0.5865153021401828,630.1854679075435,13,223,180315.00061230894,0.14088783767474866,0.8194182414617407,0.9393829246382996,1.0,147753.40071091088,120.2667,36.0333,-76.7936,17.997,7421.506160340199,False,0,True,1,True,2
CNYTN,USNYK,19.0,18,180135.8400165183,13646.41330407921,17.021943047925884,0.4272899120351722,630.7000000000002,17,224,180135.8400165183,0.14158871095608083,0.8195655620738862,0.9394323767242746,0.8421052631578947,124322.63660866482,114.263091,22.566543,-74.049568,40.663452,6982.627942572278,False,0,True,1,True,2
THLCB,VNCMP,521.0,190,179988.60972294232,677.1136488622949,13.256425302379029,0.3060029842419025,629.2716472571651,510,225,179988.60972294232,0.1396402454173412,0.8191560028232239,0.9392948972570049,0.6468330134357005,95368.25102072461,100.886078,13.056152,107.012844,10.522075,390.8806506440235,False,0,False,0,False,0
AUBRI,CNQIN,88.0,30,179889.97279397858,4460.8108873091915,14.821276444771229,0.32191079159429525,630.7,52,226,179889.97279397858,0.1415887109560806,0.8195655620738862,0.9394323767242746,0.5340909090909091,78741.89151391589,153.169467,-27.350967,120.2667,36.0333,4236.56593605197,False,0,False,0,False,0
MYPKE,SAJED,85.0,51,179783.92048914227,5674.559590597786,14.34945464225454,0.35781920350504304,630.4684413275846,67,227,179783.92048914227,0.14127343335382847,0.8194992920496226,0.9394101314261475,0.5294117647058824,77999.71529793057,101.34485,3.00525,39.1667,21.466667,3786.616765164838,False,0,False,0,True,1
AUBRI,AUMEL,308.0,107,177919.82851099886,1133.0725773418176,13.918199603802709,0.3265411014695241,630.7,264,228,177919.82851099886,0.1415887109560806,0.8195655620738862,0.9394323767242746,0.4902597402597403,71488.18702244689,153.169467,-27.350967,144.912243,-37.858862,755.8277378960955,False,0,False,0,False,0
SGSGP,VNHPG,550.0,111,176788.15520486372,1381.2754868842324,13.028245567910004,0.35452972449324505,630.6073384554737,504,229,176788.15520486372,0.14146257586213062,0.8195390490083311,0.9394234769078932,0.4290909090909091,62168.749083340685,103.802776,1.248823,106.828308,20.81389,1188.004458504646,False,0,False,0,False,0
CNWGQ,CNXIA,785.0,219,176610.93241288903,660.4807599361161,12.181066241195198,0.2983683017706078,630.6322964015819,579,230,176610.93241288903,0.1414965533968775,0.8195461909430451,0.9394258742884387,0.6356687898089172,92007.21993885798,121.617967,31.353633,118.042517,24.44535,456.0158417068077,False,0,False,0,False,0
AUBRI,MYTPP,88.0,31,175792.32553521878,4084.9454723371505,15.218236799059746,0.33227971744858636,630.7000000000002,84,231,175792.32553521878,0.14158871095608083,0.8195655620738862,0.9394323767242746,0.32954545454545453,47478.713028191676,153.169467,-27.350967,103.549576,1.327854,3339.655635482852,False,0,False,0,False,0
CNWGQ,HKHKG,675.0,182,175456.57325027205,929.397480909793,13.325031173226433,0.36559649514190456,630.5777939697062,590,232,175456.57325027205,0.14142235077499488,0.8195305938644153,0.9394206387137141,0.6785185185185185,97565.5549486378,121.617967,31.353633,114.181938,22.298785,673.5479469586885,False,0,False,0,False,0
BEANT,NLROT,1283.0,416,175183.7417115763,207.4357265496199,8.30880408501083,0.22360751745882088,628.4575185539505,973,233,175183.7417115763,0.13852570139389142,0.8189217303631785,0.939216257468132,0.49727201870615745,71339.52541413394,4.4,51.2167,4.03038,52.002215,49.13488879778335,False,0,False,0,False,0
MXMAN,PECAL,93.0,50,174186.66117494646,2496.529319129667,15.614224909274853,0.3770158196212514,628.5910681141328,74,234,174186.66117494646,0.13870872899247366,0.8189602019936156,0.9392291714952207,0.8064516129032258,115041.88969389324,-104.293756,19.073908,-77.15,-12.05,2464.034693639055,False,0,False,0,False,0
GHTEM,LKCOL,46.0,23,172430.69110086074,7033.530605999446,16.250107350242754,0.42937393680199676,630.2854660187032,22,235,172430.69110086074,0.14102414034732902,0.819446891709505,0.9393925418567934,0.9130434782608695,129011.02917462455,0.016667,5.633333,79.85,6.95,4759.1771216684265,False,0,False,0,True,1
ESALG,LKCOL,18.0,14,172416.41385851108,9661.1684699347,14.959406147539477,0.537042371721171,630.5711000104297,18,236,172416.41385851108,0.14141323636455094,0.8195286780537234,0.9394199956208457,1.0,141300.19572422927,-5.433333,36.116667,79.85,6.95,4929.960688181875,False,0,True,1,True,1
BDCTG,MYPKE,517.0,74,172214.67803008622,1348.066910861811,13.93170530173907,0.44204304164404296,630.6860977334185,181,237,172214.67803008622,0.14156978892399563,0.8195615847424284,0.9394310416270717,0.7756286266924565,109472.63890007745,91.883333,22.35,101.34485,3.00525,1285.5993382829067,False,0,False,0,False,0
AUMEL,TWKAO,71.0,21,171411.49501205358,4850.5280495659035,15.386036825830653,0.38278287390341437,630.6999999999999,69,238,171411.49501205358,0.1415887109560805,0.8195655620738862,0.9394323767242746,0.5211267605633803,73209.42895003826,144.912243,-37.858862,120.260382,22.620829,3888.6053814336587,False,0,False,0,False,0
NAWVB,SGSGP,35.0,19,171400.87881073405,6512.841019755957,15.963198423947201,0.33698436854622316,630.6999999999999,32,239,171400.87881073405,0.1415887109560805,0.8195655620738862,0.9394323767242746,0.37142857142857144,52176.15281634871,14.5,-22.95,103.802776,1.248823,5394.337877918781,False,0,False,0,True,1
ZADUR,ZAPLZ,346.0,142,171240.60842822638,1041.4702618303957,6.927918422467446,0.22354226282451772,630.6537673810328,235,240,171240.60842822638,0.14152578165303642,0.8195523345994007,0.9394279365702733,0.42485549132947975,59624.49173725285,31.041098,-29.877639,25.6372,-33.9618,368.6269749444733,False,0,False,0,False,0
JPTOK,USLSA,47.0,20,170988.41807941545,5010.840164956729,16.262762479055908,0.35579107964904033,630.7,46,241,170988.41807941545,0.1415887109560806,0.8195655620738862,0.9394323767242746,0.44680851063829785,62614.055285085014,139.75,35.6667,-118.244,33.738045,4769.4899406513205,False,0,False,0,True,1
AUBRI,KRBUS,82.0,23,170891.60059692178,4206.3870493109225,15.10847056949764,0.36297702687529193,630.7,82,242,170891.60059692178,0.1415887109560806,0.8195655620738862,0.9394323767242746,0.5365853658536586,75152.4672032266,153.169467,-27.350967,129.052391,35.112607,3992.1565531057877,False,0,False,0,False,0
DEBHN,USNYK,83.0,21,169637.44197109898,3776.7424829712345,15.244944797503662,0.33557943952776104,630.7,72,243,169637.44197109898,0.1415887109560806,0.8195655620738862,0.9394323767242746,0.3253012048192771,45226.30298676072,8.548651,53.563407,-74.049568,40.663452,3265.564468159875,False,0,False,0,False,0
ESBAR,LKCOL,31.0,13,168915.8085200862,10067.56137753872,17.590378526366994,0.45415582659238135,630.7000000000002,27,244,168915.8085200862,0.14158871095608083,0.8195655620738862,0.9394323767242746,0.3870967741935484,53588.740472101694,2.166667,41.35,79.85,6.95,4573.793074248671,False,0,True,1,True,2
ITGIT,SGSGP,14.0,13,168489.00096323882,11780.955431830416,16.938864559740953,0.5798112228002787,629.6530775991681,14,245,168489.00096323882,0.1401614329206048,0.8192655542415309,0.9393316711074383,1.0,138037.23475774968,15.909341,38.462848,103.802776,1.248823,5257.974794879055,False,0,True,1,True,2
IDJAK,IDSUR,1128.0,205,166998.58353698833,414.4852705710526,12.633857956713914,0.33815418224279886,630.6448314574207,822,246,166998.58353698833,0.14151361750032232,0.8195497777457271,0.9394270782942599,0.3723404255319149,50959.87043357076,106.788826,-6.09208,112.731533,-7.1937,360.5188482143604,False,0,False,0,False,0
HKHKG,MYPKE,252.0,86,166595.22341517487,1671.9388388932111,15.146075295913576,0.36700951645805524,630.0683413262522,221,247,166595.22341517487,0.14072813298254472,0.8193846722080044,0.9393716562244795,0.5992063492063492,81795.00576170161,114.181938,22.298785,101.34485,3.00525,1378.8155729519356,False,0,False,0,False,0
CNXIA,CNYSN,316.0,187,166057.53040746073,630.8829693896764,11.58048316887045,0.31166254784857017,629.2389904839097,262,248,166057.53040746073,0.13959559374468844,0.8191466172296741,0.9392917467326323,0.8259493670886076,112350.14614551562,118.042517,24.44535,122.066667,30.633333,428.77252910938586,False,0,False,0,False,0
AUFRE,MYPKE,124.0,26,165958.1100766738,2571.5318311017454,14.994236106626436,0.356867618553337,630.6410730976777,93,249,165958.1100766738,0.14150850127685144,0.8195487023370995,0.9394267173047206,0.5725806451612904,77877.12513428663,115.75,-32.05,101.34485,3.00525,2259.2225313977133,False,0,False,0,False,0
ESLPA,ZAPLZ,47.0,37,165338.1575403443,5179.755831107121,15.309377506668348,0.4330080558815209,630.7000000000002,47,250,165338.1575403443,0.14158871095608083,0.8195655620738862,0.9394323767242746,0.574468085106383,77843.56213731813,-15.4167,28.15,25.6372,-33.9618,4398.976377112535,False,0,False,0,True,1
CNSHE,THLCB,335.0,93,164549.44176221325,1519.007308736647,15.360510226648637,0.45753371708378415,630.2592365819638,316,251,164549.44176221325,0.1409883924333537,0.8194393776485328,0.9393900195621613,0.764179104477612,103040.60534450934,113.8943,22.467416,100.886078,13.056152,933.0925248357661,False,0,False,0,False,0
JPYOK,USLSA,49.0,17,163559.23019761266,5236.521261714371,14.909464067997273,0.3000377349915775,630.7,49,252,163559.23019761266,0.1415887109560806,0.8195655620738862,0.9394323767242746,0.22448979591836735,30092.298708613558,139.679832,35.450183,-118.244,33.738045,4779.631560769191,False,0,False,0,True,1
INNSA,LKCOL,307.0,155,163449.4439713685,963.7567863621057,12.220431123404591,0.2814574346261467,630.4838919539256,229,253,163449.4439713685,0.1412944772908421,0.8195037153965604,0.9394116162403217,0.5309446254071661,71118.66624784452,72.9428,18.953883,79.85,6.95,825.8800842716155,False,0,False,0,False,0
FRDKK,MYPKE,11.0,10,163283.77836514494,11424.144870179176,18.054530439176606,0.7083857061221819,603.9533806275633,11,254,163283.77836514494,0.10357319394845443,0.811574860493783,0.9367500849812171,1.0,132517.00964759028,2.35,51.0667,101.34485,3.00525,5600.977977647391,False,0,True,1,True,2
MXLCS,PABAL,138.0,90,162321.53956997473,1644.7646972144303,14.061539676684477,0.36722660693167114,629.8223564827688,108,255,162321.53956997473,0.14039253381947536,0.8193141306772374,0.9393479770814628,0.8985507246376812,119500.35546585228,-102.166667,17.883333,-79.57037,8.954178,1422.507065919692,False,0,False,0,False,0
CNQIN,CNYTN,131.0,70,161683.19454721123,1220.7262368171755,13.731407802795772,0.389318701320699,628.7826361248002,108,256,161683.19454721123,0.1389711342274671,0.819015358468943,0.9392476862347419,0.9389312977099237,124334.2397212216,120.2667,36.0333,114.263091,22.566543,866.9821152038594,False,0,False,0,False,0
USLGB,VNCMP,35.0,19,161337.9487676855,7406.254891320707,15.590849211383965,0.3500635059696067,630.3858812197565,34,257,161337.9487676855,0.1411609680210072,0.8194756523102893,0.9394021961182166,1.0,132212.52080880312,-118.217354,33.74561,107.012844,10.522075,7103.654345690547,False,0,False,0,True,1
CNWGQ,MYPKE,179.0,108,160783.30753645493,2476.502652541903,14.867554903859979,0.380636120131668,630.6740655414557,140,258,160783.30753645493,0.14155341153090029,0.8195581422833699,0.939429886074031,0.6983240223463687,92019.04248236924,121.617967,31.353633,101.34485,3.00525,2052.36340638256,False,0,False,0,False,0
CNNBO,TWKAO,545.0,178,160713.6599917161,580.7986196547093,12.324757123073855,0.3120615699682214,629.9925173368761,408,259,160713.6599917161,0.1406247136257699,0.8193629338947407,0.9393643591808356,0.673394495412844,88674.48341316178,121.683333,29.966667,120.260382,22.620829,447.63346184333585,False,0,False,0,False,0
INMUN,TGLOM,26.0,24,160634.87354752948,7680.650595486236,17.002337887255553,0.4324938940283011,627.4843490418338,18,260,160634.87354752948,0.1371896353642672,0.8186408949103318,0.9391219875709549,0.6923076923076923,91040.03767021674,69.7,22.766667,1.286945,6.137824,4067.6270879508024,False,0,False,0,True,1
KRBUS,MXESE,44.0,30,159811.05730613667,5679.335614497947,16.245697169911335,0.37887860550546004,630.5421984299106,37,261,159811.05730613667,0.14137388211586832,0.8195204059563831,0.9394172188711233,0.6590909090909091,86320.09668716985,129.052391,35.112607,-116.6246,31.850733,5344.005268117775,False,0,False,0,True,1
DEWVN,MXVER,42.0,11,158556.26830235784,5549.73747134843,16.03768123786511,0.34842238996227437,630.7000000000002,41,262,158556.26830235784,0.14158871095608083,0.8195655620738862,0.9394323767242746,0.23809523809523808,30939.823131323763,8.170278,53.541667,-96.1333,19.2,4969.530664557167,False,0,False,0,True,1
AUSYD,SGSGP,67.0,24,156871.66374977023,4356.414867300337,15.156744489220019,0.36148392297149184,630.6999999999998,66,264,156871.66374977023,0.1415887109560804,0.8195655620738861,0.9394323767242746,0.5074626865671642,65242.7589751428,151.2111,-33.86,103.802776,1.248823,3401.45085034759,False,0,False,0,False,0
AUSYD,MUPLO,36.0,22,156727.2649856551,5383.085553052357,15.349254920048057,0.3741321144785074,630.6999999999998,36,265,156727.2649856551,0.1415887109560804,0.8195655620738861,0.9394323767242746,0.5277777777777778,67792.14198292098,151.2111,-33.86,57.486134,-20.150235,4915.972307780445,False,0,False,0,True,1
HKHKG,VNHCM,561.0,101,155781.32706039253,951.0251375691496,14.768675876747848,0.4947312990896025,630.2100505984387,493,266,155781.32706039253,0.14092134918207966,0.8194252854394545,0.9393852891369698,0.7201426024955436,91927.03741641722,114.181938,22.298785,106.710033,10.776988,814.0581094539592,False,0,False,0,False,0
CNNBO,MYPKE,101.0,67,155649.9680617756,2351.7710115086466,15.989962311189919,0.49446351965307916,628.3929657691334,78,267,155649.9680617756,0.13843720491469336,0.8189031287759366,0.9392100133500947,0.7425742574257426,94650.18255420495,121.683333,29.966667,101.34485,3.00525,1989.49428552794,False,0,False,0,False,0
MTMAL,MYPKE,16.0,14,154693.18842003492,11822.879433688677,17.370924333834243,0.5535415330702443,599.5958776308055,14,269,154693.18842003492,0.09705850190424259,0.8102054996614385,0.936290422557706,1.0,125333.27201807544,14.539518,35.819159,101.34485,3.00525,5142.605018487071,False,0,True,1,True,2
BRSTS,INKUP,36.0,21,154536.35199317962,8613.736362235359,15.83227878596908,0.3226275879041493,630.6999999999998,14,270,154536.35199317962,0.1415887109560804,0.8195655620738861,0.9394323767242746,0.4444444444444444,56290.07652539474,-46.306133,-23.95,80.345767,13.304483,7723.182973123787,False,0,True,1,True,1
CNDCB,TRBAM,21.0,17,154370.8434324259,14035.125747932774,14.652325237035711,0.2575165466527756,630.7000000000004,21,271,154370.8434324259,0.14158871095608105,0.8195655620738863,0.9394323767242746,0.6666666666666666,84344.68471034401,113.852567,22.533467,28.678178,40.961688,4319.721709955604,False,0,True,1,True,2
KRBUS,PAMIT,27.0,21,154332.42531756856,8353.566819346623,15.683659001502056,0.3625944167534162,630.7,5,272,154332.42531756856,0.1415887109560806,0.8195655620738862,0.9394323767242746,0.9629629629629629,121800.8912385962,129.052391,35.112607,-79.88466,9.361132,7672.717904470159,False,0,True,1,True,1
MXESE,MXMAN,189.0,67,154130.9567598924,1144.9812516400848,13.057076060606366,0.34672951034597604,630.3560861259692,167,273,154130.9567598924,0.14112037320472925,0.8194671194508648,0.9393993318367577,0.7777777777777778,98237.41756440487,-116.6246,31.850733,-104.293756,19.073908,1015.8011023105355,False,0,False,0,False,0
HKHKG,USOAK,38.0,13,154118.99354210644,6333.024438874852,16.295407430018805,0.3728292116243589,630.220613888784,38,274,154118.99354210644,0.1409357484210415,0.8194283120988447,0.9393863051157809,1.0,126289.46674058103,114.181938,22.298785,-122.320518,37.814824,5993.9530676373915,False,0,False,0,True,1
PABAL,PECAL,216.0,63,153789.4027623,1369.046588056156,15.96663596004541,0.4310864507622456,630.6396856560295,167,275,153789.4027623,0.1415066125488076,0.8195483053344187,0.9394265840402003,0.7222222222222222,91027.33207550329,-79.57037,8.954178,-77.15,-12.05,1269.3461580590013,False,0,False,0,False,0
KRBUS,USNFK,18.0,17,152148.54939066336,11321.92628681186,16.572574921817793,0.4246636732291629,630.352884217336,16,276,152148.54939066336,0.14111601048321132,0.8194662024251744,0.9393990240126684,0.9444444444444444,117753.89430846232,129.052391,35.112607,-76.316667,36.85,6260.496607952932,False,0,True,1,True,2
PKKAR,SGSGP,98.0,38,152077.39447060696,2945.36080717538,15.419425881867735,0.3559782870722878,630.6999999999999,92,277,152077.39447060696,0.1415887109560805,0.8195655620738862,0.9394323767242746,0.6224489795918368,77580.41950979737,66.9833,24.7833,103.802776,1.248823,2559.4254333486556,False,0,False,0,False,0
AEJAL,CNWGQ,63.0,38,151334.8568208833,5873.851162427015,14.968388259234958,0.40654098076136724,630.326041540639,35,278,151334.8568208833,0.14107943457847083,0.8194585143240303,0.9393964432968186,0.6507936507936508,80706.63673604945,55.0606,25.0136,121.617967,31.353633,3490.613931738573,False,0,False,0,True,1
MYTPP,ZADUR,50.0,21,150754.20922553173,4953.160416699645,16.54501724747226,0.4635136956848256,630.7,47,279,150754.20922553173,0.1415887109560806,0.8195655620738862,0.9394323767242746,0.9,111197.66239703444,103.549576,1.327854,31.041098,-29.877639,4537.945942006057,False,0,False,0,False,0
BRRDJ,BRSTS,598.0,179,150747.44087820756,342.67499074309205,8.286081532025305,0.24167000367515845,628.8844978352906,460,280,150747.44087820756,0.13911059683681926,0.8190446729221094,0.9392575264114638,0.5903010033444817,72883.80870903278,-43.1667,-22.916667,-46.306133,-23.95,183.73162145802533,False,0,False,0,False,0
DJDJI,SGSGP,83.0,35,149172.94268495508,3816.194115214955,15.63322983610452,0.32965797672447683,630.4290128728761,54,281,149172.94268495508,0.141219726654345,0.8194880031275664,0.9394063419988843,0.6867469879518072,83951.68559673175,43.133333,11.583333,103.802776,1.248823,3665.1277872674286,False,0,False,0,False,0
EGAKI,SGSGP,10.0,10,149055.8397334029,12605.13081698384,17.655666879417854,0.6872758362431141,626.2568216591882,10,282,149055.8397334029,0.1354984388583118,0.8182854125269226,0.9390026604440109,1.0,121970.21930579445,30.073013,31.322122,103.802776,1.248823,4532.241785210878,False,0,True,1,True,2
CNNSA,CNZOS,435.0,183,148339.0200697133,852.3295212371617,14.479270346301957,0.3324437225439458,630.3994771633454,378,283,148339.0200697133,0.14117949076325842,0.8194795457127055,0.939403503042402,0.5310344827586206,64552.97271669748,113.682083,22.64515,122.099218,30.006902,632.4329957705843,False,0,False,0,False,0
CIABI,MATAN,110.0,30,147320.06344091677,2823.263951923258,14.094194558404581,0.3260370316242304,630.7000000000002,96,284,147320.06344091677,0.14158871095608083,0.8195655620738862,0.9394323767242746,0.5,60369.225299357764,-4.0267,5.3364,-5.797516,35.789733,1831.0483980120327,False,0,False,0,False,0
CNYSN,HKHKG,252.0,143,147217.35586927767,916.1093514162901,11.368510626799559,0.2586892788415178,629.880210115421,230,285,147217.35586927767,0.14047148758524686,0.8193307264263042,0.9393535478865098,0.7341269841269841,88550.17888286895,122.066667,30.633333,114.181938,22.298785,655.2850518279446,False,0,False,0,False,0
BRPAR,BRSTS,756.0,245,146655.9071170541,247.44236309703882,8.516918671510782,0.23388156920825307,628.0422315652207,364,287,146655.9071170541,0.1379560596574677,0.8188019940691168,0.9391760647929724,0.7354497354497355,88314.38485362334,-48.515217,-25.502281,-46.306133,-23.95,152.31031861937356,False,0,False,0,False,0
AEJAL,OMSAL,319.0,96,146532.51826471556,1009.7517767242342,14.36802590365895,0.3273586997735025,630.7,265,288,146532.51826471556,0.1415887109560806,0.8195655620738862,0.9394323767242746,0.27899686520376177,33505.5721214464,55.0606,25.0136,54.002781,16.946141,487.98197106877905,False,0,False,0,False,0
CIABI,LKCOL,41.0,22,146308.4251763522,7247.408936343623,15.80519039616793,0.4320631619362225,625.1133049116518,33,289,146308.4251763522,0.1339170103306042,0.8179530029102747,0.938891078305558,0.7317073170731707,87565.91394444184,-4.0267,5.3364,79.85,6.95,5001.340425104065,False,0,False,0,True,1
HKHKG,KRBUS,327.0,96,144222.46043443563,1207.5040670510268,13.885589075259592,0.46925221123442395,630.586070253617,306,290,144222.46043443563,0.1414336193911595,0.8195329624800775,0.9394214338026271,0.8012232415902141,94700.62931826203,114.181938,22.298785,129.052391,35.112607,1095.2025990545483,False,0,False,0,False,0
CNNBO,THLCB,165.0,63,144167.47905696378,2282.7125254294388,15.017819861625924,0.47179928259492926,628.432906526514,142,291,144167.47905696378,0.13849196250330664,0.8189146385904623,0.9392138769257966,0.6909090909090909,81569.32076946179,121.683333,29.966667,100.886078,13.056152,1537.5129413958564,False,0,False,0,False,0
JPTOK,SGSGP,82.0,27,143169.2437706426,2949.674142338027,15.760438082804674,0.32778823038223737,630.6999999999999,82,292,143169.2437706426,0.1415887109560805,0.8195655620738862,0.9394323767242746,0.5487804878048781,64392.02656604998,139.75,35.6667,103.802776,1.248823,2876.735464287222,False,0,False,0,False,0
CNYTN,KRBUS,186.0,92,142865.47777614754,1189.7008692259965,14.699902211426119,0.3338056406623487,630.5997302270129,182,293,142865.47777614754,0.14145221754995263,0.8195368717347333,0.9394227460480388,0.8279569892473119,96940.12428642479,114.263091,22.566543,129.052391,35.112607,1080.2842412614505,False,0,False,0,False,0
USBOS,VNCMP,18.0,10,142510.453111225,13003.583598074529,18.12076044387617,0.6412717507934379,630.7,18,294,142510.453111225,0.1415887109560806,0.8195655620738862,0.9394323767242746,0.9444444444444444,110307.95629408838,-71.083333,42.35,107.012844,10.522075,7631.088931416994,False,0,True,1,True,2
KEMOM,MYTPP,82.0,15,142261.7280354616,4130.441905858374,14.82547033793979,0.38028874551340774,630.7000000000003,74,295,142261.7280354616,0.14158871095608094,0.8195655620738862,0.9394323767242746,0.4268292682926829,49765.22510322548,39.647169,-4.053188,103.549576,1.327854,3847.661837321417,False,0,False,0,False,0
BRSAL,MATAN,60.0,19,142201.0509275706,3546.727142605355,17.413658138772906,0.4872659880379738,630.6999999999999,58,296,142201.0509275706,0.1415887109560805,0.8195655620738862,0.9394323767242746,0.9833333333333333,114600.69949376919,-38.516667,-12.966667,-5.797516,35.789733,3466.4364875724946,False,0,False,0,False,0
CNTJN,USSAV,19.0,10,142183.14233240695,10640.105804482328,15.960722186207267,0.3539769761188825,630.7,18,298,142183.14233240695,0.1415887109560806,0.8195655620738862,0.9394323767242746,1.0,116528.40696309046,117.8143,38.97075,-81.0833,32.0833,6412.81715233392,False,0,True,1,True,2
USCHA,USSAV,650.0,281,140959.07035689102,192.58097522901147,7.7904076200267784,0.2092617705967842,630.2643191498196,339,299,140959.07035689102,0.1409953196615843,0.8194408337227341,0.9393905083322359,0.6030769230769231,69659.97893621642,-79.938165,32.87698,-81.0833,32.0833,75.06406634039016,False,0,False,0,False,0
PABAL,TWKAO,25.0,17,140956.45821359556,9161.166450427323,15.780764790424184,0.3513477760014274,630.7000000000002,24,300,140956.45821359556,0.14158871095608083,0.8195655620738862,0.9394323767242746,0.8,92418.44712301577,-79.57037,8.954178,120.260382,22.620829,8581.490025852676,False,0,True,1,True,1
LKCOL,TGLOM,28.0,27,140262.0126248504,7027.162769080723,16.71240721690103,0.4245032459470033,630.5429552628002,19,301,140262.0126248504,0.14137491271414948,0.8195206225838017,0.9394172915878842,0.6785714285714286,78000.1652254398,79.85,6.95,1.286945,6.137824,4680.588107737374,False,0,False,0,True,1
CNQIN,TWKAO,228.0,87,140038.10825445896,981.5135388136649,14.387534813115229,0.4058630785198361,628.5534108307843,141,302,140038.10825445896,0.13865712814379627,0.8189493557125305,0.9392255306521851,0.5921052631578947,67905.07018234978,120.2667,36.0333,120.260382,22.620829,805.2910057078669,False,0,False,0,False,0
GBFEL,MATAN,151.0,65,139970.32705993459,1404.284728550341,14.277826300305783,0.3648215313186191,630.5737548202147,137,303,139970.32705993459,0.14141685114319325,0.8195294378649711,0.9394202506717214,0.4370860927152318,50138.059787493294,1.3,51.933333,-5.797516,35.789733,1015.6090751733336,False,0,False,0,False,0
CNNBO,VNHCM,339.0,87,138738.48993555736,1655.4210917571706,13.678516221103227,0.4244353972981228,629.3738730672608,220,304,138738.48993555736,0.13977998902070576,0.8191853763401483,0.9393047572600498,0.8702064896755162,98901.17969546729,121.683333,29.966667,106.710033,10.776988,1424.0095915319177,False,0,False,0,False,0
AUBRI,AUSYD,465.0,141,138490.29235071747,608.7469231823892,11.614667036243041,0.26409217436862437,630.7,408,305,138490.29235071747,0.1415887109560806,0.8195655620738862,0.9394323767242746,0.5161290322580645,58581.61253790585,153.169467,-27.350967,151.2111,-33.86,403.66779213007896,False,0,False,0,False,0
CNWGQ,THLCB,220.0,56,137632.81881332572,2319.4310029120807,14.55698802542276,0.4722949737626002,630.5259420105123,189,306,137632.81881332572,0.1413517447455419,0.8195157527743677,0.9394156569066858,0.8,90233.81049300864,121.617967,31.353633,100.886078,13.056152,1586.1519662821465,False,0,False,0,False,0
BEANT,FRLEH,714.0,275,136518.8065377821,306.52334741914456,10.638948035572207,0.23792213929059905,626.8340225567938,585,308,136518.8065377821,0.1362944886244638,0.8184527388353602,0.9390588279746113,0.4327731092436975,48355.55329696803,4.4,51.2167,0.094067,49.480233,195.1074663660324,False,0,False,0,False,0
MYPKE,PKKAR,107.0,44,136383.28669693682,2774.4752161338724,14.839266568866663,0.3327981444977793,630.7000000000002,64,309,136383.28669693682,0.14158871095608083,0.8195655620738862,0.9394323767242746,0.4953271028037383,55365.20921514698,101.34485,3.00525,66.9833,24.7833,2378.1563066958734,False,0,False,0,False,0
ESVAL,MXVER,55.0,13,136268.97571582213,5412.666554861753,15.350311157327466,0.3490396629883121,630.7,51,310,136268.97571582213,0.1415887109560806,0.8195655620738862,0.9394323767242746,0.2545454545454545,28427.9824629234,-0.316667,39.45,-96.1333,19.2,4937.603090763984,False,0,False,0,True,1
THLCB,USCHA,16.0,10,136118.6790290871,13286.575695046944,15.929884378873759,0.32271682659539636,630.7,16,311,136118.6790290871,0.1415887109560806,0.8195655620738862,0.9394323767242746,1.0,111558.18168722867,100.886078,13.056152,-79.938165,32.87698,8049.031251696988,False,0,True,1,True,2
CNMWN,MYPKE,167.0,73,136071.5509774456,1685.7217126643975,15.199470933680324,0.40831170106991693,629.7191668305343,135,312,136071.5509774456,0.14025167325787014,0.8192845223803946,0.9393380382682871,0.8023952095808383,89452.07363702724,113.862187,22.508158,101.34485,3.00525,1379.247967038048,False,0,False,0,False,0
BRSTS,USPEV,41.0,12,135846.67529620114,4772.571858673077,17.665113635773434,0.5153779576277878,630.7,29,313,135846.67529620114,0.1415887109560806,0.8195655620738862,0.9394323767242746,0.24390243902439024,27154.940681707267,-46.306133,-23.95,-80.1,26.083333,3587.8767989856697,False,0,False,0,False,0
CNSHE,IDJAK,192.0,42,135733.94363999143,1830.1153008479864,15.674175414981665,0.4241588301516833,630.6999999999999,169,314,135733.94363999143,0.1415887109560805,0.8195655620738862,0.9394323767242746,0.796875,88646.65869378988,113.8943,22.467416,106.788826,-6.09208,1764.835805050255,False,0,False,0,False,0
DOCUC,NLROT,46.0,9,135699.8865863928,4086.5243903468563,17.482704414945534,0.570533121250661,630.7,41,315,135699.8865863928,0.1415887109560806,0.8195655620738862,0.9394323767242746,1.0,111214.95382353962,-69.629288,18.426403,4.03038,52.002215,3937.5002962757626,False,0,False,0,False,0
PKQAS,USSAV,19.0,16,134882.63136373952,11839.04880956712,16.11731373769336,0.3456434780297287,630.6999999999999,19,316,134882.63136373952,0.1415887109560805,0.8195655620738862,0.9394323767242746,0.5789473684210527,63999.82923494252,67.343788,24.775279,-81.0833,32.0833,6943.526882346123,False,0,True,1,True,2
CNQIN,MXESE,47.0,31,134464.11130493978,6274.268885726567,16.448174925141732,0.4480708402632233,630.3604720597831,24,317,134464.11130493978,0.1411263491333672,0.819468375565898,0.9393997534852135,0.8085106382978723,89089.04895304046,120.2667,36.0333,-116.6246,31.850733,5626.6550650030185,False,0,False,0,True,1
ESALG,INMUN,21.0,17,133346.65149451158,9993.355844364725,14.010547148046122,0.25533620538872814,630.6999999999999,19,318,133346.65149451158,0.1415887109560805,0.8195655620738862,0.9394323767242746,0.42857142857142855,46836.995735472854,-5.433333,36.116667,69.7,22.766667,3915.5479197186614,False,0,True,1,True,1
BEANT,DEBHN,500.0,200,132722.86363863116,407.8482469995018,11.079079171417314,0.24579111119902086,630.6079290495238,408,320,132722.86363863116,0.1414633799228966,0.8195392180185179,0.9394235336406624,0.37,40245.4889954454,4.4,51.2167,8.548651,53.563407,207.2058336541578,False,0,False,0,False,0
HKHKG,NZTAU,54.0,28,132486.93840895506,5175.683423965705,16.951112444057802,0.39590835904630367,630.5248650112101,54,321,132486.93840895506,0.14135027808875633,0.8195154444892879,0.9394155534225905,0.5370370370370371,58308.84582144355,114.181938,22.298785,176.183333,-37.716667,5019.404698835442,False,0,False,0,True,1
CAVCR,JPYOK,39.0,15,132270.11852819152,4614.342262082291,16.364637848471357,0.38963082107171965,630.7000000000002,38,322,132270.11852819152,0.14158871095608083,0.8195655620738862,0.9394323767242746,0.3076923076923077,33355.08739604211,-123.116667,49.283333,139.679832,35.450183,4088.8187315197047,False,0,False,0,False,0
USNYK,USSAV,260.0,131,131951.45165770914,764.8224443804842,12.873812767675213,0.2952172291067129,630.354306586029,155,323,131951.45165770914,0.1411179485197802,0.8194666097922996,0.9393991607562904,0.573076923076923,61966.69808969306,-74.049568,40.663452,-81.0833,32.0833,616.7549653115407,False,0,False,0,False,0
SGSGP,TZDRS,111.0,26,131337.2479547708,4124.6842610445765,14.51517714234479,0.34498888053186405,630.7,39,326,131337.2479547708,0.1415887109560806,0.8195655620738862,0.9394323767242746,0.42342342342342343,45577.079421086375,103.802776,1.248823,39.293118,-6.823008,3895.02663820287,False,0,False,0,False,0
ESLPA,ZACPT,40.0,27,130302.6977205776,4497.700855037587,17.49651521107921,0.5175773300744724,630.7,40,327,130302.6977205776,0.1415887109560806,0.8195655620738862,0.9394323767242746,0.725,77423.91268040393,-15.4167,28.15,18.437805,-33.905756,4193.597414794561,False,0,False,0,False,0
AUBRI,CNYTN,53.0,20,129690.44010399086,4144.166461736737,16.11800787897175,0.40770368987545835,630.7,51,329,129690.44010399086,0.1415887109560806,0.8195655620738862,0.9394323767242746,0.3584905660377358,38103.897176401915,153.169467,-27.350967,114.263091,22.566543,3751.759568337962,False,0,False,0,False,0
CNWGQ,TWKAO,560.0,117,129612.30714697835,715.8900826505853,12.161248401529114,0.32459157382902953,630.5430416167937,441,330,129612.30714697835,0.1413750303043857,0.8195206473007741,0.939417299884794,0.5196428571428572,55196.44446198284,121.617967,31.353633,120.260382,22.620829,529.3114528295945,False,0,False,0,False,0
NZTAU,PAMIT,61.0,26,129302.8183199252,6595.582173635266,15.389146338284071,0.43735661300359313,630.7,36,332,129302.8183199252,0.1415887109560806,0.8195655620738862,0.9394323767242746,0.5245901639344263,55591.94070772831,176.183333,-37.716667,-79.88466,9.361132,6406.5675521874045,False,0,False,0,True,1
DEBHN,NLROT,609.0,226,128580.17619629308,308.5945823075544,10.726187398607708,0.2567390843597829,630.6500325157131,458,333,128580.17619629308,0.14152069755659513,0.8195512659437394,0.9394275778475469,0.5927750410509032,62465.47564840021,8.548651,53.563407,4.03038,52.002215,188.91593660555077,False,0,False,0,False,0
DEBHN,PLGDA,239.0,55,126830.67941498963,903.6161843083368,13.291622295738966,0.41155262915088886,630.6575419334486,184,334,126830.67941498963,0.1415309197124731,0.8195534145978564,0.9394282991005106,0.7615062761506276,79154.40160267107,8.548651,53.563407,18.666667,54.35,360.231775513825,False,0,False,0,False,0
CNXIA,VNHCM,435.0,71,126757.69029680245,1175.1188175197647,13.680986509752115,0.40673942081914943,629.9474608012064,337,336,126757.69029680245,0.14056324743112103,0.8193500139594784,0.939360022260563,0.8919540229885058,92637.37733768427,118.042517,24.44535,106.710033,10.776988,1044.6623468655102,False,0,False,0,False,0
BRIJI,SGSGP,27.0,19,126750.56947562919,9143.871227051965,16.250254137519693,0.33366736133870745,630.7,18,337,126750.56947562919,0.1415887109560806,0.8195655620738862,0.9394323767242746,0.4444444444444444,46169.067429101866,-48.6646,-26.899129,103.802776,1.248823,8596.339094235156,False,0,True,1,True,1
GUAPR,USHNL,49.0,7,126287.18914230527,3362.476145142008,21.703174637956387,0.8476264566166735,630.7,49,338,126287.18914230527,0.1415887109560806,0.8195655620738862,0.9394323767242746,0.673469387755102,69704.50669430147,144.642048,13.452902,-157.868643,21.300094,3310.882128039537,False,0,False,0,False,0
EGALE,SGSGP,33.0,20,126113.01839755841,8585.106325710083,14.842103944938895,0.37503449685599166,630.7,27,339,126113.01839755841,0.1415887109560806,0.8195655620738862,0.9394323767242746,0.8787878787878788,90829.65810384999,29.86702,31.187057,103.802776,1.248823,4541.6717220378805,False,0,True,1,True,1
INCHN,MYPKE,257.0,63,126023.10797378725,1433.7369367639674,14.495812002874322,0.3298047201559851,630.6592622658479,203,340,126023.10797378725,0.1415332614717416,0.8195539068257928,0.9394284643299234,0.490272373540856,50636.66942323348,80.3,13.1,101.34485,3.00525,1388.4899789636302,False,0,False,0,False,0
OMSOH,SGSGP,47.0,24,125470.67390285905,3346.0340735530413,15.165510544552584,0.4404097571175212,630.6999999999998,45,341,125470.67390285905,0.1415887109560804,0.8195655620738861,0.9394323767242746,0.9148936170212766,94079.83117834885,56.625595,24.507768,103.802776,1.248823,3070.6146303047267,False,0,False,0,False,0
COCTA,ESALG,51.0,14,124733.88346489624,4173.397511642886,18.419554997827255,0.6669290202758063,630.6999999999998,51,342,124733.88346489624,0.1415887109560804,0.8195655620738861,0.9394323767242746,1.0,102227.59531156629,-75.540962,10.394286,-5.433333,36.116667,4074.9848032949667,False,0,False,0,False,0
CNYTN,TWKAO,405.0,151,124125.77349569144,360.03600935416387,12.798886878122392,0.2991698066746446,629.9845485473429,385,343,124125.77349569144,0.14061384323092785,0.8193606489835235,0.9393635921895482,0.7679012345679013,78098.45386592741,114.263091,22.566543,120.260382,22.620829,332.4384257830731,False,0,False,0,False,0
DEBHN,ESALG,90.0,34,123972.81697909905,1682.8749328843012,14.765447173779464,0.4635584751183915,630.7000000000002,88,344,123972.81697909905,0.14158871095608083,0.8195655620738862,0.9394323767242746,0.9111111111111111,92572.39796897094,8.548651,53.563407,-5.433333,36.116667,1199.9227179027803,False,0,False,0,False,0
ESVAL,USNYK,48.0,15,123451.04168904647,3808.1879691509216,15.804232834107134,0.3073000066663606,630.7,46,345,123451.04168904647,0.1415887109560806,0.8195655620738862,0.9394323767242746,0.4166666666666667,42156.759321037556,-0.316667,39.45,-74.049568,40.663452,3283.1369910704134,False,0,False,0,False,0
CIABI,SGSGP,27.0,22,123217.7918905471,8427.075281196494,16.000371745350048,0.344247064834303,630.7,27,347,123217.7918905471,0.1415887109560806,0.8195655620738862,0.9394323767242746,0.5555555555555556,56102.810482377434,-4.0267,5.3364,103.802776,1.248823,6461.756780991887,False,0,True,1,True,1
CNSHE,KRBUS,167.0,77,122590.6222904295,1218.0716317614829,14.311922593477297,0.42039281505091386,630.6134771976481,165,348,122590.6222904295,0.14147093334271799,0.8195408057155547,0.9394240665934463,0.7485029940119761,75200.61180020196,113.8943,22.467416,129.052391,35.112607,1098.5374867374342,False,0,False,0,False,0
ECGYL,PECAL,357.0,88,122213.10398999706,735.690089243128,13.900874622002226,0.3809017132186493,629.928833592606,260,350,122213.10398999706,0.14053783359575556,0.8193446720783099,0.9393582291159177,0.5798319327731093,58061.27090128236,-79.930086,-2.257278,-77.15,-12.05,610.7829366347096,False,0,False,0,False,0
AEJAL,PKKAR,360.0,87,121723.82375482787,787.5457568652821,14.039967820094349,0.2939102163120589,630.58865910845,288,351,121723.82375482787,0.14143714419880038,0.8195337033797996,0.9394216825053457,0.46944444444444444,46830.26432238099,55.0606,25.0136,66.9833,24.7833,649.248699348887,False,0,False,0,False,0
AUADE,AUFRE,136.0,49,121429.033214246,1440.8647966782687,13.395725462196335,0.2895217888086737,630.7,108,352,121429.033214246,0.1415887109560806,0.8195655620738862,0.9394323767242746,0.47058823529411764,46832.49593332806,138.5,-34.783333,115.75,-32.05,1149.3479828248353,False,0,False,0,False,0
ESVAL,LKCOL,16.0,16,121275.55187620377,9968.180996800382,16.9084517001841,0.4317568299326858,630.7000000000002,13,353,121275.55187620377,0.14158871095608083,0.8195655620738862,0.9394323767242746,0.75,74544.94937943127,-0.316667,39.45,79.85,6.95,4683.57733655422,False,0,True,1,True,1
ESALG,MATAN,1292.0,258,121205.73958596117,170.38632797618175,4.5719913245507025,0.2053391866375321,630.3339652404969,1234,354,121205.73958596117,0.1410902317576448,0.8194607838456225,0.9393972051221685,0.35139318885448917,34901.54881341785,-5.433333,36.116667,-5.797516,35.789733,26.431111389105244,False,0,False,0,False,0
AUSYD,CNNBO,45.0,19,121181.6338819574,4531.064273369621,15.218385093600649,0.31667105154034875,630.7,45,355,121181.6338819574,0.1415887109560806,0.8195655620738862,0.9394323767242746,0.7333333333333333,72831.94884936542,151.2111,-33.86,121.683333,29.966667,4182.193704566256,False,0,False,0,False,0
MYTPP,THLCB,369.0,80,121175.43700074346,846.4495920141587,14.15315605860656,0.3648624477730372,630.6617770284912,333,356,121175.43700074346,0.14153668460623814,0.819554626354248,0.9394287058588073,0.3875338753387534,38485.94652901722,103.549576,1.327854,100.886078,13.056152,721.7612924086493,False,0,False,0,False,0
GBLGP,MATAN,93.0,66,121134.29046820097,1466.1660874847933,14.202285880929145,0.4212960140751368,630.5559651337943,88,357,121134.29046820097,0.14139262819419496,0.8195243463031019,0.9394185415534139,0.8494623655913979,84328.25286727479,0.486317,51.502973,-5.797516,35.789733,981.2275883295385,False,0,False,0,False,0
LKCOL,OMSAL,150.0,48,120992.40657101679,1664.9412662895588,15.312174741929953,0.32966650105326833,630.7,146,358,120992.40657101679,0.1415887109560806,0.8195655620738862,0.9394323767242746,0.46,45614.15646110187,79.85,6.95,54.002781,16.946141,1630.013369831685,False,0,False,0,False,0
CAPRR,JPYOK,44.0,18,120967.67543292769,3966.7729331379146,15.636014194723442,0.3455858417904247,630.7000000000002,40,359,120967.67543292769,0.14158871095608083,0.8195655620738862,0.9394323767242746,0.29545454545454547,29291.64163219238,-130.319567,54.320128,139.679832,35.450183,3716.0899761305664,False,0,False,0,False,0
KRBUS,USSAV,18.0,18,120936.01276033248,11773.300107054722,16.44297201790152,0.3406893902181886,630.6999999999999,6,360,120936.01276033248,0.1415887109560805,0.8195655620738862,0.9394323767242746,0.9444444444444444,93608.60286884675,129.052391,35.112607,-81.0833,32.0833,6429.836659537908,False,0,True,1,True,2
MYTPP,NZPCH,44.0,11,120912.38994776516,5466.9395730872,15.157179742787063,0.3435418268438723,630.7,40,361,120912.38994776516,0.1415887109560806,0.8195655620738862,0.9394323767242746,0.5454545454545454,54052.16227049293,103.549576,1.327854,170.616667,-45.816667,4517.054286299252,False,0,False,0,True,1
CNQIN,KRGWA,481.0,106,119672.31162429723,489.76813487763656,13.26511937488936,0.3523010558131456,629.2471049479697,290,363,119672.31162429723,0.13960668910067286,0.8191489494267761,0.9392925295966859,0.6444906444906445,63179.062341331024,120.2667,36.0333,127.728767,34.866497,371.53396452301286,False,0,False,0,False,0
CLVAL,CNNBO,25.0,14,119546.79641852167,10273.258364360048,16.48482897249426,0.3967177327050719,630.6999999999999,18,364,119546.79641852167,0.1415887109560805,0.8195655620738862,0.9394323767242746,0.84,82300.20741673766,-71.6167,-33.033333,121.683333,29.966667,10102.530340645559,False,0,True,1,True,2
CNNSA,CNXIA,674.0,277,118537.36379090342,387.9129118743614,12.312197647551212,0.3003826207579109,627.4773312921786,573,366,118537.36379090342,0.13717998563377198,0.8186388665776196,0.9391213067070744,0.7833827893175074,76018.91213410508,113.682083,22.64515,118.042517,24.44535,263.19834167884767,False,0,False,0,False,0
KEMOM,MYPKE,89.0,36,118033.26696305159,4003.2354269821813,13.577599539464018,0.33689182827757785,629.983686576707,81,367,118033.26696305159,0.1406126673820165,0.8193604018250341,0.9393635092242206,0.4606741573033708,44552.620078092885,39.647169,-4.053188,101.34485,3.00525,3725.9739472109904,False,0,False,0,False,0
CNDAL,KRBUS,586.0,120,118032.95402741326,605.4834225195602,11.861617728598898,0.29765617459869453,630.5712434149101,539,368,118032.95402741326,0.1414134316243093,0.8195287190965024,0.9394200093979472,0.38054607508532423,36810.752942719286,121.737442,38.978628,129.052391,35.112607,420.2059974603409,False,0,False,0,False,0
CNNBO,CNTJN,421.0,104,117447.85158636836,865.5550591053869,11.861070542695424,0.3138669272379602,630.3445087755617,232,369,117447.85158636836,0.1411045984176742,0.8194638036570583,0.9393982188022814,0.8741092636579573,84128.00203033717,121.683333,29.966667,117.8143,38.97075,573.366831202369,False,0,False,0,False,0
CNSHE,USOAK,26.0,12,117367.26244661347,6453.028937918624,16.932002522854063,0.522085964233146,628.7488229625525,25,370,117367.26244661347,0.13892482939527495,0.81900562538822,0.9392444190670475,1.0,96124.448180192,113.8943,22.467416,-122.320518,37.814824,5997.07440564146,False,0,False,0,True,1
MYPKE,USMIA,13.0,9,117333.79892380799,12224.295038860762,16.208837297086443,0.41140895090487095,630.7000000000002,10,371,117333.79892380799,0.14158871095608083,0.8195655620738862,0.9394323767242746,0.5384615384615384,51779.93738898348,101.34485,3.00525,-80.1833,25.7833,9076.52200930307,False,0,True,1,True,2
IDJAK,MYPKE,456.0,83,116879.58356288554,788.6576760651915,13.269313634435777,0.3197665002280658,630.2365952228768,376,373,116879.58356288554,0.14095753229223484,0.819432890976831,0.9393878421380927,0.40789473684210525,39066.10824616059,106.788826,-6.09208,101.34485,3.00525,636.2996744987427,False,0,False,0,False,0
CAPRR,CNTJN,35.0,7,116574.5037129876,5071.215317485208,12.638535868146324,0.21946940319893102,630.6999999999999,33,375,116574.5037129876,0.1415887109560805,0.8195655620738862,0.9394323767242746,0.37142857142857144,35486.452359064206,-130.319567,54.320128,117.8143,38.97075,4202.978481092939,False,0,False,0,True,1
HKHKG,VNHPG,1055.0,140,116196.41662146432,543.5203600463636,12.468054853168516,0.3851262124580194,630.6727085146024,959,376,116196.41662146432,0.14155156439996075,0.8195577540242251,0.9394297557445115,0.6597156398104266,62824.505464869675,114.181938,22.298785,106.828308,20.81389,420.14733839693736,False,0,False,0,False,0
IDJAK,MYTPP,464.0,95,115899.67846017815,641.4047098469136,13.315122173963351,0.3305110008392624,630.4942485885019,430,377,115899.67846017815,0.1413085825730508,0.8195066802674791,0.9394126114781872,0.6530172413793104,62023.943758421476,106.788826,-6.09208,103.549576,1.327854,485.9766636624037,False,0,False,0,False,0
MYTPP,TWKAO,88.0,38,115731.82235227365,1673.4591278240139,16.656329323101016,0.6774508674999808,626.4594884536345,87,378,115731.82235227365,0.13577811498010373,0.8183441992699221,0.9390223937795344,0.9772727272727273,92556.00036808115,103.549576,1.327854,120.260382,22.620829,1607.7291099517208,False,0,False,0,False,0
CNNSA,CNYSN,167.0,113,115528.95348471531,911.7735897772509,14.56609652297093,0.3643323462380442,629.5999189448215,146,379,115528.95348471531,0.14008883465652322,0.8192502943921544,0.9393265487326915,0.6467065868263473,61208.92184755938,113.682083,22.64515,122.066667,30.633333,657.1595560580137,False,0,False,0,False,0
IEDUB,NLROT,853.0,39,115280.09518527369,650.1167623665481,14.083405443529468,0.5006937232054955,629.4572873229753,759,380,115280.09518527369,0.13989398343051196,0.8192093374850244,0.9393128004563087,0.44079718640093785,41628.23848901397,-6.20573,53.344608,4.03038,52.002215,380.9139939187964,False,0,False,0,False,0
MYPKE,VNHCM,533.0,106,115026.30155113143,865.4808056955043,13.455948154227503,0.3955177422425946,629.1338386306286,414,381,115026.30155113143,0.13945178790826118,0.8191163898484671,0.9392816001073062,0.7523452157598499,70885.91271020216,101.34485,3.00525,106.710033,10.776988,565.5447569974486,False,0,False,0,False,0
MUPLO,SGSGP,71.0,42,115005.41795138519,3426.191615314288,14.130835676529642,0.3501371254150348,630.7,66,382,115005.41795138519,0.1415887109560806,0.8195655620738862,0.9394323767242746,0.6056338028169014,57083.699157878524,57.486134,-20.150235,103.802776,1.248823,3011.22439500431,False,0,False,0,False,0
CNSHE,VNHCM,378.0,81,114778.75258440633,985.4331090185791,13.834016664359577,0.421384077198752,629.6812147419914,317,383,114778.75258440633,0.14019985458540984,0.8192736303136676,0.9393343820560818,0.7222222222222222,67914.31494806171,113.8943,22.467416,106.710033,10.776988,814.0796872624829,False,0,False,0,False,0
GBLGP,INMUN,12.0,11,114698.72150854627,11380.680672911149,16.948639488601106,0.4546300658308382,629.3351925163323,11,384,114698.72150854627,0.1397271176981737,0.8191742630108093,0.9393010267751574,0.8333333333333334,78298.53388337122,0.486317,51.502973,69.7,22.766667,3576.3108378850784,False,0,True,1,True,2
CNYTN,HKHKG,4615.0,438,114123.10816439976,96.13609549641218,7.5540289325163865,0.20812342946257548,630.2491952779719,3912,385,114123.10816439976,0.14097470642352017,0.8194365009069018,0.9393890539072377,0.8422535211267606,78764.71968346431,114.263091,22.566543,114.181938,22.298785,16.69525793559655,False,0,False,0,False,0
HKHKG,MATAN,10.0,10,113876.65557275053,12303.543632893825,17.843655064195932,0.5244630649587929,629.9074895889794,10,386,113876.65557275053,0.14050871128192388,0.8193385506905855,0.939356174309142,1.0,93303.5339344684,114.181938,22.298785,-5.797516,35.789733,5932.469947191802,False,0,True,1,True,2
CNYSN,CNZOS,225.0,146,113860.21173491565,238.83136150425713,7.764244199275304,0.20731152725631286,627.9052662702107,183,387,113860.21173491565,0.13776802157442702,0.8187624692559472,0.9391627972370579,0.7288888888888889,67950.27897801716,122.066667,30.633333,122.099218,30.006902,37.64902256599539,False,0,False,0,False,0
CNWGQ,CNZOS,765.0,339,113515.3601400865,299.7504215400843,9.52972269715442,0.21927971865354007,630.5209424779362,631,389,113515.3601400865,0.1413449363437358,0.8195143216769802,0.9394151765207438,0.6013071895424836,55938.08254634733,121.617967,31.353633,122.099218,30.006902,84.59043195193412,False,0,False,0,False,0
AEJAL,LKCOL,130.0,53,113176.65465675273,2012.1110060019598,14.56014149915348,0.3759273792208369,630.7,96,390,113176.65465675273,0.1415887109560806,0.8195655620738862,0.9394323767242746,0.5769230769230769,53512.89726196364,55.0606,25.0136,79.85,6.95,1788.8000778644412,False,0,False,0,False,0
KRBUS,MYTPP,91.0,32,113036.46943983663,2570.0887692763663,14.155504912080715,0.3569872614996417,630.7000000000003,86,391,113036.46943983663,0.14158871095608094,0.8195655620738862,0.9394323767242746,0.4945054945054945,45811.383434162984,129.052391,35.112607,103.549576,1.327854,2478.706888923307,False,0,False,0,False,0
KRINC,VNHCM,197.0,33,112967.48567092483,2082.434827440574,16.026860032895755,0.6541498942941016,630.6497120125903,163,392,112967.48567092483,0.14152026126796757,0.8195511742377073,0.9394275470639756,0.9695431472081218,89762.8598307968,126.607819,37.439929,106.710033,10.776988,1927.4562902605437,False,0,False,0,False,0
GRPIR,ITGOA,155.0,81,112824.45376089157,1053.291493909737,12.538228612972361,0.34033625333394635,630.6293707054474,140,393,112824.45376089157,0.14149257051829323,0.8195453537587398,0.939425593265236,0.7032258064516129,65023.60321833293,23.65,37.933333,8.923988,44.403373,768.948564260814,False,0,False,0,False,0
CNNBO,KRGWA,426.0,101,112498.89522066127,529.0397395314251,10.242309567444346,0.25776939951558686,630.1071389076834,180,394,112498.89522066127,0.140781040921804,0.8193957932340253,0.939375389292968,0.5070422535211268,46739.72357101787,121.683333,29.966667,127.728767,34.866497,424.59640626260654,False,0,False,0,False,0
KRBUS,KRGWA,2406.0,351,112302.7051865865,161.65549764163964,9.435960508537674,0.2544042921547785,630.5024408272818,2285,395,112302.7051865865,0.14131973971483847,0.8195090254516968,0.9394133987017119,0.5935162094763092,54623.12507472717,129.052391,35.112607,127.728767,34.866497,66.76232547576554,False,0,False,0,False,0
SGSGP,SGSGP,1722.0,471,112172.35397219204,1129.339859988648,6.226811849254275,0.262304070835119,630.6151017730546,1102,396,112172.35397219204,0.14147314506458053,0.8195412706101759,0.9394242226477041,0.2578397212543554,23703.172958627685,103.802776,1.248823,103.802776,1.248823,0.0,False,0,False,0,False,0
MXLCS,PECAL,62.0,28,112161.0487118248,2381.898033990106,16.342186003971126,0.47308592064666366,628.2270831665676,52,397,112161.0487118248,0.1382097102992078,0.8188553103658106,0.9391939618275392,0.9516129032258065,87399.62178836596,-102.166667,17.883333,-77.15,-12.05,2329.825115786975,False,0,False,0,False,0
SGSGP,VNHCM,690.0,113,112044.41713827763,675.2233642908778,11.869293650432475,0.3333137526599205,630.5730800809023,623,398,112044.41713827763,0.14141593242366357,0.819529244753995,0.9394201858488805,0.4623188405797101,42451.815683244524,103.802776,1.248823,106.710033,10.776988,597.7732369375967,False,0,False,0,False,0
MUPLO,MYTPP,54.0,21,111709.06962577022,3423.037805597687,14.819227722389996,0.39437983467630383,630.7,54,400,111709.06962577022,0.1415887109560806,0.8195655620738862,0.9394323767242746,0.8518518518518519,77989.512890433,57.486134,-20.150235,103.549576,1.327854,3000.0169323340087,False,0,False,0,False,0
SAJED,SGSGP,24.0,20,111582.65480576656,10600.148254548436,14.767441607289825,0.4204023113515759,630.0675384298485,24,401,111582.65480576656,0.14072703801057784,0.8193844420495082,0.9393715789656522,0.75,68571.81851281943,39.1667,21.466667,103.802776,1.248823,3963.4412154081733,False,0,True,1,True,2
NZAKL,SGSGP,46.0,10,111518.56197684912,5081.857774580047,15.50530442847549,0.32471273713212206,630.6999999999998,39,402,111518.56197684912,0.1415887109560804,0.8195655620738861,0.9394323767242746,0.43478260869565216,39737.72736009906,174.769478,-36.840752,103.802776,1.248823,4541.992306925291,False,0,False,0,True,1
CLSAN,CNTJN,24.0,13,111331.36469622866,10675.901671132038,16.81954897319863,0.3787593915300975,630.7,23,403,111331.36469622866,0.1415887109560806,0.8195655620738862,0.9394323767242746,0.5416666666666666,49423.48259534695,-71.616667,-33.5833,117.8143,38.97075,10248.320197028155,False,0,True,1,True,2
CNYTN,NLROT,7.0,7,111245.35947068814,13456.127502102243,17.12751948598776,0.6976336823143808,626.199896022163,4,404,111245.35947068814,0.13541985005242108,0.8182688934908857,0.938997115389735,0.8571428571428571,78024.5290286364,114.263091,22.566543,4.03038,52.002215,5038.971473784702,False,0,True,1,True,2
KRBUS,USTAC,52.0,19,111078.59047223051,4802.304951970155,15.3846228787789,0.4506297416983616,630.5076035227131,52,405,111078.59047223051,0.141326770723873,0.8195105033401862,0.9394138947943331,0.7692307692307693,70023.1319909354,129.052391,35.112607,-122.422033,47.272467,4547.994598163734,False,0,False,0,False,0
MUPLO,ZADUR,84.0,47,110963.47181636859,1965.174849390316,9.710549315889475,0.25516189592021454,630.7000000000003,50,406,110963.47181636859,0.14158871095608094,0.8195655620738862,0.9394323767242746,0.6071428571428571,55214.68866180297,57.486134,-20.150235,31.041098,-29.877639,1548.0422423369585,False,0,False,0,False,0
BEANT,MATAN,102.0,52,110884.66962984428,1474.0155381241052,14.147593666106454,0.3894929097956147,625.92646124704,97,407,110884.66962984428,0.1350421598707252,0.8181895046052614,0.9389704663964937,0.7745098039215687,70267.14862851049,4.4,51.2167,-5.797516,35.789733,1024.9234528211828,False,0,False,0,False,0
SGSGP,USCHA,12.0,10,110651.11518251461,12538.864485390524,16.55489109669915,0.4829338328449291,627.7729107639254,12,408,110651.11518251461,0.13758623426235428,0.8187242583285111,0.9391499707218728,0.9166666666666666,83043.35619344136,103.802776,1.248823,-79.938165,32.87698,8747.409352108876,False,0,True,1,True,2
PACOL,USSAV,93.0,44,110547.96027244741,1604.3632163851817,15.769533296030835,0.4073393776229106,628.9008934755548,17,409,110547.96027244741,0.13913304048908293,0.8190493904832982,0.939259109986485,0.978494623655914,88597.05153450658,-79.892063,9.359918,-81.0833,32.0833,1365.9304841157425,False,0,False,0,False,0
COCTA,DOCUC,264.0,80,110520.07239296488,679.3613375412234,11.258859794814185,0.3336693305091859,630.6999999999999,256,410,110520.07239296488,0.1415887109560805,0.8195655620738862,0.9394323767242746,0.6401515151515151,57983.92896761583,-75.540962,10.394286,-69.629288,18.426403,592.037201357692,False,0,False,0,False,0
CNYTN,USTAC,34.0,20,110255.86368783208,5978.4817336884735,13.474681366195817,0.26005290475765974,630.0575108457178,28,411,110255.86368783208,0.1407133623829261,0.8193815674901681,0.9393706140432726,0.5882352941176471,53142.13083148127,114.263091,22.566543,-122.422033,47.272467,5617.854807436853,False,0,False,0,True,1
SGSGP,USSAV,13.0,13,109504.75807718179,12576.120049487039,15.197170712294573,0.32752698264827784,630.2003933374834,13,412,109504.75807718179,0.14090818456523757,0.8194225182924345,0.9393843602703954,0.7692307692307693,69023.58817585239,103.802776,1.248823,-81.0833,32.0833,8786.816942942056,False,0,True,1,True,2
MXALT,USHOU,304.0,87,109347.58602690397,530.0110242875795,12.19516003677561,0.26155856767511754,630.7000000000002,210,413,109347.58602690397,0.14158871095608083,0.8195655620738862,0.9394323767242746,0.28618421052631576,25647.118009572067,-97.85,22.4833,-94.97475,29.6069,454.8987079901004,False,0,False,0,False,0
MTMAL,PACOL,24.0,13,108799.66367890307,5413.284331622422,17.8484727748094,0.5390607481637464,630.6999999999999,24,415,108799.66367890307,0.1415887109560805,0.8195655620738862,0.9394323767242746,1.0,89168.45751644998,14.539518,35.819159,-79.892063,9.359918,5288.864171474917,False,0,False,0,True,1
DEHAM,USNYK,49.0,11,108691.70930500267,3878.1258486558863,16.02797037819833,0.3370704825461912,630.7000000000002,47,416,108691.70930500267,0.14158871095608083,0.8195655620738862,0.9394323767242746,0.5306122448979592,47266.92913392806,9.903145,53.539287,-74.049568,40.663452,3310.6845605164845,False,0,False,0,False,0
CANWE,KRBUS,60.0,10,108113.51449954993,4787.351991356527,15.21296591949603,0.3632208714549118,630.2371729965398,59,418,108113.51449954993,0.14095831982450768,0.8194330565127983,0.9393878977046476,0.9,79732.60887303625,-122.912378,49.199261,129.052391,35.112607,4463.441551969801,False,0,False,0,False,0
ESALG,USMIA,41.0,11,108057.97973253387,3982.1710400832326,13.850293213657231,0.2575654452082315,630.6999999999999,40,419,108057.97973253387,0.1415887109560805,0.8195655620738862,0.9394323767242746,0.3902439024390244,34560.23371553668,-5.433333,36.116667,-80.1833,25.7833,3806.744124205702,False,0,False,0,False,0
CNWGQ,JPYOK,508.0,77,108001.49392767946,1047.879804515197,13.938807839370364,0.5089474538987974,630.488940809468,428,420,108001.49392767946,0.1413013536686133,0.8195051607822095,0.9394121014224991,0.8169291338582677,72304.58539971955,121.617967,31.353633,139.679832,35.450183,936.607478961685,False,0,False,0,False,0
GBFEL,TRALI,49.0,7,107873.99498543916,3043.7546118838704,16.339730395978208,0.33047230844478065,630.7,49,421,107873.99498543916,0.1415887109560806,0.8195655620738862,0.9394323767242746,0.6326530612244898,55932.73778235322,1.3,51.933333,26.957016,38.82268,1326.5124486708246,False,0,False,0,False,0
CAPRR,KRBUS,42.0,18,107719.17363679722,4306.141528998511,14.005395639978964,0.2623936849720739,630.7,40,422,107719.17363679722,0.1415887109560806,0.8195655620738862,0.9394323767242746,0.5238095238095238,46243.436950739946,-130.319567,54.320128,129.052391,35.112607,4065.615168294345,False,0,False,0,False,0
INPPV,MYPKE,82.0,26,106795.4745370803,2456.7717319329236,15.376194538049578,0.32379090977001124,630.7,73,424,106795.4745370803,0.1415887109560806,0.8195655620738862,0.9394323767242746,0.5853658536585366,51234.66914103197,71.516667,20.933333,101.34485,3.00525,2048.4936311205133,False,0,False,0,False,0
CNXIA,TWKAO,832.0,190,106400.7235634205,213.43845256050784,10.00690099698046,0.24451489448915426,630.4657890774915,628,425,106400.7235634205,0.1412698208539026,0.8194985327173515,0.939409876536053,0.6081730769230769,53029.79548219415,118.042517,24.44535,120.260382,22.620829,164.02126005405202,False,0,False,0,False,0
GHTEM,MATAN,82.0,36,106334.81402282284,3080.829311649136,14.642418839849139,0.3183853289006521,630.7,48,426,106334.81402282284,0.1415887109560806,0.8195655620738862,0.9394323767242746,0.43902439024390244,38260.2519318894,0.016667,5.633333,-5.797516,35.789733,1838.842251206817,False,0,False,0,False,0
CNQIN,USSAV,14.0,10,105752.28645338719,12153.95004793495,16.058733632004564,0.3705692340814421,630.6999999999998,9,428,105752.28645338719,0.1415887109560804,0.8195655620738861,0.9394323767242746,0.8571428571428571,74289.37036094475,120.2667,36.0333,-81.0833,32.0833,6544.883624189066,False,0,True,1,True,2
NLROT,ZACPT,26.0,9,105729.81980348943,6277.450437320258,16.751247790409952,0.48935775622428945,630.6999999999999,22,429,105729.81980348943,0.1415887109560805,0.8195655620738862,0.9394323767242746,0.9615384615384616,83319.72999540146,4.03038,52.002215,18.437805,-33.905756,5213.3436616834215,False,0,False,0,True,1
INNSA,PKKAR,273.0,129,105706.09167002155,578.0665477397964,12.349367343770036,0.27087587859823403,630.6473382125259,224,430,105706.09167002155,0.14151702989103865,0.8195504950158851,0.9394273190650863,0.6446886446886447,55850.331270210554,72.9428,18.953883,66.9833,24.7833,482.29828525813457,False,0,False,0,False,0
BEANT,USCHA,41.0,15,105358.4147140967,4145.488705672072,16.303911471028805,0.37449847042244583,630.7,29,431,105358.4147140967,0.1415887109560806,0.8195655620738862,0.9394323767242746,0.6585365853658537,56863.40161239149,4.4,51.2167,-79.938165,32.87698,3700.7312442762736,False,0,False,0,False,0
CNWGQ,JPTOK,511.0,74,104573.40894405605,1058.1705090158084,14.592016174998603,0.5538859112477216,630.5834952421194,454,432,104573.40894405605,0.14143011340294664,0.8195322255361199,0.9394211864277661,0.8023483365949119,68762.278299739,121.617967,31.353633,139.75,35.6667,942.3281907068434,False,0,False,0,False,0
AUBRI,HKHKG,61.0,25,104449.40557498253,4134.528508157712,15.943905147397487,0.3609281150639848,630.7,59,434,104449.40557498253,0.1415887109560806,0.8195655620738862,0.9394323767242746,0.639344262295082,54729.873700744436,153.169467,-27.350967,114.181938,22.298785,3742.111879550998,False,0,False,0,False,0
BRSTS,LKCOL,19.0,16,104194.35996598823,8005.6366014503965,16.137167861692934,0.4846716546403103,598.7279255011028,18,435,104194.35996598823,0.09574954342261977,0.8099303621010235,0.9361980653098338,0.8947368421052632,75506.99930707016,-46.306133,-23.95,79.85,6.95,7550.503866861175,False,0,True,1,True,1
AEKHA,ESALG,13.0,10,103979.08411882565,10439.369573048401,17.371086498003383,0.44782151011958204,630.7000000000002,11,436,103979.08411882565,0.14158871095608083,0.8195655620738862,0.9394323767242746,0.9230769230769231,78662.47063363684,54.659214,24.802318,-5.433333,36.116667,3134.2017554361155,False,0,True,1,True,2
SGSGP,ZACPT,47.0,17,103827.28645901251,5698.826288303671,15.458544186560125,0.3441546766580099,630.6999999999999,44,437,103827.28645901251,0.1415887109560805,0.8195655620738862,0.9394323767242746,0.9574468085106383,81472.27824132796,103.802776,1.248823,18.437805,-33.905756,5214.707827906002,False,0,False,0,True,1
MYPKE,VNHPG,212.0,66,103346.84857802092,1569.581978548257,14.559804642499296,0.42143718978469297,630.6999999999999,185,438,103346.84857802092,0.1415887109560805,0.8195655620738862,0.9394323767242746,0.5801886792452831,49141.701506318364,101.34485,3.00525,106.828308,20.81389,1116.2862437126996,False,0,False,0,False,0
MYPKE,THLCB,305.0,91,103238.24090877885,1015.9151687134225,13.845641908527503,0.33802169118211406,630.2407956352159,219,439,103238.24090877885,0.1409632576159623,0.8194340944157674,0.9393882461044141,0.4131147540983607,34948.2417720276,101.34485,3.00525,100.886078,13.056152,604.0751698415218,False,0,False,0,False,0
GBFEL,LKCOL,10.0,10,103167.95852333186,10665.4347401975,16.483239166802964,0.5181366750402718,628.2734717921982,9,440,103167.95852333186,0.13827334065910024,0.8188686851994932,0.9391984514465785,0.8,67584.8084405733,1.3,51.933333,79.85,6.95,4651.991884876831,False,0,True,1,True,2
AEJAL,ZADUR,67.0,28,102775.48444447748,4227.2383660095475,14.682531328570287,0.3338622974489585,630.7,39,441,102775.48444447748,0.1415887109560806,0.8195655620738862,0.9394323767242746,0.2835820895522388,23886.47322159595,55.0606,25.0136,31.041098,-29.877639,3574.202783676078,False,0,False,0,False,0
BRITA,MATAN,46.0,9,102649.6330988725,4292.832708758956,15.556018646462055,0.34574318491456035,630.7000000000002,45,442,102649.6330988725,0.14158871095608083,0.8195655620738862,0.9394323767242746,1.0,84128.10424735563,-43.835878,-22.933812,-5.797516,35.789733,4134.957093268723,False,0,False,0,False,0
VNCMP,VNHPG,418.0,83,102460.3628167924,822.2368005168007,12.729654060432267,0.31047135852035923,630.584221938196,367,443,102460.3628167924,0.14143110283361493,0.8195324335102796,0.9394212562398302,0.3133971291866029,26315.828594652055,107.012844,10.522075,106.828308,20.81389,618.0170875278416,False,0,False,0,False,0
CNNSA,IDJAK,156.0,38,102348.75164611207,1824.8699556710978,14.204738287738584,0.32568556520951963,630.7,137,445,102348.75164611207,0.1415887109560806,0.8195655620738862,0.9394323767242746,0.5641025641025641,47317.7760961267,113.682083,22.64515,106.788826,-6.09208,1772.2785142452985,False,0,False,0,False,0
ZACPT,ZADUR,160.0,68,102148.24027183402,1172.1858175247366,9.610622844249598,0.26779180353421705,630.6606670293438,119,446,102148.24027183402,0.1415351736612911,0.8195543087599833,0.9394285992498362,0.725,60694.12207409791,18.437805,-33.905756,31.041098,-29.877639,685.8860449932165,False,0,False,0,False,0
CNNBO,CNZOS,2654.0,200,102104.02628985349,135.22944437468732,7.028162663271214,0.20697416784798642,630.5802379779032,1973,447,102104.02628985349,0.14142567845747844,0.8195312933292594,0.9394208735077128,0.960060286360211,80335.3915392443,121.683333,29.966667,122.099218,30.006902,21.761954407450578,False,0,False,0,False,0
CNXIA,VNCMP,115.0,48,102087.53138559396,1209.3003384243266,14.287753962877712,0.31776425661801216,630.0682673132076,112,448,102087.53138559396,0.14072803204534423,0.81938465099143,0.9393716491025714,0.6347826086956522,53098.90267888864,118.042517,24.44535,107.012844,10.522075,1046.4814681168643,False,0,False,0,False,0
USHOU,USMOB,257.0,99,101773.39906722648,566.8909558795974,12.622569879021222,0.24822943765105426,630.6999999999999,187,449,101773.39906722648,0.1415887109560805,0.8195655620738862,0.9394323767242746,0.45525291828793774,37972.63362743993,-94.97475,29.6069,-88.1167,30.6833,361.82680327081573,False,0,False,0,False,0
MTMAL,PACRI,23.0,15,101514.8073258337,5455.862770041537,17.989352709329623,0.5541966249487437,630.7,23,450,101514.8073258337,0.1415887109560806,0.8195655620738862,0.9394323767242746,0.9565217391304348,79580.7340324357,14.539518,35.819159,-79.916667,9.35,5290.393309734953,False,0,False,0,True,1
BRSTS,BRSUA,180.0,41,101461.59082839054,1291.055807781438,15.016665184276544,0.3976271727390331,630.6527761216075,91,451,101461.59082839054,0.14152443230408795,0.8195520509719343,0.9394278413631625,0.8388888888888889,69756.17379778158,-46.306133,-23.95,-34.9681,-8.3911,1138.7357100718016,False,0,False,0,False,0
AEKHA,MYPKE,37.0,11,100912.97387733392,3364.6074935185625,16.31118973633024,0.39717620394851183,630.7,36,453,100912.97387733392,0.1415887109560806,0.8195655620738862,0.9394323767242746,0.972972972972973,80469.53334128877,54.659214,24.802318,101.34485,3.00525,2997.2011019840274,False,0,False,0,False,0
GBLGP,NLROT,645.0,222,100694.73291231606,212.53424802375451,8.481324835983521,0.22574041348768714,630.5265947877228,466,454,100694.73291231606,0.14135263369458473,0.8195159396277129,0.9394157196289862,0.6356589147286822,52455.17030986248,0.486317,51.502973,4.03038,52.002215,135.08003189771753,False,0,False,0,False,0
TWKAO,USTAC,25.0,14,100688.26497730434,5703.577483300762,17.02262133541629,0.559889178970891,627.0552722161115,25,455,100688.26497730434,0.1365992377568126,0.8185167958195886,0.939080330406927,0.96,79118.43458482256,120.260382,22.620829,-122.422033,47.272467,5420.444299820855,False,0,False,0,True,1
AEJAL,CNQIN,53.0,33,100528.96064411945,6125.315341774319,13.99532251591615,0.4829838646919316,630.6173515536756,18,456,100528.96064411945,0.14147620793158877,0.8195419144119225,0.9394244387569018,0.6415094339622641,52852.48477819177,55.0606,25.0136,120.2667,36.0333,3375.2938929671245,False,0,False,0,True,1
BJCOT,SGSGP,31.0,11,100505.92203745035,8396.716071520033,14.687435405806813,0.5076462913267171,630.7000000000002,24,457,100505.92203745035,0.14158871095608083,0.8195655620738862,0.9394323767242746,1.0,82371.19248637719,2.428967,6.3469,103.802776,1.248823,6073.6759728526085,False,0,True,1,True,1
PKQAS,USCHA,14.0,14,100432.43698562245,11603.39730322688,15.456485146431978,0.31252584968182057,630.7,14,458,100432.43698562245,0.1415887109560806,0.8195655620738862,0.9394323767242746,0.5714285714285714,47034.838096326755,67.343788,24.775279,-79.938165,32.87698,6872.286930020811,False,0,True,1,True,2
CGPNO,INNSA,44.0,17,100379.46620503551,6524.019126113382,15.21076865689234,0.3922973708102455,630.6999999999999,23,460,100379.46620503551,0.1415887109560805,0.8195655620738862,0.9394323767242746,0.9772727272727273,80397.8365128019,11.839142,-4.778824,72.9428,18.953883,3880.7357771909374,False,0,False,0,True,1
KRBUS,USCHA,16.0,15,100172.60675560929,10212.164353090748,15.652534473289302,0.36723235894286943,630.2442137006686,12,461,100172.60675560929,0.14096791651444618,0.8194350736966087,0.9393885748261024,0.75,61563.71054937308,129.052391,35.112607,-79.938165,32.87698,6411.103287902293,False,0,True,1,True,2
COCTA,PAMIT,676.0,119,100130.5593952391,348.9665087467822,9.714345815789558,0.26136893222481455,630.6999999999999,557,462,100130.5593952391,0.1415887109560805,0.8195655620738862,0.9394323767242746,0.5192307692307693,42609.92444560305,-75.540962,10.394286,-79.88466,9.361132,264.30818309065234,False,0,False,0,False,0
CNXIA,SGSGP,133.0,72,100052.43331551555,1695.0435448236199,14.764841096088764,0.3584139428837031,630.7000000000002,124,463,100052.43331551555,0.14158871095608083,0.8195655620738862,0.9394323767242746,0.42105263157894735,34526.117367196006,118.042517,24.44535,103.802776,1.248823,1619.6627058487375,False,0,False,0,False,0
LKCOL,PTSNS,14.0,12,100026.74258197751,9566.221673463386,16.026175820063454,0.3429131270752474,630.1422560245985,13,464,100026.74258197751,0.14082892422490445,0.8194058581026858,0.9393787678341178,0.7857142857142857,64399.10623032995,79.85,6.95,-8.866667,37.95,5086.898426970213,False,0,True,1,True,1
CNYSN,MYPKE,48.0,39,99980.0484435921,2419.616783651711,14.875209856329983,0.4155035216793148,602.8530689391963,39,465,99980.0484435921,0.1019370591367007,0.8112309518466134,0.9366346428870003,0.9166666666666666,74348.00070918526,122.066667,30.633333,101.34485,3.00525,2033.0397542055885,False,0,False,0,False,0
AEJAL,KEMOM,107.0,39,99670.57379081254,2972.744846967268,12.35255026402766,0.3752414149684765,630.6581670140462,105,466,99670.57379081254,0.14153177058921396,0.819553593448564,0.9394283591365127,0.4205607476635514,34353.66318701244,55.0606,25.0136,39.647169,-4.053188,1963.1239045253856,False,0,False,0,False,0
NGONN,SGSGP,38.0,16,99553.1240073173,8194.358494524156,14.368295523623983,0.34018654525932,630.7,36,467,99553.1240073173,0.1415887109560806,0.8195655620738862,0.9394323767242746,0.868421052631579,70854.74466046983,7.166667,4.683333,103.802776,1.248823,5794.483637617639,False,0,True,1,True,1
CNWGQ,VNHPG,303.0,61,99014.47385617088,1396.3582633452409,13.40111651777566,0.3596357332166303,630.7000000000002,256,469,99014.47385617088,0.14158871095608083,0.8195655620738862,0.9394323767242746,0.7887788778877888,64008.50114763198,121.617967,31.353633,106.828308,20.81389,1016.238519474438,False,0,False,0,False,0
IDSUR,SGSGP,423.0,63,98799.79763652771,809.0084231543307,12.574823913624666,0.34030030555314233,630.7,389,470,98799.79763652771,0.1415887109560806,0.8195655620738862,0.9394323767242746,0.3191489361702128,25842.418622159697,112.731533,-7.1937,103.802776,1.248823,736.9069654691688,False,0,False,0,False,0
SADMA,SGSGP,40.0,31,98485.83411952882,3818.160843298354,16.80668760926081,0.4025758713204089,630.7,31,471,98485.83411952882,0.1415887109560806,0.8195655620738862,0.9394323767242746,0.675,54483.02864762884,50.206833,26.510212,103.802776,1.248823,3438.534310103713,False,0,False,0,False,0
FRLEH,MATAN,93.0,70,98200.14838342457,1293.6760947905818,14.2058118223042,0.4066584369779485,628.9341371257339,88,472,98200.14838342457,0.1391785434414008,0.8190589550122487,0.939262320575289,0.7204301075268817,57945.42614448773,0.094067,49.480233,-5.797516,35.789733,861.5144358656615,False,0,False,0,False,0
CNSHE,HKHKG,6099.0,648,98195.4892842774,52.125987771261194,6.595076780962734,0.2083214702425086,630.2417153144916,5512,473,98195.4892842774,0.1409645111640372,0.8194343579062937,0.9393883345520248,0.7616002623380882,61281.98058163495,113.8943,22.467416,114.181938,22.298785,18.907951032760256,False,0,False,0,False,0
EGSOK,SAJED,486.0,125,97923.47152247188,672.9891855590706,12.059086103487193,0.305533628833594,630.6562097842458,415,474,97923.47152247188,0.1415291063490539,0.8195530334365023,0.9394281711535535,0.4218106995884774,33851.77575479286,32.33,29.58,39.1667,21.466667,611.6274059692427,False,0,False,0,False,0
USLGB,USOAK,268.0,107,97901.33566098411,525.2630867756802,9.726369579835518,0.26718001923069346,630.429645636387,236,475,97901.33566098411,0.141220588613843,0.819488184307823,0.9394064028168615,0.6343283582089553,50891.5221132918,-118.217354,33.74561,-122.320518,37.814824,315.572932061284,False,0,False,0,False,0
CNYSN,PACOL,15.0,12,97840.87900390956,8779.34309066106,16.995020036825213,0.40881980799458617,630.6999999999999,0,476,97840.87900390956,0.1415887109560805,0.8195655620738862,0.9394323767242746,1.0,80187.01499464223,122.066667,30.633333,-79.892063,9.359918,8092.94338506548,False,0,True,1,True,1
INMUN,PKKAR,483.0,186,97728.95439211772,282.0032788890929,9.929602090708235,0.2388390341505767,630.6670197689132,344,477,97728.95439211772,0.14154382101924734,0.819556126398209,0.9394292093885025,0.494824016563147,39632.61455145703,69.7,22.766667,66.9833,24.7833,192.19090648943327,False,0,False,0,False,0
CNTAI,RUNVS,31.0,4,97515.52755741093,8771.183944366405,12.358004151525906,0.2839005348995393,630.7,22,478,97515.52755741093,0.1415887109560806,0.8195655620738862,0.9394323767242746,0.3870967741935484,30936.91670458878,121.211133,31.6506,37.7667,44.716667,3842.991045110801,False,0,True,1,True,1
COBUE,MXLCS,67.0,44,97434.34179136393,1816.9298313969646,14.803734358427231,0.430497420534399,623.0573934679096,65,479,97434.34179136393,0.13105918383121695,0.8173522998152798,0.938689436317607,0.9253731343283582,73695.03533340117,-77.083333,3.883333,-102.166667,17.883333,1697.161666147474,False,0,False,0,False,0
ESVAL,INCOC,15.0,10,97337.83862432464,9981.864734621175,17.092768036274105,0.3758423071077156,630.6999999999999,13,480,97337.83862432464,0.1415887109560805,0.8195655620738862,0.9394323767242746,0.4,31909.89616928074,-0.316667,39.45,76.25,9.966667,4403.504791413773,False,0,True,1,True,1
JPKOB,JPNAG,952.0,214,96930.98674908219,255.53282186956775,13.18422834701211,0.32130772677980857,630.6374392119019,909,481,96930.98674908219,0.14150355444075857,0.8195476625329854,0.9394263682667842,0.6554621848739496,52069.629933980126,135.237233,34.685033,136.866667,35.066667,83.46616292367584,False,0,False,0,False,0
CNWGQ,IDJAK,127.0,41,96903.49190935011,2620.7675424949516,15.324317598348069,0.5394226126047955,630.2422602947366,124,482,96903.49190935011,0.140965253985331,0.8194345140442014,0.9393883869638708,0.8740157480314961,69402.15200010725,121.617967,31.353633,106.788826,-6.09208,2403.74228539857,False,0,False,0,False,0
BRMAN,BRPEC,186.0,22,96544.33276548998,1590.318660187697,14.256955048228738,0.399792150933737,630.7000000000002,159,484,96544.33276548998,0.14158871095608083,0.8195655620738862,0.9394323767242746,0.8709677419354839,68914.80901277166,-60.033932,-3.131603,-38.795986,-3.528841,1273.178656286025,False,0,False,0,False,0
CNWGQ,JPNAG,518.0,70,96465.0153819189,941.4337876861499,13.734524556338954,0.4991320624611422,630.7,453,485,96465.0153819189,0.1415887109560806,0.8195655620738862,0.9394323767242746,0.5714285714285714,45176.80260111339,121.617967,31.353633,136.866667,35.066667,796.8336364216447,False,0,False,0,False,0
GTPQL,USPHU,129.0,10,95882.1084778053,2130.964865751881,17.229963051006056,0.5323352068758956,630.7,122,486,95882.1084778053,0.1415887109560806,0.8195655620738862,0.9394323767242746,0.4806201550387597,37767.93640233639,-90.783333,13.916667,-119.2,34.15,1963.3594327998662,False,0,False,0,False,0
CNNSA,CNSHE,3286.0,610,95597.11362213432,95.56021202043682,8.472669762745355,0.2186960014251943,628.1068898782374,2819,487,95597.11362213432,0.1380447998190979,0.8188206468773797,0.9391823261047092,0.8027997565429094,62840.668568649024,113.682083,22.64515,113.8943,22.467416,15.88506367211715,False,0,False,0,False,0
FRLEH,PTSNS,129.0,76,95464.69620661826,1056.9006644457027,13.718728357807297,0.3479030253353762,629.4867872514515,123,488,95464.69620661826,0.13993429097387045,0.8192178099608911,0.9393156444684186,0.5736434108527132,44862.57420362483,0.094067,49.480233,-8.866667,37.95,792.7198189258329,False,0,False,0,False,0
TWKAO,TWTCH,2168.0,174,95264.18677220566,169.85015847381933,11.578520750500571,0.3409573571265351,630.363021583208,2010,489,95264.18677220566,0.14112982287534914,0.8194691057318336,0.939399998584851,0.4981549815498155,38888.995654007806,120.260382,22.620829,120.5,24.283333,100.6862020832233,False,0,False,0,False,0
KRBUS,PHMAN,244.0,37,95205.51981907325,1448.4025271204223,13.335724991667043,0.38203351229002913,630.7000000000002,147,490,95205.51981907325,0.14158871095608083,0.8195655620738862,0.9394323767242746,0.7213114754098361,56281.88977007266,129.052391,35.112607,120.94162,14.596732,1307.298631729463,False,0,False,0,False,0
USCHA,USNYK,201.0,91,95103.32781293325,690.2532938374447,12.572442293256248,0.27345594195446776,629.9258542029319,171,491,95103.32781293325,0.14053376855748667,0.8193438176243849,0.9393579422957073,0.5074626865671642,39542.67171771776,-79.938165,32.87698,-74.049568,40.663452,546.2713820446918,False,0,False,0,False,0
GBSOU,MATAN,86.0,37,94926.96397250294,1249.4745668530177,14.156251708603088,0.39764332619095183,629.4002712923956,82,492,94926.96397250294,0.13981606825764137,0.8191929600438116,0.9393073029321055,0.9069767441860465,70529.68659487607,-1.4,50.9,-5.797516,35.789733,926.894279992826,False,0,False,0,False,0
USNYK,ZACPT,33.0,15,94916.92130410988,6942.709960547765,15.939063274274408,0.4447164607381583,630.3560999756467,30,493,94916.92130410988,0.14112039207534188,0.819467123417388,0.9393993331682269,0.45454545454545453,35355.13475668796,-74.049568,40.663452,18.437805,-33.905756,6784.8734953412295,False,0,False,0,True,1
CNTJN,CNYSN,122.0,68,94822.8617282866,788.9053854910113,14.659657700891533,0.4232861507476069,630.4524477333869,113,494,94822.8617282866,0.14125164880166574,0.8194947130284994,0.939408594355788,0.8770491803278688,68152.71494328092,117.8143,38.97075,122.066667,30.633333,542.5285884895311,False,0,False,0,False,0
AUSYD,CNSHE,48.0,17,94753.16837823817,4531.465861816271,15.768880540799838,0.324115761474603,630.7000000000002,47,495,94753.16837823817,0.14158871095608083,0.8195655620738862,0.9394323767242746,0.2708333333333333,21031.950793802094,151.2111,-33.86,113.8943,22.467416,3997.89181252831,False,0,False,0,False,0
MTMAL,SGSGP,13.0,13,94725.86923050045,10960.766305420098,16.141632862959277,0.44931842065769484,604.7869068644444,13,496,94725.86923050045,0.10480866259667854,0.8118345508007057,0.9368372569471612,0.8461538461538461,65070.69757349592,14.539518,35.819159,103.802776,1.248823,5323.898691488032,False,0,True,1,True,2
MATAN,MYTPP,8.0,7,94708.59182210334,10950.576891580418,17.942037477579078,0.6401661843095459,630.0486244975581,8,497,94708.59182210334,0.14070124281003282,0.819379020006985,0.9393697589127138,0.75,58201.674865077446,-5.797516,35.789733,103.549576,1.327854,6291.037953190811,False,0,True,1,True,2
SGSGP,USMIA,10.0,9,94482.16288870413,12408.010088073432,17.147879740590472,0.5588981634794808,630.6999999999999,10,498,94482.16288870413,0.1415887109560805,0.8195655620738862,0.9394323767242746,1.0,77434.32693383728,103.802776,1.248823,-80.1833,25.7833,9167.855384766457,False,0,True,1,True,2
ESBAR,ITGIT,114.0,63,93962.28838624943,708.9643238288982,14.527734646386387,0.4733541126436244,629.6589164889981,114,499,93962.28838624943,0.14016940628925445,0.8192672302100428,0.9393322336908931,0.6228070175438597,47943.82356384552,2.166667,41.35,15.909341,38.462848,655.4450560374911,False,0,False,0,False,0
ESVAL,PTSNS,197.0,107,93838.69563225839,714.5931445507525,13.307817515079844,0.32716859333210907,630.6144680259426,190,500,93838.69563225839,0.14147228227290287,0.8195410892549988,0.9394241617710102,0.5228426395939086,40209.039003914324,-0.316667,39.45,-8.866667,37.95,410.45409724548256,False,0,False,0,False,0
KRBUS,VNHCM,173.0,47,93447.38622235823,2042.822932792853,14.958844723381262,0.5842351002595796,630.5734225223754,136,503,93447.38622235823,0.14141639868941858,0.8195293427610931,0.9394202187475725,0.8439306358381503,64630.63440449991,129.052391,35.112607,106.710033,10.776988,1903.2209466594747,False,0,False,0,False,0
CNXIA,KRBUS,188.0,90,93356.72967606774,954.2766651507519,13.701223081778252,0.3681829143600144,630.2262782843064,176,504,93356.72967606774,0.14094346958384896,0.8194299350547507,0.939386849904143,0.6968085106382979,53305.36255603893,118.042517,24.44535,129.052391,35.112607,858.6286070696023,False,0,False,0,False,0
THLCB,VNHPG,278.0,60,93331.12255059721,1356.9904316634445,14.237214917963149,0.44695434552143976,630.6777835758447,259,505,93331.12255059721,0.14155847233059904,0.8195592060421539,0.9394302431529902,0.7841726618705036,59981.6654383335,100.886078,13.056152,106.828308,20.81389,577.235224952137,False,0,False,0,False,0
ARBNA,BRSTS,151.0,73,93102.80668301282,1039.6540981337218,14.687475849652564,0.3563605788928874,630.4451153911677,67,506,93102.80668301282,0.14124166119665882,0.8194926136759877,0.9394078896522209,0.4900662251655629,37390.61335631256,-58.362293,-34.592025,-46.306133,-23.95,896.873736889093,False,0,False,0,False,0
USNYK,VNCMP,10.0,10,93034.87897134671,13048.096439356235,17.372233463873044,0.48181357632719635,629.0076996847596,7,507,93034.87897134671,0.13927921665929688,0.8190801160986849,0.9392694238573793,0.6,45721.81168144666,-74.049568,40.663452,107.012844,10.522075,7733.514306024893,False,0,True,1,True,2
CNNBO,JMKIN,10.0,9,92889.3504615764,10379.896070335344,16.66214821248001,0.6393553972188665,630.7,7,508,92889.3504615764,0.1415887109560806,0.8195655620738862,0.9394323767242746,1.0,76128.91272172006,121.683333,29.966667,-76.7936,17.997,7735.531262429548,False,0,True,1,True,2
CNTJN,HKHKG,136.0,50,92655.14610542508,1490.1743688122453,14.425917118803849,0.3325936562184661,625.4073271109861,116,509,92655.14610542508,0.13432418116853628,0.8180385885056879,0.9389198073894313,0.6691176470588235,50716.096539310216,117.8143,38.97075,114.181938,22.298785,1018.1765624804931,False,0,False,0,False,0
BRRDJ,PTSNS,30.0,14,92619.6987795503,4387.573637812948,15.328869126474817,0.4412650320170304,630.7000000000003,27,510,92619.6987795503,0.14158871095608094,0.8195655620738862,0.9394323767242746,0.9666666666666667,73377.6516397303,-43.1667,-22.916667,-8.866667,37.95,4134.795825694223,False,0,False,0,False,0
BEANT,SGSGP,9.0,9,92524.55050217596,12034.464745671741,16.38200287848526,0.4932314872556687,628.3983479347901,9,511,92524.55050217596,0.13844458410927918,0.8189046798515626,0.9392105340099269,1.0,75768.78740739413,4.4,51.2167,103.802776,1.248823,5697.50527924939,False,0,True,1,True,2
USLGB,VNHPG,20.0,9,92183.25219834255,6974.943428415492,15.373778605205931,0.3116236510543008,630.7000000000002,18,512,92183.25219834255,0.14158871095608083,0.8195655620738862,0.9394323767242746,0.95,71772.70795664674,-118.217354,33.74561,106.828308,20.81389,6640.206352636616,False,0,False,0,True,1
ESVAL,USHOU,42.0,11,91751.67697036712,5380.434086793947,13.831922927215215,0.262733657154173,630.6999999999999,33,513,91751.67697036712,0.1415887109560805,0.8195655620738862,0.9394323767242746,0.30952380952380953,23275.111695160176,-0.316667,39.45,-94.97475,29.6069,4500.969827953939,False,0,False,0,True,1
MYTPP,VNHPG,197.0,56,90865.51228460691,1401.5615033704953,13.29248226994784,0.3254403131915473,630.7000000000002,181,514,90865.51228460691,0.14158871095608083,0.8195655620738862,0.9394323767242746,0.4467005076142132,33265.89608671352,103.549576,1.327854,106.828308,20.81389,1185.6244699859421,False,0,False,0,False,0
TWKAO,VNHCM,281.0,37,90852.66342165864,1153.9297859795158,14.2274409174616,0.4362221163839362,628.4333319290258,229,515,90852.66342165864,0.1384925456800169,0.8189147611717509,0.93921391807347,0.5587188612099644,41569.01133572638,120.260382,22.620829,106.710033,10.776988,1053.5341242787115,False,0,False,0,False,0
PAMIT,USNYK,80.0,32,90416.6734080742,2045.1766433492032,14.409408012108178,0.316638562792824,630.7,72,517,90416.6734080742,0.1415887109560806,0.8195655620738862,0.9394323767242746,0.3625,26862.11701392051,-79.88466,9.361132,-74.049568,40.663452,1904.9271695708044,False,0,False,0,False,0
INKUP,MYPKE,187.0,43,89752.06361791865,1433.994534936262,13.316012756329693,0.2761265268577766,630.6999999999999,125,518,89752.06361791865,0.1415887109560805,0.8195655620738862,0.9394323767242746,0.33689839572192515,24781.471280093978,80.345767,13.304483,101.34485,3.00525,1391.1069836500135,False,0,False,0,False,0
PACOL,USNYK,68.0,42,89393.24036161262,2008.2950107519077,15.442542902242339,0.40314545314123357,629.114997051831,44,519,89393.24036161262,0.13942601505747354,0.8191109725037689,0.9392797816313179,0.9558823529411765,69992.55828104616,-79.892063,9.359918,-74.049568,40.663452,1905.0636219683117,False,0,False,0,False,0
USCHA,VNCMP,11.0,8,89202.32992843428,13231.751329941126,16.823865716203727,0.36167352407155196,630.7,11,521,89202.32992843428,0.1415887109560806,0.8195655620738862,0.9394323767242746,1.0,73107.15766609748,-79.938165,32.87698,107.012844,10.522075,8171.337410892346,False,0,True,1,True,2
CNSHE,CNWGQ,267.0,94,89098.74207735973,934.0269484691648,13.374620968011788,0.3263411491976139,630.3822924879034,235,522,89098.74207735973,0.14115607869745317,0.8194746245950687,0.9394018511382392,0.5543071161048689,40472.26747538992,113.8943,22.467416,121.617967,31.353633,674.5306661041974,False,0,False,0,False,0
COCTA,JMKIN,360.0,100,88852.99916155946,535.370826812154,11.630610612600295,0.31018989620666415,630.6795142261724,302,523,88852.99916155946,0.141560827983633,0.8195597011905014,0.9394304093627166,0.6388888888888888,46524.10447729815,-75.540962,10.394286,-76.7936,17.997,462.2468749239605,False,0,False,0,False,0
CAVCR,CNYTN,27.0,19,88701.12480812221,5884.536277142712,13.89671753464165,0.30333668784951595,630.2645392141521,26,524,88701.12480812221,0.1409956195932477,0.8194408967671067,0.9393905294947581,0.7037037037037037,51148.93540308726,-123.116667,49.283333,114.263091,22.566543,5520.126211345009,False,0,False,0,True,1
BRRDJ,BRSAL,149.0,72,88648.19217388878,850.8548599807325,13.215571995142614,0.3342392023030257,630.7,135,525,88648.19217388878,0.1415887109560806,0.8195655620738862,0.9394323767242746,0.6510067114093959,47297.59414929679,-43.1667,-22.916667,-38.516667,-12.966667,653.6078745316843,False,0,False,0,False,0
CNDAL,CNQIN,661.0,163,88643.13382201557,329.5919829928915,10.941126140774005,0.2651357488080367,630.4480344139299,368,526,88643.13382201557,0.14124563731364437,0.8194934494390335,0.9394081701983399,0.6354009077155824,46157.089791306425,121.737442,38.978628,120.2667,36.0333,190.1998654640337,False,0,False,0,False,0
AEJAL,SADMA,356.0,150,88375.97193826825,355.7138652747259,10.490893903309544,0.23542641442949347,630.6329944240352,149,527,88375.97193826825,0.14149750364002578,0.8195463906801532,0.9394259413355172,0.6207865168539326,44962.45547835302,55.0606,25.0136,50.206833,26.510212,277.3873492856097,False,0,False,0,False,0
KRBUS,VNCMP,78.0,50,88345.725343056,2102.7933502960263,13.019262882706736,0.2848401407866577,630.3762817509335,78,528,88345.725343056,0.14114788948561474,0.8194729032572274,0.939401273325361,0.44871794871794873,32485.80104235115,129.052391,35.112607,107.012844,10.522075,1905.1020267283868,False,0,False,0,False,0
NZAKL,TWKAO,44.0,11,88227.73581525129,4895.809023960702,15.398491911542324,0.30246098112087816,630.6999999999998,34,529,88227.73581525129,0.1415887109560804,0.8195655620738861,0.9394323767242746,0.5681818181818182,41084.32607609816,174.769478,-36.840752,120.260382,22.620829,4717.0305592198065,False,0,False,0,False,0
MYPKE,NGLAG,32.0,11,87997.8592481501,8152.504601124832,13.977732761137116,0.24607307049790592,630.7,25,530,87997.8592481501,0.1415887109560806,0.8195655620738862,0.9394323767242746,0.4375,31552.506552003873,101.34485,3.00525,3.3833,6.45,5857.508006471691,False,0,True,1,True,1
DEBHN,USCHA,33.0,11,87995.64104411876,4193.76504619137,16.34198498396341,0.36141180844534115,630.6999999999999,32,531,87995.64104411876,0.1415887109560805,0.8195655620738862,0.9394323767242746,0.5151515151515151,37151.798460920516,8.548651,53.563407,-79.938165,32.87698,3798.3529958838953,False,0,False,0,False,0
INNSA,TGLOM,14.0,13,87794.97381264996,7472.376577106169,17.158402576138688,0.48190043351308065,626.3546168342766,10,532,87794.97381264996,0.13563341683925711,0.818313784330084,0.93901218419516,0.8571428571428571,61580.43194210589,72.9428,18.953883,1.286945,6.137824,4244.250195856322,False,0,False,0,True,1
LKCOL,PKKAR,119.0,41,87004.44474566217,1385.956542976448,13.551181755601693,0.2508150763020934,630.7000000000002,105,535,87004.44474566217,0.14158871095608083,0.8195655620738862,0.9394323767242746,0.31932773109243695,22769.934227852013,79.85,6.95,66.9833,24.7833,1301.1105520042981,False,0,False,0,False,0
KRGWA,VNHCM,158.0,21,86996.14343211631,1999.0496332945088,15.10857086412853,0.6005805437204567,630.5795092243513,141,536,86996.14343211631,0.1414246862129206,0.819531084763632,0.9394208034971067,0.6645569620253164,47380.282270274394,127.728767,34.866497,106.710033,10.776988,1847.099374752686,False,0,False,0,False,0
CNMWN,MYTPP,113.0,43,86978.2775045162,1512.45468978873,15.271934493270372,0.4408639181502816,630.6764143700611,108,537,86978.2775045162,0.14155660864412245,0.8195588143031052,0.9394301116553481,0.7433628318584071,52989.73782712505,113.862187,22.508158,103.549576,1.327854,1406.9060700565587,False,0,False,0,False,0
JPKOB,USOAK,29.0,7,86908.99306031973,5056.561728789214,16.119983363898967,0.38676139649188224,630.7000000000003,29,538,86908.99306031973,0.14158871095608094,0.8195655620738862,0.9394323767242746,1.0,71227.61774675641,135.237233,34.685033,-122.320518,37.814824,4679.544437193262,False,0,False,0,True,1
CNSHE,KRINC,255.0,41,86822.44298679676,1253.3869912969976,15.253423403970126,0.5469542918434297,630.6999999999999,230,539,86822.44298679676,0.1415887109560805,0.8195655620738862,0.9394323767242746,0.7568627450980392,53855.843401610546,113.8943,22.467416,126.607819,37.439929,1113.5938131476241,False,0,False,0,False,0
FRLEH,USNOL,30.0,10,86816.4867853938,4880.703790823086,15.390505389299118,0.31065354349820823,630.7000000000002,20,540,86816.4867853938,0.14158871095608083,0.8195655620738862,0.9394323767242746,0.5333333333333333,37947.6281544274,0.094067,49.480233,-90.061119,29.923919,4071.2987656088812,False,0,False,0,False,0
LKCOL,ZADUR,54.0,29,86761.44087166691,3825.934862700384,13.000032341919546,0.29087625376242254,630.7,26,541,86761.44087166691,0.1415887109560806,0.8195655620738862,0.9394323767242746,0.37037037037037035,26335.810760862194,79.85,6.95,31.041098,-29.877639,3576.276741896205,False,0,False,0,False,0
LKCOL,USNFK,12.0,11,85983.79147106955,11236.525150398462,16.18875652399119,0.3686686682282486,630.7000000000003,11,544,85983.79147106955,0.14158871095608094,0.8195655620738862,0.9394323767242746,0.6666666666666666,46979.56959082062,79.85,6.95,-76.316667,36.85,7856.033722941417,False,0,True,1,True,2
PABAL,PTSNS,28.0,15,85631.96723091172,4398.339519746532,15.06920633949434,0.38490103913929286,630.6999999999999,8,545,85631.96723091172,0.1415887109560805,0.8195655620738862,0.9394323767242746,1.0,70181.01135509477,-79.57037,8.954178,-8.866667,37.95,4162.109121814102,False,0,False,0,False,0
AEKHA,GRPIR,5.0,5,85631.39018447275,11546.94411484684,16.98814989632805,0.7261235743522871,630.7,5,546,85631.39018447275,0.1415887109560806,0.8195655620738862,0.9394323767242746,1.0,70180.53842770567,54.659214,24.802318,23.65,37.933333,1762.9781098573185,False,0,True,1,True,2
CAPRR,CNYSN,36.0,18,85495.05569497358,4705.025999134197,15.528420236854569,0.3194375143984973,630.7,36,547,85495.05569497358,0.1415887109560806,0.8195655620738862,0.9394323767242746,0.6388888888888888,44766.17993414867,-130.319567,54.320128,122.066667,30.633333,4491.5836690488095,False,0,False,0,False,0
AEJAL,CNNSA,49.0,36,85437.8445134546,5127.222436224184,14.997901823182165,0.39586237179326694,629.7131002226091,23,548,85437.8445134546,0.14024339050813728,0.8192827813812819,0.9393374538555797,0.4489795918367347,31427.563419193895,55.0606,25.0136,113.682083,22.64515,3197.360149462864,False,0,False,0,True,1
CNSHE,CNXIA,508.0,189,85409.9065854111,355.6607354028418,12.114202638423668,0.30657698406100836,628.5197587884575,379,550,85409.9065854111,0.13861101034658108,0.818939661945772,0.9392222766812697,0.844488188976378,59068.199313191,113.8943,22.467416,118.042517,24.44535,257.476347312697,False,0,False,0,False,0
CLVAL,PECAL,134.0,65,85203.76762199587,1311.6141085598576,16.07138873384444,0.42040524055690526,630.6250344617285,124,551,85203.76762199587,0.14148666733138304,0.8195441129337114,0.9394251767492775,0.7313432835820896,51068.41882932173,-71.6167,-33.033333,-77.15,-12.05,1296.0535188256583,False,0,False,0,False,0
BEANT,GBLGP,374.0,203,85193.1146335176,281.4200191063799,8.70458416381439,0.22712328774412754,630.4540553125414,278,552,85193.1146335176,0.1412538385027815,0.8194951732944524,0.93940874885631,0.5213903743315508,36401.049510206656,4.4,51.2167,0.486317,51.502973,147.71263993969123,False,0,False,0,False,0
CNSHE,VNCMP,135.0,46,84790.3213798888,993.0575602385785,14.772674994742045,0.4274212000879118,629.0230986204031,125,553,84790.3213798888,0.1393002877200874,0.8190845451469264,0.9392709105853478,0.9185185185185185,63791.516931245795,113.8943,22.467416,107.012844,10.522075,818.8964381481336,False,0,False,0,False,0
JPTOK,NZTAU,39.0,7,84734.72666809952,4871.504244003386,16.699389517758913,0.36086834509641064,630.7,38,554,84734.72666809952,0.1415887109560806,0.8195655620738862,0.9394323767242746,0.8205128205128205,56981.05754988152,139.75,35.6667,176.183333,-37.716667,4849.610980923717,False,0,False,0,False,0
CNZOS,CNZOS,242.0,180,84668.24858343136,414.3507703714648,5.062822548687934,0.23065497713627736,630.6180788279755,45,555,84668.24858343136,0.14147719804321224,0.819542122529216,0.9394245086170128,0.6859504132231405,47597.547775672894,122.099218,30.006902,122.099218,30.006902,0.0,False,0,False,0,False,0
EGPSA,OMSAL,14.0,14,84385.84129899586,11707.460991756881,16.758942535595086,0.43326241940408955,630.6999999999999,13,556,84385.84129899586,0.1415887109560805,0.8195655620738862,0.9394323767242746,0.5,34579.86472764465,32.319633,31.269083,54.002781,16.946141,1461.828352836251,False,0,True,1,True,2
INNSA,USNFK,12.0,10,84295.55944954557,11479.54990134244,16.651562196198846,0.3523715784818405,630.7000000000003,11,557,84295.55944954557,0.14158871095608094,0.8195655620738862,0.9394323767242746,0.5,34542.86878029975,72.9428,18.953883,-76.316667,36.85,7031.287194405678,False,0,True,1,True,2
DEHAM,GBLGP,280.0,113,84285.18042191488,458.8333569948324,11.990927026008544,0.258495208935707,630.6999999999999,229,558,84285.18042191488,0.1415887109560805,0.8195655620738862,0.9394323767242746,0.5071428571428571,35032.02442825697,9.903145,53.539287,0.486317,51.502973,364.7677677950106,False,0,False,0,False,0
MYPAG,TWKAO,131.0,27,84130.25966340634,1641.125846392784,15.888050963639275,0.44439923177985885,630.3316858238315,123,559,84130.25966340634,0.14108712575284799,0.8194601309764944,0.9393969859692626,0.8625954198473282,59468.53035972017,103.900833,1.426733,120.260382,22.620829,1590.5633318883233,False,0,False,0,False,0
CNXIA,MYTPP,76.0,60,84071.92999150336,1711.0135048946902,15.09466925098386,0.42796210202683066,630.4627777523738,72,560,84071.92999150336,0.1412657192386303,0.8194976705750945,0.9394095871350493,0.8289473684210527,57111.780259128085,118.042517,24.44535,103.549576,1.327854,1623.107017285096,False,0,False,0,False,0
CNMWN,THLCB,210.0,52,84010.68250920979,1500.9385626343214,15.196539813478333,0.5273553274061222,629.7397592349099,203,561,84010.68250920979,0.14027978691108312,0.8192904317519047,0.9393400219061754,0.8380952380952381,57685.381469879576,113.862187,22.508158,100.886078,13.056152,933.0453853681189,False,0,False,0,False,0
CNXIA,HKHKG,842.0,169,83963.0580120926,333.9220886581677,12.44973429184699,0.2951325757751721,630.6428454165577,673,562,83963.0580120926,0.14151091392721704,0.819549209466046,0.9394268875360541,0.6591448931116389,45356.98466636585,118.042517,24.44535,114.181938,22.298785,248.73929853998817,False,0,False,0,False,0
PHMAN,SGSGP,179.0,53,83831.3670223065,1381.1826685074793,13.249503222769594,0.3443119017015838,630.3818980738888,80,563,83831.3670223065,0.1411555413405272,0.8194745116449058,0.9394018132235097,0.5418994413407822,37227.228209271285,120.94162,14.596732,103.802776,1.248823,1294.567298110625,False,0,False,0,False,0
CNNSA,VNHCM,374.0,83,83355.57352446982,958.9341374795167,13.229736771319716,0.3885623139610891,630.541510640805,323,564,83355.57352446982,0.1413729455340894,0.8195202090908374,0.9394171527879612,0.6737967914438503,46028.121430487605,113.682083,22.64515,106.710033,10.776988,817.1596374496999,False,0,False,0,False,0
PABAL,USLSA,49.0,23,83278.22217676451,2991.397792639267,14.703879954785947,0.2962129681832753,630.7000000000003,36,565,83278.22217676451,0.14158871095608094,0.8195655620738862,0.9394323767242746,0.6530612244897959,44572.71050893974,-79.57037,8.954178,-118.244,33.738045,2599.784926706222,False,0,False,0,False,0
ESLPA,ESVAL,157.0,56,83229.79357663332,1119.2719020423408,14.568362839579352,0.36604970792228775,630.7000000000002,154,566,83229.79357663332,0.14158871095608083,0.8195655620738862,0.9394323767242746,0.35668789808917195,24330.49212114594,-15.4167,28.15,-0.316667,39.45,1011.2075364444019,False,0,False,0,False,0
INKKT,SGSGP,378.0,38,83177.40518724367,1662.8874329086887,12.025618793250123,0.45643491669741054,630.7000000000002,188,567,83177.40518724367,0.14158871095608083,0.8195655620738862,0.9394323767242746,0.48148148148148145,32822.273290507386,88.011475,21.831569,103.802776,1.248823,1542.5416786793126,False,0,False,0,False,0
HKHKG,MYTPP,96.0,60,82914.6463411007,1514.4797437769375,16.31200657364001,0.4070832627246066,630.6756867111692,93,568,82914.6463411007,0.14155561819216733,0.8195586061142752,0.9394300417712242,0.65625,44594.42661303694,114.181938,22.298785,103.549576,1.327854,1403.8465623927682,False,0,False,0,False,0
DEHAM,GBFEL,224.0,106,82592.2868732744,424.2940642613006,11.867572961516089,0.29644313824866747,629.104652954446,189,569,82592.2868732744,0.13941186500936087,0.8191079982232458,0.9392787832348681,0.53125,35940.12647126917,9.903145,53.539287,1.3,51.933333,327.04253355393615,False,0,False,0,False,0
CNSHE,TWKAO,450.0,145,81655.21880959875,394.1638157502631,12.736350611398072,0.2904344390037282,630.1194504628324,420,570,81655.21880959875,0.1407978287254371,0.8193993219596505,0.9393765738036788,0.6755555555555556,45200.2271151641,113.8943,22.467416,120.260382,22.620829,353.1080741488201,False,0,False,0,False,0
KRBUS,TWKAO,173.0,73,81435.3116392881,1027.1425041772682,11.439257448336525,0.3124754588485146,630.5689529750083,171,572,81435.3116392881,0.14141031294723827,0.8195280635637158,0.9394197893509134,0.7514450867052023,50150.335392768524,129.052391,35.112607,120.260382,22.620829,880.0596667710865,False,0,False,0,False,0
MXVER,USMIA,85.0,25,81188.92078852822,1172.0295905930611,12.46854612749473,0.3068029222688508,630.7000000000002,82,575,81188.92078852822,0.14158871095608083,0.8195655620738862,0.9394323767242746,0.3058823529411765,20353.302717715076,-96.1333,19.2,-80.1833,25.7833,968.0172896320221,False,0,False,0,False,0
AUBRI,JPYOK,38.0,9,81127.79472365254,3929.2671278491275,16.347547710714597,0.45484263188242297,630.6999999999999,38,576,81127.79472365254,0.1415887109560805,0.8195655620738862,0.9394323767242746,0.4473684210526316,29745.32351585757,153.169467,-27.350967,139.679832,35.450183,3847.381130050292,False,0,False,0,False,0
CNXIA,THLCB,171.0,47,81120.30629431603,1726.4497168406147,14.916552206831664,0.4255877224648907,630.3222638381716,155,577,81120.30629431603,0.141074286820688,0.8194574322870231,0.9393960800822871,0.5614035087719298,37319.094962681855,118.042517,24.44535,100.886078,13.056152,1189.1401466687387,False,0,False,0,False,0
AUSYD,NZTAU,149.0,41,80843.73192755615,1433.9392742737193,13.475619775909939,0.31301288047611503,630.6472387870069,145,579,80843.73192755615,0.14151689454577798,0.8195504665668814,0.9394273095154206,0.40939597315436244,27124.742358620322,151.2111,-33.86,176.183333,-37.716667,1234.2368057095389,False,0,False,0,False,0
CNQIN,CNZOS,243.0,149,80792.85085939457,578.5325947580468,10.749993556287327,0.24317768991327118,629.9431850574277,98,580,80792.85085939457,0.14055741399814625,0.8193487877964334,0.9393596106662896,0.6008230452674898,39772.99820774649,120.2667,36.0333,122.099218,30.006902,373.3792427495828,False,0,False,0,False,0
AEJAL,AEKHA,836.0,306,80491.70573942596,92.03744879936372,6.0740125243020895,0.20593694374521773,630.4092795989756,469,581,80491.70573942596,0.1411928448381936,0.8194823526830188,0.9394044452767252,0.5514354066985646,36373.52444038908,55.0606,25.0136,54.659214,24.802318,25.27219044214547,False,0,False,0,False,0
DOCUC,PTSNS,30.0,21,80414.47285485697,3500.551467964365,16.796579996811833,0.5097648403020661,630.7,30,582,80414.47285485697,0.1415887109560806,0.8195655620738862,0.9394323767242746,1.0,65904.93264416611,-69.629288,18.426403,-8.866667,37.95,3359.7964613452154,False,0,False,0,False,0
FRLEH,LKCOL,13.0,9,80036.60058198021,10493.074270976644,15.911052830001983,0.34616523949205846,630.7,13,583,80036.60058198021,0.1415887109560806,0.8195655620738862,0.9394323767242746,0.46153846153846156,30274.726865747878,0.094067,49.480233,79.85,6.95,4687.483830215245,False,0,True,1,True,2
USCHA,USNFK,241.0,131,79690.77789014266,492.3695497121487,11.700398330372948,0.2591467373142009,630.6560779760431,177,584,79690.77789014266,0.1415289269271638,0.8195529957227765,0.9394281584939373,0.48132780082987553,31435.911315999998,-79.938165,32.87698,-76.316667,36.85,297.8214802153276,False,0,False,0,False,0
TWKAO,VNHPG,405.0,38,79290.90983036329,827.3642133207975,13.279788413279372,0.4116701249582645,630.625733689136,324,585,79290.90983036329,0.14148761923679987,0.8195443130202213,0.9394252439136419,0.7283950617283951,47332.86962116951,120.260382,22.620829,106.828308,20.81389,756.7602324315936,False,0,False,0,False,0
ITGIT,LKCOL,10.0,10,79188.4237100453,10616.352358120495,16.428560498997307,0.4445468946064555,613.3108844330029,10,586,79188.4237100453,0.11725029876077209,0.8144497303268856,0.937715111586002,0.9,58045.491302091796,15.909341,38.462848,79.85,6.95,3925.0004550361245,False,0,True,1,True,2
ECPSJ,MXLCS,59.0,33,79047.10992369831,1922.6674024998683,13.465048210893451,0.3433837278506221,630.2585079373725,48,587,79047.10992369831,0.140987399326313,0.8194391689016152,0.9393899494907003,0.9152542372881356,59284.95076673387,-80.240917,-2.705467,-102.166667,17.883333,1791.9526654128836,False,0,False,0,False,0
CAHFX,USNYK,212.0,81,78916.92899574396,663.2559231271304,10.740928231396875,0.2543212308549461,627.0580116684681,187,588,78916.92899574396,0.13660300972879746,0.8185175886722149,0.9390805965490212,0.7783018867924528,50274.328209703315,-63.57595,44.655955,-74.049568,40.663452,520.3224500131872,False,0,False,0,False,0
COCTA,USPEV,145.0,34,78894.35183084615,1206.1398705220656,12.706533113596914,0.3435256134324977,630.7,142,589,78894.35183084615,0.1415887109560806,0.8195655620738862,0.9394323767242746,0.6551724137931034,42362.8545603912,-75.540962,10.394286,-80.1,26.083333,976.9052433050149,False,0,False,0,False,0
BEANT,PTSNS,94.0,43,78893.14446975655,1249.0346352130562,14.939999746873093,0.37094552594817776,630.6131756534613,92,590,78893.14446975655,0.14147052281458572,0.8195407194242701,0.9394240376274791,0.5106382978723404,33015.90351134663,4.4,51.2167,-8.866667,37.95,974.6627028062877,False,0,False,0,False,0
CNNSA,CNWGQ,281.0,146,78561.78697323421,968.3084438466516,13.753244541132224,0.37432463110242287,630.5230428606162,225,593,78561.78697323421,0.1413477966741301,0.8195149229063835,0.9394153783394011,0.7046263345195729,45365.64500128838,113.682083,22.64515,121.617967,31.353633,673.0110683632488,False,0,False,0,False,0
CLSAN,MXMAN,29.0,17,78415.12285228648,3690.990872118821,16.12723479816864,0.36581223856820677,630.4600511045875,28,594,78415.12285228648,0.14126200533808808,0.8194968899288408,0.939409325090349,0.5517241379310345,35454.31685563407,-71.616667,-33.5833,-104.293756,19.073908,3673.6396177785273,False,0,False,0,False,0
KRBUS,KRINC,777.0,104,78186.9996874674,452.56169946074607,13.345825078700654,0.44401764015697154,630.6294481434719,688,595,78186.9996874674,0.14149267593855164,0.8195453759176342,0.9394256007034589,0.5791505791505791,37110.691535176105,129.052391,35.112607,126.607819,37.439929,183.085761455853,False,0,False,0,False,0
MYPKE,TRBAM,24.0,13,78173.37036260038,12077.346278966772,13.990815238506089,0.30330740063125305,630.6999999999999,15,596,78173.37036260038,0.1415887109560805,0.8195655620738862,0.9394323767242746,0.5833333333333334,37373.117961920216,101.34485,3.00525,28.678178,40.961688,4502.243869659696,False,0,True,1,True,2
CNNBO,MYTPP,56.0,37,77397.33978465472,2204.3535023891413,14.93950115158408,0.42351543693736454,630.7000000000002,49,597,77397.33978465472,0.14158871095608083,0.8195655620738862,0.9394323767242746,0.7678571428571429,48706.86346779047,121.683333,29.966667,103.549576,1.327854,2006.635502964862,False,0,False,0,False,0
ESVAL,ITGIT,124.0,70,77241.12242385604,791.9826150210824,13.969582585497115,0.3078422558442163,630.3779655698659,123,598,77241.12242385604,0.1411501835877611,0.8194733854678374,0.9394014351921914,0.3790322580645161,23991.621550246862,-0.316667,39.45,15.909341,38.462848,758.8599516997801,False,0,False,0,False,0
GBSOU,USNFK,40.0,12,77237.43814907524,3581.2491438654583,14.289456881574989,0.28690625894580396,630.7,31,599,77237.43814907524,0.1415887109560806,0.8195655620738862,0.9394323767242746,0.55,34815.629425386636,-1.4,50.9,-76.316667,36.85,3203.9535939376215,False,0,False,0,False,0
CNNSA,HKHKG,5217.0,543,77030.93967488338,90.74006270379002,7.7501041110937265,0.22044564900367636,630.5490498246955,4955,601,77030.93967488338,0.14138321174138746,0.8195223670043773,0.9394178771490967,0.8033352501437608,50713.41201084518,113.682083,22.64515,114.181938,22.298785,34.66360642657915,False,0,False,0,False,0
DEBHN,DEHAM,1120.0,190,76982.39607337341,147.5389471613136,10.76558132872681,0.24465657756404197,630.668924625664,1008,602,76982.39607337341,0.14154641387896183,0.8195566714064016,0.9394293923350135,0.49107142857142855,30982.401746009586,8.548651,53.563407,9.903145,53.539287,48.335995788315486,False,0,False,0,False,0
USHOU,USNOL,262.0,76,76971.11384405395,485.9253667757611,12.154270367506633,0.25774438662738186,630.7,217,603,76971.11384405395,0.1415887109560806,0.8195655620738862,0.9394323767242746,0.42366412213740456,26725.950511821076,-94.97475,29.6069,-90.061119,29.923919,256.78016514550023,False,0,False,0,False,0
CNYTN,USOAK,12.0,12,76875.33130380843,6407.373011229532,16.915557438481994,0.5981234992240874,628.5408393688112,10,604,76875.33130380843,0.13863990040220653,0.8189457345137996,0.9392243151004143,0.8333333333333334,52463.937217157574,114.263091,22.566543,-122.320518,37.814824,5978.987835281389,False,0,False,0,True,1
BRSAL,COCTA,36.0,11,76763.35099245458,3441.3744438414074,13.985311520905828,0.3328532198950767,630.7,36,605,76763.35099245458,0.1415887109560806,0.8195655620738862,0.9394323767242746,0.6666666666666666,41941.732601870695,-38.516667,-12.966667,-75.540962,10.394286,2614.7750730641496,False,0,False,0,False,0
PACRI,PTSNS,27.0,18,76451.74795000571,4307.413589716787,15.970327131842161,0.43657100871944093,630.6999999999999,26,606,76451.74795000571,0.1415887109560805,0.8195655620738862,0.9394323767242746,1.0,62657.219780177504,-79.916667,9.35,-8.866667,37.95,4164.076454500855,False,0,False,0,False,0
AEKHA,INMUN,186.0,74,76429.23761694212,1021.9534129337214,12.560974501361548,0.2786663395559243,630.6161382982809,136,607,76429.23761694212,0.14147455619995852,0.8195415672248897,0.9394243222143303,0.3333333333333333,20878.97905946408,54.659214,24.802318,69.7,22.766667,834.8956517095829,False,0,False,0,False,0
CAVCR,KRGWA,22.0,12,76378.33276382525,4892.371542321947,15.54317734135513,0.3956315806495468,630.7000000000002,22,608,76378.33276382525,0.14158871095608083,0.8195655620738862,0.9394323767242746,0.8636363636363636,54061.08969159838,-123.116667,49.283333,127.728767,34.866497,4507.102662639002,False,0,False,0,False,0
CNYSN,JPYOK,138.0,54,76293.07945232285,1070.2091297206414,10.962241679286981,0.24921390425836434,630.2979022930253,120,609,76293.07945232285,0.14104108861796072,0.8194504541646175,0.9393937376897047,0.5942028985507246,37148.613664923934,122.066667,30.633333,139.679832,35.450183,930.9016344054592,False,0,False,0,False,0
CNNBO,IDJAK,97.0,29,76154.30509808067,2494.257977418813,15.484791660974908,0.5231841148620772,630.651160661574,78,610,76154.30509808067,0.14152223325482594,0.8195515887410403,0.9394276862030557,0.6701030927835051,41822.730027001286,121.683333,29.966667,106.788826,-6.09208,2328.8411468567456,False,0,False,0,False,0
USLSA,VNHPG,15.0,9,75926.96897103105,7209.971412763058,16.16611683638612,0.4375373658295819,630.7000000000002,14,613,75926.96897103105,0.14158871095608083,0.8195655620738862,0.9394323767242746,0.9333333333333333,58078.653734555606,-118.244,33.738045,106.828308,20.81389,6639.58739232295,False,0,False,0,True,1
BEANT,PAMIT,34.0,12,75571.39014240107,4880.267211281414,16.668850622679447,0.4285693153347934,630.7,31,614,75571.39014240107,0.1415887109560806,0.8195655620738862,0.9394323767242746,0.47058823529411764,29146.215924123237,4.4,51.2167,-79.88466,9.361132,4751.839966328871,False,0,False,0,False,0
COBUE,PABAL,314.0,114,75549.51251188325,379.5343065905981,11.902308360416079,0.25812176300098505,629.6654443461895,262,615,75549.51251188325,0.1401783203107796,0.8192691038998277,0.9393328626447576,0.5286624203821656,32721.76214969039,-77.083333,3.883333,-79.57037,8.954178,338.6695365478126,False,0,False,0,False,0
PABAL,USOAK,43.0,15,75451.62980451145,3344.23015950194,14.960520501531303,0.2805313424483081,630.7000000000002,17,616,75451.62980451145,0.14158871095608083,0.8195655620738862,0.9394323767242746,0.37209302325581395,23009.32368004659,-79.57037,8.954178,-122.320518,37.814824,2885.005977297781,False,0,False,0,False,0
CNTJN,MYTPP,28.0,18,74992.86708780138,2905.4380846164077,17.293372627757314,0.49615071603662986,629.8616795288466,26,617,74992.86708780138,0.14044620018004317,0.8193254111202233,0.9393517636625003,1.0,61443.56165779713,117.8143,38.97075,103.549576,1.327854,2391.8431272731536,False,0,False,0,False,0
KRBUS,VNHPG,179.0,47,74903.24986228684,1711.716756628706,13.517931710545374,0.43586358141681153,630.0982942676991,164,618,74903.24986228684,0.14076898013314632,0.8193932581070411,0.9393745383100964,0.5307262569832403,32573.43969278869,129.052391,35.112607,106.828308,20.81389,1452.1612890339195,False,0,False,0,False,0
ESVAL,GRPIR,110.0,49,74434.23289149934,1286.9936246442867,14.284719221075104,0.3220557939843903,630.600275193316,87,619,74434.23289149934,0.14145295950905012,0.819537027691411,0.9394227983990501,0.7363636363636363,44919.36735066873,-0.316667,39.45,23.65,37.933333,1123.5152167792182,False,0,False,0,False,0
CNYTN,VNHPG,248.0,98,74017.00729014583,626.6401569890363,12.831346651045923,0.2937783552390308,630.6816700583644,226,620,74017.00729014583,0.1415637623495576,0.8195603179818612,0.939430616405159,0.5685483870967742,34488.94228362762,114.263091,22.566543,106.828308,20.81389,427.8602022919872,False,0,False,0,False,0
MYPEN,MYPKE,915.0,127,73847.52873644364,224.41858373766289,12.073529525531997,0.2978693946182377,630.3526032746366,706,622,73847.52873644364,0.14111562768605102,0.8194661219628234,0.939398997003338,0.5519125683060109,33399.29151371231,100.35,5.416667,101.34485,3.00525,156.5568598311073,False,0,False,0,False,0
GTPQL,MXLCS,226.0,63,73606.14306202422,789.6753897195015,13.274486259285089,0.36921600958671164,629.6961248208937,123,623,73606.14306202422,0.14022021311629962,0.8192779095911247,0.9393358185094988,0.6814159292035398,41092.0292089458,-90.783333,13.916667,-102.166667,17.883333,698.8977298736104,False,0,False,0,False,0
BRRDJ,LKCOL,12.0,12,73432.0945835954,7905.811417401737,15.29506484726772,0.43432869974086863,627.8199185853935,7,624,73432.0945835954,0.1376508072252871,0.8187378312933833,0.9391545268489212,0.6666666666666666,40081.089244468996,-43.1667,-22.916667,79.85,6.95,7387.716847899808,False,0,False,0,True,1
TWKAO,TWKEE,731.0,108,73223.0900317245,284.6402710176923,12.367527140737305,0.32278429880946913,630.3471867100737,701,625,73223.0900317245,0.14110824730464733,0.8194645706377334,0.9393984762597664,0.521203830369357,31274.172887561414,120.260382,22.620829,121.7559,25.15113,172.6807055373103,False,0,False,0,False,0
THBKK,THLCB,5055.0,231,73039.83256125195,55.41102933797495,8.062125697700905,0.22725451776343883,630.0522736194984,4079,626,73039.83256125195,0.14070621967636499,0.819380066123329,0.9393701100695182,0.8502472799208705,50885.0744647156,100.574341,13.69736,100.886078,13.056152,42.58748347103936,False,0,False,0,False,0
INNSA,USCHA,10.0,9,72702.60416066789,11530.709258800664,16.934402403127958,0.375902642148243,630.6999999999999,7,627,72702.60416066789,0.1415887109560805,0.8195655620738862,0.9394323767242746,0.5,29792.27532158652,72.9428,18.953883,-79.938165,32.87698,7327.943918417471,False,0,True,1,True,2
COCTA,DEHAM,35.0,12,72598.05502877667,5037.65641985001,16.081313705453283,0.3810249562036643,630.7000000000004,35,628,72598.05502877667,0.14158871095608105,0.8195655620738863,0.9394323767242746,0.4,23799.546310052112,-75.540962,10.394286,9.903145,53.539287,4740.650118143137,False,0,False,0,True,1
BEZEE,MYPKE,6.0,6,72524.40792612397,11695.07094645997,16.198407148949464,0.5819099287514825,607.327626311076,6,629,72524.40792612397,0.1085536429678362,0.812621729903472,0.9371014945721672,0.8333333333333334,49112.42485762662,3.2,51.333333,101.34485,3.00525,5566.971249338439,False,0,True,1,True,2
CAHFX,ESVAL,53.0,16,72471.31132357586,3269.3566330296085,15.265262107218037,0.30296265582971943,630.7000000000002,51,630,72471.31132357586,0.14158871095608083,0.8195655620738862,0.9394323767242746,0.6226415094339622,36981.786848519914,-63.57595,44.655955,-0.316667,39.45,2766.2291751732882,False,0,False,0,False,0
MYPKE,NZTAU,30.0,8,72378.4643352614,5343.680778194887,15.717820092265843,0.3288902581704098,630.7,24,631,72378.4643352614,0.1415887109560806,0.8195655620738862,0.9394323767242746,0.5,29659.448402486614,101.34485,3.00525,176.183333,-37.716667,4800.144327563495,False,0,False,0,True,1
PHMAN,TWKAO,329.0,72,72331.45635317039,577.2347282729536,12.621410673734617,0.3407675213807059,630.3577457574459,181,632,72331.45635317039,0.1411226344978963,0.8194675947651655,0.9393994913886583,0.7021276595744681,41617.41256592776,120.94162,14.596732,120.260382,22.620829,483.3240197341763,False,0,False,0,False,0
HKHKG,VNCMP,110.0,54,72324.87198274684,992.6990632965218,13.69605566589095,0.27412881635912095,630.57401978422,105,633,72324.87198274684,0.1414172119154783,0.8195295136977861,0.9394202761270248,0.6,35563.42029856509,114.181938,22.298785,107.012844,10.522075,818.3352294082821,False,0,False,0,False,0
INMUN,SGSGP,46.0,37,71946.85415402724,2900.2083298328116,14.051454842557481,0.4399144196555188,628.0100643822174,44,635,71946.85415402724,0.1379119050702109,0.8187927129608238,0.9391729493418582,0.6739130434782609,39699.92080336854,69.7,22.766667,103.802776,1.248823,2370.7985536586352,False,0,False,0,False,0
DEWVN,MATAN,34.0,19,71770.84475512306,1711.048208493289,15.543032516450351,0.6183665093240055,630.7000000000002,33,636,71770.84475512306,0.14158871095608083,0.8195655620738862,0.9394323767242746,0.9705882352941176,57090.885877478,8.170278,53.541667,-5.797516,35.789733,1216.401848270777,False,0,False,0,False,0
BRSUA,COCTA,36.0,15,71623.28156857345,3074.494963671781,16.54328072074938,0.3849907222836724,630.7000000000002,32,637,71623.28156857345,0.14158871095608083,0.8195655620738862,0.9394323767242746,0.5555555555555556,32611.09723129118,-34.9681,-8.3911,-75.540962,10.394286,2674.0705285396593,False,0,False,0,False,0
CNXIA,VNHPG,248.0,83,71573.66476426572,869.3641601490193,12.949137245382051,0.3097623122377779,630.6999999999999,197,638,71573.66476426572,0.1415887109560805,0.8195655620738862,0.9394323767242746,0.7459677419354839,43757.95361515914,118.042517,24.44535,106.828308,20.81389,658.3185099807771,False,0,False,0,False,0
CRPMN,USPHI,105.0,11,71527.20635434671,2057.452021306539,16.41262134547876,0.4668249504635223,630.7,62,639,71527.20635434671,0.1415887109560806,0.8195655620738862,0.9394323767242746,0.9142857142857143,53596.55778685714,-83.090115,10.006213,-75.1333,39.95,1847.313391988218,False,0,False,0,False,0
INENR,LKCOL,193.0,55,71194.16650161408,720.3744050778481,10.59390194406972,0.24417700126979613,630.7000000000003,163,641,71194.16650161408,0.14158871095608094,0.8195655620738862,0.9394323767242746,0.44041450777202074,25697.432136002903,80.340271,13.261667,79.85,6.95,380.0606089339528,False,0,False,0,False,0
CNDCB,CNNBO,164.0,73,71191.27832901446,803.3702724822042,15.352715966723299,0.3238112289538398,630.6646639796162,159,642,71191.27832901446,0.14154061433589582,0.8195554523668729,0.939428983131938,0.6097560975609756,35576.34165579963,113.852567,22.533467,121.683333,29.966667,613.5974123242906,False,0,False,0,False,0
CNQIN,MXLCS,16.0,15,71164.43923002688,7342.216339331415,17.057554016358438,0.5132917304448679,630.7000000000002,11,643,71164.43923002688,0.14158871095608083,0.8195655620738862,0.9394323767242746,0.75,43742.942727922426,120.2667,36.0333,-102.166667,17.883333,6772.035189158694,False,0,False,0,True,1
AEJAL,ESBAR,9.0,6,71152.67670381091,10795.21535387884,17.321658141568975,0.3727527070319898,630.7,8,644,71152.67670381091,0.1415887109560806,0.8195655620738862,0.9394323767242746,0.4444444444444444,25917.459322586797,55.0606,25.0136,2.166667,41.35,2785.233919720894,False,0,True,1,True,2
AEJAL,ZAPLZ,41.0,25,71090.41931244082,4635.604428109194,15.255785091551264,0.41570465249859284,630.7000000000002,31,645,71090.41931244082,0.14158871095608083,0.8195655620738862,0.9394323767242746,0.7317073170731707,42631.65326478206,55.0606,25.0136,25.6372,-33.9618,3918.4067572357985,False,0,False,0,False,0
JPTOK,KRBUS,354.0,73,70930.45363342765,782.6639151408558,12.94174448356851,0.35781463983884554,630.7,327,646,70930.45363342765,0.1415887109560806,0.8195655620738862,0.9394323767242746,0.4830508474576271,28080.787751808843,139.75,35.6667,129.052391,35.112607,524.4106308054683,False,0,False,0,False,0
EGPSA,ESALG,72.0,40,70823.27803139813,2001.8065698040482,16.04457670038601,0.41113698136688903,630.7,70,647,70823.27803139813,0.1415887109560806,0.8195655620738862,0.9394323767242746,0.5972222222222222,34665.35757933154,32.319633,31.269083,-5.433333,36.116667,1896.2882812937746,False,0,False,0,False,0
INVIS,MYPKE,153.0,49,70671.56496362516,1413.9143292099402,14.99285015592623,0.3776370909917542,630.4535163463773,97,648,70671.56496362516,0.14125310437233007,0.8194950189833232,0.9394086970576708,0.7058823529411765,40881.173273962704,83.301433,17.687283,101.34485,3.00525,1380.4583202315544,False,0,False,0,False,0
JPNAG,JPTOK,923.0,205,70582.80124177154,229.1199780100457,12.101592793956856,0.29236318694369184,630.6308445690031,800,649,70582.80124177154,0.14149457695807255,0.8195457755039317,0.939425734835239,0.6023835319609967,34845.37934885775,136.866667,35.066667,139.75,35.6667,145.68846140761315,False,0,False,0,False,0
HKHKG,JPTOK,141.0,27,70514.3997960851,1636.3231975010724,16.17106124337905,0.5743242688044649,630.6999999999999,138,650,70514.3997960851,0.1415887109560805,0.8195655620738862,0.9394323767242746,0.9432624113475178,54512.241861865965,114.181938,22.298785,139.75,35.6667,1557.099562699426,False,0,False,0,False,0
AEKHA,INNSA,131.0,69,70243.79616830472,1248.18666197301,14.11157567341554,0.34523012557901117,629.7502091449239,97,652,70243.79616830472,0.14029405288310426,0.8192934303991453,0.9393410284819627,0.3969465648854962,22844.38624277414,54.659214,24.802318,72.9428,18.953883,1076.3195550939292,False,0,False,0,False,0
AEKHA,ESVAL,8.0,8,70030.5678448633,11250.722165732503,16.5143955074969,0.366738472407793,630.7,7,653,70030.5678448633,0.1415887109560806,0.8195655620738862,0.9394323767242746,0.875,50220.31148586271,54.659214,24.802318,-0.316667,39.45,2883.298883207565,False,0,True,1,True,2
JPNAG,JPYOK,1489.0,256,69890.5861786882,211.2256200481827,11.80589340611961,0.3328822104896677,630.5840636247196,1285,654,69890.5861786882,0.14143088728261277,0.8195323882023667,0.9394212410310229,0.5983881799865681,34274.238221934414,136.866667,35.066667,139.679832,35.450183,139.8232666334002,False,0,False,0,False,0
ESVAL,USSAV,40.0,12,69804.19587224281,4220.515392131223,15.622018860935446,0.3077693903906388,630.7000000000002,33,655,69804.19587224281,0.14158871095608083,0.8195655620738862,0.9394323767242746,0.675,38616.15264197647,-0.316667,39.45,-81.0833,32.0833,3826.8666125682544,False,0,False,0,False,0
BRSUA,ESVAL,27.0,10,69728.00889782194,3597.473796819701,15.68046234050462,0.4340010502497383,630.7000000000003,22,656,69728.00889782194,0.14158871095608094,0.8195655620738862,0.9394323767242746,1.0,57146.67480463638,-34.9681,-8.3911,-0.316667,39.45,3458.884181629379,False,0,False,0,False,0
BRSAL,BRSTS,134.0,42,69687.4385491226,988.089048023592,15.2362334724778,0.4103841816636303,630.7000000000002,87,657,69687.4385491226,0.14158871095608083,0.8195655620738862,0.9394323767242746,0.8805970149253731,50293.91134173228,-38.516667,-12.966667,-46.306133,-23.95,794.2494652295359,False,0,False,0,False,0
KEMOM,OMSAL,112.0,15,69592.98428884211,1842.1208870727512,14.728986638899896,0.42053222566190107,630.7000000000002,111,658,69592.98428884211,0.14158871095608083,0.8195655620738862,0.9394323767242746,0.875,49906.51162444851,39.647169,-4.053188,54.002781,16.946141,1521.37159352691,False,0,False,0,False,0
CNBYQ,CNFUN,176.0,40,69270.33336092644,1077.6919112089838,11.352782654983134,0.35330666435919944,630.6529638749373,136,659,69270.33336092644,0.14152468788307604,0.8195521046935612,0.939427859396257,0.9829545454545454,55802.966007315525,122.0684,40.268517,119.308128,25.393912,903.7333564270797,False,0,False,0,False,0
NZAKL,USLSA,30.0,11,69219.91845766916,5741.697698804037,14.810714139343244,0.31869385749868423,630.7000000000003,24,661,69219.91845766916,0.14158871095608094,0.8195655620738862,0.9394323767242746,0.6333333333333333,35929.165539063186,174.769478,-36.840752,-118.244,33.738045,5654.395343096169,False,0,False,0,True,1
BEANT,GBSOU,356.0,94,69059.89213565098,310.8271644627778,9.84290949728207,0.24705050461868994,620.240549041897,300,662,69059.89213565098,0.1271128583316331,0.8165227988144438,0.9384109922206656,0.3792134831460674,21383.460156397246,4.4,51.2167,-1.4,50.9,219.6419675276978,False,0,False,0,False,0
CNXIA,JPYOK,85.0,41,68818.91985987891,1388.8322322102822,15.065427965928212,0.320525505737716,630.3195417764257,81,664,68818.91985987891,0.1410705775134693,0.8194566526062668,0.9393958183616818,0.4,22557.648681742125,118.042517,24.44535,139.679832,35.450183,1300.7998990597898,False,0,False,0,False,0
CNSHE,CNYSN,99.0,73,68668.02507403617,881.9494632138557,13.461595559040486,0.3445137820190303,630.0974170201666,91,665,68668.02507403617,0.14076778387639044,0.8193930066589088,0.9393744539048359,0.8585858585858586,48309.277371446726,113.8943,22.467416,122.066667,30.633333,657.5715709936754,False,0,False,0,False,0
CNNSA,CNYTN,1744.0,265,68379.22925405156,138.26242654624653,8.953319642693211,0.237661615153564,630.3168847203921,1435,666,68379.22925405156,0.14106695675752923,0.8194558915386162,0.939395562889061,0.8686926605504587,48676.11802793572,113.682083,22.64515,114.263091,22.566543,32.547862369121894,False,0,False,0,False,0
BRSTS,CNYTN,11.0,10,68152.84946034416,10525.695876588154,16.29672548072994,0.40868084428316487,630.0846487339732,7,667,68152.84946034416,0.14075037205265506,0.8193893467668861,0.9393732253646314,1.0,55843.718799613336,-46.306133,-23.95,114.263091,22.566543,9733.090352876034,False,0,True,1,True,2
JPTOK,TWTAP,166.0,35,67982.87494347792,1187.3371864713918,15.863917738773113,0.4982234338223465,630.4769025761688,160,668,67982.87494347792,0.14128495780288686,0.8195017144402817,0.93941094456607,0.9096385542168675,50677.85824025707,139.75,35.6667,121.37318,25.14978,1138.8705579122525,False,0,False,0,False,0
ESALG,USSAV,38.0,11,67969.20010659118,3900.653137694758,13.907821080635475,0.28744837363873915,630.7000000000002,35,669,67969.20010659118,0.14158871095608083,0.8195655620738862,0.9394323767242746,0.47368421052631576,26386.68111587566,-5.433333,36.116667,-81.0833,32.0833,3670.7052192550564,False,0,False,0,False,0
CNYTN,LKCOL,28.0,22,67916.40027215704,3160.8193539061567,12.896788106602008,0.34477680163102853,630.5749698153071,27,670,67916.40027215704,0.14141850546561674,0.8195297855965777,0.9394203673970938,0.7857142857142857,43732.4744634896,114.263091,22.566543,79.85,6.95,2198.406780262182,False,0,False,0,False,0
BEANT,DOCUC,43.0,18,67906.32966751757,4233.963301858872,15.705525622269061,0.4670109657444463,630.7,41,671,67906.32966751757,0.1415887109560806,0.8195655620738862,0.9394323767242746,0.8372093023255814,46593.78634241887,4.4,51.2167,-69.629288,18.426403,3950.7315097498968,False,0,False,0,False,0
AEJAL,PKQAS,202.0,69,67855.67254595825,841.6639827616057,14.848200272415163,0.350914996260149,630.5666144799061,167,672,67855.67254595825,0.14140712881453632,0.8195273942724312,0.9394195646854734,0.30198019801980197,16792.99273762249,55.0606,25.0136,67.343788,24.775279,668.8888826887302,False,0,False,0,False,0
GTPQL,MXMAN,152.0,57,67784.61727467904,894.6083580900196,14.240164409380155,0.39351458086250407,630.4412830703764,91,673,67784.61727467904,0.14123644098420607,0.8194915164093141,0.9394075213254464,0.8223684210526315,45681.67664445042,-90.783333,13.916667,-104.293756,19.073908,836.7121719067827,False,0,False,0,False,0
CLSAN,NZTAU,17.0,10,67536.04643809084,5662.154724835486,17.748287575448405,0.4352528592590392,630.7,17,675,67536.04643809084,0.1415887109560806,0.8195655620738862,0.9394323767242746,0.47058823529411764,26047.161345544468,-71.616667,-33.5833,176.183333,-37.716667,5095.711728480132,False,0,False,0,True,1
AEJAL,CNMWN,44.0,21,67433.58090541448,5062.928322982809,14.90884036693517,0.5462190820800226,628.8452877148637,23,676,67433.58090541448,0.1390569181692174,0.8190333898922366,0.9392537389620689,0.8863636363636364,48954.177729541516,55.0606,25.0136,113.862187,22.508158,3209.147987748983,False,0,False,0,True,1
CNNBO,CNQIZ,198.0,36,67379.30970044502,1155.8918789677562,11.524405362262375,0.32648638200005115,630.4884646972588,76,677,67379.30970044502,0.14130070522390348,0.8195050244818622,0.9394120556696585,0.6515151515151515,35975.15700548893,121.683333,29.966667,108.6,21.683333,863.3663965097135,False,0,False,0,False,0
HKHKG,KRINC,186.0,28,67287.64447509492,1234.5067916181913,14.89221343576663,0.48939203639896767,630.6999999999999,178,678,67287.64447509492,0.1415887109560805,0.8195655620738862,0.9394323767242746,0.7688172043010753,42397.68264287546,114.181938,22.298785,126.607819,37.439929,1113.4184906417715,False,0,False,0,False,0
BEANT,CAHFX,43.0,11,67074.47150307767,2968.355315785979,14.67253443903437,0.27599330122183324,630.7,42,679,67074.47150307767,0.1415887109560806,0.8195655620738862,0.9394323767242746,0.32558139534883723,17897.83667756284,4.4,51.2167,-63.57595,44.655955,2663.34953554528,False,0,False,0,False,0
CNWGQ,KRGWA,493.0,116,67038.76855831686,463.3097108532455,11.213138366980834,0.2903643942380867,630.6585013827921,406,680,67038.76855831686,0.14153222574036894,0.81955368911942,0.9394283912509828,0.6977687626774848,38336.720709089444,121.617967,31.353633,127.728767,34.866497,372.6071444432694,False,0,False,0,False,0
MYPKE,TZDRS,63.0,29,66563.76853491574,3934.472337715944,14.173807563859588,0.35402660583935225,630.5029086810972,32,682,66563.76853491574,0.14132037688372456,0.8195091593819133,0.9394134436589551,0.5238095238095238,28573.609427178646,101.34485,3.00525,39.293118,-6.823008,3765.1682874272783,False,0,False,0,False,0
PAMIT,TWKAO,11.0,10,66519.33865960756,9943.411132992911,16.076051937493588,0.36685493328790947,630.6999999999999,11,683,66519.33865960756,0.1415887109560805,0.8195655620738862,0.9394323767242746,0.8181818181818182,44604.78478146365,-79.88466,9.361132,120.260382,22.620829,8550.93083637512,False,0,True,1,True,1
BRIJI,BRSTS,284.0,130,66405.7710727765,341.2664236660168,8.721404795562544,0.24211513586510713,626.9932597758091,116,684,66405.7710727765,0.13651384355617202,0.8184988463182349,0.9390743051788802,0.7852112676056338,42678.62494247431,-48.6646,-26.899129,-46.306133,-23.95,218.40774294684752,False,0,False,0,False,0
AEKFA,CNNSA,30.0,13,66357.66010925587,4820.408894042412,15.018273696010812,0.3532207099541669,630.4839595228148,24,686,66357.66010925587,0.14129456931820827,0.8195037347403253,0.9394116227335714,0.8,43504.28023053144,56.364756,25.359318,113.682083,22.64515,3123.9537019877425,False,0,False,0,False,0
CNNSA,SAJED,47.0,30,66318.45568765495,5919.006258983725,13.672441332570246,0.4626311138616953,630.5734220028709,42,687,66318.45568765495,0.1414163979820654,0.8195293426124105,0.9394202186976632,0.7021276595744681,38160.582403437154,113.682083,22.64515,39.1667,21.466667,4099.056162170215,False,0,False,0,True,1
ECPSJ,PECAL,134.0,29,66314.12615146741,701.416943351918,14.474046448968835,0.39859805807613263,628.6235825375396,115,688,66314.12615146741,0.13875327773331014,0.8189695659513312,0.9392323147569495,0.9925373134328358,53903.958191972444,-80.240917,-2.705467,-77.15,-12.05,590.3983554290944,False,0,False,0,False,0
INNSA,PKQAS,180.0,76,66296.8041093911,574.0554190811217,12.058055952094547,0.2514827210608648,630.6999999999999,157,689,66296.8041093911,0.1415887109560805,0.8195655620738862,0.9394323767242746,0.6333333333333333,34411.89909828978,72.9428,18.953883,67.343788,24.775279,468.36285087663236,False,0,False,0,False,0
ECPSJ,PABAL,175.0,36,66176.64986843195,782.768250321815,14.86387323153462,0.366229288591067,629.150385756892,109,690,66176.64986843195,0.13947442097063156,0.8191211472228628,0.9392831970466903,0.49142857142857144,26638.71787957274,-80.240917,-2.705467,-79.57037,8.954178,701.1997299003849,False,0,False,0,False,0
KRPYT,PHDAV,95.0,28,66027.14081673637,2004.5519088993995,15.70291695398691,0.43119876670722224,630.6999999999999,92,691,66027.14081673637,0.1415887109560805,0.8195655620738862,0.9394323767242746,0.7263157894736842,39303.54087912013,126.799736,36.993778,125.627031,7.073807,1797.5535037416848,False,0,False,0,False,0
USNFK,VNCMP,6.0,6,65822.05053909635,13089.350022247221,17.123674366511988,0.620007110253214,627.9570450259345,6,692,65822.05053909635,0.13783911767780188,0.8187774133574692,0.9391678136226302,1.0,53893.608282285924,-76.316667,36.85,107.012844,10.522075,7956.837780269896,False,0,True,1,True,2
CNDCB,MYPKE,74.0,26,65788.22617121245,1687.1627166386036,14.131989969367671,0.28014421215659047,630.6641885996404,41,693,65788.22617121245,0.14153996724920637,0.8195553163519758,0.9394289374749163,0.581081081081081,31330.20124344978,113.852567,22.533467,101.34485,3.00525,1380.2171788369726,False,0,False,0,False,0
GBSOU,USCHA,26.0,9,65748.65224664779,3741.1517289265034,13.9843136152478,0.2793289314396442,630.6999999999998,14,694,65748.65224664779,0.1415887109560804,0.8195655620738861,0.9394323767242746,0.7307692307692307,39377.74198262934,-1.4,50.9,-79.938165,32.87698,3496.1212111934187,False,0,False,0,False,0
ESVAL,MYPKE,7.0,7,65725.08474122628,11067.646339278112,16.751485128487236,0.4433371805633201,619.1527753612103,6,695,65725.08474122628,0.1255793052301991,0.8162004524107807,0.9383027880675907,1.0,53644.84390052579,-0.316667,39.45,101.34485,3.00525,5826.2941629292245,False,0,True,1,True,2
CNDAL,CNYSN,91.0,53,65722.59940594563,649.0762714974627,14.13318985270061,0.49089194812020037,630.6334779772258,83,696,65722.59940594563,0.14149816191719577,0.8195465290472421,0.9394259877821146,0.8461538461538461,45576.15465031968,121.737442,38.978628,122.066667,30.633333,501.3170171739997,False,0,False,0,False,0
ECGYL,USSDI,49.0,3,65653.5219516959,3128.9034452367273,16.613531010668517,0.6371878102531111,630.7000000000002,48,697,65653.5219516959,0.14158871095608083,0.8195655620738862,0.9394323767242746,1.0,53807.36562047188,-79.930086,-2.257278,-117.166667,32.7,2977.801433972702,False,0,False,0,False,0
PHDAV,PHMAN,288.0,62,65571.46575146099,878.0426343345786,12.40907353762656,0.38192234468134423,630.7000000000002,237,698,65571.46575146099,0.14158871095608083,0.8195655620738862,0.9394323767242746,0.3541666666666667,19032.957461214166,125.627031,7.073807,120.94162,14.596732,529.3699031362524,False,0,False,0,False,0
KRBUS,MYPKE,49.0,24,65121.81103742249,2756.179264775014,14.59692086184098,0.37485236624342655,630.6999999999999,43,700,65121.81103742249,0.1415887109560805,0.8195655620738862,0.9394323767242746,0.5306122448979592,28319.62112897998,129.052391,35.112607,101.34485,3.00525,2468.612237049839,False,0,False,0,False,0
ESBAR,FRFOS,304.0,124,64687.06166880308,237.95571067015695,7.702996012872029,0.23929149868047264,626.8385455849623,277,702,64687.06166880308,0.13630072079442968,0.8184540488112414,0.9390592677028947,0.4868421052631579,25775.070244154875,2.166667,41.35,4.871235,43.408352,172.2066821215289,False,0,False,0,False,0
AEJAL,CNSHE,28.0,20,64386.84458950944,5040.588217129012,14.79991426145174,0.38435397362696266,630.7,17,703,64386.84458950944,0.1415887109560806,0.8195655620738862,0.9394323767242746,0.6785714285714286,35807.698894540714,55.0606,25.0136,113.8943,22.467416,3211.509810736979,False,0,False,0,True,1
ESALG,GHTEM,58.0,20,64351.51943261499,3004.9398945149555,14.116524000297073,0.3217543846555385,630.7,28,704,64351.51943261499,0.1415887109560806,0.8195655620738862,0.9394323767242746,0.7931034482758621,41828.50522290667,-5.433333,36.116667,0.016667,5.633333,1854.7296107700367,False,0,False,0,False,0
MYTPP,REREU,39.0,10,64333.22712533545,3520.3101244480695,14.336870305466693,0.3659647829746501,630.7000000000002,38,705,64333.22712533545,0.14158871095608083,0.8195655620738862,0.9394323767242746,0.9230769230769231,48669.5053375408,103.549576,1.327854,55.3,-20.916666,3131.244373056214,False,0,False,0,False,0
MYPKE,OMSOH,36.0,27,64026.178753184715,3158.0314113222967,15.317939441293348,0.4069619015197731,630.7000000000002,25,706,64026.178753184715,0.14158871095608083,0.8195655620738862,0.9394323767242746,0.75,39355.238382972704,101.34485,3.00525,56.625595,24.507768,2889.928616137063,False,0,False,0,False,0
TWKAO,USLSA,10.0,8,63371.15112999374,6198.595183523273,18.32394691045878,0.7667846786606151,625.7491410785632,9,707,63371.15112999374,0.1347970545084186,0.8181379844903178,0.9389531722981559,0.9,46661.71127429197,120.260382,22.620829,-118.244,33.738045,6052.155670588136,False,0,False,0,True,1
GRPIR,MTMAL,173.0,86,63297.57402144336,610.1940419068342,10.780401680175347,0.26923010373071177,630.6999999999999,153,708,63297.57402144336,0.1415887109560805,0.8195655620738862,0.9394323767242746,0.3179190751445087,16492.53266297035,23.65,37.933333,14.539518,35.819159,455.3779520288209,False,0,False,0,False,0
AEJAL,INCOC,121.0,15,63146.76676918254,1687.826319640183,14.994664678435894,0.3965734314022136,630.7,82,709,63146.76676918254,0.1415887109560806,0.8195655620738862,0.9394323767242746,0.5454545454545454,28228.862945636556,55.0606,25.0136,76.25,9.966667,1508.626505237855,False,0,False,0,False,0
AEJAL,IQUMQ,321.0,60,62968.32949962391,511.62168094329996,12.626373710308831,0.2708301222820783,630.6648164727247,194,711,62968.32949962391,0.14154082190913742,0.819555495997894,0.9394289977778519,0.4143302180685358,21381.94202032608,55.0606,25.0136,47.95,30.033333,483.7047026704872,False,0,False,0,False,0
MYPKE,MYTPP,752.0,168,62743.42168760555,202.4343295262745,10.43129176724207,0.25378348154730007,630.5953943955818,522,714,62743.42168760555,0.14144631436941368,0.8195356309110441,0.9394223295325297,0.6781914893617021,34872.92491478384,101.34485,3.00525,103.549576,1.327854,166.25005248822964,False,0,False,0,False,0
SGSGP,SIKOP,8.0,8,62477.080459721124,12612.62669326821,16.088222288161656,0.6249850774930286,630.7,6,717,62477.080459721124,0.1415887109560806,0.8195655620738862,0.9394323767242746,0.625,32002.539727316722,103.802776,1.248823,13.726419,45.550429,5353.3279043581,False,0,True,1,True,2
CNQIN,KRINC,633.0,106,62266.37972760211,351.6997829118636,12.36302363920476,0.3188934967030337,630.6208931261114,336,719,62266.37972760211,0.14148102940869267,0.8195429278661049,0.9394247789497822,0.5971563981042654,30472.87376704879,120.2667,36.0333,126.607819,37.439929,316.5089350126523,False,0,False,0,False,0
MYPKE,TWKAO,67.0,52,62223.13777550947,1848.8044786785372,14.86113404948409,0.4044167879070404,629.1036394396391,50,720,62223.13777550947,0.13941047856241828,0.8191077067979372,0.9392786854102039,0.6268656716417911,31949.745837446655,101.34485,3.00525,120.260382,22.620829,1612.1271225773748,False,0,False,0,False,0
ESVAL,FRLEH,50.0,34,62055.456628755055,1691.680904888739,14.81894750487762,0.32185154332769705,630.6999999999999,42,722,62055.456628755055,0.1415887109560805,0.8195655620738862,0.9394323767242746,0.5,25429.257595848652,-0.316667,39.45,0.094067,49.480233,602.4743705429687,False,0,False,0,False,0
CNXIA,KRINC,240.0,55,61863.10656634427,974.3259927382741,14.247207570057208,0.41834648763141047,630.7,197,724,61863.10656634427,0.1415887109560806,0.8195655620738862,0.9394323767242746,0.7916666666666666,40138.19009954044,118.042517,24.44535,126.607819,37.439929,895.2242949777894,False,0,False,0,False,0
CNWGQ,JPOSK,396.0,73,61862.075710109675,803.2880576976173,14.33957928206083,0.5315598773205679,630.7,390,725,61862.075710109675,0.1415887109560806,0.8195655620738862,0.9394323767242746,0.5252525252525253,26630.317133550445,121.617967,31.353633,135.433333,34.65,722.5610477690506,False,0,False,0,False,0
BSFRE,ZADUR,20.0,10,61673.401050223285,7830.438906828174,15.226617742376543,0.43085671426280925,630.7000000000002,13,726,61673.401050223285,0.14158871095608083,0.8195655620738862,0.9394323767242746,0.5,25272.697798367226,-78.6966,26.5285,31.041098,-29.877639,7143.569422773888,False,0,False,0,True,1
BRSTS,HKHKG,9.0,9,61551.346782059016,10525.442261409626,16.899121228630758,0.4696582264510185,629.257515905657,7,727,61551.346782059016,0.13962092416045013,0.8191519415763931,0.9392935339913727,1.0,50419.90522316552,-46.306133,-23.95,114.181938,22.298785,9726.216211927693,False,0,True,1,True,2
CNNBO,MXLCS,15.0,14,61334.610610243006,7202.486860940132,16.931183155423792,0.47878702987194777,630.7,11,728,61334.610610243006,0.1415887109560806,0.8195655620738862,0.9394323767242746,0.8,40214.187695493405,121.683333,29.966667,-102.166667,17.883333,6975.446068602333,False,0,False,0,True,1
CNWGQ,MYTPP,74.0,37,61261.921390153366,2318.9715806693916,14.373856393443313,0.42186574709766356,630.7,65,729,61261.921390153366,0.1415887109560806,0.8195655620738862,0.9394323767242746,0.8378378378378378,42066.29708576393,121.617967,31.353633,103.549576,1.327854,2073.984656887041,False,0,False,0,False,0
NZAKL,NZLYT,204.0,32,61185.4146206283,696.0196405908314,13.945060367623292,0.33446262709219055,630.7,166,731,61185.4146206283,0.1415887109560806,0.8195655620738862,0.9394323767242746,0.6911764705882353,34659.361177075196,174.769478,-36.840752,172.717953,-43.606624,416.93136491575024,False,0,False,0,False,0
HKHKG,HKHKG,12914.0,382,61167.22265327799,63.14751199660912,3.2643063042486027,0.20782075003893796,630.696478320454,9298,732,61167.22265327799,0.14158391776382007,0.8195645545650586,0.9394320385271111,0.6550255536626917,32836.75038758956,114.181938,22.298785,114.181938,22.298785,0.0,False,0,False,0,False,0
BRPAR,BRRGR,160.0,89,60997.027816520786,551.2832927293654,12.324353680648972,0.31565365549021157,630.1324630591482,85,733,60997.027816520786,0.14081557174244375,0.819403051467104,0.9393778257121561,0.79375,39672.53838660426,-48.515217,-25.502281,-52.083333,-32.05,435.58403456118594,False,0,False,0,False,0
LBBRT,SGSGP,13.0,11,60962.01140728581,9420.872788784958,15.73310804742316,0.3694796341122038,630.2958287970588,13,734,60962.01140728581,0.14103826288477828,0.8194498602074026,0.939393538312151,0.8461538461538461,42269.879152483605,35.516567,33.904758,103.802776,1.248823,4286.20730531037,False,0,True,1,True,1
CIABI,TGLOM,206.0,114,60919.638535704085,424.97207780493915,11.556275974617302,0.2846484751795813,629.8550666058878,137,735,60919.638535704085,0.1404371756228736,0.8193235141963114,0.9393511269094824,0.4320388349514563,21564.307850724013,-4.0267,5.3364,1.286945,6.137824,321.0581166879594,False,0,False,0,False,0
BDCTG,MYTPP,149.0,23,60776.23125905439,1522.6479592538258,14.252757905323413,0.4162358691287085,630.7,91,736,60776.23125905439,0.1415887109560806,0.8195655620738862,0.9394323767242746,1.0,49810.1061325594,91.883333,22.35,103.549576,1.327854,1434.2282037302625,False,0,False,0,False,0
INMUN,USNFK,7.0,7,60551.97722642265,11606.442188219613,16.870607830768847,0.34162729056061386,630.7000000000002,5,737,60551.97722642265,0.14158871095608083,0.8195655620738862,0.9394323767242746,0.42857142857142855,21268.420821539243,69.7,22.766667,-76.316667,36.85,6743.658737072747,False,0,True,1,True,2
GHTEM,ZADUR,40.0,12,60537.19158902987,3527.1120577205124,13.655047114358345,0.3050573822733115,630.7,7,738,60537.19158902987,0.1415887109560806,0.8195655620738862,0.9394323767242746,0.4,19845.67898041512,0.016667,5.633333,31.041098,-29.877639,2781.3886620400203,False,0,False,0,False,0
BRIOA,BRSTS,349.0,113,60524.59919355142,256.7484660213984,9.058025759083213,0.2304143013529514,630.3904102362279,191,739,60524.59919355142,0.14116713831811045,0.8194769492807554,0.9394026314808862,0.6561604584527221,32544.583621541504,-48.601391,-26.181417,-46.306133,-23.95,183.10721165153583,False,0,False,0,False,0
USSEA,VNHCM,25.0,6,60467.35914518262,6750.1051095659595,15.996483218824674,0.6813605530346274,624.8738406848653,25,741,60467.35914518262,0.1335851099053491,0.8178832388386197,0.9388676601373925,1.0,49455.23954167999,-122.333333,47.6,106.710033,10.776988,6437.819993750476,False,0,False,0,True,1
ESLPA,LKCOL,10.0,10,60192.193089307344,8933.525151412086,16.10388655435065,0.35858905796306845,630.7,10,743,60192.193089307344,0.1415887109560806,0.8195655620738862,0.9394323767242746,0.5,24665.72428084903,-15.4167,28.15,79.85,6.95,5483.639027962772,False,0,True,1,True,1
TWKAO,USSAV,6.0,6,60160.713341940515,13674.324946180344,16.823739379344087,0.35698917715482226,630.7,6,744,60160.713341940515,0.1415887109560806,0.8195655620738862,0.9394323767242746,1.0,49305.64884485342,120.260382,22.620829,-81.0833,32.0833,7301.615039028273,False,0,True,1,True,2
FRLEH,NLROT,237.0,135,60140.613152006496,326.1463569435522,9.500658695018359,0.22874778581401714,629.3822780475593,140,745,60140.613152006496,0.13979147668487568,0.8191877909987788,0.939305567804511,0.5569620253164557,27439.54513470113,0.094067,49.480233,4.03038,52.002215,212.7710146337649,False,0,False,0,False,0
MXMAN,USLSA,97.0,29,60108.72492349082,1254.3343140270729,13.541081366572365,0.3515543720710307,630.6999999999999,92,746,60108.72492349082,0.1415887109560805,0.8195655620738862,0.9394323767242746,0.9587628865979382,47231.57532220907,-104.293756,19.073908,-118.244,33.738045,1154.1423709622322,False,0,False,0,False,0
GBLGP,MYTPP,6.0,6,59573.753282424615,12024.982881922055,15.851806747161474,0.3973105138113539,630.6999999999999,4,748,59573.753282424615,0.1415887109560805,0.8195655620738862,0.9394323767242746,0.8333333333333334,40687.163828134464,0.486317,51.502973,103.549576,1.327854,5826.185318173343,False,0,True,1,True,2
AUMEL,CNNBO,19.0,10,59524.952913171146,5105.496517107727,16.05100496976583,0.341916393277651,630.7000000000002,17,750,59524.952913171146,0.14158871095608083,0.8195655620738862,0.9394323767242746,0.9473684210526315,46216.99088687816,144.912243,-37.858862,121.683333,29.966667,4275.909820453133,False,0,False,0,True,1
CNBYQ,CNNBO,323.0,51,59480.712575166996,778.164568351088,10.044301444048418,0.2933411392749658,630.0677879463182,85,751,59480.712575166996,0.14072737829579807,0.8193845135760285,0.9393716029754331,0.9907120743034056,48284.90376773624,122.0684,40.268517,121.683333,29.966667,618.814916305525,False,0,False,0,False,0
COBUE,MXMAN,45.0,34,59271.32831437447,1984.2125398524531,15.857859061611782,0.48357419632111137,630.1383713165318,43,752,59271.32831437447,0.1408236275647411,0.8194047447670254,0.93937839411336,1.0,48567.20764944258,-77.083333,3.883333,-104.293756,19.073908,1837.4626166445453,False,0,False,0,False,0
EGPSA,GBLGP,28.0,7,59265.54606973476,3387.485690122664,15.152095565236246,0.45121817386634333,630.7,24,753,59265.54606973476,0.1415887109560806,0.8195655620738862,0.9394323767242746,0.4642857142857143,22551.28598183406,32.319633,31.269083,0.486317,51.502973,1853.939634865685,False,0,False,0,False,0
ESBAR,ITGOA,264.0,98,59195.370357218875,416.2417000290554,10.511768847352874,0.2614908262972577,630.3079483963417,234,754,59195.370357218875,0.1410547790529143,0.8194533318363901,0.9393947036568551,0.4053030303030303,19660.375951253005,2.166667,41.35,8.923988,44.403373,349.1155665222279,False,0,False,0,False,0
THLCB,USSAV,7.0,7,59138.74769926933,13315.44699460743,16.106533296151664,0.31251967515515106,630.7,6,755,59138.74769926933,0.1415887109560806,0.8195655620738862,0.9394323767242746,0.8571428571428571,41544.069427283495,100.886078,13.056152,-81.0833,32.0833,8094.724227325242,False,0,True,1,True,2
AEKHA,SADMA,212.0,75,59017.69457171534,358.0308872620506,9.559297575606843,0.23817493992191952,630.22667742995,157,756,59017.69457171534,0.14094401365582165,0.8194300494163881,0.9393868882926716,0.6037735849056604,29199.01728564045,54.659214,24.802318,50.206833,26.510212,261.85372029817717,False,0,False,0,False,0
JPKOB,KRBUS,476.0,84,58756.70712465128,511.1030673586396,11.92301360184041,0.3320375598480436,630.6748932785177,452,758,58756.70712465128,0.14155453820974018,0.8195583791065173,0.939429965570026,0.43067226890756305,20738.83001850145,135.237233,34.685033,129.052391,35.112607,305.5902357378643,False,0,False,0,False,0
MYPKE,VNCMP,138.0,74,58556.186808418024,843.6575168889991,13.740415331594662,0.3314718894955702,629.6445951321159,122,759,58556.186808418024,0.14014984931872543,0.819263119417198,0.9393308537938221,0.7463768115942029,35805.87825638837,101.34485,3.00525,107.012844,10.522075,563.6627741746025,False,0,False,0,False,0
COCTA,USNFK,51.0,29,58537.62428008036,1787.9454419011395,12.892469489529386,0.32275101241189,630.5896717059279,49,760,58537.62428008036,0.14143852287438208,0.8195339931716008,0.9394217797816797,0.9019607843137255,43270.28150869653,-75.540962,10.394286,-76.316667,36.85,1588.9701492420277,False,0,False,0,False,0
ESBAR,GRPIR,146.0,37,58388.263378890086,1239.112597547796,12.61492844710084,0.3463625190141055,630.6999999999999,110,761,58388.263378890086,0.1415887109560805,0.8195655620738862,0.9394323767242746,0.4315068493150685,20648.901529878112,2.166667,41.35,23.65,37.933333,1011.4462561394116,False,0,False,0,False,0
AEJAL,CNDCB,28.0,15,58369.860600555796,5045.2772941591065,14.950157579277848,0.3098472979490106,630.5534820128236,14,762,58369.860600555796,0.1413892469965149,0.8195236355895889,0.9394183029834999,0.7857142857142857,37585.02028931963,55.0606,25.0136,113.852567,22.533467,3208.234419631006,False,0,False,0,True,1
DEHAM,LKCOL,5.0,5,58176.04082156385,10849.388921329028,17.82584849381803,0.6929276552654363,626.9307504438151,3,763,58176.04082156385,0.1364277480140612,0.8184807493978578,0.9390682304657132,0.8,38092.775590907164,9.903145,53.539287,79.85,6.95,4356.950340219927,False,0,True,1,True,2
BDCTG,CNWGQ,67.0,23,58111.088985424365,3795.366761587275,13.6101885361762,0.45157924683779616,630.7000000000004,12,764,58111.088985424365,0.14158871095608105,0.8195655620738863,0.9394323767242746,0.8805970149253731,41939.17897189301,91.883333,22.35,121.617967,31.353633,1675.7269747895396,False,0,False,0,False,0
BRRDJ,FRLEH,14.0,12,58049.02544785778,5200.03299983824,16.024935802848628,0.5010152429374227,630.7000000000002,14,765,58049.02544785778,0.14158871095608083,0.8195655620738862,0.9394323767242746,0.9285714285714286,44176.76915694239,-43.1667,-22.916667,0.094067,49.480233,4921.162818046187,False,0,False,0,True,1
CNGLA,CNGLA,48.0,16,57806.97057806268,2164.4601409286815,10.13478337335751,0.3048491897778075,628.7197694455803,25,766,57806.97057806268,0.13888503859609969,0.8189972615298045,0.9392416115152771,0.625,29589.844125479573,113.212217,21.928867,113.212217,21.928867,0.0,False,0,False,0,False,0
VNDAN,VNHCM,468.0,65,57682.78464836405,535.1541439930799,12.864022861783319,0.3711081953580471,629.6018807860232,345,767,57682.78464836405,0.14009151414209253,0.8192508576087368,0.9393267377913335,0.45726495726495725,21608.81955038572,108.230438,16.111792,106.710033,10.776988,332.3712543479376,False,0,False,0,False,0
AUADE,IDJAK,44.0,8,57586.58234935445,3109.281627008416,15.933478868651475,0.31943803309048124,630.6999999999999,43,768,57586.58234935445,0.1415887109560805,0.8195655620738862,0.9394323767242746,0.5681818181818182,26815.897574467508,138.5,-34.783333,106.788826,-6.09208,2458.5790498657266,False,0,False,0,False,0
ESVAL,ITGOA,140.0,78,57239.650828532285,561.0988676667156,10.463140125771355,0.2501310229937031,629.6088799697982,132,770,57239.650828532285,0.14010107350142442,0.819252866945811,0.9393274122788223,0.6071428571428571,28471.204169724573,-0.316667,39.45,8.923988,44.403373,508.2407279713081,False,0,False,0,False,0
JMKIN,PFPAP,36.0,13,57067.02547692227,5173.391723195849,15.727305479669216,0.6338782052276863,630.7,36,772,57067.02547692227,0.1415887109560806,0.8195655620738862,0.9394323767242746,1.0,46770.16881087858,-76.7936,17.997,-149.566667,-17.533333,4796.761762550204,False,0,False,0,True,1
FRFOS,ITSPE,212.0,124,56987.450811726936,296.6736405891153,10.025337094569812,0.2666826527269044,630.0897453631667,204,773,56987.450811726936,0.14075732229549032,0.8193908076786605,0.9393737157585662,0.7641509433962265,35682.02321888376,4.871235,43.408352,9.816667,44.083333,218.2624289507669,False,0,False,0,False,0
CNYTN,USSAV,7.0,7,56877.90706281085,13118.557218890188,15.015789033674784,0.30406842249040994,630.7,6,774,56877.90706281085,0.1415887109560806,0.8195655620738862,0.9394323767242746,1.0,46615.17387151884,114.263091,22.566543,-81.0833,32.0833,7409.78928661257,False,0,True,1,True,2
PTSNS,SGSGP,5.0,5,56699.33422688193,10942.048471571416,17.2548019580602,0.6289833153215615,628.6835546366831,5,775,56699.33422688193,0.1388354347635582,0.8189868350131011,0.9392381115773327,1.0,46436.00828582403,-8.866667,37.95,103.802776,1.248823,6417.390450474318,False,0,True,1,True,2
CNSHE,CNZOS,99.0,47,56675.345539165,835.5040964818396,14.357738968485444,0.29359398538182335,626.3370241515252,93,776,56675.345539165,0.13560913833344934,0.8183086810904073,0.9390104711568854,0.7171717171717171,33260.93773084143,113.8943,22.467416,122.099218,30.006902,632.1490242397931,False,0,False,0,False,0
CNQIN,USNFK,6.0,6,56574.91582549607,11862.013455687398,15.36538155929112,0.4791148434343535,630.6999999999999,3,777,56574.91582549607,0.1415887109560805,0.8195655620738862,0.9394323767242746,1.0,46366.85268780548,120.2667,36.0333,-76.316667,36.85,6334.855302265171,False,0,True,1,True,2
MYPKE,TGLOM,21.0,10,56571.32598981547,8091.419577701585,13.995802160685614,0.24512683709097793,630.7,12,778,56571.32598981547,0.1415887109560806,0.8195655620738862,0.9394323767242746,0.5238095238095238,24285.85792396142,101.34485,3.00525,1.286945,6.137824,5983.620724673869,False,0,True,1,True,1
TRMER,USSAV,41.0,12,56476.35079591228,5843.678346940484,13.768800370680609,0.35861080123030525,630.7,25,779,56476.35079591228,0.1415887109560806,0.8195655620738862,0.9394323767242746,0.6341463414634146,29352.143336153153,34.633333,36.783333,-81.0833,32.0833,5322.465645740416,False,0,False,0,True,1
QAHMD,SADMA,247.0,99,56467.43778742582,279.2974502370581,8.272227020876716,0.2211515788301239,629.405565811129,147,780,56467.43778742582,0.13982330406899768,0.8191944809808864,0.9393078134751306,0.6234817813765182,28840.903895348103,51.638489,25.021684,50.206833,26.510212,118.23365316646628,False,0,False,0,False,0
BRRDJ,ESLPA,22.0,9,56370.010376661165,3566.2173555271993,15.489291845413822,0.41547113880472325,630.7,22,781,56370.010376661165,0.1415887109560806,0.8195655620738862,0.9394323767242746,1.0,46198.91923845911,-43.1667,-22.916667,-15.4167,28.15,3461.6514774052307,False,0,False,0,False,0
CNSHE,IDSUR,91.0,28,56108.34533468163,2004.047360215902,15.797678113089198,0.5439849108583267,630.3307002367869,72,783,56108.34533468163,0.14108578275400463,0.8194598486837934,0.9393968912102013,0.7802197802197802,35873.363391514205,113.8943,22.467416,112.731533,-7.1937,1782.1790035620993,False,0,False,0,False,0
GRPIR,TRBAM,325.0,107,56040.12235414004,399.6055384053881,10.467896262638233,0.25435121981269804,630.6651991821103,273,784,56040.12235414004,0.14154134285176279,0.81955560549784,0.9394290345344243,0.3384615384615385,15544.860322748402,23.65,37.933333,28.678178,40.961688,295.55813655645994,False,0,False,0,False,0
NGLAG,ZADUR,37.0,12,56022.424389315944,3639.044471935002,12.683735034361952,0.2901291278450556,630.7,20,785,56022.424389315944,0.1415887109560806,0.8195655620738862,0.9394323767242746,0.43243243243243246,19854.72420902552,3.3833,6.45,31.041098,-29.877639,2701.4049995353125,False,0,False,0,False,0
CNNBO,USOAK,11.0,11,55963.175425356414,5799.111437547535,16.601359333206325,0.552732427035593,628.3923720007173,6,787,55963.175425356414,0.13843639082337234,0.8189029576573694,0.9392099559095914,0.8181818181818182,37495.971716500295,121.683333,29.966667,-122.320518,37.814824,5382.062599072492,False,0,False,0,True,1
CNMWN,KRBUS,92.0,41,55944.470165645485,1219.7095004247049,15.202510183245106,0.40965393583100784,628.4816514039743,91,788,55944.470165645485,0.1385587808481622,0.8189286835251586,0.9392185914820831,0.7065217391304348,32368.962333828225,113.862187,22.508158,129.052391,35.112607,1097.9643461307066,False,0,False,0,False,0
CNRIZ,CNXIA,274.0,27,55859.59888824845,881.3290422159969,12.229481958418274,0.4476937735491069,630.7,190,789,55859.59888824845,0.1415887109560806,0.8195655620738862,0.9394323767242746,0.8102189781021898,37092.31383334071,119.533333,35.35,118.042517,24.44535,659.2749908439893,False,0,False,0,False,0
CNMWN,TWKAO,224.0,73,55754.7545278555,392.27191620963174,12.60288324044066,0.3382045606590202,630.5195659049155,219,790,55754.7545278555,0.14134306169708144,0.8195139276341483,0.9394150442497756,0.8526785714285714,38960.41693157825,113.862187,22.508158,120.260382,22.620829,354.780399052981,False,0,False,0,False,0
IDSUR,TWKAO,69.0,12,55638.471783531095,2017.0847954853164,16.07270824107197,0.4500065366162276,630.6999999999999,56,793,55638.471783531095,0.1415887109560805,0.8195655620738862,0.9394323767242746,0.9565217391304348,43616.79386106251,112.731533,-7.1937,120.260382,22.620829,1843.9697611077236,False,0,False,0,False,0
DEHAM,MTMAL,41.0,8,55516.51210865706,2756.6128839246217,13.590974762518796,0.3067189245187016,630.7000000000002,41,796,55516.51210865706,0.14158871095608083,0.8195655620738862,0.9394323767242746,0.36585365853658536,16646.129799041424,9.903145,53.539287,14.539518,35.819159,1081.604188353631,False,0,False,0,False,0
BRPEC,BRSUA,283.0,36,55480.497313759195,470.1252426954622,15.022284684128438,0.4277707418544344,630.5735659315256,199,797,55480.497313759195,0.14141659395409711,0.8195293838049063,0.9394202325250213,0.9045936395759717,41129.97113372479,-38.795986,-3.528841,-34.9681,-8.3911,370.7334536758534,False,0,False,0,False,0
COCTA,MXVER,44.0,23,55220.36557687098,1614.4110394197887,14.269269846815579,0.37592498189312723,630.7000000000002,43,799,55220.36557687098,0.14158871095608083,0.8195655620738862,0.9394323767242746,0.38636363636363635,17485.54702688349,-75.540962,10.394286,-96.1333,19.2,1305.3755463209409,False,0,False,0,False,0
GLNUK,ISREY,99.0,3,55210.34116537881,1156.7653680315832,15.670385145259472,0.663219363764293,630.7,96,800,55210.34116537881,0.1415887109560806,0.8195655620738862,0.9394323767242746,1.0,45248.4942894947,-51.716667,64.166667,-21.933333,64.15,772.3286045468772,False,0,False,0,False,0
USLSA,VNCMP,12.0,12,55137.73954910464,7398.424954198047,16.539700455259734,0.4253565391575664,629.9096306188328,12,801,55137.73954910464,0.14051163264781275,0.8193391647493925,0.9393563804343303,0.8333333333333334,37647.09122361079,-118.244,33.738045,107.012844,10.522075,7102.876097945025,False,0,False,0,True,1
USBAL,VNCMP,6.0,6,55117.1145532489,13240.307737070125,16.97465122053886,0.41765308619124275,630.7,6,802,55117.1145532489,0.1415887109560806,0.8195655620738862,0.9394323767242746,1.0,45172.08896872421,-76.583333,39.283333,107.012844,10.522075,7810.200346284313,False,0,True,1,True,2
AEKHA,ITGIT,4.0,4,54917.40699592785,11309.797072952593,15.696549212681447,0.5774980481554449,630.6999999999999,3,805,54917.40699592785,0.1415887109560805,0.8195655620738862,0.9394323767242746,0.75,33756.31164919348,54.659214,24.802318,15.909341,38.462848,2124.6603342160083,False,0,True,1,True,2
EGDAM,MYPKE,21.0,10,54865.75046930766,4993.331173505186,14.763708556138171,0.3050781357142907,630.7,10,806,54865.75046930766,0.1415887109560806,0.8195655620738862,0.9394323767242746,0.42857142857142855,19271.176980850167,31.757526,31.481673,101.34485,3.00525,4267.0800141664995,False,0,False,0,False,0
CNNSA,VNCMP,114.0,38,54792.25201590557,937.1476813245911,15.416842090069395,0.3420334397318179,630.4443427422922,112,808,54792.25201590557,0.14124060873473654,0.8194923924529239,0.9394078153928093,0.7719298245614035,34661.0646046581,113.682083,22.64515,107.012844,10.522075,822.416996246385,False,0,False,0,False,0
CNNSA,PHMAN,297.0,96,54705.64361813567,724.7709090342286,11.927867772940889,0.3502882390790812,630.6111395874228,144,809,54705.64361813567,0.14146775086432695,0.8195401367719992,0.9394238420447308,0.67003367003367,30039.934881981222,113.682083,22.64515,120.94162,14.596732,635.3910176260226,False,0,False,0,False,0
IDMKS,IDSUR,860.0,82,54636.14858586953,463.4156706840223,11.215420989337911,0.3607565258281839,630.7,579,810,54636.14858586953,0.1415887109560806,0.8195655620738862,0.9394323767242746,0.3627906976744186,16245.007694771075,119.404183,-5.123883,112.731533,-7.1937,417.2289396243728,False,0,False,0,False,0
ARBNA,UYMON,451.0,158,54619.590683696675,158.09684803000724,10.078523198409455,0.21201927995875833,629.745570085048,223,811,54619.590683696675,0.14028771980582067,0.8192920992129709,0.9393405816338795,0.729490022172949,32644.240148541678,-58.362293,-34.592025,-56.216667,-34.916667,107.62006345736674,False,0,False,0,False,0
QAHMD,SGSGP,25.0,15,54608.62766072189,3760.934335251114,14.724984701944946,0.27210611944795515,630.4243566650833,23,812,54608.62766072189,0.1412133838483307,0.8194866698964537,0.9394058944643632,0.32,14320.333577376114,51.638489,25.021684,103.802776,1.248823,3338.459396842805,False,0,False,0,False,0
CNWGQ,TWKEE,461.0,33,54462.60286170143,530.957999786734,11.940973830186028,0.3474542387005415,630.7000000000002,399,814,54462.60286170143,0.14158871095608083,0.8195655620738862,0.9394323767242746,0.34273318872017355,15298.126786907667,121.617967,31.353633,121.7559,25.15113,372.47245164384344,False,0,False,0,False,0
BRPAR,COCTA,25.0,15,54427.28610596678,4455.082313797909,15.248845931796174,0.34746044816416116,630.6999999999999,22,815,54427.28610596678,0.1415887109560805,0.8195655620738862,0.9394323767242746,0.4,17842.691731837152,-48.515217,-25.502281,-75.540962,10.394286,2672.3625306687313,False,0,False,0,False,0
BRPEC,BRSAL,119.0,38,54238.70377329662,859.0652189598944,15.366462520097832,0.4027115306704904,630.7,104,817,54238.70377329662,0.1415887109560806,0.8195655620738862,0.9394323767242746,0.6890756302521008,30630.909638805966,-38.795986,-3.528841,-38.516667,-12.966667,566.8938443403949,False,0,False,0,False,0
INKKT,MYPKE,261.0,33,53843.75977210108,1471.10691865633,12.140762412785934,0.45327890230931833,630.7,83,818,53843.75977210108,0.1415887109560806,0.8195655620738862,0.9394323767242746,0.3333333333333333,14709.497080597774,88.011475,21.831569,101.34485,3.00525,1372.0235929475568,False,0,False,0,False,0
CNWGQ,JPKOB,324.0,67,53810.08615559449,816.6399673853875,12.867969344443635,0.4486584533745798,630.6767359489191,258,819,53810.08615559449,0.14155704636003896,0.8195589063091474,0.939430142539626,0.4660493827160494,20553.0272810805,121.617967,31.353633,135.237233,34.685033,713.5438839788595,False,0,False,0,False,0
DOCUC,JMKIN,231.0,60,53509.44384977219,558.6688874032124,9.573420659388661,0.2725393019919553,630.7000000000002,218,821,53509.44384977219,0.14158871095608083,0.8195655620738862,0.9394323767242746,0.5324675324675324,23351.096031493293,-69.629288,18.426403,-76.7936,17.997,409.38700726360116,False,0,False,0,False,0
MATAN,NGLAG,43.0,15,53311.17031668751,3234.8920275808296,14.190119058502,0.3422318639930365,630.7,42,822,53311.17031668751,0.1415887109560806,0.8195655620738862,0.9394323767242746,0.6511627906976745,28450.60417282686,-5.797516,35.789733,3.3833,6.45,1832.758353460379,False,0,False,0,False,0
CIABI,MYPKE,22.0,8,53201.51276747982,8166.281189279646,14.093115513842898,0.2544465865755736,630.6999999999999,19,823,53201.51276747982,0.1415887109560805,0.8195655620738862,0.9394323767242746,0.45454545454545453,19819.14896111847,-4.0267,5.3364,101.34485,3.00525,6303.787311893962,False,0,True,1,True,1
BRMUC,ESVIG,52.0,7,53159.93210184361,3216.2592871498123,15.7580854745934,0.5495922680173462,628.1964412471067,48,824,53159.93210184361,0.13816767423068632,0.818846474561234,0.939190995854474,1.0,43529.822989509215,-38.476868,-3.709925,-8.716667,42.233333,3198.8817246632448,False,0,False,0,False,0
ARBNA,BRIOA,106.0,45,53087.85206521511,904.2831618580035,13.186321502922913,0.287529159085404,630.5315724433837,44,825,53087.85206521511,0.14135941218294334,0.8195173644374196,0.9394161979043008,0.6792452830188679,29551.52826212516,-58.362293,-34.592025,-48.601391,-26.181417,713.7815292241158,False,0,False,0,False,0
CNTJN,MXLCS,10.0,9,53014.59275978918,7685.960117070625,17.324627089538005,0.5232081578588361,630.7,10,826,53014.59275978918,0.1415887109560806,0.8195655620738862,0.9394323767242746,0.7,30414.254159306354,117.8143,38.97075,-102.166667,17.883333,6721.638543386781,False,0,False,0,True,1
GBLGP,INNSA,6.0,6,52999.134875190866,11021.52066992871,17.250603931386173,0.3499839974752526,630.7,6,827,52999.134875190866,0.1415887109560806,0.8195655620738862,0.9394323767242746,0.8333333333333334,36196.88813617959,0.486317,51.502973,72.9428,18.953883,3868.2061456891515,False,0,True,1,True,2
CAHFX,GBSOU,36.0,11,52956.57555272058,2704.77980760877,13.685428421841559,0.25873799836381767,630.7,35,828,52956.57555272058,0.1415887109560806,0.8195655620738862,0.9394323767242746,0.3888888888888889,16878.316625478645,-63.57595,44.655955,-1.4,50.9,2460.964695869584,False,0,False,0,False,0
BRPAR,UYMON,100.0,61,52917.75400962103,863.9412493864228,12.884321427580446,0.32083377619136605,628.5576587918276,61,829,52917.75400962103,0.13866294932967071,0.8189505793012866,0.93922594138233,0.71,30769.287964066505,-48.515217,-25.502281,-56.216667,-34.916667,691.6610805195432,False,0,False,0,False,0
CNQIN,JPYOK,208.0,53,52875.90100594935,1146.6473872261324,14.357684718262124,0.5027182791417758,630.6501134904645,170,830,52875.90100594935,0.14152080778435316,0.81955128911315,0.9394275856249765,0.8269230769230769,35834.30868836806,120.2667,36.0333,139.679832,35.450183,945.130338375927,False,0,False,0,False,0
CNYSN,TWKAO,101.0,51,52875.83347023161,694.2524938071773,10.883562613374423,0.2425709451671884,629.9268682832538,88,831,52875.83347023161,0.14053515215903878,0.8193441084516044,0.9393580399196071,0.7227722772277227,31313.02665575324,122.066667,30.633333,120.260382,22.620829,490.71837048849153,False,0,False,0,False,0
AUSYD,NZAKL,105.0,40,52849.2402324898,1419.2638063248266,12.000302337441134,0.3037956955931842,630.4849513910075,82,832,52849.2402324898,0.14129592021897397,0.8195040186939772,0.9394117180501751,0.5428571428571428,23511.232295815065,151.2111,-33.86,174.769478,-36.840752,1164.4294492926301,False,0,False,0,False,0
GBFEL,NLROT,299.0,158,52616.91774777363,201.77880780354099,7.163053672941917,0.21995325337803068,629.3545094686142,210,833,52616.91774777363,0.1397535222920342,0.819179813145241,0.9393028898255554,0.6588628762541806,28398.779997435602,1.3,51.933333,4.03038,52.002215,101.07872042315813,False,0,False,0,False,0
JMKIN,USNFK,68.0,26,52559.011813364246,1348.526536224374,13.510313394035446,0.39967938127779107,630.4713492183229,44,834,52559.011813364246,0.14127739401442463,0.8195001245638004,0.9394104108816975,0.8970588235294118,38638.2223589432,-76.7936,17.997,-76.316667,36.85,1132.2234633663163,False,0,False,0,False,0
JPKOB,TWKEE,169.0,34,52523.58584195955,952.8212305650826,14.923659343165443,0.4833443629484925,630.7000000000002,169,835,52523.58584195955,0.14158871095608083,0.8195655620738862,0.9394323767242746,0.6035502958579881,25980.741180920486,135.237233,34.685033,121.7559,25.15113,903.8895248441098,False,0,False,0,False,0
ESALG,FRLEH,51.0,27,52502.99250544549,1322.2976362290772,12.76486702469238,0.3149978795848806,618.6984763428225,48,836,52502.99250544549,0.12493723404612234,0.8160654917518447,0.9382574849290023,0.8627450980392157,36965.0732840312,-5.433333,36.116667,0.094067,49.480233,837.9045129961557,False,0,False,0,False,0
JMKIN,MXVER,99.0,29,52413.2312557464,1284.857292354407,13.726505656819311,0.39220902849145867,630.7,84,837,52413.2312557464,0.1415887109560806,0.8195655620738862,0.9394323767242746,0.5050505050505051,21694.989562739585,-76.7936,17.997,-96.1333,19.2,1102.3296074860846,False,0,False,0,False,0
FRLEH,SXPHI,50.0,7,52352.09651295182,3699.139937142542,14.950015149105909,0.48638698221251714,628.0232811852438,48,838,52352.09651295182,0.13793004778702334,0.8187965264834933,0.9391742294522798,1.0,42865.71477893356,0.094067,49.480233,-63.052254,18.021834,3545.4731362088082,False,0,False,0,False,0
AUADE,AUMEL,169.0,64,52298.51225161701,545.1923102959577,12.762599803422972,0.2692640063159859,630.7,150,839,52298.51225161701,0.1415887109560806,0.8195655620738862,0.9394323767242746,0.46745562130177515,20036.110695507912,138.5,-34.783333,144.912243,-37.858862,360.8630696201377,False,0,False,0,False,0
DOCUC,FRLEH,21.0,10,52230.758881484646,3954.214472557375,15.92971306163474,0.44017129566513774,630.7,21,841,52230.758881484646,0.1415887109560806,0.8195655620738862,0.9394323767242746,0.9523809523809523,40768.12500976151,-69.629288,18.426403,0.094067,49.480233,3782.904184855397,False,0,False,0,False,0
INNSA,USNYK,6.0,6,52189.20316775037,11492.069080665038,17.4942508642076,0.41265603876602497,630.7000000000002,4,842,52189.20316775037,0.14158871095608083,0.8195655620738862,0.9394323767242746,0.5,21386.236814182786,72.9428,18.953883,-74.049568,40.663452,6781.763530912621,False,0,True,1,True,2
GTPQL,PECAL,45.0,22,52136.20296592168,1850.586329883177,15.442187222916786,0.3612186876352288,627.6888026107416,25,843,52136.20296592168,0.1374706737667475,0.8186999679989949,0.9391418170260246,0.8222222222222222,35095.65744204888,-90.783333,13.916667,-77.15,-12.05,1757.5443973576055,False,0,False,0,False,0
CNQIZ,THLCB,151.0,29,52012.399303580074,1392.9140152867114,14.667322409615691,0.4622691179899492,629.7339395974732,124,845,52012.399303580074,0.14027184187330988,0.8192887617384238,0.9393394613216853,0.40397350993377484,17214.593559264566,108.6,21.683333,100.886078,13.056152,680.5782162543501,False,0,False,0,False,0
CLLIR,PECAL,64.0,31,51918.65277825402,1533.3525372034753,14.5529288431279,0.3392709706682444,628.3470681177481,48,846,51918.65277825402,0.1383742720057617,0.8188899005435089,0.93920557294167,0.78125,33215.35969526359,-72.985182,-36.710816,-77.15,-12.05,1497.62487186741,False,0,False,0,False,0
CNSHE,JPTOK,119.0,31,51900.95389221293,1661.3173030946236,15.305425660687035,0.5839220745562981,629.4853379685503,117,847,51900.95389221293,0.1399323108188918,0.8192173937406536,0.9393155047530137,0.9831932773109243,41803.57318560675,113.8943,22.467416,139.75,35.6667,1563.9268842371898,False,0,False,0,False,0
COCTA,ESVIG,37.0,8,51866.697935502,4029.173173082211,16.84431243631913,0.5357992160825468,630.7,35,848,51866.697935502,0.1415887109560806,0.8195655620738862,0.9394323767242746,0.4594594594594595,19530.775961871484,-75.540962,10.394286,-8.716667,42.233333,3958.3646147958393,False,0,False,0,False,0
CNQIZ,CNTJN,109.0,25,51737.08557875842,1835.9480190169202,11.374130842380533,0.3128175400577367,630.7,59,849,51737.08557875842,0.1415887109560806,0.8195655620738862,0.9394323767242746,0.8256880733944955,35010.770880897166,108.6,21.683333,117.8143,38.97075,1140.9250600646076,False,0,False,0,False,0
COBUE,GTPQL,84.0,41,51646.35814047497,1039.6424523851847,15.845207040433875,0.4076340488248105,630.3585029018541,75,850,51646.35814047497,0.14112366612385463,0.8194678116085974,0.9393995641779299,0.8928571428571429,37787.97150261509,-77.083333,3.883333,-90.783333,13.916667,1010.6450633437411,False,0,False,0,False,0
CLSAN,CNYSN,8.0,8,51570.44981142832,10224.690090395872,17.461694484762205,0.4240889180255544,629.6481680541742,8,851,51570.44981142832,0.14015472851591215,0.8192641450038988,0.9393311980593052,0.875,36968.59291319801,-71.616667,-33.5833,122.066667,30.633333,10089.821331622263,False,0,True,1,True,2
ARBNA,BRPAR,80.0,38,51456.61165692324,912.7393224264308,14.960119654146787,0.3986639440701893,629.4912600855137,20,852,51456.61165692324,0.13994040214878734,0.8192190945041227,0.9393160756595561,0.8625,36358.03097175764,-58.362293,-34.592025,-48.515217,-25.502281,747.3220893481191,False,0,False,0,False,0
CNWGQ,CNYSN,3852.0,164,51339.32793469997,142.92755361982765,7.194001923345725,0.2224745795877544,630.6811442053969,2033,854,51339.32793469997,0.14156304659763275,0.8195601675338209,0.9394305659032685,0.43120456905503635,18143.22037527928,121.617967,31.353633,122.066667,30.633333,49.026764089872806,False,0,False,0,False,0
COCTA,USSAV,73.0,20,51196.384043640755,1531.4116209585763,14.38408484782225,0.2873845879404933,630.6999999999999,52,856,51196.384043640755,0.1415887109560805,0.8195655620738862,0.9394323767242746,0.9863013698630136,41384.015274947145,-75.540962,10.394286,-81.0833,32.0833,1338.0153533095151,False,0,False,0,False,0
AEJAL,QAHMD,368.0,98,51030.31923636905,230.82954525359014,10.800549453365663,0.24611752263012152,630.6700341871697,286,857,51030.31923636905,0.1415479241886356,0.8195569888671347,0.9394294988991612,0.5706521739130435,23865.96060489217,55.0606,25.0136,51.638489,25.021684,186.18357506480382,False,0,False,0,False,0
CNQIN,THLCB,69.0,24,50913.847658915154,2592.8853114026824,15.124030523693218,0.48410499426083997,630.3616148007628,65,858,50913.847658915154,0.1411279061287397,0.8194687028397684,0.939399863343402,0.9420289855072463,39303.62036733522,120.2667,36.0333,100.886078,13.056152,1731.2000409450961,False,0,False,0,False,0
MYTPP,VNHCM,259.0,44,50776.25377764235,696.6207656105905,12.441983713202754,0.34562554742429313,630.5727777478762,244,859,50776.25377764235,0.14141552076885,0.8195291582258868,0.9394201568034172,0.583011583011583,24260.63976044224,103.549576,1.327854,106.710033,10.776988,597.8184807902325,False,0,False,0,False,0
CNTJN,MYPKE,28.0,16,50679.75954251178,3074.7681420721433,15.21613624665605,0.3031940030156083,630.6999999999999,24,860,50679.75954251178,0.1415887109560805,0.8195655620738862,0.9394323767242746,0.5357142857142857,22251.09943672932,117.8143,38.97075,101.34485,3.00525,2339.554632120921,False,0,False,0,False,0
FRLEH,INMUN,6.0,6,50571.51899820093,11091.997551819935,16.844066079774713,0.4299718162883726,630.7000000000002,4,862,50571.51899820093,0.14158871095608083,0.8195655620738862,0.9394323767242746,0.5,20723.33769634538,0.094067,49.480233,69.7,22.766667,3590.7274198981677,False,0,True,1,True,2
CNLYG,CNQIN,991.0,129,50542.12983667104,161.74063848742153,10.325413585357037,0.2513800283981164,630.5434102026841,579,863,50542.12983667104,0.14137553221598098,0.8195207528004778,0.9394173352985786,0.7194752774974773,29800.899313941718,119.483333,34.733333,120.2667,36.0333,86.96079965186888,False,0,False,0,False,0
JPKOB,JPTOK,346.0,85,50537.29969281718,381.22899035571925,13.240991595329104,0.332161526824563,630.3164536950478,301,864,50537.29969281718,0.1410663693987375,0.8194557680782717,0.9393955214463091,0.708092485549133,29324.291980962225,135.237233,34.685033,139.75,35.6667,229.15380291370838,False,0,False,0,False,0
DEHAM,PLGDA,71.0,37,50334.454698385925,971.3972169556733,14.358527519558237,0.4484944292718727,627.8695371630516,69,865,50334.454698385925,0.1377189560011992,0.8187521558790847,0.9391593352775135,0.8732394366197183,35987.45752896759,9.903145,53.539287,18.666667,54.35,313.2736938197073,False,0,False,0,False,0
CNNSA,IDSUR,77.0,17,50195.66816098883,1973.7586568604133,15.90273598934278,0.4466273392388233,630.6398057223143,69,866,50195.66816098883,0.14150677599569217,0.8195483396902655,0.9394265955726551,0.38961038961038963,16027.705130252696,113.682083,22.64515,112.731533,-7.1937,1792.409293417635,False,0,False,0,False,0
AUFRE,MYTPP,54.0,10,50027.983303863184,2422.1852781677867,14.000524213753792,0.3632739899575705,630.6999999999999,50,868,50027.983303863184,0.1415887109560805,0.8195655620738862,0.9394323767242746,0.5740740740740741,23537.73296169375,115.75,-32.05,103.549576,1.327854,2120.708795508852,False,0,False,0,False,0
BRRGR,UYMON,190.0,79,49926.17228555545,391.20205229306794,10.974121295154726,0.28052377608414986,630.2464618233423,140,869,49926.17228555545,0.14097098072760927,0.8194357177813113,0.9393887910302819,0.7947368421052632,32513.708485557992,-52.083333,-32.05,-56.216667,-34.916667,269.14597688403063,False,0,False,0,False,0
AEJAL,MYTPP,24.0,14,49823.025267197954,3547.833825517177,16.001572150977196,0.5055855474968849,630.7,19,870,49823.025267197954,0.1415887109560806,0.8195655620738862,0.9394323767242746,0.7083333333333334,28923.54195936054,55.0606,25.0136,103.549576,1.327854,3145.7127839700565,False,0,False,0,False,0
USMIA,USSAV,169.0,44,49817.796344507755,501.0066272779884,10.885922574300205,0.2913628126536789,630.7000000000002,163,871,49817.796344507755,0.14158871095608083,0.8195655620738862,0.9394323767242746,0.5739644970414202,23434.36790206972,-80.1833,25.7833,-81.0833,32.0833,381.1941123804429,False,0,False,0,False,0
ECGYL,MXMAN,34.0,17,49715.58499124436,2030.1676950094559,13.948765664913237,0.3410033968291266,627.1566511778451,34,872,49715.58499124436,0.13673880523596138,0.8185461323159446,0.9390901779830324,0.8235294117647058,33513.117490923985,-79.930086,-2.257278,-104.293756,19.073908,1925.5406947805131,False,0,False,0,False,0
BRSTS,UYMON,81.0,62,49693.77004508629,930.3133847815035,13.944705508384907,0.3425171646974707,630.7,36,873,49693.77004508629,0.1415887109560806,0.8195655620738862,0.9394323767242746,0.6666666666666666,27151.535052381063,-46.306133,-23.95,-56.216667,-34.916667,836.8648213630972,False,0,False,0,False,0
GBLGP,SGSGP,6.0,5,49632.4646808867,11901.209913215189,15.269089294938324,0.4731102196610949,630.1952721615869,5,874,49632.4646808867,0.14090120330007672,0.8194210508598979,0.9393838676875932,1.0,40669.88636557895,0.486317,51.502973,103.802776,1.248823,5839.225535712882,False,0,True,1,True,2
ESVAL,FRFOS,192.0,106,49621.309327494935,376.8507471102167,10.962037850496122,0.25712156296209326,629.3140823482858,170,875,49621.309327494935,0.13969826008061725,0.8191681972611271,0.9392989906447721,0.5208333333333334,21170.936722677492,-0.316667,39.45,4.871235,43.408352,333.07108511610943,False,0,False,0,False,0
SGSGP,TRMER,6.0,6,49619.959463157524,12922.730873328828,15.048944932521376,0.32079942351438656,630.7,6,876,49619.959463157524,0.1415887109560806,0.8195655620738862,0.9394323767242746,1.0,40666.809967506146,103.802776,1.248823,34.633333,36.783333,4363.44922163539,False,0,True,1,True,2
COCTA,USHOU,39.0,26,49507.745213498914,1724.8862464728504,11.941843662240625,0.3029342002291652,630.7000000000002,38,877,49507.745213498914,0.14158871095608083,0.8195655620738862,0.9394323767242746,0.3333333333333333,13524.947677637329,-75.540962,10.394286,-94.97475,29.6069,1586.070598313812,False,0,False,0,False,0
CNMWN,INKUP,29.0,19,49491.212816828374,3090.437763413046,15.719679751852013,0.33516727172127786,630.6999999999998,27,878,49491.212816828374,0.1415887109560804,0.8195655620738861,0.9394323767242746,0.3793103448275862,15385.318281012582,113.862187,22.508158,80.345767,13.304483,1987.8219508142129,False,0,False,0,False,0
CNQIN,MXMAN,14.0,12,49442.97447978674,7069.488803096945,16.743671374924727,0.5016619420094922,630.0529019680017,10,879,49442.97447978674,0.14070707664561177,0.8193802462546558,0.9393701705353941,0.7857142857142857,31831.32590377954,120.2667,36.0333,-104.293756,19.073908,6642.2367857844065,False,0,False,0,True,1
CNYTN,USCHA,5.0,4,49368.46704645642,13906.89531327703,17.46770205948249,0.4056896733095275,630.7,5,880,49368.46704645642,0.1415887109560806,0.8195655620738862,0.9394323767242746,0.8,32368.55635492415,114.263091,22.566543,-79.938165,32.87698,7380.380097856352,False,0,True,1,True,2
HKHKG,TWKEE,253.0,68,49362.81883441928,508.25201856985836,14.084670083807909,0.34163989788015336,629.6163823431436,252,881,49362.81883441928,0.14011131987201908,0.8192550206897594,0.9393281352403234,0.7035573122529645,28452.376345685647,114.181938,22.298785,121.7559,25.15113,450.0525886158406,False,0,False,0,False,0
CNNSA,USLGB,8.0,8,49343.95760105994,6838.82155435081,16.803599876507604,0.4520162356668766,630.6999999999999,8,882,49343.95760105994,0.1415887109560805,0.8195655620738862,0.9394323767242746,0.875,35385.53230297986,113.682083,22.64515,-118.217354,33.74561,6307.1791644986015,False,0,False,0,True,1
AUADE,SGSGP,19.0,17,49308.34712677119,3885.4477252154657,15.350013071153729,0.3603813248524425,630.7000000000002,18,883,49308.34712677119,0.14158871095608083,0.8195655620738862,0.9394323767242746,0.631578947368421,25523.004143928323,138.5,-34.783333,103.802776,1.248823,2911.7396633442822,False,0,False,0,False,0
GBLGP,PACRI,12.0,10,49296.1952742636,4959.4437697513495,17.959116574817905,0.5542227124531678,630.7,10,885,49296.1952742636,0.1415887109560806,0.8195655620738862,0.9394323767242746,1.0,40401.4639880559,0.486317,51.502973,-79.916667,9.35,4606.869237065039,False,0,False,0,False,0
INMUN,SAJED,78.0,34,49256.10292904358,4276.667938591058,13.523395212658842,0.3864606958486913,630.5789622815433,57,886,49256.10292904358,0.141423941513809,0.8195309282310149,0.939420750952766,0.5128205128205128,20700.974233067434,69.7,22.766667,39.1667,21.466667,1697.1652260085577,False,0,False,0,False,0
TWKAO,TWTAP,615.0,85,49145.344061850425,248.31978729729806,12.683893586511834,0.3668747846575264,629.2987301573257,546,887,49145.344061850425,0.13967727240662142,0.8191637857404387,0.9392975098003933,0.6260162601626016,25202.216497382742,120.260382,22.620829,121.37318,25.14978,163.66525299730452,False,0,False,0,False,0
USOAK,USTAC,84.0,21,49134.836405335715,893.6679333776328,17.259445180618876,0.5549272604979943,629.5120443837887,79,888,49134.836405335715,0.13996879832543807,0.8192250632608697,0.9393180792316803,0.3333333333333333,13417.496487491211,-122.320518,37.814824,-122.422033,47.272467,567.8588565115907,False,0,False,0,False,0
IQUMQ,QAHMD,189.0,40,49132.183865823274,433.54313622625943,11.117381759368191,0.23668465202675004,630.6080765543227,150,889,49132.183865823274,0.141463580742195,0.8195392602298888,0.939423547810033,0.6613756613756614,26630.789430473335,47.95,30.033333,51.638489,25.021684,359.2523044829758,False,0,False,0,False,0
JPKOB,TWKAO,102.0,38,49085.88742845912,1162.214368566653,15.658491037724426,0.359050354527111,630.338625761226,101,890,49085.88742845912,0.14109658225976496,0.8194621186944242,0.93939765319971,0.6078431372549019,24449.897737524596,135.237233,34.685033,120.260382,22.620829,1068.7149578070353,False,0,False,0,False,0
AEJAL,ESMAL,6.0,5,49035.89065714693,10746.169776345878,15.856057838980481,0.3407581370103846,620.8759620147197,5,891,49035.89065714693,0.128006183001228,0.8167105718979308,0.9384740232557202,1.0,40048.13030212287,55.0606,25.0136,-4.383333,36.716667,3093.9432359490866,False,0,True,1,True,2
NZTAU,USSEA,23.0,12,48921.5145715619,6239.920739807998,13.420125151755613,0.2576604696368057,630.6999999999999,23,893,48921.5145715619,0.1415887109560805,0.8195655620738862,0.9394323767242746,0.6956521739130435,27891.748582502918,176.183333,-37.716667,-122.333333,47.6,6086.149229575935,False,0,False,0,True,1
JPNAG,KRBUS,376.0,55,48887.28068495233,611.6134237405846,11.771899948447636,0.36354121426124525,630.7,338,894,48887.28068495233,0.1415887109560806,0.8195655620738862,0.9394323767242746,0.6861702127659575,27492.323328694984,136.866667,35.066667,129.052391,35.112607,383.8137715388491,False,0,False,0,False,0
TWKEE,TWTCH,1521.0,103,48819.90619209631,126.98539286280398,12.127021813007707,0.3616755929413559,630.5786701190748,1457,895,48819.90619209631,0.14142354371459287,0.8195308446152949,0.9394207228849233,0.4253780407626562,17019.128247405886,121.7559,25.15113,120.5,24.283333,86.05982981325755,False,0,False,0,False,0
MYPAG,MYPKE,658.0,96,48713.01819547626,310.2159678822323,11.44211476480976,0.307550213874562,630.473579356931,466,896,48713.01819547626,0.14128043152543224,0.8195007630358223,0.9394106252018314,0.5121580547112462,20445.53165773119,103.900833,1.426733,101.34485,3.00525,180.2672340988857,False,0,False,0,False,0
CNSHE,VNHPG,398.0,65,48692.829005804015,547.465987712563,12.291671838176587,0.38484235166183417,630.6519061366348,311,897,48692.829005804015,0.1415232480361327,0.8195518020437974,0.9394277578038055,0.8115577889447236,32386.26515059408,113.8943,22.467416,106.828308,20.81389,406.59499241303826,False,0,False,0,False,0
CNNBO,CNZPU,3483.0,78,48682.13366158181,80.96974395996546,7.917751491653878,0.25688681473009206,629.9395378753761,1682,898,48682.13366158181,0.14055243805460638,0.8193477418740565,0.9393592595745954,0.9928222796439851,39601.29427341906,121.683333,29.966667,121.066951,30.583181,48.90424489597273,False,0,False,0,False,0
COCTA,USNOL,41.0,19,48562.62089981633,1605.6341492091092,10.04951851334673,0.24603889161983375,630.6999999999999,41,899,48562.62089981633,0.1415887109560805,0.8195655620738862,0.9394323767242746,0.6341463414634146,25239.184000780846,-75.540962,10.394286,-90.061119,29.923919,1426.5667831301223,False,0,False,0,False,0
CNSHE,JPOSK,117.0,30,48495.14547579819,1444.2282774523203,15.786152018371519,0.48175502699100337,630.7,117,900,48495.14547579819,0.1415887109560806,0.8195655620738862,0.9394323767242746,0.7777777777777778,30912.739790899108,113.8943,22.467416,135.433333,34.65,1346.2819687954511,False,0,False,0,False,0
USBAL,USNFK,229.0,121,48409.46090522321,231.78545222288915,10.7219312087593,0.24438681224263298,630.401489600441,154,901,48409.46090522321,0.1411822323847166,0.8194801219899903,0.9394036964852164,0.44541484716157204,17669.870195040883,-76.583333,39.283333,-76.316667,36.85,146.64097239311516,False,0,False,0,False,0
DEWVN,PLGDA,57.0,33,48334.72004776524,907.1761111986705,14.585894302788404,0.47996779452101673,626.2096522046091,56,902,48334.72004776524,0.13543331998481922,0.8182717248139498,0.9389980657987073,0.9473684210526315,37469.306597574556,8.170278,53.541667,18.666667,54.35,373.7137992359206,False,0,False,0,False,0
CAVCR,USTAC,182.0,56,48243.08909672167,332.8212151914051,10.663271452569656,0.2502817219925516,630.4600716249872,110,904,48243.08909672167,0.1412620332885447,0.819496895803909,0.9394093270624722,0.5714285714285714,22591.46386214561,-123.116667,49.283333,-122.422033,47.272467,123.8812288738374,False,0,False,0,False,0
CNXIA,USLGB,15.0,13,48240.9159337757,6367.818303322073,16.081421161648787,0.4100618618217142,630.0639967389649,13,905,48240.9159337757,0.14072220789930068,0.8193834267804588,0.9393712381635635,0.9333333333333333,36892.61987492216,118.042517,24.44535,-118.217354,33.74561,6063.215228099928,False,0,False,0,True,1
CIABI,GHTEM,177.0,90,48240.44827309032,377.7147766704373,9.562593154006121,0.23724603075133038,628.5681087097906,99,906,48240.44827309032,0.1386772690213529,0.8189535892401736,0.9392269517484589,0.4350282485875706,17186.52540115691,-4.0267,5.3364,0.016667,5.633333,242.31011224213,False,0,False,0,False,0
CAHFX,MATAN,20.0,19,48092.700099549984,2820.3286319178796,16.148412759130956,0.427168691191695,628.572577138876,20,907,48092.700099549984,0.1386833920367102,0.8189548762722157,0.939227383775032,1.0,39385.751259623736,-63.57595,44.655955,-5.797516,35.789733,2644.9645612269037,False,0,False,0,False,0
THLCB,TWKAO,98.0,32,48038.94908461907,1700.9604105151227,15.21840065957746,0.5375995021486879,630.6520450431893,91,908,48038.94908461907,0.14152343712304472,0.8195518417890699,0.9394277711453645,0.9693877551020408,38165.19259175037,100.886078,13.056152,120.260382,22.620829,1245.425232578614,False,0,False,0,False,0
USBOS,USNYK,163.0,92,47936.14296510731,425.1485498561391,10.627838975900339,0.24975258848666446,630.2973717149127,143,909,47936.14296510731,0.1410403655548187,0.8194503021797901,0.9393936866719507,0.5398773006134969,21207.07510277295,-71.083333,42.35,-74.049568,40.663452,167.4381227034905,False,0,False,0,False,0
USNYK,USPHI,259.0,103,47869.09970805119,557.4468057606355,9.722302289423865,0.23461782461865674,630.6036181311945,232,910,47869.09970805119,0.14145751081408486,0.8195379843565623,0.93942311952918,0.41312741312741313,16207.213772910638,-74.049568,40.663452,-75.1333,39.95,65.55115085330245,False,0,False,0,False,0
BRRGR,BRSTS,121.0,65,47823.62359366527,658.9431223035668,12.614106282357353,0.3402272415724244,630.6292409076314,70,911,47823.62359366527,0.14149239381797207,0.8195453166170765,0.9394255807976478,0.5785123966942148,22673.998940406946,-52.083333,-32.05,-46.306133,-23.95,574.4613991761678,False,0,False,0,False,0
JPTOK,JPYOK,3921.0,366,47686.04882814233,41.20076111508054,7.74516086924801,0.21950703556589415,630.4415388856139,3167,912,47686.04882814233,0.14123678944602258,0.8194915896545205,0.9394075459121501,0.710533027288957,27766.434139359757,139.75,35.6667,139.679832,35.450183,13.443983013899654,False,0,False,0,False,0
EGPSA,SIKOP,46.0,24,47662.30759765506,1351.7726752647202,15.474234059607953,0.4284673590999595,630.7000000000002,37,914,47662.30759765506,0.14158871095608083,0.8195655620738862,0.9394323767242746,0.9565217391304348,37364.02131096669,32.319633,31.269083,13.726419,45.550429,1219.1569598498047,False,0,False,0,False,0
CNYTN,TWTAP,89.0,42,47521.905019030324,468.23709379452526,14.697152118380057,0.4788141559879322,626.6505355564811,73,916,47521.905019030324,0.13604159051867182,0.8183995807185535,0.9390409840373352,0.9887640449438202,38454.91942181885,114.263091,22.566543,121.37318,25.14978,420.00752893364495,False,0,False,0,False,0
DJDJI,SAJED,189.0,83,47489.957959178246,793.8434486782805,11.865737774720468,0.2819461338531848,630.5963955297337,122,917,47489.957959178246,0.14144767740831143,0.8195359174160802,0.9394224257055735,0.41798941798941797,16268.033729449586,43.133333,11.583333,39.1667,21.466667,635.6799004114085,False,0,False,0,False,0
DEBHN,ILASD,18.0,8,47481.61530674445,3676.1065104969693,15.510356237672008,0.48320226745135103,630.6999999999999,17,918,47481.61530674445,0.1415887109560805,0.8195655620738862,0.9394323767242746,0.3888888888888889,15133.33761996313,8.548651,53.563407,34.65,31.816667,1721.6206317041042,False,0,False,0,False,0
ESALG,MTMAL,87.0,34,47388.864485903825,1045.1988851869032,15.399302291448366,0.5033882198861147,628.9940485028304,85,919,47388.864485903825,0.13926053626632406,0.8190761895587508,0.9392681058097037,0.7471264367816092,28999.780296447785,-5.433333,36.116667,14.539518,35.819159,969.0049178646633,False,0,False,0,False,0
CNXIA,USNYK,4.0,4,47330.474466386746,13511.574888186527,17.62527757395834,0.4895129265346181,629.1297522115069,4,920,47330.474466386746,0.13944619834480998,0.819115214945769,0.939281205719933,0.5,19384.555883009805,118.042517,24.44535,-74.049568,40.663452,6840.238125842821,False,0,True,1,True,2
NLROT,PLGDA,103.0,53,47292.07129194693,1030.2910404559843,12.499658571022465,0.360195368234071,626.8640956648212,84,921,47292.07129194693,0.13633592393608418,0.8184614483633661,0.9390617515595834,0.7669902912621359,29687.6916125352,4.03038,52.002215,18.666667,54.35,544.1198202595195,False,0,False,0,False,0
EGSOK,MYPKE,27.0,20,47239.411052655974,6244.522333666828,15.490920197766176,0.44278727351228686,630.5304863940986,11,922,47239.411052655974,0.1413579332282907,0.8195170535673799,0.9394160935524948,0.6666666666666666,25809.001972087295,32.33,29.58,101.34485,3.00525,4221.549342845369,False,0,False,0,True,1
CNCGM,CNCGM,45.0,37,47142.06377249397,1820.8351079062106,10.452779039097113,0.3369133513608526,570.9983580276746,19,926,47142.06377249397,0.05183615261156338,0.800699952285179,0.933099632489401,0.8444444444444444,31874.94738008689,121.382233,31.619333,121.382233,31.619333,0.0,False,0,False,0,False,0
GTPQL,USSDI,53.0,3,47140.92659315726,2080.047382014816,16.516355255588376,0.6386055806595855,630.7,52,927,47140.92659315726,0.1415887109560806,0.8195655620738862,0.9394323767242746,1.0,38635.08000000474,-90.783333,13.916667,-117.166667,32.7,1830.9914869200668,False,0,False,0,False,0
AEJAL,OMSOH,350.0,99,47120.96231704316,279.5102410925867,10.813815962670061,0.25784470313801533,630.6008103123096,227,928,47120.96231704316,0.14145368806001413,0.8195371808297555,0.9394228498040128,0.5057142857142857,19529.361054020457,55.0606,25.0136,56.625595,24.507768,90.56754633937908,False,0,False,0,False,0
CNQIN,JPOSK,281.0,36,47091.17467571136,859.3455252395389,14.317805861270491,0.48546673402606894,630.7,226,929,47091.17467571136,0.1415887109560806,0.8195655620738862,0.9394323767242746,0.7935943060498221,30628.22072713745,120.2667,36.0333,135.433333,34.65,746.6610901505862,False,0,False,0,False,0
CNQIZ,CNXIA,250.0,50,47045.05504841763,692.7408799746629,12.508429571127541,0.43030603048790284,630.6884073421342,212,930,47045.05504841763,0.14157293253322356,0.8195622455158493,0.939431263433264,0.884,34083.81424501374,108.6,21.683333,118.042517,24.44535,547.1811161690213,False,0,False,0,False,0
CNMWN,CNWGQ,156.0,67,47013.5951771025,935.8320851998413,13.157624340929026,0.3753790125901173,630.5744873285099,138,931,47013.5951771025,0.14141784851827155,0.8195296475090124,0.9394203210443257,0.6602564102564102,25439.04239495569,113.862187,22.508158,121.617967,31.353633,673.6092059977876,False,0,False,0,False,0
CNNBO,TWTAP,123.0,52,46937.54101395758,369.0230747408599,13.515206560867318,0.44401640428687095,627.7388067735802,112,932,46937.54101395758,0.1375393807773969,0.8187144099232874,0.9391466648424391,0.983739837398374,37803.58849214292,121.683333,29.966667,121.37318,25.14978,289.67841907185004,False,0,False,0,False,0
BRMAN,BRSTS,46.0,14,46910.43482589111,3276.854813540162,15.244498586399263,0.4409059902781104,630.7,19,933,46910.43482589111,0.1415887109560806,0.8195655620738862,0.9394323767242746,0.7391304347826086,28416.739436895718,-60.033932,-3.131603,-46.306133,-23.95,1481.8790975875486,False,0,False,0,False,0
MZBRA,SGSGP,34.0,17,46744.6937367339,4606.044069738055,14.473810941832673,0.40209957021610243,630.7,30,935,46744.6937367339,0.1415887109560806,0.8195655620738862,0.9394323767242746,0.7352941176470589,28169.368526704402,34.833333,-19.816667,103.802776,1.248823,4246.2038884158155,False,0,False,0,False,0
BSFRE,ZAPLZ,17.0,12,46743.38966100046,7987.199346082941,14.387530230878966,0.3709610864168091,630.3062102018134,11,936,46743.38966100046,0.14105241034091542,0.8194528339431033,0.9393945365257166,0.5294117647058824,20278.5898901366,-78.6966,26.5285,25.6372,-33.9618,6945.046004039506,False,0,False,0,True,1
CNYSN,GBFEL,4.0,4,46664.322125467865,14316.963157315693,17.093639482979714,0.5348751573514907,628.537210761617,4,937,46664.322125467865,0.13863492768555463,0.818944689269701,0.9392239642364023,0.75,28661.624087266886,122.066667,30.633333,1.3,51.933333,4955.963558676667,False,0,True,1,True,2
AUMEL,NZTAU,83.0,44,46594.8527920142,1806.8152592152337,13.811676281353442,0.36057587273307967,630.590371835246,57,938,46594.8527920142,0.14143947611453334,0.8195341935386662,0.9394218470402201,0.7349397590361446,28064.464836907588,144.912243,-37.858862,176.183333,-37.716667,1476.7747652009152,False,0,False,0,False,0
COCTA,MXLCS,33.0,20,46568.57062363194,2089.653589308245,10.351824964610351,0.30287607175276726,630.7000000000002,32,939,46568.57062363194,0.14158871095608083,0.8195655620738862,0.9394323767242746,0.9090909090909091,34696.36068921306,-75.540962,10.394286,-102.166667,17.883333,1612.0023974508745,False,0,False,0,False,0
INENR,SGSGP,38.0,23,46434.07738532489,1636.955423481789,14.421730203528599,0.3414300401414855,630.5698390519053,34,942,46434.07738532489,0.14141151943768326,0.8195283171629264,0.9394198744782407,0.6052631578947368,23032.709207052456,80.340271,13.261667,103.802776,1.248823,1570.0390494932979,False,0,False,0,False,0
ITGIT,MATAN,38.0,26,46406.13560785472,1055.463208765611,14.202507534969277,0.46055068432842605,630.2898857569056,38,943,46406.13560785472,0.14103016368438015,0.8194481577895871,0.9393929668502832,0.6578947368421053,25018.041009204153,15.909341,38.462848,-5.797516,35.789733,1048.932919213018,False,0,False,0,False,0
IDSUR,PHDAV,73.0,23,46258.8584113666,1302.9691276701974,14.455980484515955,0.31640780209647545,630.7,72,946,46258.8584113666,0.1415887109560806,0.8195655620738862,0.9394323767242746,0.4931506849315068,18696.41126867243,112.731533,-7.1937,125.627031,7.073807,1153.3310304582512,False,0,False,0,False,0
OMSAL,USBAL,6.0,6,46167.228058300345,11377.546714773162,18.772410513194874,0.5829745853025037,630.7,6,947,46167.228058300345,0.1415887109560806,0.8195655620738862,0.9394323767242746,0.8333333333333334,31530.891844161848,54.002781,16.946141,-76.583333,39.283333,6441.56573082056,False,0,True,1,True,2
CNQIN,JPTOK,206.0,36,46079.56569443299,1147.2501754443938,14.602746030830689,0.5444660587639545,630.1360739829345,193,948,46079.56569443299,0.14082049520202156,0.8194040863575731,0.9393781731006967,0.9320388349514563,35191.72140824914,120.2667,36.0333,139.75,35.6667,946.8474169857915,False,0,False,0,False,0
CNNSA,USLSA,11.0,10,45964.247476832534,6823.180684211204,17.39756621685399,0.5447254374237792,630.7,10,950,45964.247476832534,0.1415887109560806,0.8195655620738862,0.9394323767242746,0.9090909090909091,34246.1039260486,113.682083,22.64515,-118.244,33.738045,6306.47782680254,False,0,False,0,True,1
CNXIA,MYPKE,56.0,41,45872.32239979993,1912.9330747186498,15.571995422446616,0.4791833119990802,616.3805357112159,47,953,45872.32239979993,0.12164650141766564,0.8153737936116187,0.9380252980313166,0.8214285714285714,30723.966405310795,118.042517,24.44535,101.34485,3.00525,1609.9899047410454,False,0,False,0,False,0
PHMAN,THLCB,107.0,30,45847.31471138706,1435.5779281078408,14.447924697459529,0.40155304387900465,630.6427652483534,55,954,45847.31471138706,0.14151080479486466,0.8195491865268851,0.939426879835914,0.8317757009345794,31253.247882039093,120.94162,14.596732,100.886078,13.056152,1172.520329773451,False,0,False,0,False,0
CNZOS,SGSGP,42.0,40,45788.545850308095,2294.093140236421,13.440278075824208,0.28514711652255603,630.572074895219,33,955,45788.545850308095,0.14141456376741157,0.8195289570682147,0.9394200892794886,0.7619047619047619,28590.506077236667,122.099218,30.006902,103.802776,1.248823,2017.5509865686506,False,0,False,0,False,0
LKCOL,VNCMP,30.0,29,45700.10588207514,2265.374132168243,14.689947711578661,0.33566462970795646,630.7,29,956,45700.10588207514,0.1415887109560806,0.8195655620738862,0.9394323767242746,0.6333333333333333,23721.014210583384,79.85,6.95,107.012844,10.522075,1625.522832457744,False,0,False,0,False,0
DEHAM,FRLEH,101.0,66,45690.043268511,566.9940509942921,12.502163749648743,0.28199252098724176,629.1718247787085,83,957,45690.043268511,0.13950374336864102,0.8191273106674387,0.9392852659709681,0.5445544554455446,20380.474501730576,9.903145,53.539287,0.094067,49.480233,439.57434450180585,False,0,False,0,False,0
AEKHA,IQUMQ,200.0,69,45601.25354297806,515.1233995199592,11.911803263700257,0.27681930296492396,630.5037827829368,122,961,45601.25354297806,0.14132156731819723,0.8195094096062262,0.9394135276534081,0.51,19059.03474783799,54.659214,24.802318,47.95,30.033333,475.72100961043446,False,0,False,0,False,0
CNNBO,PHMAN,142.0,46,45561.46293916655,1109.7828386692868,12.53257446592199,0.33212491583404513,630.6289542994994,28,962,45561.46293916655,0.14149200364359205,0.8195452346040649,0.9394255532677969,0.6126760563380281,22877.1277852421,121.683333,29.966667,120.94162,14.596732,923.7292497206461,False,0,False,0,False,0
TRALI,TRMER,159.0,67,45558.378525473934,651.4142554728851,12.33108038311383,0.278214051221632,630.6999999999999,124,963,45558.378525473934,0.1415887109560805,0.8195655620738862,0.9394323767242746,0.41509433962264153,15498.824873111475,26.957016,38.82268,34.633333,36.783333,384.04501010647976,False,0,False,0,False,0
CNSHA,CNSHA,2263.0,97,45541.66275769888,3643.657668144504,3.262631830264854,0.23194252831551587,630.7000000000002,882,964,45541.66275769888,0.14158871095608083,0.8195655620738862,0.9394323767242746,0.964206805125939,35988.41968488732,121.46055,31.130717,121.46055,31.130717,0.0,False,0,False,0,False,0
CNJIT,CNNSA,190.0,14,45528.260793143134,1418.3530251513978,10.808550235904978,0.4923815217495113,630.7,94,965,45528.260793143134,0.1415887109560806,0.8195655620738862,0.9394323767242746,0.9947368421052631,37117.008359562096,118.997083,39.205083,113.682083,22.64515,1030.728548592313,False,0,False,0,False,0
INKKT,LKCOL,231.0,21,45411.21284773379,1280.8942919326396,11.324350379557961,0.32568550604205015,630.6999999999999,68,966,45411.21284773379,0.1415887109560805,0.8195655620738862,0.9394323767242746,0.37662337662337664,14016.96778283487,88.011475,21.831569,79.85,6.95,1010.9788777920787,False,0,False,0,False,0
BSFRE,USCHA,103.0,49,45384.71649078211,576.3193785588874,7.515953044431122,0.22783496988221458,630.6733417704598,98,967,45384.71649078211,0.14155242636361798,0.8195579352053559,0.939429816562782,0.49514563106796117,18417.14205233358,-78.6966,26.5285,-79.938165,32.87698,386.6151242823477,False,0,False,0,False,0
ITGOA,ITLIV,396.0,106,45323.436759640404,129.69468615393544,7.168523487861726,0.22323210946127936,630.7,370,968,45323.436759640404,0.1415887109560806,0.8195655620738862,0.9394323767242746,0.41414141414141414,15383.50146307507,8.923988,44.403373,10.3,43.55,78.48250471809556,False,0,False,0,False,0
BEANT,COSMA,22.0,13,45211.50799943354,4571.591069375077,16.570926774326022,0.452923939214482,630.7000000000002,20,969,45211.50799943354,0.14158871095608083,0.8195655620738862,0.9394323767242746,0.5454545454545454,20211.16089041659,4.4,51.2167,-74.2167,11.25,4451.247202423252,False,0,False,0,False,0
CNNBO,VNHPG,161.0,47,45197.849253460314,1271.0687025052437,12.997523060797173,0.36745402238827923,630.7,110,970,45197.849253460314,0.1415887109560806,0.8195655620738862,0.9394323767242746,0.5341614906832298,19786.730823621718,121.683333,29.966667,106.828308,20.81389,973.7738866653978,False,0,False,0,False,0
CNNSA,KRBUS,65.0,37,45105.956808402196,1244.359919220599,14.587023697317315,0.3622902839367233,630.4888245910983,58,971,45105.956808402196,0.14130119538419506,0.8195051275114913,0.9394120902542967,0.7846153846153846,29002.964725779544,113.682083,22.64515,129.052391,35.112607,1098.8435033460353,False,0,False,0,False,0
CNYSN,USSEA,17.0,15,44915.78101053499,5256.781482751094,15.198823185213767,0.40062731251993544,630.6999999999999,16,972,44915.78101053499,0.1415887109560805,0.8195655620738862,0.9394323767242746,0.7058823529411765,25984.536924625907,122.066667,30.633333,-122.333333,47.6,4970.502622288244,False,0,False,0,True,1
AEKHA,CNNBO,8.0,8,44867.6454107367,5838.244727089092,16.121112762857305,0.5052514836416147,630.7,7,974,44867.6454107367,0.1415887109560806,0.8195655620738862,0.9394323767242746,0.875,32175.479901234467,54.659214,24.802318,121.683333,29.966667,3536.5082520385454,False,0,False,0,True,1
CNQIN,CNXIA,108.0,75,44812.932535199034,935.3971403492433,13.298115506727894,0.3077916888677526,628.9168540235079,71,976,44812.932535199034,0.1391548874284687,0.8190539826179529,0.9392606514587505,0.7037037037037037,25828.889127746064,120.2667,36.0333,118.042517,24.44535,705.1810323877647,False,0,False,0,False,0
JPYOK,USOAK,16.0,5,44810.66290963922,4860.377718145204,17.87828083288111,0.7608650915531757,624.6,16,977,44810.66290963922,0.13320525136087102,0.8178033941722702,0.9388408581492155,1.0,36646.31222261241,139.679832,35.450183,-122.320518,37.814824,4477.288165469052,False,0,False,0,False,0
EGDAM,ESBAR,39.0,25,44793.98659637066,1624.5158240443507,12.53223236807445,0.35700549063207776,629.9781725893628,36,978,44793.98659637066,0.14060514545334968,0.8193588207473055,0.9393629784933837,0.9743589743589743,35761.2621871428,31.757526,31.481673,2.166667,41.35,1538.0400582047184,False,0,False,0,False,0
CAVCR,CNYSN,17.0,12,44736.83808810273,5239.229872040881,14.264459764278872,0.2895674035477463,630.7000000000002,15,979,44736.83808810273,0.14158871095608083,0.8195655620738862,0.9394323767242746,0.5882352941176471,21567.512854755503,-123.116667,49.283333,122.066667,30.633333,4883.504486914531,False,0,False,0,True,1
CNXIA,JPTOK,148.0,29,44516.950824539075,1375.962252166368,14.851155618842279,0.4748927494075576,630.1047826171141,145,981,44516.950824539075,0.14077782785377768,0.8193951178606573,0.9393751625859148,0.581081081081081,21196.07842175435,118.042517,24.44535,139.75,35.6667,1309.3633398479885,False,0,False,0,False,0
MATAN,MQFDF,33.0,11,44339.87082966248,3285.6617369027854,15.490718401703736,0.4101442850495156,630.7000000000002,33,984,44339.87082966248,0.14158871095608083,0.8195655620738862,0.9394323767242746,1.0,36339.431158795844,-5.797516,35.789733,-61.05,14.583333,3212.74165481363,False,0,False,0,False,0
CAHFX,MYPKE,5.0,5,44279.94085232183,12055.630474047068,16.499987604196008,0.36821149848514034,629.4505081849087,5,985,44279.94085232183,0.13988472014870912,0.8192073903822,0.9393121468594028,0.8,29019.56383352699,-63.57595,44.655955,101.34485,3.00525,7833.495034573752,False,0,True,1,True,2
CNXIA,CNZOS,126.0,70,44279.915308240285,519.4352904872461,11.881684230508053,0.24294551735713987,630.6855873382242,100,986,44279.915308240285,0.14156909422181252,0.819561438718955,0.939430992610405,0.5793650793650794,21025.223095518784,118.042517,24.44535,122.099218,30.006902,397.91761512763236,False,0,False,0,False,0
MYPKE,USNYK,6.0,6,44248.22877514469,11948.388713081735,16.5853098349588,0.4081591745818364,629.7839366488092,3,987,44248.22877514469,0.14034009365039646,0.8193031079745384,0.9393442770178152,1.0,36252.71135784445,101.34485,3.00525,-74.049568,40.663452,8173.230550673484,False,0,True,1,True,2
AEKHA,QAHMD,269.0,99,44041.585773826024,232.05153625639406,10.420726516034495,0.2512154173420639,629.5651948207619,215,988,44041.585773826024,0.14004140563371315,0.8192403250112976,0.9393232022445657,0.5464684014869888,19716.931328528768,54.659214,24.802318,51.638489,25.021684,165.01361284523753,False,0,False,0,False,0
CNTJN,TWKAO,120.0,33,43985.37271772357,1287.6259496060143,13.867105223989538,0.42791390890951625,630.658317072878,99,989,43985.37271772357,0.1415319748531335,0.8195536363839797,0.9394283735489282,0.5666666666666667,20427.41088982519,117.8143,38.97075,120.260382,22.620829,989.6164148968013,False,0,False,0,False,0
CNSHE,MXMAN,12.0,10,43692.02973983824,7890.623707590038,17.030022384522184,0.47819878520952386,628.6282927482949,11,991,43692.02973983824,0.138759730916568,0.8189709223832756,0.9392327700794475,1.0,35782.50189683283,113.8943,22.467416,-104.293756,19.073908,7454.872606746598,False,0,False,0,True,1
BRIJI,BRRGR,131.0,72,43621.351518793206,516.7774292133209,11.103812374702002,0.2745299625176187,628.8145419111565,56,993,43621.351518793206,0.13901482247130847,0.819024541553814,0.9392507687816845,0.7251908396946565,25908.862258133973,-48.6646,-26.899129,-52.083333,-32.05,357.11345041403865,False,0,False,0,False,0
AEKFA,MYPKE,27.0,18,43333.00337189538,3188.9284745351115,14.73821297413898,0.3076081303354151,630.5727277606404,22,997,43333.00337189538,0.14141545270649503,0.8195291439194665,0.9394201520010863,0.5925925925925926,21044.538759602237,56.364756,25.359318,101.34485,3.00525,2920.4646111359752,False,0,False,0,False,0
AEKHA,CNTJN,7.0,7,43213.49363632158,6610.810250936364,17.016003821077618,0.47854636515166854,629.7555001844914,7,999,43213.49363632158,0.14030127590566033,0.8192949486480683,0.939341538122638,1.0,35404.59704967371,54.659214,24.802318,117.8143,38.97075,3264.484097445345,False,0,False,0,True,1
AUMEL,NZAKL,87.0,33,43171.99163997032,1743.022754408506,13.929731125966969,0.3780224617679951,630.1280292550314,63,1000,43171.99163997032,0.14080952621633114,0.8194017807229746,0.9393773991530547,0.5747126436781609,20330.57863629256,144.912243,-37.858862,174.769478,-36.840752,1420.2884903230213,False,0,False,0,False,0
AEJAL,ZACPT,21.0,11,43126.7817067641,5017.706366262371,16.721745018147143,0.4932320140942418,630.7000000000002,17,1003,43126.7817067641,0.14158871095608083,0.8195655620738862,0.9394323767242746,1.0,35345.225089941916,55.0606,25.0136,18.437805,-33.905756,4108.108340251721,False,0,False,0,True,1
VNDAN,VNHPG,617.0,83,43100.12626116268,312.4826620754985,12.102555564523106,0.343796038456136,630.6768412724317,464,1004,43100.12626116268,0.14155718972066567,0.8195589364429474,0.9394301526548382,0.40032414910858993,14140.687404977863,108.230438,16.111792,106.828308,20.81389,293.3834510340432,False,0,False,0,False,0
TWTCH,VNHCM,114.0,20,42871.37724490618,1263.6391940266728,14.156287938931445,0.44874430685674055,628.1691585959477,107,1007,42871.37724490618,0.1381302431177771,0.8188386066989343,0.939188354797006,0.8333333333333334,29253.949008736145,120.5,24.283333,106.710033,10.776988,1129.9929264214463,False,0,False,0,False,0
MATAN,MATAN,338.0,110,42843.602330517686,238.39145713135272,4.484370224192928,0.2044808534408432,630.67684488725,306,1008,42843.602330517686,0.1415571946409585,0.8195589374771723,0.9394301530020034,0.48520710059171596,17037.007637295108,-5.797516,35.789733,-5.797516,35.789733,0.0,False,0,False,0,False,0
USSAV,VNCMP,5.0,5,42838.08575453498,13296.110767259453,17.398439364400357,0.5205244439860578,630.1043139470665,5,1009,42838.08575453498,0.14077718876642764,0.8193949835271878,0.939375117493309,1.0,35101.31257117345,-81.0833,32.0833,107.012844,10.522075,8207.321007141229,False,0,True,1,True,2
PABAL,PEPTA,127.0,36,42825.79567386641,877.4564446923455,14.45182518736268,0.39250933986568726,630.6999999999999,78,1010,42825.79567386641,0.1415887109560805,0.8195655620738862,0.9394323767242746,0.5433070866141733,19069.289479427145,-79.57037,8.954178,-81.116667,-5.083333,847.8853029459344,False,0,False,0,False,0
CAVCR,USSEA,208.0,83,42798.05619302651,301.99938892175095,12.087526222557663,0.26886559062829857,630.6859448187666,157,1013,42798.05619302651,0.14156958079099702,0.8195615409937486,0.9394310269416625,0.6394230769230769,22428.174219795586,-123.116667,49.283333,-122.333333,47.6,105.7726515980506,False,0,False,0,False,0
BEANT,COCTA,14.0,11,42602.54599226769,4827.5119422377065,16.14818549690869,0.5082554081121183,630.7000000000003,14,1016,42602.54599226769,0.14158871095608094,0.8195655620738862,0.9394323767242746,0.9285714285714286,32421.60958393635,4.4,51.2167,-75.540962,10.394286,4540.616611475619,False,0,False,0,False,0
CAVCR,CNNBO,16.0,14,42494.44492397545,5248.185051382462,15.636747930195225,0.3469804318508419,630.7,15,1019,42494.44492397545,0.1415887109560806,0.8195655620738862,0.9394323767242746,0.625,21766.864774459835,-123.116667,49.283333,121.683333,29.966667,4927.4747618450765,False,0,False,0,True,1
CNDCB,LKCOL,26.0,11,42414.94039943792,3092.181081551236,15.242352470162682,0.3321344180302611,630.7,17,1020,42414.94039943792,0.1415887109560806,0.8195655620738862,0.9394323767242746,0.34615384615384615,12032.939239198518,113.852567,22.533467,79.85,6.95,2176.336323311008,False,0,False,0,False,0
IDJAK,THLCB,115.0,20,42273.085849875126,1272.8209242272908,14.783522577198234,0.49694426915971096,630.6476322224132,107,1022,42273.085849875126,0.14151743011846896,0.8195505791420055,0.9394273473042585,0.5217391304347826,18075.616690635587,106.788826,-6.09208,100.886078,13.056152,1202.3710516629865,False,0,False,0,False,0
INNSA,OMSAL,100.0,27,42260.86434930848,1122.3396720854828,13.731718382867598,0.28774837565344347,630.7,93,1023,42260.86434930848,0.1415887109560806,0.8195655620738862,0.9394323767242746,0.53,18356.84099340971,72.9428,18.953883,54.002781,16.946141,1087.97006247672,False,0,False,0,False,0
ESLPA,INMUN,6.0,6,42251.191722603086,9301.549709636387,16.26280588607666,0.340905591721632,629.3774431743068,5,1024,42251.191722603086,0.1397848685688301,0.8191864020006148,0.9393051015502942,0.8333333333333334,28843.001439564483,-15.4167,28.15,69.7,22.766667,4528.082301273051,False,0,True,1,True,1
NGLAG,ZACPT,37.0,15,42235.03099679004,2812.0988268371707,13.92479183061201,0.37878676293632824,630.6999999999999,20,1025,42235.03099679004,0.1415887109560805,0.8195655620738862,0.9394323767242746,0.9459459459459459,32743.329517114274,3.3833,6.45,18.437805,-33.905756,2569.7103742468894,False,0,False,0,False,0
CNQIN,VNCMP,35.0,23,42053.52466072234,2044.345057941231,15.06796504108406,0.35895659818051695,630.7000000000002,32,1026,42053.52466072234,0.14158871095608083,0.8195655620738862,0.9394323767242746,0.45714285714285713,15755.712263201343,120.2667,36.0333,107.012844,10.522075,1692.9978282964594,False,0,False,0,False,0
CNQIZ,HKHKG,1231.0,88,42031.68107372376,429.20447746011115,9.183219333955043,0.27243752375321034,630.7000000000002,759,1027,42031.68107372376,0.14158871095608083,0.8195655620738862,0.9394323767242746,0.8424045491470349,29018.91462395477,108.6,21.683333,114.181938,22.298785,312.92788181572337,False,0,False,0,False,0
OMSAL,TZDRS,79.0,8,42008.648195820744,2312.23442451361,14.2055509422582,0.46564235219194594,630.7000000000002,26,1028,42008.648195820744,0.14158871095608083,0.8195655620738862,0.9394323767242746,0.5063291139240507,17432.324744593403,54.002781,16.946141,39.293118,-6.823008,1673.0596871931837,False,0,False,0,False,0
CNTJN,JPNAG,173.0,20,41320.59162403101,1260.8534525030582,12.815778480468838,0.3954487232843492,630.0047986753805,141,1031,41320.59162403101,0.14064146632164853,0.8193664552408637,0.93936554121442,0.630057803468208,21331.68224815433,117.8143,38.97075,136.866667,35.066667,940.9922975861482,False,0,False,0,False,0
CNYSN,USCHA,5.0,5,41318.63409414663,10317.629837463646,16.18535955895695,0.5375634644414634,630.7000000000002,5,1032,41318.63409414663,0.14158871095608083,0.8195655620738862,0.9394323767242746,1.0,33863.32957549452,122.066667,30.633333,-79.938165,32.87698,6794.531205957168,False,0,True,1,True,2
BRPEC,MATAN,19.0,14,41197.09176897212,3063.442412663674,16.1188115351059,0.4650147131589338,630.7000000000002,18,1033,41197.09176897212,0.14158871095608083,0.8195655620738862,0.9394323767242746,1.0,33763.717671447106,-38.795986,-3.528841,-5.797516,35.789733,3000.937220065141,False,0,False,0,False,0
IQUMQ,SADMA,140.0,69,41055.963602417825,394.76819115417146,8.39803822565048,0.2230141512233711,630.0359971952297,71,1035,41055.963602417825,0.14068402057948448,0.8193753999666519,0.93936854374979,0.5785714285714286,19463.285531553858,47.95,30.033333,50.206833,26.510212,242.852819159748,False,0,False,0,False,0
EGPSA,TRTEK,39.0,20,41049.24702656811,779.895434327078,12.27765340055339,0.4354944418455289,630.7,28,1036,41049.24702656811,0.1415887109560806,0.8195655620738862,0.9394323767242746,0.9230769230769231,31054.660811113015,32.319633,31.269083,27.511883,40.96832,627.0174531267712,False,0,False,0,False,0
CNQIN,JPKOB,180.0,34,40995.395867312815,899.6141533727136,13.88973409900213,0.40608732482005777,630.7,128,1037,40995.395867312815,0.1415887109560806,0.8195655620738862,0.9394323767242746,0.9388888888888889,31545.178205209075,120.2667,36.0333,135.237233,34.685033,736.7553563058551,False,0,False,0,False,0
JMKIN,USCHA,36.0,16,40896.1579356424,1117.0935841665078,15.426694273126815,0.5357541358608883,630.4594153006154,28,1039,40896.1579356424,0.141261139320364,0.8194967078955623,0.9394092639860323,1.0,33514.266793835915,-76.7936,17.997,-79.938165,32.87698,909.3725021001094,False,0,False,0,False,0
CNQIN,CNSHE,83.0,51,40839.26112627597,1220.9424633174008,13.533472747330746,0.3867196649679787,624.1730023445988,56,1040,40839.26112627597,0.13261227581724333,0.8176787532102,0.9387990190916489,0.9036144578313253,30174.75552990282,120.2667,36.0333,113.8943,22.467416,879.6627701249288,False,0,False,0,False,0
AUSYD,MYTPP,22.0,16,40823.73423900209,4347.238481275553,15.46016589686821,0.36435259069631754,630.4671296458746,21,1041,40823.73423900209,0.14127164678022552,0.8194989165193751,0.9394100053694211,0.45454545454545453,15206.820898698696,151.2111,-33.86,103.549576,1.327854,3415.812055284405,False,0,False,0,False,0
IDJAK,IDSEM,533.0,87,40816.436600904715,268.09116121914764,11.806516225200593,0.3205363364719974,630.5894933010767,351,1042,40816.436600904715,0.14143827997224967,0.8195339421145955,0.9394217626430365,0.7485928705440901,25040.772272145125,106.788826,-6.09208,110.421696,-6.947692,222.71165259741184,False,0,False,0,False,0
CNTJN,PHMAN,56.0,17,40812.106232663835,1770.3862729316681,14.611143737651563,0.5699608829144948,630.7,49,1043,40812.106232663835,0.1415887109560806,0.8195655620738862,0.9394323767242746,0.8571428571428571,28669.882957707672,117.8143,38.97075,120.94162,14.596732,1472.7392332159911,False,0,False,0,False,0
FRFOS,ITGOA,199.0,83,40665.209434586955,271.155360460415,10.2205262259097,0.2411788936222277,628.6866717667938,195,1044,40665.209434586955,0.13883970455663186,0.8189877325056237,0.9392384128445943,0.4723618090452261,15731.683018440575,4.871235,43.408352,8.923988,44.403373,185.18883615236084,False,0,False,0,False,0
BRIOA,UYMON,97.0,49,40617.22143634601,770.0368958614271,14.207564513030311,0.3417836463750046,630.3904228962036,70,1045,40617.22143634601,0.14116715556583936,0.8194769529061554,0.9394026326978483,0.7835051546391752,26078.872589907493,-48.601391,-26.181417,-56.216667,-34.916667,655.3163106312007,False,0,False,0,False,0
CAMTL,MATAN,29.0,10,40569.44765641086,3383.8839094470586,11.688647097074224,0.2535253314288895,630.7,29,1046,40569.44765641086,0.1415887109560806,0.8195655620738862,0.9394323767242746,0.41379310344827586,13758.340208918678,-73.55,45.5167,-5.797516,35.789733,3048.261918250368,False,0,False,0,False,0
CNXIA,PHMAN,245.0,67,40495.759461984635,699.9407167949558,13.279351686862778,0.4305136085670561,630.5183367790021,91,1047,40495.759461984635,0.14134138784014183,0.8195135757964687,0.9394149261460906,0.7714285714285715,25601.264723276774,118.042517,24.44535,120.94162,14.596732,613.5773441044985,False,0,False,0,False,0
CAHFX,DEBHN,45.0,4,40326.918523147244,3123.050006473471,13.613534333149538,0.35931566688102323,630.7000000000003,38,1049,40326.918523147244,0.14158871095608094,0.8195655620738862,0.9394323767242746,0.4888888888888889,16158.04844921959,-63.57595,44.655955,8.548651,53.563407,2759.5884301389756,False,0,False,0,False,0
NZNAP,NZTAU,228.0,65,40237.81525838065,324.45928288663976,10.786271852019775,0.24266926572084405,630.685595916267,164,1051,40237.81525838065,0.14156910589745098,0.8195614411731251,0.9394309934342124,0.5394736842105263,17790.418899677275,176.9,-39.483333,176.183333,-37.716667,111.27322288311558,False,0,False,0,False,0
CNWGQ,PHMAN,117.0,54,40073.35198180949,1252.277422466952,12.83626084641873,0.334164753202626,630.4273187640574,70,1053,40073.35198180949,0.14121741890658235,0.8194875180487053,0.9394061791692491,0.717948717948718,23577.157157769903,121.617967,31.353633,120.94162,14.596732,1006.7788314116581,False,0,False,0,False,0
USOAK,USSEA,68.0,29,40059.73425138323,985.6804758058156,10.931049021990008,0.2642423820763686,630.7000000000002,51,1054,40059.73425138323,0.14158871095608083,0.8195655620738862,0.9394323767242746,0.9117647058823529,29934.674622536102,-122.320518,37.814824,-122.333333,47.6,587.506745086412,False,0,False,0,False,0
EGALE,MYPKE,8.0,6,40028.76304504207,11649.527454102006,16.21052556636687,0.4586365633179156,630.6999999999999,4,1055,40028.76304504207,0.1415887109560805,0.8195655620738862,0.9394323767242746,0.875,28705.421223615765,29.86702,31.187057,101.34485,3.00525,4360.753323092972,False,0,True,1,True,2
SGSGP,ZAPLZ,12.0,12,39897.887418771235,5958.612800722115,13.685310373127026,0.3057260460046213,622.1715131776094,10,1056,39897.887418771235,0.12982194052100848,0.8170922364818818,0.9386021391353944,0.4166666666666667,13583.439192460884,103.802776,1.248823,25.6372,-33.9618,4858.230608730038,False,0,False,0,True,1
DEBHN,FRLEH,114.0,51,39892.936615197665,524.2722312369676,11.95072761261941,0.24674633385353467,630.6427235930516,98,1057,39892.936615197665,0.14151074808981579,0.8195491746077226,0.9394268758349298,0.43859649122807015,14339.571612133088,8.548651,53.563407,0.094067,49.480233,399.38382958933107,False,0,False,0,False,0
DEWVN,ESALG,19.0,15,39775.91244716286,1685.9333917390104,16.249246503207804,0.6550314711476595,630.6999999999998,19,1060,39775.91244716286,0.1415887109560804,0.8195655620738861,0.9394323767242746,1.0,32598.968041760712,8.170278,53.541667,-5.433333,36.116667,1191.2144613263022,False,0,False,0,False,0
CLVAL,PEGSM,47.0,28,39733.37323022366,1225.6369194409594,17.26201739675028,0.5033431787777487,630.6999999999999,47,1062,39733.37323022366,0.1415887109560805,0.8195655620738862,0.9394323767242746,0.7872340425531915,25635.571521004917,-71.6167,-33.033333,-76.291251,-13.798407,1182.82739382566,False,0,False,0,False,0
EGPSA,ITGIT,35.0,29,39653.13931344501,985.0299605045545,15.064942436441552,0.5523148772324167,630.1415077392285,35,1066,39653.13931344501,0.14082790396971023,0.8194056436493407,0.9393786958471425,0.6285714285714286,20423.546717734527,32.319633,31.269083,15.909341,38.462848,914.6081891640116,False,0,False,0,False,0
BRIJI,UYMON,70.0,48,39629.61407684268,771.8386638618816,12.429219131344816,0.3241930830636906,629.6391132334003,44,1067,39629.61407684268,0.14014236310743777,0.819261545847112,0.9393303255831255,0.9428571428571428,30611.760667637536,-48.6646,-26.899129,-56.216667,-34.916667,618.4694818766194,False,0,False,0,False,0
PABAL,USTAM,36.0,19,39572.118958771345,1367.3115218487733,12.527763266543435,0.25704761477426724,630.7,1,1068,39572.118958771345,0.1415887109560806,0.8195655620738862,0.9394323767242746,0.5,16215.972958450064,-79.57037,8.954178,-82.466667,27.95,1152.2399369306006,False,0,False,0,False,0
KRGWA,KRINC,340.0,78,39522.26168663562,387.1643141841707,13.890243757094131,0.40795657388204426,630.0731620918655,311,1071,39522.26168663562,0.140734707375041,0.8193860541176203,0.9393721200992363,0.7676470588235295,24859.474717321977,127.728767,34.866497,126.607819,37.439929,163.78386662484905,False,0,False,0,False,0
JPTOK,USEVE,26.0,8,39459.5262417547,4386.885376177856,14.588825347572483,0.6778281928984474,628.7011030269234,25,1072,39459.5262417547,0.13885947170540414,0.8189918874770502,0.9392398075713824,1.0,32317.031875684872,139.75,35.6667,-122.216667,47.983333,4147.106378940001,False,0,False,0,False,0
TWKAO,VNCMP,48.0,29,39420.71667320521,1162.293512646122,14.79686180603129,0.35876263701093586,629.417967797688,46,1073,39420.71667320521,0.13984025290167656,0.8191980435541388,0.9393090093476987,0.875,28256.70222741776,120.260382,22.620829,107.012844,10.522075,1051.6210109687574,False,0,False,0,False,0
COBUE,ECGYL,140.0,57,39383.95543904144,614.1549013828766,12.691914523807004,0.2863222959478054,630.4687721274664,127,1074,39383.95543904144,0.14127388391801077,0.8194993867563163,0.9394101632169708,0.6571428571428571,21209.369388504245,-77.083333,3.883333,-79.930086,-2.257278,406.33559903913454,False,0,False,0,False,0
CNQIN,MYTPP,21.0,21,39308.45196178638,2611.479420077848,16.379761852213974,0.45577729641276454,629.3846745131794,16,1075,39308.45196178638,0.13979475204291303,0.8191884794652448,0.9393057989066111,0.5238095238095238,16867.206710466304,120.2667,36.0333,103.549576,1.327854,2282.034977000137,False,0,False,0,False,0
IDSUR,TWTAP,45.0,9,39062.26199202498,2192.3792356414974,17.672268654790013,0.5960029825681001,630.7,43,1078,39062.26199202498,0.1415887109560806,0.8195655620738862,0.9394323767242746,0.7555555555555555,24188.419555169465,112.731533,-7.1937,121.37318,25.14978,2006.5211576539568,False,0,False,0,False,0
DEBHN,MATAN,29.0,21,39005.21677065785,1676.4565900024206,15.323408354403112,0.4425571608568583,630.6999999999999,29,1079,39005.21677065785,0.1415887109560805,0.8195655620738862,0.9394323767242746,0.5862068965517241,18739.470721027086,8.548651,53.563407,-5.797516,35.789733,1225.1793085721658,False,0,False,0,False,0
CNNSA,TWKAO,251.0,96,38975.991546055375,427.0120079664826,13.851394441473174,0.37977353802550756,630.2552324953551,224,1081,38975.991546055375,0.14098293503022996,0.8194382305253789,0.9393896344997318,0.8804780876494024,28121.07680298508,113.682083,22.64515,120.260382,22.620829,364.5206777797941,False,0,False,0,False,0
CNWGQ,PHCDO,98.0,23,38950.74328512038,1507.3395561016662,13.466494497172345,0.41412649659942047,630.488193122126,80,1082,38950.74328512038,0.14130033534960984,0.8195049467358434,0.9394120295721372,0.673469387755102,21497.362947742953,121.617967,31.353633,124.7219,8.482767,1384.1038103098665,False,0,False,0,False,0
LKCOL,USBOS,9.0,9,38762.340183186396,11196.717643488519,15.16766328065954,0.4046640224062511,630.7,8,1083,38762.340183186396,0.1415887109560806,0.8195655620738862,0.9394323767242746,0.5555555555555556,17649.043955295747,79.85,6.95,-71.083333,42.35,7447.136316312982,False,0,True,1,True,2
ECPBO,USPHU,33.0,3,38658.57612333249,3236.169875386035,18.690206605401603,0.6337627184625362,630.7000000000002,28,1084,38658.57612333249,0.14158871095608083,0.8195655620738862,0.9394323767242746,1.0,31683.23766949511,-80.0027,-3.25955,-119.2,34.15,3153.73475672014,False,0,False,0,False,0
IDSEM,SGSGP,216.0,28,38633.10191147639,702.1211758877596,11.950704089094032,0.3399004279797133,630.6477975519119,151,1086,38633.10191147639,0.1415176551767241,0.8195506264483029,0.9394273631838768,0.4074074074074074,12899.244874263246,110.421696,-6.947692,103.802776,1.248823,632.0223129682962,False,0,False,0,False,0
INNSA,INPPV,221.0,72,38598.403259345076,216.7472922775769,9.617069589772411,0.21352781172989213,630.7000000000002,187,1088,38598.403259345076,0.14158871095608083,0.8195655620738862,0.9394323767242746,0.3665158371040724,11594.333425585399,72.9428,18.953883,71.516667,20.933333,143.53546831842857,False,0,False,0,False,0
CNNBO,JPNAG,120.0,26,38506.80830420574,926.0952075219808,13.838736920270346,0.3225981537339239,629.7489768237436,107,1089,38506.80830420574,0.14029237057176047,0.8192930767843856,0.9393409097817533,0.7,22083.853016889472,121.683333,29.966667,136.866667,35.066667,826.3168536531214,False,0,False,0,False,0
AUMEL,CNYTN,16.0,12,38490.62676939718,5100.080618775394,15.948725483945227,0.3471894056165894,630.7,16,1090,38490.62676939718,0.1415887109560806,0.8195655620738862,0.9394323767242746,0.5,15772.796081418586,144.912243,-37.858862,114.263091,22.566543,4019.058461963512,False,0,False,0,True,1
AUSYD,CNMWN,26.0,15,38464.65818819078,4684.878660319021,13.741933009479308,0.38576221700191443,630.7,25,1091,38464.65818819078,0.1415887109560806,0.8195655620738862,0.9394323767242746,0.8461538461538461,26674.41548367918,151.2111,-33.86,113.862187,22.508158,4000.9143446253515,False,0,False,0,False,0
PAMIT,USSAV,58.0,27,38425.56139416475,1655.5573340212743,15.036679592683265,0.4349235549622692,630.6999999999999,43,1092,38425.56139416475,0.1415887109560805,0.8195655620738862,0.9394323767242746,1.0,31492.26682201326,-79.88466,9.361132,-81.0833,32.0833,1365.877709624026,False,0,False,0,False,0
CNTAI,CNYSN,3414.0,122,38325.929325835925,133.4052746458229,6.475367857967018,0.23218437348140042,630.7000000000002,1703,1093,38325.929325835925,0.14158871095608083,0.8195655620738862,0.9394323767242746,0.8154657293497364,25614.277468908258,121.211133,31.6506,122.066667,30.633333,75.25390775721107,False,0,False,0,False,0
CNBYQ,CNZHA,100.0,18,38060.02333420772,1640.2017514847182,11.490030480868763,0.426155555978553,630.7,61,1097,38060.02333420772,0.1415887109560806,0.8195655620738862,0.9394323767242746,0.96,29944.977039787365,122.0684,40.268517,110.407368,21.182277,1291.568903730422,False,0,False,0,False,0
CNSHE,PHDAV,102.0,20,38035.92219264326,1446.8880992960744,14.88609870120826,0.5142910086184439,630.6999999999998,88,1098,38035.92219264326,0.1415887109560804,0.8195655620738861,0.9394323767242746,0.47058823529411764,14669.615035676361,113.8943,22.467416,125.627031,7.073807,1146.6074198015697,False,0,False,0,False,0
AEKFA,CNQIN,15.0,10,37991.059635857244,5942.849820587629,15.031014000836425,0.3336882074732253,630.7,6,1099,37991.059635857244,0.1415887109560806,0.8195655620738862,0.9394323767242746,0.3333333333333333,10378.721381414623,56.364756,25.359318,120.2667,36.0333,3302.925361560642,False,0,False,0,True,1
COBUE,COCTA,119.0,36,37858.296502711826,697.2878882883798,11.752056884975717,0.3478802909212607,630.7,119,1100,37858.296502711826,0.1415887109560806,0.8195655620738862,0.9394323767242746,0.773109243697479,23987.53577160712,-77.083333,3.883333,-75.540962,10.394286,401.5626829623682,False,0,False,0,False,0
INCHN,SGSGP,77.0,26,37813.593445826256,1601.3755650645617,13.859117007366045,0.3273372043145137,630.6346924773004,61,1101,37813.593445826256,0.14149981525241317,0.8195468765713421,0.9394261044378319,0.5844155844155844,18111.04620806424,80.3,13.1,103.802776,1.248823,1568.02812583025,False,0,False,0,False,0
KRULS,KRULS,64.0,56,37573.78435089793,1788.876868979376,10.931835884452669,0.3564179457134362,630.7,64,1103,37573.78435089793,0.1415887109560806,0.8195655620738862,0.9394323767242746,0.984375,30313.020633118107,129.369164,35.462441,129.369164,35.462441,0.0,False,0,False,0,False,0
ARBNA,BRIJI,85.0,49,37297.4799727745,825.952007126749,14.039580943342438,0.3438301863629027,627.2510468740152,32,1106,37297.4799727745,0.13686871835744996,0.8185734395069778,0.9390993443687746,0.8588235294117647,26220.5062592557,-58.362293,-34.592025,-48.6646,-26.899129,680.3091835848697,False,0,False,0,False,0
COBUE,KRBUS,10.0,10,37243.31961265038,8568.971285474296,16.44274095192094,0.41819623801654576,630.7,10,1108,37243.31961265038,0.1415887109560806,0.8195655620738862,0.9394323767242746,0.6,18314.00530310352,-77.083333,3.883333,129.052391,35.112607,8041.043329655481,False,0,True,1,True,1
BEZEE,LKCOL,4.0,4,37200.89682969444,10700.878656574847,17.592567268289944,0.4796403802510818,630.7,4,1109,37200.89682969444,0.1415887109560806,0.8195655620738862,0.9394323767242746,1.0,30488.57391988117,3.2,51.333333,79.85,6.95,4578.100733241504,False,0,True,1,True,2
DEBHN,DKAHS,79.0,37,37136.49149315112,516.557699172599,12.470935116276298,0.417417333119814,630.7000000000002,74,1110,37136.49149315112,0.14158871095608083,0.8195655620738862,0.9394323767242746,0.8354430379746836,25427.368463119095,8.548651,53.563407,10.233333,56.166667,166.77622566097432,False,0,False,0,False,0
HKHKG,PKKAR,17.0,8,37101.283639712834,4411.175303922922,15.33450891141198,0.4050881384573311,630.7000000000002,16,1111,37101.283639712834,0.14158871095608083,0.8195655620738862,0.9394323767242746,0.5294117647058824,16097.788789329137,114.181938,22.298785,66.9833,24.7833,2589.5484669387156,False,0,False,0,False,0
LBBRT,LKCOL,5.0,5,37056.785571279484,11562.149873887209,16.72196331570929,0.3759970902962881,630.7,5,1112,37056.785571279484,0.1415887109560806,0.8195655620738862,0.9394323767242746,0.8,24296.37223630172,35.516567,33.904758,79.85,6.95,2938.6157337000304,False,0,True,1,True,2
COCTA,CRPMN,180.0,41,37022.577225980574,496.23703905073467,10.239102774995331,0.30281660280516637,630.5654723682879,168,1113,37022.577225980574,0.14140557368832585,0.8195270673914509,0.9394194549591689,0.5944444444444444,18036.041350650597,-75.540962,10.394286,-83.090115,10.006213,446.68789092591504,False,0,False,0,False,0
CNMWN,VNCMP,50.0,25,37004.93916828309,979.2267791517704,15.485109864131568,0.3924391284738911,630.7,50,1114,37004.93916828309,0.1415887109560806,0.8195655620738862,0.9394323767242746,0.92,27901.735867446787,113.862187,22.508158,107.012844,10.522075,820.1303934580222,False,0,False,0,False,0
INMUN,PKQAS,254.0,83,36965.078837079454,279.98188180388496,9.583436761055896,0.23141604153631265,630.7000000000002,198,1115,36965.078837079454,0.14158871095608083,0.8195655620738862,0.9394323767242746,0.42913385826771655,13000.741385628357,69.7,22.766667,67.343788,24.775279,176.9246790406751,False,0,False,0,False,0
IDSUR,PHMAN,44.0,15,36920.879365281944,1619.5920647861908,13.394135138300754,0.4847914180429619,630.7,17,1116,36920.879365281944,0.1415887109560806,0.8195655620738862,0.9394323767242746,0.9545454545454546,28883.66846521174,112.731533,-7.1937,120.94162,14.596732,1396.667392299979,False,0,False,0,False,0
BRSAL,BRSUA,145.0,47,36908.22292863763,446.6442740988516,12.231500133094068,0.3241842409828532,630.1206805013236,107,1117,36908.22292863763,0.14079950594660295,0.8193996745044763,0.9393766921447363,0.8413793103448276,25445.486029105155,-38.516667,-12.966667,-34.9681,-8.3911,345.36816847963274,False,0,False,0,False,0
JPTOK,TWKEE,114.0,26,36893.57673371817,1160.1912576528036,15.245042152650297,0.5384849344512632,630.2363353898064,113,1118,36893.57673371817,0.1409571781272504,0.8194328165328428,0.9393878171489859,0.5526315789473685,16707.051510329107,139.75,35.6667,121.7559,25.15113,1122.4819711861808,False,0,False,0,False,0
SGSGP,USMOB,4.0,4,36890.97523149539,13435.380160130522,15.771547208181898,0.3899110449596599,630.7,4,1119,36890.97523149539,0.1415887109560806,0.8195655620738862,0.9394323767242746,1.0,30234.57285105433,103.802776,1.248823,-88.1167,30.6833,8772.681057226715,False,0,True,1,True,2
GTSTC,USPHI,54.0,4,36771.32706394458,1841.2189968056343,18.411904173290658,0.6258923139748643,630.7,52,1121,36771.32706394458,0.1415887109560806,0.8195655620738862,0.9394323767242746,0.9814814814814815,29578.42975311695,-88.616667,15.7,-75.1333,39.95,1617.9496776831404,False,0,False,0,False,0
DOCUC,ESBAR,25.0,9,36762.71981646096,4149.351195492272,15.878694421929133,0.5087265017988265,630.6999999999999,25,1122,36762.71981646096,0.1415887109560805,0.8195655620738862,0.9394323767242746,0.48,14462.140382276457,-69.629288,18.426403,2.166667,41.35,3869.5357876357425,False,0,False,0,False,0
JPTOK,TWKAO,67.0,19,36739.96947101592,1381.2006668147483,16.40077685293978,0.35459466389991007,630.6999999999999,66,1123,36739.96947101592,0.1415887109560805,0.8195655620738862,0.9394323767242746,0.5522388059701493,16628.3598210948,139.75,35.6667,120.260382,22.620829,1283.3120747188877,False,0,False,0,False,0
CNMWN,CNYSN,56.0,34,36552.35138965291,905.1532229685484,14.092280096410448,0.3233063496430826,630.7,53,1127,36552.35138965291,0.1415887109560806,0.8195655620738862,0.9394323767242746,0.9642857142857143,28887.153825647973,113.862187,22.508158,122.066667,30.633333,656.852839693534,False,0,False,0,False,0
AUADE,AUSYD,55.0,20,36501.85421157882,990.8702623172485,14.06933693914023,0.28076405147569633,630.6999999999999,47,1129,36501.85421157882,0.1415887109560805,0.8195655620738862,0.9394323767242746,0.6545454545454545,19581.161016208353,138.5,-34.783333,151.2111,-33.86,632.3055794137373,False,0,False,0,False,0
REREU,SGSGP,24.0,19,36409.32740698922,3511.3309167762823,14.022916032113427,0.46544805858946614,630.6999999999999,21,1132,36409.32740698922,0.1415887109560805,0.8195655620738862,0.9394323767242746,0.75,22379.873160780953,55.3,-20.916666,103.802776,1.248823,3142.441159302936,False,0,False,0,False,0
JMPRO,KRBUS,5.0,5,36347.8731804594,8952.645940922204,15.406974124603364,0.49838516638558295,629.6072384509628,5,1133,36347.8731804594,0.14009883156359682,0.8192523956999211,0.9393272540925922,1.0,29778.082181688274,-76.8439,17.9368,129.052391,35.112607,7296.8486292667885,False,0,True,1,True,1
INNSA,TZDRS,40.0,16,36327.71438809995,2622.409865784012,14.184813061410456,0.3937544975946695,630.7,22,1135,36327.71438809995,0.1415887109560806,0.8195655620738862,0.9394323767242746,0.4,11909.177464537097,72.9428,18.953883,39.293118,-6.823008,2521.710606866927,False,0,False,0,False,0
OMSAL,SGSGP,20.0,17,36313.97981708834,3222.7958338736194,14.122397458568152,0.4661414796525386,630.7000000000002,17,1136,36313.97981708834,0.14158871095608083,0.8195655620738862,0.9394323767242746,0.7,20833.18109595223,54.002781,16.946141,103.802776,1.248823,3087.1463371114833,False,0,False,0,False,0
CNQIN,CNQIN,399.0,97,36127.674243113266,313.1728130777377,5.866671482899243,0.24162858180931046,629.7769449951484,69,1139,36127.674243113266,0.1403305498835452,0.819301101914938,0.9393436036304976,0.6691729323308271,19807.146279801425,120.2667,36.0333,120.2667,36.0333,0.0,False,0,False,0,False,0
GHTEM,NGLAG,225.0,93,36102.41250602433,259.3428810628789,10.43111328426429,0.26155907950708024,630.7000000000003,171,1142,36102.41250602433,0.14158871095608094,0.8195655620738862,0.9394323767242746,0.5955555555555555,17621.472869755107,0.016667,5.633333,3.3833,6.45,206.90339460346573,False,0,False,0,False,0
MYPKE,USNFK,4.0,3,36043.6052479744,12289.340571846069,17.121283136812085,0.38827445722787296,630.7,3,1143,36043.6052479744,0.1415887109560806,0.8195655620738862,0.9394323767242746,1.0,29540.097594225415,101.34485,3.00525,-76.316667,36.85,8410.785274164504,False,0,True,1,True,2
CNYSN,KRGWA,94.0,35,36041.06947443126,521.7155607089566,11.415602315159305,0.2739849204699763,627.2334405355132,91,1144,36041.06947443126,0.1368444904057271,0.818568346893557,0.9390976348974858,0.9042553191489362,26677.411554220085,122.066667,30.633333,127.728767,34.866497,382.4171051941548,False,0,False,0,False,0
COCTA,PABAL,83.0,31,35993.71157287828,415.0950735336196,5.902805313403136,0.20503363544772218,630.7,59,1145,35993.71157287828,0.1415887109560806,0.8195655620738862,0.9394323767242746,0.4939759036144578,14571.897165185597,-75.540962,10.394286,-79.57037,8.954178,253.6697261596592,False,0,False,0,False,0
CNNSA,INNSA,33.0,28,35992.38297044378,3970.9748397974035,14.458028836078542,0.4840497689176684,629.3470512979595,20,1146,35992.38297044378,0.139743327813451,0.8191776703087749,0.9393021705254412,0.6060606060606061,17869.185715508702,113.682083,22.64515,72.9428,18.953883,2290.420310707118,False,0,False,0,False,0
CNZOS,KRBUS,110.0,67,35991.9971680511,586.4708218326282,10.463908663886738,0.2501097305323847,630.7,88,1147,35991.9971680511,0.1415887109560806,0.8195655620738862,0.9394323767242746,0.6,17698.680833517312,122.099218,30.006902,129.052391,35.112607,466.4224823406128,False,0,False,0,False,0
CNWGQ,QAHMD,14.0,10,35950.174253481244,6080.315653329927,14.703776816875179,0.3516242401783581,630.7000000000002,9,1149,35950.174253481244,0.14158871095608083,0.8195655620738862,0.9394323767242746,0.5,14731.762384354253,121.617967,31.353633,51.638489,25.021684,3661.723955744861,False,0,False,0,True,1
CGPNO,GHTEM,79.0,31,35923.42192549219,1033.843678523589,14.352469909927178,0.3445922037906416,630.7,32,1151,35923.42192549219,0.1415887109560806,0.8195655620738862,0.9394323767242746,0.7848101265822784,23106.065416240115,11.839142,-4.778824,0.016667,5.633333,945.1195197385686,False,0,False,0,False,0
TGLOM,VNCMP,5.0,5,35683.367929826905,8900.504946075993,16.991831244176726,0.45744366746657844,627.7849101719635,5,1153,35683.367929826905,0.1376027183391535,0.8187277232120349,0.9391511338022823,0.6,17528.977549034713,1.286945,6.137824,107.012844,10.522075,6256.634206765482,False,0,True,1,True,1
CNHUM,CNTJN,160.0,14,35683.2008899716,1482.3537458695212,10.654379699515605,0.5045439326041536,630.5680682342677,142,1154,35683.2008899716,0.14140910827273312,0.819527810346208,0.9394197043517148,1.0,29243.375491502287,113.659717,22.81445,117.8143,38.97075,993.0475353467115,False,0,False,0,False,0
EGSOK,SGSGP,12.0,11,35657.91108726835,7193.303583171553,15.109094061403095,0.37781837836418064,630.7000000000002,11,1156,35657.91108726835,0.14158871095608083,0.8195655620738862,0.9394323767242746,0.6666666666666666,19482.663961745162,32.33,29.58,103.802776,1.248823,4402.137685433427,False,0,False,0,True,1
JPNAG,THLCB,40.0,4,35628.43286422268,2880.991633659569,16.126805520631958,0.3948046328958122,630.7000000000002,40,1157,35628.43286422268,0.14158871095608083,0.8195655620738862,0.9394323767242746,0.875,25549.857030406085,136.866667,35.066667,100.886078,13.056152,2353.293743819035,False,0,False,0,False,0
CLCOR,PECAL,33.0,24,35580.855659963396,1564.5748559659053,15.31112911685936,0.4187255956236702,628.3706975332069,31,1159,35580.855659963396,0.1384066728041704,0.8188967110548847,0.9392078590711476,0.7878787878787878,22956.460229940232,-73.1667,-37.0333,-77.15,-12.05,1515.2965747287856,False,0,False,0,False,0
EGPSA,MYPKE,5.0,5,35577.29242179211,12247.038891772778,16.96253712005724,0.36653406619195955,630.7,3,1160,35577.29242179211,0.1415887109560806,0.8195655620738862,0.9394323767242746,0.6,17494.754196439837,32.319633,31.269083,101.34485,3.00525,4236.701452182091,False,0,True,1,True,2
CNXIA,JPNAG,58.0,23,35568.202686536075,1280.7475304146883,15.433385516088219,0.37694006906022925,630.6999999999999,54,1161,35568.202686536075,0.1415887109560805,0.8195655620738862,0.9394323767242746,0.5517241379310345,16083.02015268902,118.042517,24.44535,136.866667,35.066667,1166.9514668501874,False,0,False,0,False,0
GUAPR,JPNAH,47.0,9,35469.476853813234,1266.9162716453525,18.912125315707463,0.5787934536440569,630.5057234395199,47,1162,35469.476853813234,0.1413242102758917,0.8195099651448032,0.9394137141347231,0.6808510638297872,19790.69939756452,144.642048,13.452902,127.675638,26.229272,1224.9490919241211,False,0,False,0,False,0
BRMAN,PAMIT,39.0,10,35452.96238656476,3023.2726976195895,14.66260163437321,0.3523274655821204,630.7000000000002,36,1163,35452.96238656476,0.14158871095608083,0.8195655620738862,0.9394323767242746,0.8205128205128205,23840.842704024035,-60.033932,-3.131603,-79.88466,9.361132,1404.7027977297419,False,0,False,0,False,0
DEBHN,LTKLJ,110.0,56,35446.532632563154,889.7085252066007,13.121135355104185,0.3512772162889052,630.2903763194207,99,1165,35446.532632563154,0.14103083223084556,0.8194482983152387,0.9393930140214597,0.6545454545454545,19012.320554353824,8.548651,53.563407,21.116667,55.716667,454.6944221112569,False,0,False,0,False,0
CNMWN,SAJED,22.0,9,35445.40391985394,5934.505656492878,15.953157790707044,0.6128826344172376,630.6999999999998,19,1166,35445.40391985394,0.1415887109560804,0.8195655620738861,0.9394323767242746,1.0,29049.832386511018,113.862187,22.508158,39.1667,21.466667,4110.844317579547,False,0,False,0,True,1
MXVER,USHOU,80.0,45,35365.44941782248,676.8764274862641,12.996853468608752,0.29493282718884484,630.7000000000002,59,1168,35365.44941782248,0.14158871095608083,0.8195655620738862,0.9394323767242746,0.375,10869.114161292477,-96.1333,19.2,-94.97475,29.6069,628.0235679332741,False,0,False,0,False,0
CGPNO,CIABI,34.0,25,35348.066936155075,1232.543195717573,11.501096620541162,0.291905590068086,628.8601986573439,17,1169,35348.066936155075,0.1390773320430787,0.8190376808025533,0.939255179320365,0.8529411764705882,24693.840122441594,11.839142,-4.778824,-4.0267,5.3364,1128.6675395007276,False,0,False,0,False,0
CNYTN,MXLCS,7.0,7,35296.52612006105,8066.482474418431,14.652769260429892,0.30304171104176497,630.7000000000002,7,1170,35296.52612006105,0.14158871095608083,0.8195655620738862,0.9394323767242746,0.7142857142857143,20662.726620602458,114.263091,22.566543,-102.166667,17.883333,7571.28839838642,False,0,True,1,True,1
MYPEN,SGSGP,280.0,71,35265.62972799845,431.8136732346577,10.794806509613789,0.3062883244809395,630.588711216731,247,1172,35265.62972799845,0.14143721514557395,0.8195337182925126,0.9394216875111949,0.3607142857142857,10425.137994822384,100.35,5.416667,103.802776,1.248823,324.7017285750713,False,0,False,0,False,0
BRPAR,SGSGP,5.0,5,35254.13372930187,9303.679076714168,15.740510171344264,0.5133129701711727,628.2124800731192,5,1173,35254.13372930187,0.13818967758013168,0.8188510995726246,0.9391925483626912,0.8,23094.308934975357,-48.515217,-25.502281,103.802776,1.248823,8642.530294331036,False,0,True,1,True,1
NLROT,PTSNS,36.0,32,35248.58024371044,1275.4763269453363,13.557014841936232,0.3708673509088925,628.0537309628909,36,1174,35248.58024371044,0.13797184331671608,0.818805311727821,0.9391771784534513,0.6944444444444444,20042.864398898917,4.03038,52.002215,-8.866667,37.95,1002.6080015110733,False,0,False,0,False,0
DORHA,USMIA,154.0,14,35162.06687046675,947.7340916599884,15.803469981773253,0.5940982605764557,630.7000000000002,154,1175,35162.06687046675,0.14158871095608083,0.8195655620738862,0.9394323767242746,0.5974025974025974,17215.720500327116,-70.016667,18.416667,-80.1833,25.7833,717.4310948951985,False,0,False,0,False,0
CNTJN,CNTJN,1044.0,67,35099.58682532775,250.48461343582045,6.6715688546379885,0.2294999264725431,623.8053023457421,132,1176,35099.58682532775,0.13210099695508726,0.8175712845465255,0.9387629443732626,0.4099616858237548,11764.43037853793,117.8143,38.97075,117.8143,38.97075,0.0,False,0,False,0,False,0
CNQIZ,CNYPG,424.0,72,34909.16740722717,155.26009428593954,9.388951112777107,0.21059240745109847,630.6611956524581,218,1179,34909.16740722717,0.14153589323045612,0.8195544600103915,0.9394286500210628,0.5849056603773585,16734.129795455003,108.6,21.683333,109.189336,19.728811,121.9281338628881,False,0,False,0,False,0
FRLEH,GBLGP,169.0,82,34898.48658452327,297.41160244042794,9.903134333882917,0.23107402878625902,630.3525405320298,139,1180,34898.48658452327,0.14111554219635913,0.8194661039932503,0.9393989909713722,0.5266272189349113,15060.552002748638,0.094067,49.480233,0.486317,51.502973,122.36645344902266,False,0,False,0,False,0
AEJAL,CNYSN,8.0,8,34806.78171281134,5747.281060400147,16.430286179024947,0.5101856141321054,630.6999999999999,8,1181,34806.78171281134,0.1415887109560805,0.8195655620738862,0.9394323767242746,0.75,21394.829713832467,55.0606,25.0136,122.066667,30.633333,3522.257427156719,False,0,False,0,True,1
CNBYQ,CNXIA,141.0,28,34793.67826952113,1163.9653305139766,10.9970852303917,0.4283192118195871,630.6999999999999,71,1182,34793.67826952113,0.1415887109560805,0.8195655620738862,0.9394323767242746,1.0,28515.700487578044,122.0684,40.268517,118.042517,24.44535,971.4203336891694,False,0,False,0,False,0
CLIQU,PECAL,101.0,22,34759.38126992533,695.3534941928032,12.93832467470685,0.3526332805855973,627.9460459033343,85,1183,34759.38126992533,0.13782401604079397,0.8187742390569678,0.9391667480841491,0.7029702970297029,20006.59507332241,-70.158777,-20.204535,-77.15,-12.05,633.9964584511911,False,0,False,0,False,0
INNSA,KEMOM,51.0,26,34747.33940989986,2639.330571475371,13.592275120913476,0.4085042898109113,630.7000000000003,38,1184,34747.33940989986,0.14158871095608094,0.8195655620738862,0.9394323767242746,0.5098039215686274,14518.054737357128,72.9428,18.953883,39.647169,-4.053188,2404.0262032369797,False,0,False,0,False,0
CNWGQ,CNYTN,75.0,33,34722.8391736385,918.668031962192,13.98953156997916,0.27634873495378776,630.6999999999998,68,1185,34722.8391736385,0.1415887109560804,0.8195655620738861,0.9394323767242746,0.5866666666666667,16695.15067976459,121.617967,31.353633,114.263091,22.566543,657.7827531267853,False,0,False,0,False,0
CNDCB,VNCMP,59.0,32,34664.16270021492,949.3251371543081,14.425903736631932,0.30211959313016057,630.7,58,1188,34664.16270021492,0.1415887109560806,0.8195655620738862,0.9394323767242746,0.576271186440678,16371.607382467077,113.852567,22.533467,107.012844,10.522075,821.1854310734446,False,0,False,0,False,0
JMKIN,USMIA,166.0,36,34643.7477508585,765.2394766062505,14.301379220438243,0.45575244930367587,630.5151895198492,160,1190,34643.7477508585,0.14133710178768621,0.8195126748862924,0.9394146237316026,0.6987951807228916,19839.48725865949,-76.7936,17.997,-80.1833,25.7833,504.11247305535994,False,0,False,0,False,0
JPYOK,USTAC,18.0,11,34560.81371141018,4593.236866826451,16.059782630653096,0.46474619691642266,630.7,18,1191,34560.81371141018,0.1415887109560806,0.8195655620738862,0.9394323767242746,0.5,14162.426357561377,139.679832,35.450183,-122.422033,47.272467,4173.185357669982,False,0,False,0,False,0
DEHAM,PLGDY,285.0,51,34537.165067424525,621.7973554062474,11.716028965575411,0.33714530793389375,630.6407618571914,215,1192,34537.165067424525,0.14150807758506412,0.8195486132788702,0.9394266874099546,0.5333333333333333,15095.939060048642,9.903145,53.539287,18.566667,54.533333,311.04003924042763,False,0,False,0,False,0
BRIJI,BRPAR,209.0,117,34501.85926885344,205.8672346411676,6.964211783779383,0.2151114082373701,627.4850739953943,92,1193,34501.85926885344,0.13719063219665706,0.8186411044403021,0.9391220579052684,0.7081339712918661,20000.98921631824,-48.6646,-26.899129,-48.515217,-25.502281,84.25257743234508,False,0,False,0,False,0
CNSHE,INCHN,46.0,10,34418.32323268515,3060.178638585657,14.045788403187919,0.4558144736883715,630.1649928506307,42,1194,34418.32323268515,0.14085992376233258,0.8194123740749047,0.9393809550936851,0.9782608695652174,27589.69560499434,113.8943,22.467416,80.3,13.1,1996.0358205316952,False,0,False,0,False,0
MXLCS,USLSA,38.0,22,34311.1118001042,1470.103572955125,12.601021099050579,0.3790707499864973,630.7,38,1197,34311.1118001042,0.1415887109560806,0.8195655620738862,0.9394323767242746,1.0,28120.205627832347,-102.166667,17.883333,-118.244,33.738045,1285.3478030566782,False,0,False,0,False,0
CNQIN,VNHCM,64.0,19,34297.56744009101,2055.0337906104373,14.060901475332425,0.3941655886430316,630.6155107641035,36,1199,34297.56744009101,0.14147370186946873,0.8195413876482186,0.9394242619346392,0.515625,14493.329819105436,120.2667,36.0333,106.710033,10.776988,1686.057053664975,False,0,False,0,False,0
CNNBO,USHOU,4.0,4,34264.74054891603,10479.236379943739,16.749184500959736,0.36708696673270885,630.7,3,1200,34264.74054891603,0.1415887109560806,0.8195655620738862,0.9394323767242746,0.75,21061.651010466187,121.683333,29.966667,-94.97475,29.6069,6661.13513825113,False,0,True,1,True,2
CRPTC,GTPQL,167.0,27,34253.70238109571,484.6790360769274,15.360367961860316,0.5153697683925917,630.6671042891036,102,1201,34253.70238109571,0.14154393606707405,0.8195561505807777,0.9394292175060255,0.9101796407185628,25551.320568393672,-84.720083,9.91385,-90.783333,13.916667,429.61787037296995,False,0,False,0,False,0
EGPSA,SAJED,80.0,27,34248.35339621512,746.917770534676,12.810906807344434,0.301832334551857,630.6635190081294,69,1202,34248.35339621512,0.14153905580033832,0.8195551247692621,0.9394288731650774,0.75,21051.310155582647,32.319633,31.269083,39.1667,21.466667,693.859403194423,False,0,False,0,False,0
AUBRI,NZAKL,59.0,24,34220.43490139978,1421.8311047264415,13.750462405198475,0.30316054116278857,630.7,47,1203,34220.43490139978,0.1415887109560806,0.8195655620738862,0.9394323767242746,0.6949152542372882,19489.516754907123,153.169467,-27.350967,174.769478,-36.840752,1233.5257504396202,False,0,False,0,False,0
INNSA,SAJED,56.0,27,34218.848667458755,2471.649896956844,13.985110232658558,0.39272784088979856,630.4052931699296,37,1204,34218.848667458755,0.14118741408780922,0.8194812111621587,0.9394040620948546,0.4642857142857143,13019.362362771013,72.9428,18.953883,39.1667,21.466667,1905.4499071643072,False,0,False,0,False,0
CNWGQ,PHDAV,39.0,20,34198.95501186356,1744.592693010471,14.135254620263416,0.30231574083939566,630.7000000000002,32,1206,34198.95501186356,0.14158871095608083,0.8195655620738862,0.9394323767242746,0.48717948717948717,13654.80589605417,121.617967,31.353633,125.627031,7.073807,1475.0252941168983,False,0,False,0,False,0
USCHA,USMIA,83.0,35,34128.734894418136,518.2156776213983,11.2232014791472,0.26823659377168485,630.6999999999999,73,1208,34128.734894418136,0.1415887109560805,0.8195655620738862,0.9394323767242746,0.5662650602409639,15838.850390853968,-79.938165,32.87698,-80.1833,25.7833,426.1005758534671,False,0,False,0,False,0
NLROT,PACOL,8.0,7,34044.68735579094,5017.390105432284,17.53506353933383,0.5665561846371584,630.7,8,1210,34044.68735579094,0.1415887109560806,0.8195655620738862,0.9394323767242746,1.0,27901.85332837853,4.03038,52.002215,-79.892063,9.359918,4737.358838571802,False,0,False,0,True,1
CNWGQ,KRINC,340.0,35,34001.41343319683,521.0188688155514,13.272726329688968,0.4371112991341729,630.6999999999999,262,1211,34001.41343319683,0.1415887109560805,0.8195655620738862,0.9394323767242746,0.9205882352941176,25653.46850340371,121.617967,31.353633,126.607819,37.439929,441.0166450431354,False,0,False,0,False,0
KRBUS,TWKEE,150.0,25,33990.67531827215,741.2451923987197,14.674552764874994,0.48464620315147133,629.5214839794662,150,1212,33990.67531827215,0.13998169438541452,0.8192277739583675,0.9393189891494695,0.6933333333333334,19306.632991588605,129.052391,35.112607,121.7559,25.15113,707.4545399556704,False,0,False,0,False,0
CLSAN,CNYTN,5.0,5,33919.44344743414,10552.541491947988,18.16364811113069,0.549077311145817,627.530591882452,5,1215,33919.44344743414,0.13725321601307028,0.8186542592949527,0.9391264736824885,1.0,27768.296851156232,-71.616667,-33.5833,114.263091,22.566543,10076.553142988003,False,0,True,1,True,2
CNFOS,HKHKG,4075.0,165,33881.85452979946,83.00799146222433,4.243986910317977,0.20440187629463497,630.7,3588,1216,33881.85452979946,0.1415887109560806,0.8195655620738862,0.9394323767242746,0.7315337423312883,20313.522413147883,113.062235,23.00838,114.181938,22.298785,75.2603315686441,False,0,False,0,False,0
CNJIN,CNNBO,162.0,25,33826.90996343727,786.8721031908506,10.301459448902479,0.3354161686977938,630.7,57,1218,33826.90996343727,0.1415887109560806,0.8195655620738862,0.9394323767242746,0.9444444444444444,26183.18322866236,121.066667,40.783333,121.683333,29.966667,650.1336720074983,False,0,False,0,False,0
ITGOA,MTMAL,84.0,42,33825.565364002876,638.4073705215303,12.629019039020847,0.2894104427679768,625.7308553687863,77,1219,33825.565364002876,0.13477177071455793,0.818132669943326,0.9389513883289548,0.5119047619047619,14166.350053030344,8.923988,44.403373,14.539518,35.819159,575.9478842042806,False,0,False,0,False,0
CNZOS,TWKAO,65.0,44,33811.18339316305,573.7617388064447,12.629478218092947,0.3833047332875242,630.4758273778068,58,1220,33811.18339316305,0.14128349337083934,0.8195014066228326,0.9394108412389472,0.8769230769230769,24298.058522552947,122.099218,30.006902,120.260382,22.620829,454.3455490143777,False,0,False,0,False,0
ESVAL,ITSPE,76.0,52,33730.75174346477,581.0453288134954,11.384259863858626,0.267149307045474,630.6999999999999,60,1221,33730.75174346477,0.1415887109560805,0.8195655620738862,0.9394323767242746,0.5131578947368421,14186.025499480125,-0.316667,39.45,9.816667,44.083333,531.6908317293924,False,0,False,0,False,0
CNDAL,HKHKG,65.0,28,33690.25264590041,1334.6527632982234,15.412752794177933,0.42114515214534276,629.9026864289908,52,1222,33690.25264590041,0.14050215745343986,0.8193371731034382,0.939355711885337,0.5692307692307692,15712.86193029552,121.737442,38.978628,114.181938,22.298785,1073.7770193985862,False,0,False,0,False,0
CNTJN,CNXIA,162.0,32,33668.11665718722,1202.5703416228378,11.04905223464753,0.36747539024176457,630.5797860659329,129,1223,33668.11665718722,0.14142506315070558,0.819531163994367,0.9394208300930125,0.9753086419753086,26910.78513396864,117.8143,38.97075,118.042517,24.44535,872.188713181287,False,0,False,0,False,0
IDSUR,VNHCM,87.0,26,33623.59466591323,1240.3997975100558,13.842885606166801,0.44477294703531967,630.6999999999998,67,1226,33623.59466591323,0.1415887109560804,0.8195655620738861,0.9394323767242746,0.7241379310344828,19954.88087888233,112.731533,-7.1937,106.710033,10.776988,1137.3987286755223,False,0,False,0,False,0
EGPSA,ROCON,75.0,6,33579.71512290151,1081.479276073483,10.052297934651742,0.26487397702007726,630.5944498019883,36,1227,33579.71512290151,0.1414450283062213,0.8195353605859771,0.9394222387907234,0.6533333333333333,17979.579108526028,32.319633,31.269083,28.656807,44.155262,792.7834634812942,False,0,False,0,False,0
CNWGQ,LKCOL,19.0,11,33525.80221194855,4090.4541422869024,14.271146309317588,0.4359554563971168,630.7000000000002,13,1228,33525.80221194855,0.14158871095608083,0.8195655620738862,0.9394323767242746,0.7894736842105263,21692.047053010694,121.617967,31.353633,79.85,6.95,2759.203244316164,False,0,False,0,False,0
GBFEL,PLGDA,30.0,20,33523.47303587836,1102.556301626303,13.53922473612463,0.4421713564218795,627.0467013598877,28,1229,33523.47303587836,0.1365874362693308,0.8185143151966195,0.9390794977197792,0.9666666666666667,26524.794489141845,1.3,51.933333,18.666667,54.35,640.2800134896453,False,0,False,0,False,0
CNNBO,USNYK,4.0,4,33440.887756949305,12942.421328526729,16.021115252208688,0.3646709731682848,629.1249226150516,4,1230,33440.887756949305,0.13943959214079438,0.8191138263495057,0.939280739600625,1.0,27391.893527119086,121.683333,29.966667,-74.049568,40.663452,6477.243367274311,False,0,True,1,True,2
BRMAN,BRSUA,51.0,12,33380.221870712994,2015.5953384343404,15.005680202759214,0.4366061030129549,630.7,37,1231,33380.221870712994,0.1415887109560806,0.8195655620738862,0.9394323767242746,0.6470588235294118,17701.769605637717,-60.033932,-3.131603,-34.9681,-8.3911,1529.6457428132373,False,0,False,0,False,0
INCOC,MYPKE,48.0,15,33321.371480328955,1734.2987165008221,15.394252304754891,0.3501767277129523,630.7000000000002,26,1233,33321.371480328955,0.14158871095608083,0.8195655620738862,0.9394323767242746,0.5625,15361.339807321065,76.25,9.966667,101.34485,3.00525,1553.2393683311716,False,0,False,0,False,0
HKHKG,MYPEN,65.0,21,33288.19030927546,1874.2938829810357,15.181771747240312,0.46078036973848785,630.7,61,1235,33288.19030927546,0.1415887109560806,0.8195655620738862,0.9394323767242746,0.9076923076923077,24763.529379590556,114.181938,22.298785,100.35,5.416667,1292.9682684113873,False,0,False,0,False,0
GBLGP,ZACPT,9.0,8,33277.67485549291,6245.220945989602,16.17376480381467,0.38574069430399205,630.7,8,1236,33277.67485549291,0.1415887109560806,0.8195655620738862,0.9394323767242746,1.0,27273.236297454074,0.486317,51.502973,18.437805,-33.905756,5214.698703503145,False,0,False,0,True,1
HKHKG,IDSUR,48.0,14,33152.73422454648,1966.5986030009622,15.811293798743032,0.4324794441585564,630.7,45,1240,33152.73422454648,0.1415887109560806,0.8195655620738862,0.9394323767242746,0.5416666666666666,14717.537931972742,114.181938,22.298785,112.731533,-7.1937,1772.7963447078134,False,0,False,0,False,0
AEKHA,CNNSA,11.0,10,33097.59723296365,5045.458451351307,16.88888239001917,0.40467539896080595,630.7000000000002,10,1241,33097.59723296365,0.14158871095608083,0.8195655620738862,0.9394323767242746,0.5454545454545454,14795.809570652156,54.659214,24.802318,113.682083,22.64515,3221.1806195266117,False,0,False,0,True,1
JPKOB,TWTAP,97.0,22,33083.91389745963,974.9225626754454,16.13819490286554,0.4634023741913538,630.1288257592929,96,1242,33083.91389745963,0.1408106122623044,0.8194020090052645,0.9393774757820835,0.9896907216494846,26829.551023507407,135.237233,34.685033,121.37318,25.14978,919.3798943500968,False,0,False,0,False,0
CNXIA,JPOSK,96.0,23,32980.489955800986,1180.5349501103567,14.752139612545838,0.505777805273903,630.6999999999999,96,1243,32980.489955800986,0.1415887109560805,0.8195655620738862,0.9394323767242746,0.6770833333333334,18301.341627358153,118.042517,24.44535,135.433333,34.65,1093.0025438592593,False,0,False,0,False,0
INPPV,SGSGP,21.0,15,32977.84261490243,2639.5565575051787,14.962671795258686,0.2754679049319906,630.6999999999999,21,1244,32977.84261490243,0.1415887109560805,0.8195655620738862,0.9394323767242746,0.5238095238095238,14157.26406215873,71.516667,20.933333,103.802776,1.248823,2229.735446390195,False,0,False,0,False,0
NLROT,PACRI,8.0,7,32967.01074466914,5012.247921518038,17.26530060907967,0.5352119927177389,630.6999999999999,7,1245,32967.01074466914,0.1415887109560805,0.8195655620738862,0.9394323767242746,1.0,27018.626690850608,4.03038,52.002215,-79.916667,9.35,4738.733525715555,False,0,False,0,True,1
BRIOA,BRPAR,295.0,114,32816.05379701018,116.54753493900382,7.3360045217843375,0.20921997868742007,626.2925260229483,146,1249,32816.05379701018,0.13554772330116827,0.8182957719092592,0.9390061378465175,0.6779661016949152,18205.585134128964,-48.601391,-26.181417,-48.515217,-25.502281,41.04065774709108,False,0,False,0,False,0
PAMIT,USMIA,73.0,10,32747.855515709696,1247.7459107169473,17.010163831041172,0.6567052368814544,630.7000000000002,69,1252,32747.855515709696,0.14158871095608083,0.8195655620738862,0.9394323767242746,0.410958904109589,11029.732032512478,-79.88466,9.361132,-80.1833,25.7833,986.1413730754955,False,0,False,0,False,0
CNQIZ,USLGB,6.0,5,32689.78286297842,7037.672937990224,16.990090162646975,0.3874770147565942,630.7,6,1253,32689.78286297842,0.1415887109560806,0.8195655620738862,0.9394323767242746,0.6666666666666666,17860.946844113467,108.6,21.683333,-118.217354,33.74561,6536.942492002753,False,0,False,0,True,1
USSEA,VNHPG,13.0,5,32683.283411430613,6542.7312176989235,16.088776405656457,0.7075381059284482,624.6,12,1254,32683.283411430613,0.13320525136087102,0.8178033941722702,0.9388408581492155,1.0,26728.50010656221,-122.333333,47.6,106.828308,20.81389,5920.807554647225,False,0,False,0,True,1
JPYOK,TWTAP,86.0,27,32664.624028995026,1177.2208432838167,16.288824217110633,0.5465493326285871,629.057344665908,86,1255,32664.624028995026,0.13934714443635143,0.8190943942313572,0.9392742166927754,0.9186046511627907,24577.644466443635,139.679832,35.450183,121.37318,25.14978,1129.6753069662384,False,0,False,0,False,0
CNDAL,TWKAO,94.0,15,32624.601168094377,1098.7232818528666,14.908033395570191,0.43675766371674113,630.6347403471225,76,1256,32624.601168094377,0.14149988041890105,0.8195468902690635,0.9394261090358368,0.8191489361702128,21901.90492963485,121.737442,38.978628,120.260382,22.620829,985.0379662422173,False,0,False,0,False,0
IDSEM,IDSUR,430.0,88,32619.857905079094,209.3856527607627,10.744563541466361,0.297561972405151,630.4520851563968,326,1257,32619.857905079094,0.14125115493004614,0.8194946092187647,0.9394085595092866,0.6953488372093023,18587.924451864263,110.421696,-6.947692,112.731533,-7.1937,138.41905845054598,False,0,False,0,False,0
TWKAO,USHOU,5.0,5,32575.04375804353,12049.912357946843,15.17088248315768,0.301279580053404,630.7,4,1258,32575.04375804353,0.1415887109560806,0.8195655620738862,0.9394323767242746,0.6,16018.430428285428,120.260382,22.620829,-94.97475,29.6069,7069.2817966226985,False,0,True,1,True,2
INMUN,RUSPG,17.0,10,32517.048398720628,7804.864243934285,13.400113062289833,0.5349063180501132,630.7,10,1260,32517.048398720628,0.1415887109560806,0.8195655620738862,0.9394323767242746,0.6470588235294118,17244.02256039374,69.7,22.766667,30.178833,59.885767,2776.364325570152,False,0,False,0,True,1
DEBHN,SEGOT,134.0,53,32485.715593982564,403.50229278803573,12.619196853434477,0.3859124509750928,630.7000000000002,117,1261,32485.715593982564,0.14158871095608083,0.8195655620738862,0.9394323767242746,0.5671641791044776,15100.277655013131,8.548651,53.563407,11.848068,57.68323,271.39218680521185,False,0,False,0,False,0
USMOB,USTAM,86.0,28,32438.54501278233,469.16181941084596,10.924664406000987,0.23201795994661825,630.7,65,1263,32438.54501278233,0.1415887109560806,0.8195655620738862,0.9394323767242746,0.47674418604651164,12674.489411937911,-88.1167,30.6833,-82.466667,27.95,338.18735033582885,False,0,False,0,False,0
EGDAM,SIKOP,81.0,13,32437.669295463504,1312.3059449900768,14.00409346090268,0.46096830010777495,630.7,56,1264,32437.669295463504,0.1415887109560806,0.8195655620738862,0.9394323767242746,0.48148148148148145,12800.087284834963,31.757526,31.481673,13.726419,45.550429,1190.8875276919073,False,0,False,0,False,0
CNCGM,CNYSN,49.0,46,32195.600698115457,265.99248446900236,8.931059518818897,0.20567367878515005,625.4393003967568,36,1270,32195.600698115457,0.13436843566345325,0.8180478906141503,0.9389229298898114,0.6938775510204082,18275.03000198081,121.382233,31.619333,122.066667,30.633333,68.8622733532831,False,0,False,0,False,0
BEANT,PACRI,9.0,7,32191.206389610663,5107.7446867479275,16.875641033970393,0.4755460324799554,630.7,8,1271,32191.206389610663,0.1415887109560806,0.8195655620738862,0.9394323767242746,0.6666666666666666,17588.536105691826,4.4,51.2167,-79.916667,9.35,4753.55981948586,False,0,False,0,True,1
DEHAM,SGSGP,4.0,4,31972.393476771642,12136.342397184924,15.18370059636733,0.3112807893194897,630.7,4,1272,31972.393476771642,0.1415887109560806,0.8195655620738862,0.9394323767242746,0.75,19652.604472978353,9.903145,53.539287,103.802776,1.248823,5482.349131065252,False,0,True,1,True,2
NGLAG,SGSGP,10.0,9,31907.367378752242,8369.192482328674,15.83336217151435,0.37239297894564233,630.7,8,1274,31907.367378752242,0.1415887109560806,0.8195655620738862,0.9394323767242746,0.9,23535.161532058555,3.3833,6.45,103.802776,1.248823,6016.51904113183,False,0,True,1,True,1
HKHKG,MYPAG,69.0,19,31887.968121033005,1462.9164928845453,15.739163956806198,0.45183825196916205,630.7,68,1275,31887.968121033005,0.1415887109560806,0.8195655620738862,0.9394323767242746,0.7101449275362319,18559.126743607543,114.181938,22.298785,103.900833,1.426733,1389.5089914914988,False,0,False,0,False,0
CAPRR,CNYTN,13.0,6,31822.777704350854,5529.265633717813,15.556595876484977,0.315728190293786,630.7000000000002,13,1277,31822.777704350854,0.14158871095608083,0.8195655620738862,0.9394323767242746,0.6923076923076923,18055.974943397523,-130.319567,54.320128,114.263091,22.566543,5126.245089326044,False,0,False,0,True,1
EGDAM,USSAV,19.0,6,31687.49748483653,5684.943773737337,15.575818269419246,0.4437762044904423,630.7000000000002,15,1278,31687.49748483653,0.14158871095608083,0.8195655620738862,0.9394323767242746,0.5263157894736842,13668.411414144688,31.757526,31.481673,-81.0833,32.0833,5414.2994523419875,False,0,False,0,True,1
KRBUS,USJAC,4.0,4,31682.46337401354,10349.465064157654,17.41163039547322,0.5376299007576048,629.084094771837,4,1279,31682.46337401354,0.1393837413798218,0.8191020867547538,0.939276798893072,0.5,12975.585931592774,129.052391,35.112607,-81.377283,30.398817,6514.450366747952,False,0,True,1,True,2
CLSVE,PECAL,79.0,11,31658.27698553993,1536.2752431448164,13.801997451492442,0.4230997336994059,630.7000000000003,56,1280,31658.27698553993,0.14158871095608094,0.8195655620738862,0.9394323767242746,0.9620253164556962,24960.74115782032,-73.135643,-36.735147,-77.15,-12.05,1497.868196430003,False,0,False,0,False,0
CANWE,PFPAP,21.0,10,31595.613704376945,4389.816562087784,12.74358477352179,0.23944891758688475,630.6999999999999,21,1284,31595.613704376945,0.1415887109560805,0.8195655620738862,0.9394323767242746,0.6666666666666666,17263.117936464714,-122.912378,49.199261,-149.566667,-17.533333,4251.075680308585,False,0,False,0,False,0
CNNBO,CNNBO,1462.0,146,31592.65686762829,303.55209274564453,6.614899213877613,0.21773994254297857,629.3115854201424,652,1285,31592.65686762829,0.13969484664969367,0.8191674797723221,0.939298749800551,0.9699042407660738,25100.80857434592,121.683333,29.966667,121.683333,29.966667,0.0,False,0,False,0,False,0
CNWGQ,KHSSK,47.0,15,31562.247718064573,2081.405502899419,16.339664916278622,0.6308791996976573,630.128962451158,27,1286,31562.247718064573,0.14081079864351664,0.8194020481818105,0.9393774889327342,0.3829787234042553,9904.661013984429,121.617967,31.353633,103.504086,10.605101,1601.7527990083465,False,0,False,0,False,0
BRSTS,CNYSN,4.0,4,31548.04843093979,11445.914301405184,16.839489974037388,0.4239820524297799,609.6928500574662,2,1287,31548.04843093979,0.11201189262926303,0.8133486394185632,0.9373455011053525,0.75,19244.671700711864,-46.306133,-23.95,122.066667,30.633333,10069.1500693278,False,0,True,1,True,2
MYTPP,NAWVB,8.0,8,31536.1928225528,7885.814800334904,16.032111203254285,0.3494329067400366,630.7,7,1288,31536.1928225528,0.1415887109560806,0.8195655620738862,0.9394323767242746,0.625,16153.735997678714,103.549576,1.327854,14.5,-22.95,5382.19500628938,False,0,False,0,True,1
GRPIR,TRALI,307.0,99,31531.00016255055,235.18335262573632,9.300538115074607,0.25433618181598616,630.6627155952931,219,1289,31531.00016255055,0.14153796219114767,0.8195548948972158,0.9394287960024046,0.46579804560260585,12036.866872846642,23.65,37.933333,26.957016,38.82268,164.54544921642645,False,0,False,0,False,0
CNFUN,CNNSA,121.0,27,31494.13546659806,469.8858934693337,10.310369057148382,0.29337691523911136,630.6999999999999,105,1290,31494.13546659806,0.1415887109560805,0.8195655620738862,0.9394323767242746,0.9669421487603306,24958.235816351124,119.308128,25.393912,113.682083,22.64515,349.8460762760991,False,0,False,0,False,0
CNTJN,CNWGQ,165.0,54,31480.350898056102,756.8874570268196,12.903618485211897,0.35629441014507274,630.7000000000002,112,1291,31480.350898056102,0.14158871095608083,0.8195655620738862,0.9394323767242746,0.41818181818181815,10789.179345365743,117.8143,38.97075,121.617967,31.353633,493.8428567228349,False,0,False,0,False,0
ITGOA,ITSPE,332.0,114,31447.24010423031,120.19900665587191,5.3605755304973135,0.21570083296049938,628.3564345222624,251,1292,31447.24010423031,0.1383871155682127,0.8188926002062479,0.9392064791553486,0.5150602409638554,13263.786112418775,8.923988,44.403373,9.816667,44.083333,42.93533972830908,False,0,False,0,False,0
BRITA,SGSGP,4.0,4,31427.455471965583,9470.059819084488,15.633146260267779,0.5302517347608777,627.8467421836901,4,1293,31427.455471965583,0.13768764950985168,0.8187455753864447,0.9391571263599489,1.0,25731.09011332633,-43.835878,-22.933812,103.802776,1.248823,8515.808364805058,False,0,True,1,True,1
ARBNA,BRRGR,119.0,57,31379.168482618352,478.2751031217773,11.54206325980839,0.2818041572933296,628.3990364461991,79,1294,31379.168482618352,0.13844552808070332,0.8189048782703805,0.9392106006144862,0.8487394957983193,21809.680410041332,-58.362293,-34.592025,-52.083333,-32.05,349.94597516690425,False,0,False,0,False,0
CNYSN,SADMA,8.0,7,31373.72859456071,6071.091192122966,17.31300553654583,0.48963640567272554,630.7,8,1295,31373.72859456071,0.1415887109560806,0.8195655620738862,0.9394323767242746,0.5,12856.413754977353,122.066667,30.633333,50.206833,26.510212,3731.494352782382,False,0,False,0,True,1
ECPSJ,PAMIT,46.0,17,31251.71684837442,829.3542623139604,13.452496147944371,0.41647895279853503,630.6999999999999,19,1296,31251.71684837442,0.1415887109560805,0.8195655620738862,0.9394323767242746,0.782608695652174,20044.82417056585,-80.240917,-2.705467,-79.88466,9.361132,724.7976149250082,False,0,False,0,False,0
CNTJN,USLGB,7.0,7,31247.16744069099,6245.9430964223375,15.046791526575099,0.3414000954518953,630.7,7,1297,31247.16744069099,0.1415887109560806,0.8195655620738862,0.9394323767242746,0.5714285714285714,14633.77276956957,117.8143,38.97075,-118.217354,33.74561,5444.359148950905,False,0,False,0,True,1
CNQIZ,VNHPG,666.0,128,31002.986512133324,182.4773766531886,10.44010940247798,0.2688018135128827,630.7,510,1298,31002.986512133324,0.1415887109560806,0.8195655620738862,0.9394323767242746,0.4954954954954955,12590.03516822713,108.6,21.683333,106.828308,20.81389,112.04330797803676,False,0,False,0,False,0
NLROT,NLROT,1696.0,152,30997.13066560889,26.92968667096834,7.805336311561007,0.20717429555208688,629.5993513191872,1665,1299,30997.13066560889,0.14008805938949087,0.819250131434289,0.9393264940315451,0.5395047169811321,13700.400404054017,4.03038,52.002215,4.03038,52.002215,0.0,False,0,False,0,False,0
CNTAI,JPNAG,177.0,26,30996.403446407414,950.5339199994369,14.18848403835126,0.5287295935734722,630.7,143,1300,30996.403446407414,0.1415887109560806,0.8195655620738862,0.9394323767242746,0.4124293785310734,10477.184696814349,121.211133,31.6506,136.866667,35.066667,810.4727822615421,False,0,False,0,False,0
CNSHE,USLSA,8.0,6,30948.03206584749,6576.766139206601,17.15950245212617,0.4590426601288761,630.6999999999999,7,1301,30948.03206584749,0.1415887109560805,0.8195655620738862,0.9394323767242746,1.0,25363.94129512695,113.8943,22.467416,-118.244,33.738045,6306.326006134447,False,0,False,0,True,1
DORHA,USESX,51.0,4,30898.152006533608,1474.5445050195183,17.139116267066736,0.5041067229084226,630.7,51,1303,30898.152006533608,0.1415887109560806,0.8195655620738862,0.9394323767242746,0.49019607843137253,12413.265351117201,-70.016667,18.416667,-75.3324,39.852083,1316.1648617779995,False,0,False,0,False,0
TRBAM,VNCMP,4.0,4,30891.412138154155,12921.168808106297,14.969364270988905,0.2831337274132248,630.7,3,1304,30891.412138154155,0.1415887109560806,0.8195655620738862,0.9394323767242746,0.75,18988.153164196785,28.678178,40.961688,107.012844,10.522075,4463.747844367141,False,0,True,1,True,2
CNMWN,VNHCM,146.0,46,30837.328204047022,969.3163250010185,12.889073320462987,0.4049976737202424,630.1101385764389,133,1305,30837.328204047022,0.1407851312738042,0.81939665300879,0.9393756778992599,0.821917808219178,20768.222069695636,113.862187,22.508158,106.710033,10.776988,815.2345688709356,False,0,False,0,False,0
CNQIN,USLGB,11.0,10,30832.538358525446,6050.1269766658725,15.734079289262914,0.4039947359179999,630.7,10,1306,30832.538358525446,0.1415887109560806,0.8195655620738862,0.9394323767242746,0.8181818181818182,20674.87087906601,120.2667,36.0333,-118.217354,33.74561,5488.688815549164,False,0,False,0,True,1
CNQIN,PHMAN,77.0,31,30806.201426072505,1474.0463362975377,13.951665533605608,0.39724050364724317,630.5977724620651,31,1307,30806.201426072505,0.14144955208739018,0.8195363114657277,0.9394225579788296,0.7532467532467533,19017.070647345907,120.2667,36.0333,120.94162,14.596732,1287.57237280757,False,0,False,0,False,0
DEWVN,GHTEM,15.0,14,30766.105524309005,4315.505084634137,16.409588689528867,0.40480585281160697,630.7,14,1308,30766.105524309005,0.1415887109560806,0.8195655620738862,0.9394323767242746,0.9333333333333333,23533.85119573115,8.170278,53.541667,0.016667,5.633333,2904.0507396602443,False,0,False,0,False,0
AEKHA,ESMAL,4.0,4,30637.996364242146,10892.773119428313,16.488165064337498,0.40441622694586815,616.4709439661939,4,1311,30637.996364242146,0.12177531593493995,0.8154008698806726,0.9380343869019481,1.0,24982.248886803933,54.659214,24.802318,-4.383333,36.716667,3080.6803073641927,False,0,True,1,True,2
CNJIN,CNNSA,74.0,25,30622.49705123113,1491.7190559856404,11.258484754443076,0.33182472119877227,630.6999999999999,50,1312,30622.49705123113,0.1415887109560805,0.8195655620738862,0.9394323767242746,0.9459459459459459,23740.54162909286,121.066667,40.783333,113.682083,22.64515,1151.3532499721805,False,0,False,0,False,0
INCHN,INVIS,229.0,57,30567.372053014755,345.6831349526677,12.968451499434382,0.3356835895831211,630.5063406002936,211,1314,30567.372053014755,0.1413250507765823,0.8195101418145088,0.9394137734386137,0.537117903930131,13454.94927050544,80.3,13.1,83.301433,17.687283,325.6128955651572,False,0,False,0,False,0
CNQIN,JPNAG,160.0,23,30545.74222483995,1004.4999308734142,14.666748183793104,0.5415429401116227,630.7,127,1316,30545.74222483995,0.1415887109560806,0.8195655620738862,0.9394323767242746,0.425,10639.551318072621,120.2667,36.0333,136.866667,35.066667,811.9876638332736,False,0,False,0,False,0
CLVAL,PABAL,24.0,15,30541.906649228593,2639.0799210745686,16.291619901786742,0.41005304404214366,630.7,15,1317,30541.906649228593,0.1415887109560806,0.8195655620738862,0.9394323767242746,0.7083333333333334,17730.3588802631,-71.6167,-33.033333,-79.57037,8.954178,2561.649111578458,False,0,False,0,False,0
ESLPA,TGLOM,16.0,16,30503.74129126332,2418.503296435623,15.44389135542679,0.43506835489473894,629.8158580468323,14,1319,30503.74129126332,0.14038366439521732,0.8193122663616101,0.9393473512742839,0.75,18744.067057389882,-15.4167,28.15,1.286945,6.137824,1627.8513751220264,False,0,False,0,False,0
BEANT,ILASD,13.0,8,30273.813568089055,3506.448472232184,16.79126816502662,0.4481224353848468,630.7000000000002,13,1323,30273.813568089055,0.14158871095608083,0.8195655620738862,0.9394323767242746,0.5384615384615384,13359.97117164282,4.4,51.2167,34.65,31.816667,1768.4511882249255,False,0,False,0,False,0
IDJAK,IDPNK,863.0,36,30153.599857165176,428.7008544685346,8.206947693166592,0.47865333302979546,630.7,409,1326,30153.599857165176,0.1415887109560806,0.8195655620738862,0.9394323767242746,0.8354577056778679,20646.542645616806,106.788826,-6.09208,109.316667,-0.016667,394.9752281425041,False,0,False,0,False,0
CNNBO,PABAL,9.0,9,30135.428109174307,8779.337976107694,16.265525763685226,0.38722582275816575,630.7,3,1327,30135.428109174307,0.1415887109560806,0.8195655620738862,0.9394323767242746,0.6666666666666666,16465.306051088417,121.683333,29.966667,-79.57037,8.954178,8167.830730351039,False,0,True,1,True,1
AUMEL,CNMWN,16.0,11,30132.85274887621,5155.124993422698,15.356076723131215,0.3768052420031481,630.7,16,1328,30132.85274887621,0.1415887109560806,0.8195655620738862,0.9394323767242746,0.9375,23152.357875020978,144.912243,-37.858862,113.862187,22.508158,4025.688881429486,False,0,False,0,True,1
GRPIR,NLROT,25.0,10,30123.858895751586,2976.0418780044215,14.101198773210085,0.2940622203343006,630.7,17,1329,30123.858895751586,0.1415887109560806,0.8195655620738862,0.9394323767242746,0.56,13825.547314729409,23.65,37.933333,4.03038,52.002215,1179.2918913127785,False,0,False,0,False,0
BRSUA,PTSNS,13.0,8,30109.50250932823,3157.7520462870207,16.39360333244168,0.45265556721240663,630.7,12,1330,30109.50250932823,0.1415887109560806,0.8195655620738862,0.9394323767242746,1.0,24676.71134782268,-34.9681,-8.3911,-8.866667,37.95,3143.251176633859,False,0,False,0,False,0
NCNOA,PFPAP,42.0,13,29944.63421135577,2530.5492403215194,15.970759290576407,0.62287948186306,630.7,37,1333,29944.63421135577,0.1415887109560806,0.8195655620738862,0.9394323767242746,0.9285714285714286,22788.62018506052,166.433333,-22.266667,-149.566667,-17.533333,2491.839992268624,False,0,False,0,False,0
EGALE,SAJED,71.0,34,29938.31363869566,945.688322496832,12.674914885182263,0.2833552273784652,630.4118002619072,48,1334,29938.31363869566,0.14119627872594842,0.8194830744717638,0.9394046875643355,0.5070422535211268,12439.744887112356,29.86702,31.187057,39.1667,21.466667,768.0494699489316,False,0,False,0,False,0
INMUN,USSAV,4.0,4,29935.60628844773,12194.743528732928,14.667106328561939,0.26233085361451586,630.7,3,1335,29935.60628844773,0.1415887109560806,0.8195655620738862,0.9394323767242746,0.75,18400.643995360668,69.7,22.766667,-81.0833,32.0833,7111.5392985932185,False,0,True,1,True,2
AEKHA,OMSAL,66.0,40,29875.357216953293,1030.0597866562634,12.919421817096097,0.3051468398612439,630.5714459330638,51,1337,29875.357216953293,0.14141370737318404,0.8195287770577546,0.9394200288541847,0.5303030303030303,12983.788238576746,54.659214,24.802318,54.002781,16.946141,473.120602297057,False,0,False,0,False,0
BEANT,ESALG,23.0,20,29807.259555083903,1498.7066921258124,13.459660374648035,0.38382516189748034,617.1568789996542,22,1340,29807.259555083903,0.12275141309685811,0.8156060413934659,0.938103258183044,0.782608695652174,19025.985107355296,4.4,51.2167,-5.433333,36.116667,1000.0840976690135,False,0,False,0,False,0
JMKIN,USSAV,109.0,34,29792.6077724629,1083.2673955492212,13.882986451549005,0.47823379682239686,630.2766558601793,79,1341,29792.6077724629,0.14101213337638785,0.8194443678947783,0.9393916946711821,0.6880733944954128,16798.2004431488,-76.7936,17.997,-81.0833,32.0833,877.0868640710298,False,0,False,0,False,0
GBLGP,PACOL,9.0,7,29779.176979606356,5055.0104362103175,17.029935382741517,0.4836774138864439,630.7,8,1342,29779.176979606356,0.1415887109560806,0.8195655620738862,0.9394323767242746,1.0,24405.987919388815,0.486317,51.502973,-79.892063,9.359918,4605.487915750589,False,0,False,0,True,1
CNDAL,SGSGP,13.0,13,29768.57091084388,2730.028287726526,17.016090637058177,0.509972966399206,625.0015732437217,12,1343,29768.57091084388,0.13376218048513777,0.8179204583287932,0.9388801538502628,0.9230769230769231,22475.37522756056,121.737442,38.978628,103.802776,1.248823,2469.8776790927277,False,0,False,0,False,0
USOAK,VNCMP,6.0,6,29726.428841036868,7319.093825642459,16.925010283072528,0.5120449538906493,630.6999999999999,6,1344,29726.428841036868,0.1415887109560805,0.8195655620738862,0.9394323767242746,1.0,24362.757361553762,-122.320518,37.814824,107.012844,10.522075,6797.497352765607,False,0,False,0,True,1
ESLPA,GBLGP,24.0,21,29503.342207495036,1817.2343702934406,14.901211732763818,0.37334406069013554,630.7,23,1346,29503.342207495036,0.1415887109560806,0.8195655620738862,0.9394323767242746,0.75,18134.942429507908,-15.4167,28.15,0.486317,51.502973,1574.49385246696,False,0,False,0,False,0
CNYSN,VNCMP,27.0,27,29414.841169888638,1800.1965255760956,12.367644504243673,0.2652410370151937,630.3599685304613,24,1349,29414.841169888638,0.14112566306812113,0.8194682313578725,0.9393997050779501,0.48148148148148145,11605.883788855475,122.066667,30.633333,107.012844,10.522075,1470.713983450878,False,0,False,0,False,0
PTSNS,ZAPLZ,8.0,8,29414.69668124408,5647.044442999791,16.073939962907843,0.5026200845058492,629.8869990978535,8,1350,29414.69668124408,0.14048075166591423,0.8193326736970467,0.9393542015397819,0.625,15062.763798644599,-8.866667,37.95,25.6372,-33.9618,4726.998357159526,False,0,False,0,True,1
NLROT,ZAPLZ,7.0,7,29320.74452169377,6678.291443943587,17.467656189973106,0.5115808495763792,630.7,7,1352,29320.74452169377,0.1415887109560806,0.8195655620738862,0.9394323767242746,0.7142857142857143,17164.480331676266,4.03038,52.002215,25.6372,-33.9618,5284.922809921785,False,0,False,0,True,1
HKHKG,KRGWA,92.0,19,29285.211075234005,1150.2924713564973,14.597089862203081,0.45287677213408833,630.7000000000002,91,1353,29285.211075234005,0.14158871095608083,0.8195655620738862,0.9394323767242746,0.6630434782608695,15913.80629342304,114.181938,22.298785,127.728767,34.866497,1036.8605717558705,False,0,False,0,False,0
PABAL,PAMIT,227.0,69,29275.633124999975,66.8801834269261,3.8402016345706107,0.20146030488908517,630.6932674310351,145,1354,29275.633124999975,0.14157954752672086,0.8195636359596248,0.9394317301727387,0.44493392070484583,10675.408269706812,-79.57037,8.954178,-79.88466,9.361132,30.725663633643627,False,0,False,0,False,0
GBSOU,NLROT,149.0,69,29250.68414589648,289.2671399528213,10.351306691253074,0.2862472845635791,604.5744088669926,116,1355,29250.68414589648,0.10449401751123588,0.8117684137288117,0.936815056278037,0.7651006711409396,18167.148238483525,-1.4,50.9,4.03038,52.002215,213.6281060455076,False,0,False,0,False,0
KRKHN,KRKHN,25.0,22,29228.810874618564,1375.2560359465767,12.470108648540393,0.4238745847765517,627.9166902137922,3,1356,29228.810874618564,0.13778370851129174,0.8187657665840137,0.9391639040730169,1.0,23931.549742096224,128.596617,34.916717,128.596617,34.916717,0.0,False,0,False,0,False,0
BRITA,INTRI,4.0,4,29167.26850770491,7866.05457755631,17.8298133349454,0.5670392239381724,627.9359255388839,4,1357,29167.26850770491,0.13781012045873997,0.8187713182641385,0.9391657676422679,1.0,23881.32288621764,-43.835878,-22.933812,76.983333,8.483333,7301.606889927626,False,0,False,0,True,1
BRSAL,DOCUC,8.0,7,29138.567318283443,3614.62744262488,10.813713243935107,0.35528058521500055,628.4499064134452,7,1358,29138.567318283443,0.13851526673022807,0.81891953704082,0.9392155212210836,0.875,20879.374301031265,-38.516667,-12.966667,-69.629288,18.426403,2635.424661854094,False,0,False,0,False,0
BRVDC,COCTA,34.0,5,29090.067234744918,2221.9075129291737,13.378427417629615,0.330575998911914,630.7,32,1360,29090.067234744918,0.1415887109560806,0.8195655620738862,0.9394323767242746,0.7058823529411765,16829.09456753708,-48.743,-1.5344,-75.540962,10.394286,1753.9869706936506,False,0,False,0,False,0
MATAN,PKKAR,4.0,4,29084.280071256253,9885.96627101013,17.006697265715562,0.3464014968313427,630.7,4,1361,29084.280071256253,0.1415887109560806,0.8195655620738862,0.9394323767242746,1.0,23836.47434411346,-5.797516,35.789733,66.9833,24.7833,3747.058128528137,False,0,True,1,True,1
ITTRS,MATAN,21.0,14,29083.95479947708,1771.3740464016867,15.205348300786829,0.46600793165309723,630.7,21,1362,29083.95479947708,0.1415887109560806,0.8195655620738862,0.9394323767242746,0.9523809523809523,22701.15025006184,13.75,45.65,-5.797516,35.789733,1064.0146746150258,False,0,False,0,False,0
CNQIN,USLSA,9.0,8,29081.088611886018,6189.00402418449,15.835708642871127,0.458410055624919,628.8798125020797,4,1363,29081.088611886018,0.13910418296626503,0.8190433247535297,0.9392570738627841,1.0,23818.671504131133,120.2667,36.0333,-118.244,33.738045,5488.100167921394,False,0,False,0,True,1
CNSHE,PHMAN,153.0,62,29077.553564672962,690.5277442315823,13.29709812592515,0.3892100426700495,630.6685244293502,60,1364,29077.553564672962,0.14154586913961398,0.8195565569044848,0.9394293538993965,0.6601307189542484,15731.376914703133,113.8943,22.467416,120.94162,14.596732,619.597843836496,False,0,False,0,False,0
CNQIN,ESBAR,4.0,3,29063.25519611637,13828.89725355667,17.49320256569798,0.4907387743511362,630.7,2,1366,29063.25519611637,0.1415887109560806,0.8195655620738862,0.9394323767242746,0.75,17864.43231037643,120.2667,36.0333,2.166667,41.35,5049.719423859026,False,0,True,1,True,2
PHCEB,TWKAO,183.0,18,28981.29874931474,903.4328639245405,12.965370374947614,0.387875576066454,630.6999999999998,172,1370,28981.29874931474,0.1415887109560804,0.8195655620738861,0.9394323767242746,0.6284153005464481,14926.166972120413,123.9,10.3,120.260382,22.620829,768.7205391067442,False,0,False,0,False,0
CNNSA,CNYAN,56.0,12,28980.97943916336,1316.197135154838,10.613855327120454,0.23561757560874683,630.7,46,1371,28980.97943916336,0.1415887109560806,0.8195655620738862,0.9394323767242746,0.9642857142857143,22903.533678384312,113.682083,22.64515,121.4,37.55,979.6307017348189,False,0,False,0,False,0
CAVCR,USOAK,48.0,19,28970.33884615392,960.97700170906,12.072388295238309,0.2579351912390447,630.7,26,1372,28970.33884615392,0.1415887109560806,0.8195655620738862,0.9394323767242746,1.0,23743.09203991908,-123.116667,49.283333,-122.320518,37.814824,689.4347856295486,False,0,False,0,False,0
BEANT,LTKLJ,75.0,32,28962.82275223132,1158.7521477698626,12.86735248372314,0.3326019988821605,630.2279367142787,64,1373,28962.82275223132,0.1409457301708762,0.8194304102206238,0.9393870094062199,0.52,12341.169219084226,4.4,51.2167,21.116667,55.716667,653.5724832793817,False,0,False,0,False,0
CNTAI,CNWGQ,3086.0,224,28885.263691727905,125.9051213832396,4.893876196144466,0.20773798531001114,630.6728245913454,2464,1375,28885.263691727905,0.14155172239931402,0.8195577872350239,0.9394297668926003,0.626053143227479,14820.645456815522,121.211133,31.6506,121.617967,31.353633,27.416282499516743,False,0,False,0,False,0
KRGWA,PABAL,5.0,5,28851.753090316437,8824.961446044004,16.942602703804084,0.42626332863604655,630.7,2,1376,28851.753090316437,0.1415887109560806,0.8195655620738862,0.9394323767242746,0.6,14187.541942969305,127.728767,34.866497,-79.57037,8.954178,7753.732818289896,False,0,True,1,True,1
MZMAP,REREU,49.0,13,28804.898157953845,1373.52225156082,14.625113070910126,0.34957455929689224,630.7000000000002,15,1377,28804.898157953845,0.14158871095608083,0.8195655620738862,0.9394323767242746,0.9387755102040817,22162.145250367485,32.6,-25.983333,55.3,-20.916666,1284.9287225756004,False,0,False,0,False,0
COCTA,ESBAR,20.0,8,28739.41403654233,4704.43871778575,15.586049080033305,0.4647086056716101,630.7000000000002,20,1378,28739.41403654233,0.14158871095608083,0.8195655620738862,0.9394323767242746,0.5,11776.917009266475,-75.540962,10.394286,2.166667,41.35,4440.281169009689,False,0,False,0,False,0
HNPCO,USHOU,86.0,21,28707.74065489238,1079.9546865251525,14.357039818801319,0.4590186073256712,630.7000000000002,60,1380,28707.74065489238,0.14158871095608083,0.8195655620738862,0.9394323767242746,0.5348837209302325,12584.677649559515,-87.95,15.8,-94.97475,29.6069,915.1157732002015,False,0,False,0,False,0
AEKFA,CNDCB,12.0,11,28690.634430860122,4845.3844874902925,14.988876488607561,0.35947069946420657,630.4550746266425,11,1381,28690.634430860122,0.14125522691586112,0.8194954651330347,0.9394088468197006,0.5833333333333334,13715.24280459642,56.364756,25.359318,113.852567,22.533467,3134.839621915664,False,0,False,0,False,0
CNTJN,KRGWA,197.0,18,28688.98313194342,685.0229581738304,13.106717862332442,0.39249146844707655,630.7,169,1382,28688.98313194342,0.1415887109560806,0.8195655620738862,0.9394323767242746,0.47715736040609136,11219.163670410093,117.8143,38.97075,127.728767,34.866497,535.4903170367379,False,0,False,0,False,0
CNWGQ,RUVLD,185.0,42,28616.157751529645,1074.0387262700883,11.402625357719629,0.3276658013912001,630.7,96,1386,28616.157751529645,0.1415887109560806,0.8195655620738862,0.9394323767242746,0.4864864864864865,11409.478740986298,121.617967,31.353633,131.869926,43.076662,856.2542163429247,False,0,False,0,False,0
JPNAG,JPOSK,429.0,107,28498.76697118663,247.29241740511702,13.797731981772356,0.4306930276452725,630.450184053661,381,1389,28498.76697118663,0.14124856539986597,0.8194940649104262,0.9394083767977002,0.7389277389277389,17257.339892024276,136.866667,35.066667,135.433333,34.65,74.91587081327785,False,0,False,0,False,0
TWTAP,TWTCH,735.0,77,28396.801515485324,135.75514536805613,11.478449606546725,0.2990785639210597,629.5408848839068,665,1392,28396.801515485324,0.14000819803810005,0.819233344914547,0.9393208591892417,0.745578231292517,17344.83872971731,121.37318,25.14978,120.5,24.283333,70.52779476993041,False,0,False,0,False,0
BRRDJ,BRSUA,60.0,16,28177.951607406845,1141.3431218684123,14.260064974159551,0.38825183003969926,630.7000000000002,48,1398,28177.951607406845,0.14158871095608083,0.8195655620738862,0.9394323767242746,0.6666666666666666,15395.785831476769,-43.1667,-22.916667,-34.9681,-8.3911,991.8389625492523,False,0,False,0,False,0
NLROT,ZADUR,6.0,4,28104.912048221726,7113.7191863874805,17.280696297547596,0.4828348582393259,630.7,5,1400,28104.912048221726,0.1415887109560806,0.8195655620738862,0.9394323767242746,1.0,23033.818039837974,4.03038,52.002215,31.041098,-29.877639,5117.709996897037,False,0,False,0,True,1
CNXIA,MXLCS,5.0,5,28048.06168989756,7629.844991646575,18.669689611238105,0.5582102700544869,630.7000000000002,5,1401,28048.06168989756,0.14158871095608083,0.8195655620738862,0.9394323767242746,0.6,13792.335266378357,118.042517,24.44535,-102.166667,17.883333,7343.810084976082,False,0,False,0,True,1
CNNJG,CNYSN,989.0,85,28009.445013768396,251.63825389933933,7.0195167864860215,0.2401093776995329,630.7,461,1402,28009.445013768396,0.1415887109560806,0.8195655620738862,0.9394323767242746,0.9828109201213346,22560.9913071752,118.764874,32.137024,122.066667,30.633333,191.7966643043479,False,0,False,0,False,0
CNNBO,USSEA,7.0,6,27995.00948400369,5508.214652575034,16.70383694975959,0.387472817648339,630.6999999999999,6,1403,27995.00948400369,0.1415887109560805,0.8195655620738862,0.9394323767242746,0.5714285714285714,13110.711818869291,121.683333,29.966667,-122.333333,47.6,5014.325047789836,False,0,False,0,True,1
KRMOK,KRMOK,21.0,17,27948.18979920756,2089.1532111988477,12.092610356091665,0.4565075595229789,629.5628634751691,10,1405,27948.18979920756,0.14003822110553454,0.8192396556368855,0.9393229775512216,1.0,22896.26538677712,126.410408,34.788572,126.410408,34.788572,0.0,False,0,False,0,False,0
CRPMN,ECGYL,51.0,16,27947.13404937823,1059.439564270662,13.61317260460369,0.4061977537276844,630.7000000000002,51,1406,27947.13404937823,0.14158871095608083,0.8195655620738862,0.9394323767242746,1.0,22904.50862553291,-83.090115,10.006213,-79.930086,-2.257278,760.1579645976818,False,0,False,0,False,0
CNHUA,CNNSA,121.0,9,27936.982843082424,1458.9653828270546,10.713362421967984,0.4548674452604891,630.7,68,1407,27936.982843082424,0.1415887109560806,0.8195655620738862,0.9394323767242746,1.0,22896.189046439362,117.866667,38.316667,113.682083,22.64515,965.203631052241,False,0,False,0,False,0
USBAL,USNYK,101.0,63,27933.03776800967,462.87987155196896,11.3943980524283,0.2722003273101309,630.466518764996,83,1408,27933.03776800967,0.14127081472853786,0.8194987416256143,0.9394099466616737,0.6435643564356436,14731.889153893113,-76.583333,39.283333,-74.049568,40.663452,143.02028629000836,False,0,False,0,False,0
TWTAP,USOAK,6.0,6,27918.597256626035,5940.8923888489935,17.462596707023792,0.6297703874660506,626.7394006929522,6,1410,27918.597256626035,0.13616409084636627,0.8184253297715487,0.9390496273925585,1.0,22849.28716651322,121.37318,25.14978,-122.320518,37.814824,5597.58832595288,False,0,False,0,True,1
PHDAV,TWKAO,69.0,21,27804.35720335207,1192.5109904370884,13.241128411738783,0.3170489836114599,630.6350001604272,63,1413,27804.35720335207,0.14150023410963042,0.8195469646133653,0.9394261339914811,0.4492753623188406,10237.627145217699,125.627031,7.073807,120.260382,22.620829,983.6710080667483,False,0,False,0,False,0
JPYOK,VNCMP,27.0,12,27775.006439874967,2396.725548309915,15.240256316220487,0.3058695549259809,630.7000000000002,27,1414,27775.006439874967,0.14158871095608083,0.8195655620738862,0.9394323767242746,0.5925925925925926,13489.445193778925,139.679832,35.450183,107.012844,10.522075,2325.1134241479695,False,0,False,0,False,0
JPOSK,VNHCM,45.0,4,27759.93273820739,2280.899777143239,14.604777042819572,0.32502463643348845,630.7000000000002,44,1415,27759.93273820739,0.14158871095608083,0.8195655620738862,0.9394323767242746,0.8888888888888888,20223.1865579753,135.433333,34.65,106.710033,10.776988,2126.1626148796813,False,0,False,0,False,0
JPNAG,JPSZU,687.0,109,27757.814351023582,145.11400161016192,11.444597753529914,0.31072756703224536,630.2670642397159,647,1416,27757.814351023582,0.14099906100426685,0.8194416201372101,0.9393907723131936,0.75254730713246,17117.372087061038,136.866667,35.066667,138.501892,35.025498,80.41584670233249,False,0,False,0,False,0
CNTAI,JPTOK,146.0,24,27737.533068592595,1078.2522714094682,14.463692999414246,0.5319071574629975,630.7,87,1417,27737.533068592595,0.1415887109560806,0.8195655620738862,0.9394323767242746,0.7602739726027398,17283.100573077772,121.211133,31.6506,139.75,35.6667,955.7043768535796,False,0,False,0,False,0
THBKK,VNHCM,162.0,46,27669.3771872994,672.9119693652808,13.921566275673472,0.46610119553289625,629.8544565331476,84,1420,27669.3771872994,0.1404363430561716,0.8193233391942969,0.9393510681653967,0.845679012345679,19171.68402433257,100.574341,13.69736,106.710033,10.776988,400.40064538753205,False,0,False,0,False,0
CLARI,PABAL,52.0,4,27621.997227737433,1935.4841821926918,15.451840400083272,0.368132865271755,630.7000000000002,47,1421,27621.997227737433,0.14158871095608083,0.8195655620738862,0.9394323767242746,1.0,22638.037683553954,-70.333333,-18.483333,-79.57037,8.954178,1735.8747831517564,False,0,False,0,False,0
CNMWN,CNXIA,188.0,66,27608.34892793614,355.8157716849874,11.703911736772177,0.26932208452930545,630.5604232870343,151,1424,27608.34892793614,0.14139869867228894,0.8195256222920326,0.9394189698730725,0.6968085106382979,15765.814696630527,113.862187,22.508158,118.042517,24.44535,257.9033890248929,False,0,False,0,False,0
MUPLO,MZBRA,33.0,14,27548.231485705248,1678.7462531807573,10.778948674514416,0.2988485220328283,630.7000000000002,29,1426,27548.231485705248,0.14158871095608083,0.8195655620738862,0.9394323767242746,0.8484848484848485,19156.736091159375,57.486134,-20.150235,34.833333,-19.816667,1277.364587631949,False,0,False,0,False,0
AUMEL,MYTPP,14.0,11,27481.236890395183,4211.538885650555,15.357188891858975,0.3458995243877812,630.5009029760106,12,1428,27481.236890395183,0.14131764531255675,0.8195085852171573,0.9394132509252672,0.5,11260.554782032654,144.912243,-37.858862,103.549576,1.327854,3282.810195337469,False,0,False,0,False,0
ILASD,TRBAM,47.0,27,27446.876797332796,893.2413843270183,13.0153145419989,0.3110138160522905,630.7,45,1430,27446.876797332796,0.1415887109560806,0.8195655620738862,0.9394323767242746,0.8085106382978723,18187.05468859559,34.65,31.816667,28.678178,40.961688,619.9172897435317,False,0,False,0,False,0
PGPMO,SGSGP,37.0,9,27438.51189629945,2860.2691758868154,13.553917990951772,0.4826289875802877,629.5654465114042,12,1431,27438.51189629945,0.1400417494320142,0.8192403972762528,0.9393232265022219,0.7567567567567568,17010.93640066539,147.133333,-9.466667,103.802776,1.248823,2669.369198950694,False,0,False,0,False,0
CNMWN,CNNSA,1380.0,360,27419.106177812922,88.55595668411746,8.518755076911388,0.22922752304908164,630.1241952584769,1250,1432,27419.106177812922,0.14080429846386433,0.8194006818714218,0.9393770302942734,0.7304347826086957,16410.849400573956,113.862187,22.508158,113.682083,22.64515,12.93633744767573,False,0,False,0,False,0
BEZEE,PLGDA,23.0,19,27407.542216044905,1097.095114401354,13.40793712486595,0.42395690306023864,626.566336092933,18,1433,27407.542216044905,0.13592548974782637,0.8183751768254575,0.9390327922208477,1.0,22429.65220740694,3.2,51.333333,18.666667,54.35,588.0110560887924,False,0,False,0,False,0
JPYOK,PABAL,4.0,4,27296.44547745061,7798.9423735722075,18.07396605764576,0.5420121572867782,630.7000000000002,3,1435,27296.44547745061,0.14158871095608083,0.8195655620738862,0.9394323767242746,0.75,16778.4200102595,139.679832,35.450183,-79.57037,8.954178,7336.9313620213015,False,0,False,0,True,1
ESLPA,SGSGP,4.0,4,27218.92713295139,10209.38966711472,16.858904542983083,0.44878237971138,630.7,4,1437,27218.92713295139,0.1415887109560806,0.8195655620738862,0.9394323767242746,0.75,16730.771486074093,-15.4167,28.15,103.802776,1.248823,6894.837601423867,False,0,True,1,True,2
CNNSA,CNQIZ,316.0,109,27152.03036075395,445.624617581381,10.762142171322072,0.293404087836463,630.4157222669309,193,1440,27152.03036075395,0.14120162160111838,0.819484197521624,0.939405064545923,0.7373417721518988,16406.340936787336,113.682083,22.64515,108.6,21.683333,288.4058048735526,False,0,False,0,False,0
PAMIT,USPEV,59.0,9,27098.2415545409,1302.4469730829549,14.427735552217925,0.3624028627629812,630.7,56,1441,27098.2415545409,0.1415887109560806,0.8195655620738862,0.9394323767242746,0.7457627118644068,16562.484154540594,-79.88466,9.361132,-80.1,26.083333,1004.0834808287349,False,0,False,0,False,0
CNQIZ,CNRIZ,64.0,22,27070.09775269255,1541.8775816216335,11.265222526963843,0.38860231883338886,630.7,43,1442,27070.09775269255,0.1415887109560806,0.8195655620738862,0.9394323767242746,0.796875,17679.24552943916,108.6,21.683333,119.533333,35.35,1001.3950637832373,False,0,False,0,False,0
INMUN,OMSAL,71.0,19,27044.781678237556,1030.0804658932143,13.772771044794753,0.35930531819092365,630.7,66,1443,27044.781678237556,0.1415887109560806,0.8195655620738862,0.9394323767242746,0.9014084507042254,19979.692797557454,69.7,22.766667,54.002781,16.946141,952.0412390011195,False,0,False,0,False,0
ESALG,GBFEL,19.0,15,27009.149268880334,1465.1903203918353,14.004682577289875,0.39012521887211793,626.986176651758,19,1445,27009.149268880334,0.1365040886687594,0.8184967958819815,0.9390736168953576,1.0,22106.90213607672,-5.433333,36.116667,1.3,51.933333,992.0771848571891,False,0,False,0,False,0
BRPEC,ESLPA,15.0,12,26836.977212830792,2388.121425790478,15.329636586124149,0.40495214287156556,630.7000000000002,15,1448,26836.977212830792,0.14158871095608083,0.8195655620738862,0.9394323767242746,1.0,21994.662313797744,-38.795986,-3.528841,-15.4167,28.15,2332.7855990235944,False,0,False,0,False,0
DKAHS,ISREY,44.0,8,26813.21946634827,1287.9739509280323,16.39481774908402,0.7528650837051133,630.7000000000002,44,1449,26813.21946634827,0.14158871095608083,0.8195655620738862,0.9394323767242746,0.8636363636363636,18978.57428981889,10.233333,56.166667,-21.933333,64.15,1058.3699118223606,False,0,False,0,False,0
CNJIT,CNQIZ,71.0,9,26806.21398012649,1772.3320607418307,10.545782683249042,0.34692458204945975,630.7,38,1451,26806.21398012649,0.1415887109560806,0.8195655620738862,0.9394323767242746,1.0,21969.449827695233,118.997083,39.205083,108.6,21.683333,1179.6364068637056,False,0,False,0,False,0
CIABI,NGLKK,48.0,20,26803.356040377363,583.4473428813063,12.660017754609676,0.3019248706381871,625.2950079556409,46,1452,26803.356040377363,0.1341686834026229,0.8180059035301412,0.93890883580713,0.9791666666666666,21468.526319710432,-4.0267,5.3364,4.00692,6.421413,484.1962381577398,False,0,False,0,False,0
DOCUC,PACOL,46.0,37,26712.853915190255,878.8290452635649,11.131720224925974,0.2872525451920866,630.213457867793,40,1454,26712.853915190255,0.1409259938184697,0.8194262617224637,0.939385616852356,0.6521739130434783,14275.574363258236,-69.629288,18.426403,-79.892063,9.359918,808.1913108800978,False,0,False,0,False,0
COCTA,USBAL,23.0,16,26686.364389366277,2049.2158035086622,13.876345530605727,0.4083783562085428,630.7,21,1456,26686.364389366277,0.1415887109560806,0.8195655620738862,0.9394323767242746,0.782608695652174,17116.61104994049,-75.540962,10.394286,-76.583333,39.283333,1735.4085825870873,False,0,False,0,False,0
BSFRE,USMOB,39.0,14,26538.070385322655,962.254886175195,9.899344898610858,0.2486625922422797,630.7000000000002,39,1459,26538.070385322655,0.14158871095608083,0.8195655620738862,0.9394323767242746,0.6923076923076923,15057.47670348691,-78.6966,26.5285,-88.1167,30.6833,555.3882597646698,False,0,False,0,False,0
CNQIN,CNRIZ,1113.0,66,26526.445669528523,97.36079183069462,8.204382109955981,0.2136778839696033,630.6757308940429,549,1460,26526.445669528523,0.14155567833169358,0.8195586187553504,0.9394300460145377,0.9326145552560647,20275.019142854566,120.2667,36.0333,119.533333,35.35,54.42351915056357,False,0,False,0,False,0
CNNSA,VNHPG,261.0,76,26495.205732403272,521.0760866994663,12.441146942741568,0.3730716045524063,630.634235065104,211,1462,26495.205732403272,0.14149919256427912,0.8195467456849187,0.9394260605023189,0.8122605363984674,17637.473725898937,113.682083,22.64515,106.828308,20.81389,397.7081419435,False,0,False,0,False,0
CNTJN,MXMAN,4.0,4,26474.549400168806,7441.109884835322,18.280978624792702,0.5292605213914782,630.7,4,1463,26474.549400168806,0.1415887109560806,0.8195655620738862,0.9394323767242746,0.5,10848.814479901108,117.8143,38.97075,-104.293756,19.073908,6595.584835912217,False,0,False,0,True,1
ESALG,TRISK,30.0,8,26344.63583891316,2066.463483427738,15.22929360674868,0.32721307074635364,630.7000000000002,26,1465,26344.63583891316,0.14158871095608083,0.8195655620738862,0.9394323767242746,0.5666666666666667,12234.98855807207,-5.433333,36.116667,36.180811,36.596718,1996.3153499369926,False,0,False,0,False,0
GTSTC,USMIA,150.0,6,26324.551420873526,845.1477682692363,15.305195004346228,0.5512912356202758,606.0428938616409,144,1467,26324.551420873526,0.10666389213763938,0.81222451223728,0.9369681578863277,0.5733333333333334,12258.69567093894,-88.616667,15.7,-80.1833,25.7833,768.0253411793975,False,0,False,0,False,0
CNLYG,HKHKG,64.0,16,26315.413531849677,1192.5875021950635,15.286208652399255,0.5958383443471754,630.7,63,1468,26315.413531849677,0.1415887109560806,0.8195655620738862,0.9394323767242746,0.9375,20219.25626478481,119.483333,34.733333,114.181938,22.298785,796.8722796314378,False,0,False,0,False,0
AUMEL,CNSHE,16.0,11,26304.58521084869,5185.230227824463,15.595995531660494,0.4314017645848627,630.7000000000002,12,1469,26304.58521084869,0.14158871095608083,0.8195655620738862,0.9394323767242746,0.6875,14821.353362371628,144.912243,-37.858862,113.8943,22.467416,4022.7071596715555,False,0,False,0,True,1
CNQIN,OMSOH,10.0,8,26218.06661442055,5960.585424049863,14.247830984305596,0.2953956066630244,630.7,6,1471,26218.06661442055,0.1415887109560806,0.8195655620738862,0.9394323767242746,0.8,17189.939601070535,120.2667,36.0333,56.625595,24.507768,3314.2249461289753,False,0,False,0,True,1
JPTOK,VNCMP,29.0,15,26119.730747183632,2435.8260657106534,14.644708110075767,0.2982406172638697,630.7000000000002,29,1472,26119.730747183632,0.14158871095608083,0.8195655620738862,0.9394323767242746,0.4482758620689655,9596.165984256675,139.75,35.6667,107.012844,10.522075,2334.916778476724,False,0,False,0,False,0
FIHEL,NLROT,144.0,34,26066.853279371026,1072.5157812108098,12.61886743570541,0.4295996920835678,609.245914246518,135,1474,26066.853279371026,0.11136047474430122,0.8132117141224631,0.9372995384839902,0.6597222222222222,13984.706191139761,24.95,60.166667,4.03038,52.002215,849.3291281584185,False,0,False,0,False,0
CNTJN,USOAK,4.0,4,26058.691740050795,6653.125440452297,16.380965046291767,0.43427248100510446,630.6999999999999,4,1476,26058.691740050795,0.1415887109560805,0.8195655620738862,0.9394323767242746,1.0,21356.806342844866,117.8143,38.97075,-122.320518,37.814824,5128.98885876856,False,0,False,0,True,1
HKHKG,JPOSK,75.0,18,26029.079475809882,1405.7307859403666,15.649294385243108,0.48644905303141367,630.7000000000002,75,1477,26029.079475809882,0.14158871095608083,0.8195655620738862,0.9394323767242746,0.9066666666666666,19341.500350111237,114.181938,22.298785,135.433333,34.65,1339.9168526194828,False,0,False,0,False,0
CNNBO,LKCOL,13.0,11,26015.51276144686,3932.9320189378614,15.607231011587695,0.494420462204786,629.4465704296902,6,1478,26015.51276144686,0.13987933935295793,0.8192062593615933,0.939311767202222,0.7692307692307693,16393.900688214366,121.683333,29.966667,79.85,6.95,2730.537226219531,False,0,False,0,False,0
AEKHA,CNQIN,6.0,6,25978.197870704957,6228.914697913881,16.34526166451384,0.38559174930543777,630.7000000000002,5,1480,25978.197870704957,0.14158871095608083,0.8195655620738862,0.9394323767242746,0.8333333333333334,17742.363616309118,54.659214,24.802318,120.2667,36.0333,3400.549439574333,False,0,False,0,True,1
MXMAN,PACOL,18.0,16,25977.79011330572,1867.0392412696983,12.863860286621925,0.36233078494477844,630.0820408266444,5,1481,25977.79011330572,0.14074681562149727,0.8193885992200339,0.9393729744306265,1.0,21285.90505177362,-104.293756,19.073908,-79.892063,9.359918,1532.8142203481264,False,0,False,0,False,0
CNWGQ,OMSOH,12.0,8,25977.31129299388,5641.058014061699,15.031521455510871,0.2872395882104963,630.7,9,1482,25977.31129299388,0.1415887109560806,0.8195655620738862,0.9394323767242746,0.8333333333333334,17741.758109175702,121.617967,31.353633,56.625595,24.507768,3423.6181082617472,False,0,False,0,True,1
TRMER,TRYAR,66.0,26,25898.768295562764,876.1049917324005,12.321502808550177,0.28842964315337544,630.7,58,1487,25898.768295562764,0.1415887109560806,0.8195655620738862,0.9394323767242746,0.5,10612.86929758712,34.633333,36.783333,29.739117,40.7548,330.5666577550098,False,0,False,0,False,0
CNLYG,CNTJN,112.0,28,25875.561476595445,562.4414247810743,11.147859833129981,0.2337183710016283,630.6999999999999,83,1489,25875.561476595445,0.1415887109560805,0.8195655620738862,0.9394323767242746,0.49107142857142855,10414.013836650749,119.483333,34.733333,117.8143,38.97075,266.7387357504949,False,0,False,0,False,0
KRGWA,USSEA,7.0,6,25855.81622922542,4909.810456909602,17.49760540636009,0.4728499227050012,630.7,7,1491,25855.81622922542,0.1415887109560806,0.8195655620738862,0.9394323767242746,1.0,21190.53656078424,127.728767,34.866497,-122.333333,47.6,4592.941209267678,False,0,False,0,False,0
KHSSK,VNHCM,229.0,51,25845.57220475774,424.9206782880878,12.87962997788363,0.3881536087001757,628.5215793233882,137,1492,25845.57220475774,0.13861350539018213,0.8189401863934295,0.9392224527260897,0.9694323144104804,20518.98276670581,103.504086,10.605101,106.710033,10.776988,189.4257257526798,False,0,False,0,False,0
ECPSJ,KRBUS,6.0,6,25812.362531253515,8429.625305347456,16.36130373727626,0.4205087973977349,630.7000000000002,4,1494,25812.362531253515,0.14158871095608083,0.8195655620738862,0.9394323767242746,0.6666666666666666,14103.282270921136,-80.240917,-2.705467,129.052391,35.112607,8268.302959248294,False,0,True,1,True,1
COBUE,ECPSJ,69.0,30,25779.997801369693,639.9493536245174,12.08470628709007,0.29110312738980343,630.0176444092002,40,1496,25779.997801369693,0.1406589881975473,0.8193701382653876,0.9393667775196644,0.927536231884058,19592.682075816512,-77.083333,3.883333,-80.240917,-2.705467,438.62659487029333,False,0,False,0,False,0
CNTJN,CNZOS,57.0,40,25732.071801036233,1126.4282449102504,10.88066990400715,0.28318609324586574,630.5913222223106,28,1497,25732.071801036233,0.14144077008225442,0.8195344655252319,0.9394219383397527,0.8947368421052632,18868.49658291711,117.8143,38.97075,122.099218,30.006902,578.2637280001114,False,0,False,0,False,0
CNNBO,JPYOK,77.0,35,25712.59640985759,1049.108941259251,13.30810108421139,0.3478478454919289,630.1316862266601,44,1499,25712.59640985759,0.14081451253150146,0.8194028288254246,0.9393777509765485,0.987012987012987,20795.351192674887,121.683333,29.966667,139.679832,35.450183,965.191806288728,False,0,False,0,False,0
DOCUC,PACRI,37.0,36,25634.97841714515,877.5325594102269,10.896823370457152,0.3020628737123628,629.988203582696,37,1503,25634.97841714515,0.14061882917632662,0.8193616970082489,0.9393639439869518,0.7027027027027027,14759.792023910513,-69.629288,18.426403,-79.916667,9.35,809.6593153391692,False,0,False,0,False,0
JPKOB,JPOSK,3079.0,288,25597.7028823371,25.355885207059966,6.606936012137232,0.20902461690690957,630.3972398065044,2839,1504,25597.7028823371,0.14117644270432006,0.819478905023553,0.9394032879780292,0.5716141604417019,11990.62307608935,135.237233,34.685033,135.433333,34.65,9.909474186024067,False,0,False,0,False,0
KROKP,KROKP,14.0,12,25553.82312524469,1739.5231145438604,11.659268389985042,0.4078721686340495,630.7000000000002,12,1506,25553.82312524469,0.14158871095608083,0.8195655620738862,0.9394323767242746,1.0,20943.033412777837,128.707924,34.883678,128.707924,34.883678,0.0,False,0,False,0,False,0
CNSHE,SAJED,8.0,6,25449.09102818562,5979.453228964258,13.277048109474777,0.42545670235720867,630.7,8,1507,25449.09102818562,0.1415887109560806,0.8195655620738862,0.9394323767242746,1.0,20857.198592784443,113.8943,22.467416,39.1667,21.466667,4113.205564100251,False,0,False,0,True,1
AEJAL,EGSOK,35.0,23,25447.09632098095,2984.121759646772,13.357265886698864,0.3452680882890923,630.7,21,1508,25447.09632098095,0.1415887109560806,0.8195655620738862,0.9394323767242746,0.5142857142857142,10725.718525433009,55.0606,25.0136,32.33,29.58,1241.1671791638626,False,0,False,0,False,0
GRPIR,ITANC,112.0,21,25374.371483785002,833.1774698956191,10.678071580020555,0.30950440104959637,630.5577268788162,85,1511,25374.371483785002,0.1413950270978933,0.8195248505425567,0.9394187108148125,0.5625,11697.146998796372,23.65,37.933333,13.533333,43.616667,572.0339983301742,False,0,False,0,False,0
CNFUN,CNNBO,260.0,36,25374.235973459836,403.0079607042436,12.890489357938451,0.30567924909788036,628.8400080308032,167,1512,25374.235973459836,0.1390496897686575,0.81903187051288,0.9392532289419333,0.8538461538461538,17744.893713013535,119.308128,25.393912,121.683333,29.966667,302.17614715513446,False,0,False,0,False,0
TGLOM,USNYK,6.0,6,25368.558056981845,4838.881541656525,17.16584980945228,0.46462508245601164,629.5748631442586,6,1513,25368.558056981845,0.14005461193906432,0.8192431009210667,0.9393241340525901,0.6666666666666666,13855.344112331944,1.286945,6.137824,-74.049568,40.663452,4496.723375038341,False,0,False,0,False,0
MXLCS,USPHU,38.0,6,25363.580011491624,1434.9848900103073,16.154984632018728,0.6533515788663498,630.6999999999999,36,1514,25363.580011491624,0.1415887109560805,0.8195655620738862,0.9394323767242746,0.9210526315789473,19146.02854714063,-102.166667,17.883333,-119.2,34.15,1336.9894020405823,False,0,False,0,False,0
USPHI,USSAV,98.0,46,25323.13147484681,745.7939101345521,13.055407201861005,0.3516712687328143,630.4696083683363,80,1515,25323.13147484681,0.14127502291323701,0.8194996261683162,0.9394102435819831,0.6122448979591837,12705.4878226825,-75.1333,39.95,-81.0833,32.0833,553.366688456671,False,0,False,0,False,0
CNMWN,USOAK,6.0,6,25169.803952103954,6382.442750937874,15.849945161993503,0.4175751570041228,613.2009721482058,6,1518,25169.803952103954,0.11709207161995838,0.8144164716482292,0.9377039474249768,1.0,20498.702926750157,113.862187,22.508158,-122.320518,37.814824,5996.437508794575,False,0,False,0,True,1
MATAN,TGLOM,19.0,12,25082.225908666518,3056.487201861502,15.736966425097489,0.4149248426613996,630.6999999999999,12,1525,25082.225908666518,0.1415887109560805,0.8195655620738862,0.9394323767242746,0.631578947368421,12983.070678884504,-5.797516,35.789733,1.286945,6.137824,1822.6724946879658,False,0,False,0,False,0
CNYTN,JPYOK,54.0,24,25007.550260930173,1646.6621367700534,14.390614503757087,0.40353272368043763,630.6999999999999,53,1528,25007.550260930173,0.1415887109560805,0.8195655620738862,0.9394323767242746,0.9629629629629629,19736.240801035005,114.263091,22.566543,139.679832,35.450183,1535.5845150157427,False,0,False,0,False,0
CNWHN,CNYSN,313.0,20,24947.983432802546,624.3882008210383,8.429631072427464,0.3945799922935004,630.7000000000002,71,1530,24947.983432802546,0.14158871095608083,0.8195655620738862,0.9394323767242746,1.0,20446.50806471482,114.2833,30.5667,122.066667,30.633333,402.17886605601814,False,0,False,0,False,0
CNBYQ,CNZZU,120.0,10,24929.437102993103,1148.9655740924657,11.04659451613329,0.5427169674667144,630.7,68,1532,24929.437102993103,0.1415887109560806,0.8195655620738862,0.9394323767242746,1.0,20431.308131500136,122.0684,40.268517,118.047455,24.412528,973.3025216378678,False,0,False,0,False,0
JMKIN,PAMIT,157.0,36,24890.154637911408,605.4378285801863,12.413533190357349,0.35491507880115736,630.6623256461812,125,1533,24890.154637911408,0.14153743138964647,0.8195547833249756,0.9394287585502115,0.8343949044585988,17020.69256781541,-76.7936,17.997,-79.88466,9.361132,548.896852194063,False,0,False,0,False,0
CNSHE,COBUE,7.0,4,24878.357840619938,9718.520962553723,18.127414705013894,0.5697522580921283,630.6999999999999,5,1534,24878.357840619938,0.1415887109560805,0.8195655620738862,0.9394323767242746,1.0,20389.445327122954,113.8943,22.467416,-77.083333,3.883333,9099.058027256458,False,0,True,1,True,1
HKHKG,PHMAN,151.0,41,24865.60679866977,659.7628829291207,13.912265459375751,0.4049956827450434,630.6199774185217,66,1535,24865.60679866977,0.14147978277464135,0.8195426658288774,0.9394246909900098,0.6026490066225165,12281.037994532036,114.181938,22.298785,120.94162,14.596732,601.46043766605,False,0,False,0,False,0
JPSZU,JPTOK,496.0,96,24850.536718223088,161.27236774859145,9.468778688780048,0.24925705731465883,630.4400502654446,462,1536,24850.536718223088,0.14123476170010874,0.8194911634308688,0.939407402838833,0.7237903225806451,14739.841721185967,138.501892,35.025498,139.75,35.6667,72.23641796619415,False,0,False,0,False,0
JPTOK,PHMAN,43.0,13,24620.754059622435,1852.6454600571037,14.244023486157262,0.48128690037592897,630.5668637723237,43,1541,24620.754059622435,0.14140746825624328,0.8195274656216485,0.9394195886357379,0.7906976744186046,15954.210743953345,139.75,35.6667,120.94162,14.596732,1619.924083213264,False,0,False,0,False,0
CNWGQ,CNWGQ,1391.0,181,24608.259160178142,422.9936480943228,5.124386916620714,0.2389190363409799,630.7,404,1542,24608.259160178142,0.1415887109560806,0.8195655620738862,0.9394323767242746,0.7124370956146657,14368.4895862824,121.617967,31.353633,121.617967,31.353633,0.0,False,0,False,0,False,0
CNNBO,CNTAI,1134.0,56,24588.773749700682,172.5151881101106,7.710301882023339,0.23990180979658812,630.5666390665291,662,1543,24588.773749700682,0.14140716229220207,0.8195274013092955,0.9394195670475842,0.9902998236331569,19955.703912106503,121.683333,29.966667,121.211133,31.6506,103.9946560768922,False,0,False,0,False,0
EGALE,HRRJK,22.0,12,24574.56939431916,1210.3157533642827,16.79390677592487,0.45602298437160854,630.7,18,1544,24574.56939431916,0.1415887109560806,0.8195655620738862,0.9394323767242746,0.7727272727272727,15563.091056020063,29.86702,31.187057,14.430199,45.328375,1114.2643087349784,False,0,False,0,False,0
SADMA,SAJUB,156.0,72,24561.943892083873,165.20292826480468,7.8595374354302825,0.22134872055416488,627.4034742735114,137,1546,24561.943892083873,0.1370784157245819,0.8186175170104496,0.9391141401564075,0.6923076923076923,13920.118284383778,50.206833,26.510212,49.666443,27.05295,43.59833944096393,False,0,False,0,False,0
CNHPU,HKHKG,2826.0,159,24548.64272787895,75.09282728922925,4.889687909464447,0.20488001661474203,630.6595613107097,2676,1547,24548.64272787895,0.14153366853774507,0.8195539923893524,0.9394284930516104,0.9256900212314225,18623.90028820094,113.470483,23.077133,114.181938,22.298785,61.131636179953546,False,0,False,0,False,0
GBBEL,NLROT,135.0,22,24437.564654317765,745.0224153227115,14.511816284821718,0.5818515743037858,626.7622791022022,120,1549,24437.564654317765,0.13619562304304333,0.8184319577064986,0.9390518522353976,0.6814814814814815,13629.959385987724,-5.899744,54.634058,4.03038,52.002215,389.1927826219489,False,0,False,0,False,0
CNQIN,KEMOM,10.0,7,24401.644238527446,6635.759458345413,15.406259742201334,0.4407271880391423,628.5937958433335,6,1551,24401.644238527446,0.13871246649253455,0.8189609876003887,0.9392294352050514,0.7,13988.79626526044,120.2667,36.0333,39.647169,-4.053188,5093.972995761573,False,0,False,0,True,1
CNMWN,CNSHE,7136.0,398,24391.948530215028,22.23642185990191,2.5545373252305494,0.2019894865666413,630.3023873357521,6644,1552,24391.948530215028,0.14104720071192622,0.8194517389010292,0.9393941689456882,0.8330997757847534,16652.01884452212,113.862187,22.508158,113.8943,22.467416,3.026115684940272,False,0,False,0,False,0
BEANT,PACOL,7.0,7,24375.524709694808,4882.767343606709,16.74362639272983,0.44626986902051285,630.7000000000003,5,1553,24375.524709694808,0.14158871095608094,0.8195655620738862,0.9394323767242746,0.7142857142857143,14269.529006819233,4.4,51.2167,-79.892063,9.359918,4752.174615868219,False,0,False,0,False,0
AEJAL,CNYTN,6.0,6,24342.473822590626,5033.8289776465945,17.189378936163504,0.5387589385133527,630.7,4,1555,24342.473822590626,0.1415887109560806,0.8195655620738862,0.9394323767242746,0.6666666666666666,13300.168827120231,55.0606,25.0136,114.263091,22.566543,3229.6765537282026,False,0,False,0,True,1
CNQUA,CNRIZ,120.0,13,24331.207851823794,851.8181955030497,10.696097197487191,0.32526097076911575,630.7,78,1556,24331.207851823794,0.1415887109560806,0.8195655620738862,0.9394323767242746,0.9,17946.91803511487,118.682805,24.833576,119.533333,35.35,632.946235039159,False,0,False,0,False,0
CNWGQ,IDSUR,19.0,10,24325.650508185863,2738.9814707682785,14.3703118569105,0.3923452579135028,630.6999999999998,14,1557,24325.650508185863,0.1415887109560804,0.8195655620738861,0.9394323767242746,0.5263157894736842,10492.876542923295,121.617967,31.353633,112.731533,-7.1937,2369.9804344573135,False,0,False,0,False,0
CNTJN,QAHMD,6.0,5,24313.628263127666,6719.798520349102,16.561831724192153,0.3632308229795825,628.8403149282752,4,1558,24313.628263127666,0.13905010994444367,0.8190319588320607,0.939253258588618,1.0,19913.638582664007,117.8143,38.97075,51.638489,25.021684,3397.880637074987,False,0,False,0,True,1
BEANT,CASJH,32.0,8,24235.661121569676,3398.69163337001,13.765168914287049,0.34794741787892286,630.6999999999999,26,1560,24235.661121569676,0.1415887109560805,0.8195655620738862,0.9394323767242746,0.75,14897.034921998613,4.4,51.2167,-66.051633,45.25755,2730.393752072889,False,0,False,0,False,0
CNDCB,CNSHA,109.0,10,24169.523067497117,891.6823335075649,10.264050471914503,0.5409278429565492,630.7,86,1561,24169.523067497117,0.1415887109560806,0.8195655620738862,0.9394323767242746,1.0,19808.508757871034,113.852567,22.533467,121.46055,31.130717,657.2562815007178,False,0,False,0,False,0
CAHFX,USPMB,44.0,3,24149.073963902472,1416.390145960383,16.733403406532194,0.7796468414612318,630.6999999999999,42,1562,24149.073963902472,0.1415887109560805,0.8195655620738862,0.9394323767242746,1.0,19791.74937678958,-63.57595,44.655955,-80.05,26.766667,1335.5492017557408,False,0,False,0,False,0
MYPKE,MYPKE,365.0,139,24111.692232545603,964.2633732616575,7.50730574474784,0.28851460868977413,630.3999485566085,149,1564,24111.692232545603,0.14118013296223564,0.8194796807002261,0.9394035483545574,0.4575342465753425,9040.438326745358,101.34485,3.00525,101.34485,3.00525,0.0,False,0,False,0,False,0
CNDAL,KRINC,226.0,51,24063.8467093704,312.5299048383828,12.620488297406888,0.2936442077571575,630.6542366621348,199,1565,24063.8467093704,0.14152642045906327,0.8195524688737373,0.9394279816430295,0.6460176991150443,12740.492952497769,121.737442,38.978628,126.607819,37.439929,247.60490835806067,False,0,False,0,False,0
JPTOK,VNHCM,37.0,8,24062.319356600194,2483.7040097100344,13.943779511688236,0.5488427414943851,630.546712792496,37,1566,24062.319356600194,0.14138002939971384,0.8195216980895593,0.9394176526100279,0.9459459459459459,18653.668882927006,139.75,35.6667,106.710033,10.776988,2336.575534575835,False,0,False,0,False,0
CNTAI,CNXIA,216.0,30,23906.634778180683,635.7630485684854,13.052423474858381,0.407225599699143,630.1521847578576,129,1568,23906.634778180683,0.14084246139995782,0.8194087035598729,0.9393797229875848,0.8564814814814815,16777.876633623404,121.211133,31.6506,118.042517,24.44535,463.97084497406894,False,0,False,0,False,0
CNNBO,ECPSJ,5.0,5,23886.036114689403,9613.236314863969,15.538096435210688,0.35759516975937894,630.7,2,1569,23886.036114689403,0.1415887109560806,0.8195655620738862,0.9394323767242746,0.8,15660.938091242053,121.683333,29.966667,-80.240917,-2.705467,8749.39555910372,False,0,True,1,True,1
ILASD,TRYAR,33.0,19,23852.16968228031,926.9165824727606,14.053852720389164,0.46649614949709794,630.7,32,1571,23852.16968228031,0.1415887109560806,0.8195655620738862,0.9394323767242746,0.5757575757575758,11255.149096801688,34.65,31.816667,29.739117,40.7548,586.6590081409516,False,0,False,0,False,0
CNBYQ,CNSTO,100.0,11,23797.830468954166,1252.46900116017,11.370114609193498,0.5724622088349528,630.7000000000002,41,1574,23797.830468954166,0.14158871095608083,0.8195655620738862,0.9394323767242746,1.0,19503.882304427476,122.0684,40.268517,116.733333,23.333333,1052.047593481922,False,0,False,0,False,0
EGPSA,SAKAP,57.0,16,23764.152045725998,705.306475509267,11.393462368547778,0.22137576108733695,630.6017387177806,25,1575,23764.152045725998,0.14145495205762815,0.8195374465167309,0.9394229389889202,0.8070175438596491,15717.16095376707,32.319633,31.269083,39.066667,22.516667,637.3345654363512,False,0,False,0,False,0
JPHKA,KRBUS,653.0,71,23663.547376995288,167.04810883722897,8.219534667710578,0.26515515999929123,630.5532487096666,616,1580,23663.547376995288,0.14138892931264013,0.8195235688137762,0.9394182805684205,0.4869831546707504,9443.983867543826,130.383333,33.616667,129.052391,35.112607,111.43400962864537,False,0,False,0,False,0
HKHKG,JPKOB,44.0,15,23630.617337922613,1447.5571098999317,15.913866898554918,0.48288391666242486,630.7,44,1581,23630.617337922613,0.1415887109560806,0.8195655620738862,0.9394323767242746,0.8636363636363636,16725.907428792812,114.181938,22.298785,135.237233,34.685033,1332.372351890451,False,0,False,0,False,0
IDBLN,MYPKE,468.0,47,23562.84966672579,186.88058549481403,11.208089566229317,0.3208889691985881,630.6729138703995,165,1584,23562.84966672579,0.14155184392260856,0.8195578127787086,0.9394297754670182,0.7115384615384616,13740.60286193705,98.711128,3.789406,101.34485,3.00525,164.7224000709571,False,0,False,0,False,0
CNQIN,LKCOL,10.0,10,23419.644809990146,4275.383942390596,14.9962587020554,0.3487009706469133,630.7,1,1590,23419.644809990146,0.1415887109560806,0.8195655620738862,0.9394323767242746,0.5,9596.967181135173,120.2667,36.0333,79.85,6.95,2820.288906225235,False,0,False,0,False,0
DEWVN,NLROT,103.0,61,23404.102997197355,322.38796530136347,9.490108100315247,0.2541422454568676,630.7000000000002,67,1591,23404.102997197355,0.14158871095608083,0.8195655620738862,0.9394323767242746,0.8252427184466019,15829.143013177863,8.170278,53.541667,4.03038,52.002215,176.47025373178997,False,0,False,0,False,0
CNNBO,COBUE,7.0,7,23371.534486389624,9188.748778912908,15.925591229316904,0.3884558807359164,630.6999999999999,5,1592,23371.534486389624,0.1415887109560805,0.8195655620738862,0.9394323767242746,0.7142857142857143,13681.789141333664,121.683333,29.966667,-77.083333,3.883333,8506.466670186965,False,0,True,1,True,1
CNNBO,SAJED,9.0,7,23366.184849433175,9680.996863975628,14.78751637836787,0.45083241171164984,630.7,4,1593,23366.184849433175,0.1415887109560806,0.8195655620738862,0.9394323767242746,0.7777777777777778,14894.538104170686,121.683333,29.966667,39.1667,21.466667,4399.400366885255,False,0,True,1,True,1
COCTA,ECGYL,64.0,13,23237.798018932343,1151.1174774677245,11.308635225527201,0.3449238100998849,630.6999999999999,54,1600,23237.798018932343,0.1415887109560805,0.8195655620738862,0.9394323767242746,0.796875,15176.403886437998,-75.540962,10.394286,-79.930086,-2.257278,803.6238438095077,False,0,False,0,False,0
IDSUR,KRBUS,31.0,10,23225.948280945893,2933.965870511418,15.18415097715075,0.5283460825069912,628.9981397348577,31,1602,23225.948280945893,0.13926613482797112,0.8190773663528317,0.9392685008319699,0.9354838709677419,17796.503481326545,112.731533,-7.1937,129.052391,35.112607,2703.0568717525794,False,0,False,0,False,0
AEJAL,KWKUW,146.0,14,23162.889946036383,493.8847417006959,12.85958370223274,0.4110459654622469,630.1379048857885,86,1604,23162.889946036383,0.1408229915987551,0.8194046110896533,0.9393783492409908,0.5,9489.889413972192,55.0606,25.0136,47.92644,29.351637,461.3663825857317,False,0,False,0,False,0
HKHKG,USLGB,5.0,4,23157.330400550847,6536.79341114091,16.68238185576647,0.4315292019366761,630.7,5,1605,23157.330400550847,0.1415887109560806,0.8195655620738862,0.9394323767242746,1.0,18978.95050585815,114.181938,22.298785,-118.217354,33.74561,6303.578469857036,False,0,False,0,True,1
ESVIG,NLROT,94.0,16,23113.629349047562,913.2691746757725,13.952640051794464,0.43744649107127426,628.9716181082839,68,1607,23113.629349047562,0.1392298405636605,0.8190697374513198,0.9392659399880529,0.9574468085106383,18126.071159813146,-8.716667,42.233333,4.03038,52.002215,782.1176930690433,False,0,False,0,False,0
BEZEE,USPHI,20.0,11,23087.363345254016,3610.151198611819,16.986864478307684,0.7269649184449244,630.7,20,1609,23087.363345254016,0.1415887109560806,0.8195655620738862,0.9394323767242746,1.0,18921.607916857145,3.2,51.333333,-75.1333,39.95,3197.6113331657903,False,0,False,0,False,0
CRPMN,USMEE,64.0,4,23014.473062828325,1132.4124482952357,17.212873893189222,0.5167914570921796,630.7,44,1612,23014.473062828325,0.1415887109560806,0.8195655620738862,0.9394323767242746,1.0,18861.86955157121,-83.090115,10.006213,-82.556634,27.499402,1050.7323744833668,False,0,False,0,False,0
MXALT,USCHA,24.0,11,22910.66949827404,1572.8500755709297,14.056080764879706,0.31011056274605303,630.7,18,1613,22910.66949827404,0.1415887109560806,0.8195655620738862,0.9394323767242746,0.75,14082.596793631505,-97.85,22.4833,-79.938165,32.87698,1135.8914249286454,False,0,False,0,False,0
COBUE,PEPTA,71.0,24,22878.10328411068,680.3616789967872,14.998766807201616,0.44931874366482316,630.7000000000002,65,1615,22878.10328411068,0.14158871095608083,0.8195655620738862,0.9394323767242746,0.7464788732394366,13996.55768440858,-77.083333,3.883333,-81.116667,-5.083333,590.2129133091715,False,0,False,0,False,0
CNFUN,CNTJN,106.0,19,22835.036811903316,1083.799135441613,11.331572071072465,0.5210478844009699,630.357974922803,73,1618,22835.036811903316,0.14112294674101222,0.8194676603973535,0.9393995134198497,0.9811320754716981,18359.50675376544,119.308128,25.393912,117.8143,38.97075,818.6502520977109,False,0,False,0,False,0
DEWVN,FRLEH,47.0,21,22805.359094312174,479.2208299911608,13.37473060997565,0.3984564362057382,630.7000000000002,46,1619,22805.359094312174,0.14158871095608083,0.8195655620738862,0.9394323767242746,0.9787234042553191,18292.817009438964,8.170278,53.541667,0.094067,49.480233,387.58918231243297,False,0,False,0,False,0
HNPCO,USMIA,147.0,6,22784.32077310154,802.781842820991,14.342738429241656,0.4893661844549505,607.5048865199745,134,1620,22784.32077310154,0.10881375275621108,0.812676403885587,0.937119847349995,0.5918367346938775,10958.61461744766,-87.95,15.8,-80.1833,25.7833,740.6802476269514,False,0,False,0,False,0
CLVAL,CNYSN,6.0,6,22761.24924258775,10233.849359922388,18.267635580458165,0.597083000944182,630.7,6,1622,22761.24924258775,0.1415887109560806,0.8195655620738862,0.9394323767242746,0.8333333333333334,15545.280024171037,-71.6167,-33.033333,122.066667,30.633333,10095.143309972513,False,0,True,1,True,2
AUTOW,CNWGQ,24.0,4,22750.986323351393,3840.4659808737147,12.489749501294867,0.31498192686128657,626.915482699302,20,1624,22750.986323351393,0.13640671678915806,0.818476328722952,0.9390667465484777,1.0,18621.143760762738,146.8,-19.283333,121.617967,31.353633,3368.7711887111236,False,0,False,0,False,0
USNYK,USPEV,48.0,10,22694.636940394073,997.8337144682098,14.837800991057955,0.353529716560545,630.7,48,1627,22694.636940394073,0.1415887109560806,0.8195655620738862,0.9394323767242746,0.9166666666666666,17049.764306773777,-74.049568,40.663452,-80.1,26.083333,925.8397951640987,False,0,False,0,False,0
NICOR,PABAL,81.0,19,22660.816284817487,737.3503666694536,13.669628319368801,0.45445065746220853,630.7000000000002,28,1629,22660.816284817487,0.14158871095608083,0.8195655620738862,0.9394323767242746,0.5802469135802469,10776.35997369651,-87.167931,12.484348,-79.57037,8.954178,495.7093812607123,False,0,False,0,False,0
CNFAN,CNQIZ,1015.0,41,22596.862019641063,38.68886728119545,6.366145484687025,0.20135418496857066,630.7,689,1633,22596.862019641063,0.1415887109560806,0.8195655620738862,0.9394323767242746,0.9842364532019704,18227.675184542804,108.316667,21.55,108.6,21.683333,17.725704230624977,False,0,False,0,False,0
CNBYQ,CNQUA,110.0,17,22587.689289634334,1104.226330489367,11.00026664185068,0.5166301942044825,630.6999999999997,70,1634,22587.689289634334,0.14158871095608017,0.8195655620738861,0.9394323767242746,1.0,18512.09226860946,122.0684,40.268517,118.682805,24.833576,942.215961461233,False,0,False,0,False,0
USPMB,VILIB,55.0,5,22536.643837750773,1023.978321843808,17.188338672173487,0.8287334235257888,630.7000000000002,53,1636,22536.643837750773,0.14158871095608083,0.8195655620738862,0.9394323767242746,0.9636363636363636,17798.611458721734,-80.05,26.766667,-64.751358,17.697221,1008.2446899980487,False,0,False,0,False,0
AEKFA,CNNBO,13.0,11,22533.30741615404,5523.502915290445,13.949165494287318,0.48412530746132243,630.2605608385198,7,1637,22533.30741615404,0.1409901973245744,0.8194397570290665,0.9393901469113386,0.5384615384615384,9942.524283006283,56.364756,25.359318,121.683333,29.966667,3437.938226541195,False,0,False,0,True,1
INTUT,MYPKE,41.0,13,22510.250440339885,1562.2128677431308,16.04607748910919,0.4848439989320489,630.7,20,1638,22510.250440339885,0.1415887109560806,0.8195655620738862,0.9394323767242746,0.7804878048780488,14398.927652340375,78.221569,8.750779,101.34485,3.00525,1422.7866960302024,False,0,False,0,False,0
INPPV,LKCOL,33.0,23,22433.86148753658,1110.3610941427523,12.336990946877977,0.24993208141342813,630.6999999999999,28,1640,22433.86148753658,0.1415887109560805,0.8195655620738862,0.9394323767242746,0.5454545454545454,10028.738345193067,71.516667,20.933333,79.85,6.95,969.1554078424792,False,0,False,0,False,0
JPOSK,TWTAP,74.0,14,22327.939740447502,964.9756769674791,15.626374241729986,0.5655762237178514,629.9324804814103,72,1642,22327.939740447502,0.1405428093083112,0.8193457179521348,0.9393585801913141,0.9459459459459459,17305.420637730098,135.433333,34.65,121.37318,25.14978,926.1682558698114,False,0,False,0,False,0
DJDJI,EGSOK,41.0,23,22297.561292153456,1330.0434776445861,14.034987979720018,0.3164196381986044,630.6241001535378,25,1645,22297.561292153456,0.1414853953913504,0.8195438455772731,0.9394250870039704,0.6097560975609756,11142.578736808777,43.133333,11.583333,32.33,29.58,1237.662392020543,False,0,False,0,False,0
CNWGQ,PABAL,4.0,4,22291.105574791756,8647.026750612882,15.213925317866362,0.2583621670932286,630.6999999999999,4,1646,22291.105574791756,0.1415887109560805,0.8195655620738862,0.9394323767242746,0.75,13701.766852239409,121.617967,31.353633,-79.57037,8.954178,8097.9111657787835,False,0,True,1,True,1
INTRI,SGSGP,16.0,16,22273.923476744636,1813.761398205796,14.59904534720793,0.39344191549355123,625.4276327332395,13,1647,22273.923476744636,0.1343522868761372,0.8180444962070639,0.9389217904666946,0.75,13665.795381816195,76.983333,8.483333,103.802776,1.248823,1661.0448152281183,False,0,False,0,False,0
CNHPU,CNSHA,151.0,6,22265.730117871393,931.6615051857914,9.302210417973736,0.21839171423788317,630.7000000000002,112,1649,22265.730117871393,0.14158871095608083,0.8195655620738862,0.9394323767242746,1.0,18248.225619038723,113.470483,23.077133,121.46055,31.130717,644.6552464565868,False,0,False,0,False,0
PABAL,PACRI,133.0,70,22259.953235659952,112.02361110463693,3.632115397135519,0.20094034031375935,630.602007075161,100,1650,22259.953235659952,0.1414553174178672,0.8195375233139145,0.9394229647679396,0.8421052631578947,15362.414268493738,-79.57037,8.954178,-79.916667,9.35,31.403072077250282,False,0,False,0,False,0
JPHKA,TWTAP,110.0,16,22228.145256002175,732.7634100520628,15.2021848732452,0.5085738976141905,628.2015725707809,101,1653,22228.145256002175,0.13817471391477731,0.8188479542731837,0.9391914925591882,0.9818181818181818,17870.535428888834,130.383333,33.616667,121.37318,25.14978,692.6222457446564,False,0,False,0,False,0
HKHKG,KHSSK,68.0,16,22211.238561687587,1243.6208357130715,15.085172169612868,0.5580374004046181,630.4493928269313,31,1654,22211.238561687587,0.1412474876494597,0.8194938383718295,0.9394083007539885,0.9852941176470589,17934.297068264026,114.181938,22.298785,103.504086,10.605101,932.3281585853749,False,0,False,0,False,0
CNMWN,EGSOK,13.0,8,22186.830208359173,6546.6893073040355,15.499743199275827,0.5853609679189588,630.7,8,1656,22186.830208359173,0.1415887109560806,0.8195655620738862,0.9394323767242746,1.0,18183.561970351762,113.862187,22.508158,32.33,29.58,4329.198371977865,False,0,False,0,True,1
CGPNO,INMUN,8.0,5,22125.021706801777,6558.995744694425,15.712975834600824,0.3424599053230156,630.6999999999999,3,1659,22125.021706801777,0.1415887109560805,0.8195655620738862,0.9394323767242746,1.0,18132.90585103193,11.839142,-4.778824,69.7,22.766667,3772.521744639634,False,0,False,0,True,1
CNCGM,CNWGQ,64.0,45,22095.40050402512,58.348094430026954,6.396572851119938,0.20511511202638177,630.6788032744288,59,1660,22095.40050402512,0.14155986028212952,0.8195594977837206,0.9394303410838148,0.53125,9620.13814959228,121.382233,31.619333,121.617967,31.353633,20.00415375016371,False,0,False,0,False,0
KRULS,VNHPG,49.0,9,22045.60865766999,1654.0963897326956,14.919630093462837,0.6050288135399259,630.7,46,1661,22045.60865766999,0.1415887109560806,0.8195655620738862,0.9394323767242746,1.0,18067.821650784237,129.369164,35.462441,106.828308,20.81389,1476.1894008096392,False,0,False,0,False,0
CNYSN,CNYSN,1636.0,189,22043.031351769914,115.19062994839595,5.5698545643543,0.20848867622022946,630.4520122316839,76,1662,22043.031351769914,0.14125105559811946,0.8194945883396121,0.939408552500643,0.8245721271393643,14895.19038793033,122.066667,30.633333,122.066667,30.633333,0.0,False,0,False,0,False,0
CNTAI,JPOSK,140.0,30,22008.70179889066,824.8360143192849,14.319546897901562,0.48598499871106443,630.6999999999999,132,1663,22008.70179889066,0.1415887109560805,0.8195655620738862,0.9394323767242746,0.45714285714285713,8245.74814186257,121.211133,31.6506,135.433333,34.65,736.5418207001361,False,0,False,0,False,0
NLROT,USCHA,8.0,7,21962.07854271974,4082.3941847295264,16.120622096152857,0.38159680020385073,630.7,7,1665,21962.07854271974,0.1415887109560806,0.8195655620738862,0.9394323767242746,0.625,11249.602028234338,4.03038,52.002215,-79.938165,32.87698,3673.1124289996646,False,0,False,0,False,0
CNNBO,VNCMP,21.0,20,21958.669970539584,1648.8294745538135,14.31912784644531,0.34699862087849603,629.9282331883775,15,1666,21958.669970539584,0.14053701441558264,0.8193444998900874,0.9393581713163562,0.7142857142857143,12851.225332330881,121.683333,29.966667,107.012844,10.522075,1426.9518940155563,False,0,False,0,False,0
BRPEC,BRRDJ,20.0,16,21930.02926153484,1571.7435746240656,14.500215792181088,0.37182878246437145,630.7000000000002,16,1668,21930.02926153484,0.14158871095608083,0.8195655620738862,0.9394323767242746,0.9,16175.787082223915,-38.795986,-3.528841,-43.1667,-22.916667,1191.449962166061,False,0,False,0,False,0
CNYTN,KRGWA,24.0,10,21894.440118054776,1148.2879946127205,14.320642971947208,0.35346804019505434,630.6999999999999,19,1670,21894.440118054776,0.1415887109560805,0.8195655620738862,0.9394323767242746,0.875,15700.937981440778,114.263091,22.566543,127.728767,34.866497,1021.7172915293036,False,0,False,0,False,0
ESALG,GBSOU,20.0,15,21891.415868542892,1287.4224079313847,11.799388652963668,0.3261363718140226,630.5145731489458,20,1671,21891.415868542892,0.14133626238626906,0.8195124984476494,0.9394145645052743,1.0,17940.288912986103,-5.433333,36.116667,-1.4,50.9,904.4531190171983,False,0,False,0,False,0
CNYTN,USSEA,6.0,6,21885.128594114045,6080.043622414162,14.925917192118016,0.4109317717178776,630.7,6,1672,21885.128594114045,0.1415887109560806,0.8195655620738862,0.9394323767242746,1.0,17936.297717294357,114.263091,22.566543,-122.333333,47.6,5608.155908750204,False,0,False,0,True,1
CNQIZ,CNQUA,122.0,16,21870.707485736843,716.5448479165605,10.328397545873608,0.3130726363600963,630.6999999999999,73,1674,21870.707485736843,0.1415887109560805,0.8195655620738862,0.9394323767242746,0.9098360655737705,16308.337153759529,108.6,21.683333,118.682805,24.833576,587.2511617810426,False,0,False,0,False,0
CNNBO,KRINC,163.0,21,21815.145588052033,576.8816392105881,13.240859925919295,0.3953815878338451,630.6535361466937,51,1677,21815.145588052033,0.14152546688635836,0.8195522684367705,0.9394279143610249,0.9202453987730062,16452.74728800594,121.683333,29.966667,126.607819,37.439929,511.4888180872477,False,0,False,0,False,0
CNWEN,THLCB,49.0,14,21767.442564108092,1954.1272069289064,14.690978506330254,0.4845203512760313,630.7,47,1679,21767.442564108092,0.1415887109560806,0.8195655620738862,0.9394323767242746,1.0,17839.846299964283,120.666189,28.032743,100.886078,13.056152,1426.0741996784352,False,0,False,0,False,0
CLVAL,CNQIN,4.0,4,21765.90245660751,10578.588626121635,17.569483422837756,0.5143673962949271,630.7,1,1680,21765.90245660751,0.1415887109560806,0.8195655620738862,0.9394323767242746,1.0,17838.584080894914,-71.6167,-33.033333,120.2667,36.0333,10193.017311428548,False,0,True,1,True,2
AEJAL,AEKFA,150.0,62,21724.906764249667,265.7759046966812,10.726983871961234,0.24719881797726076,630.5686030233209,83,1683,21724.906764249667,0.14140983644887106,0.8195279634057656,0.9394197557302306,0.4533333333333333,8071.223096710837,55.0606,25.0136,56.364756,25.359318,73.83504213429424,False,0,False,0,False,0
JPSZU,KRBUS,242.0,36,21622.577061034135,604.2956407165017,12.856601164635874,0.4425495260838778,630.7,241,1689,21622.577061034135,0.1415887109560806,0.8195655620738862,0.9394323767242746,0.78099173553719,13840.047891548908,138.501892,35.025498,129.052391,35.112607,464.21066170841027,False,0,False,0,False,0
CNMWN,VNHPG,213.0,50,21621.139284147153,550.1937243106414,12.315543725996106,0.3548711280796609,630.5297199481563,206,1690,21621.139284147153,0.14135688949838043,0.8195168341797483,0.9394160199091949,0.49765258215962443,8817.850175846894,113.862187,22.508158,106.828308,20.81389,405.409952712835,False,0,False,0,False,0
IDJAK,VNHCM,58.0,10,21538.40231666718,1065.8229136218713,14.145516902406039,0.5070031132402225,630.6429257415158,46,1694,21538.40231666718,0.1415110232729292,0.8195492324500542,0.9394268952512485,1.0,17651.781086825056,106.788826,-6.09208,106.710033,10.776988,1012.8375645095992,False,0,False,0,False,0
CNMWN,INNSA,20.0,11,21466.013342072725,3959.2136610008656,13.81493415901593,0.49453541216543,629.795702518953,8,1697,21466.013342072725,0.1403561538533885,0.819306483761573,0.9393454101906159,0.8,14069.795129338094,113.862187,22.508158,72.9428,18.953883,2300.731400429274,False,0,False,0,False,0
CNBYQ,CNQIZ,51.0,18,21403.849101457003,1808.7189489658683,11.36233143494232,0.47170221800835127,630.7,26,1700,21403.849101457003,0.1415887109560806,0.8195655620738862,0.9394323767242746,0.9803921568627451,17197.899626843384,122.0684,40.268517,108.6,21.683333,1310.126460942388,False,0,False,0,False,0
CNNTG,CNQUA,272.0,14,21359.01138755421,554.427840451747,10.037295434556103,0.4778425866567063,630.7,165,1701,21359.01138755421,0.1415887109560806,0.8195655620738862,0.9394323767242746,1.0,17505.110173183402,120.81025,32.00315,118.682805,24.833576,444.84694686969897,False,0,False,0,False,0
KRGWA,TWKAO,62.0,14,21295.76732742906,907.0735951857781,15.613343468047391,0.518708366045796,630.280411350477,61,1702,21295.76732742906,0.14101725160716405,0.8194454437253329,0.9393920558023525,1.0,17450.719507096554,127.728767,34.866497,120.260382,22.620829,833.0471341698044,False,0,False,0,False,0
HKHKG,MXLCS,4.0,4,21267.22004145101,8071.674956763075,16.30215685235163,0.32793674008096524,630.7,4,1703,21267.22004145101,0.1415887109560806,0.8195655620738862,0.9394323767242746,1.0,17429.881147020817,114.181938,22.298785,-102.166667,17.883333,7585.923049185716,False,0,True,1,True,1
NGLAG,NGONN,109.0,38,21212.556907943363,417.2743333640136,11.25681370498167,0.3415492535104543,630.6999999999998,89,1707,21212.556907943363,0.1415887109560804,0.8195655620738861,0.9394323767242746,0.8440366972477065,14673.646454367217,3.3833,6.45,7.166667,4.683333,249.72129147467083,False,0,False,0,False,0
ESVAL,LBBRT,18.0,17,21183.54907636137,1797.0483491341065,16.40921050938129,0.37111881577267525,630.2546269488145,16,1708,21183.54907636137,0.14098210968950287,0.8194380570422339,0.939389576265495,0.7222222222222222,12536.771214061158,-0.316667,39.45,35.516567,33.904758,1745.4469330828738,False,0,False,0,False,0
CNSHE,CNTJN,38.0,15,21168.32479318414,1516.221339676387,14.452925976201772,0.5305550637276426,630.7,35,1709,21168.32479318414,0.1415887109560806,0.8195655620738862,0.9394323767242746,0.9210526315789473,15979.185533028918,113.8943,22.467416,117.8143,38.97075,1011.0233863533165,False,0,False,0,False,0
USJAC,USSAV,104.0,53,21161.16287789484,249.94628466092595,8.034763917475223,0.2134653840922577,629.15586262045,85,1710,21161.16287789484,0.13948191193028803,0.8191227217910357,0.9392837255924215,0.6346153846153846,11000.162461202948,-81.377283,30.398817,-81.0833,32.0833,102.25671124630912,False,0,False,0,False,0
CNHUM,CNNBO,158.0,9,21154.85779620538,806.0879129831172,10.572613994217951,0.3474718748060641,630.60006500674,106,1711,21154.85779620538,0.14145267334500933,0.8195369675409347,0.9394227782079412,1.0,17337.188007061857,113.659717,22.81445,121.683333,29.966667,608.3967433954479,False,0,False,0,False,0
AEKHA,AERUW,530.0,3,21145.416133977997,162.1011945480168,9.860174050293802,0.22459116630965198,630.7,483,1712,21145.416133977997,0.1415887109560806,0.8195655620738862,0.9394323767242746,0.6867924528301886,11902.15088438355,54.659214,24.802318,52.732658,24.14644,112.40005902622194,False,0,False,0,False,0
CNNSA,USOAK,5.0,5,21075.02039153123,6444.5272052130695,16.880661485083927,0.43649200454542053,630.6999999999999,3,1717,21075.02039153123,0.1415887109560805,0.8195655620738862,0.9394323767242746,0.8,13817.888746323126,113.682083,22.64515,-122.320518,37.814824,5996.943520696988,False,0,False,0,True,1
CNWGQ,JPSZU,103.0,15,21015.096098773734,985.6266152382748,13.672063116375945,0.5913849096010434,630.6999999999998,96,1721,21015.096098773734,0.1415887109560804,0.8195655620738861,0.9394323767242746,0.6019417475728155,10367.392629768447,121.617967,31.353633,138.501892,35.025498,875.3053480054841,False,0,False,0,False,0
CNQIZ,MYPKE,36.0,17,20906.931158038333,1583.4468728375134,14.545575371974234,0.3561600682015817,630.6999999999999,27,1723,20906.931158038333,0.1415887109560805,0.8195655620738862,0.9394323767242746,0.5277777777777778,9043.261525827134,108.6,21.683333,101.34485,3.00525,1198.6892301931214,False,0,False,0,False,0
CNQUA,CNTJN,124.0,6,20885.055063032363,1113.035141902236,10.085637638614799,0.49716215457391594,630.7,75,1726,20885.055063032363,0.1415887109560806,0.8195655620738862,0.9394323767242746,1.0,17116.671891678183,118.682805,24.833576,117.8143,38.97075,849.9433765721444,False,0,False,0,False,0
TWKAO,VNDAN,97.0,18,20811.36571467332,798.419631436908,15.612138110739272,0.4885870447467089,627.9431430919826,61,1731,20811.36571467332,0.13782003043435664,0.8187734012992792,0.9391664668684752,0.9690721649484536,16512.788794199074,120.260382,22.620829,108.230438,16.111792,784.972412369748,False,0,False,0,False,0
CNFUN,CNQIZ,84.0,15,20807.434845777752,801.0677017105428,10.983599802833742,0.2710317599702053,630.7000000000003,46,1732,20807.434845777752,0.14158871095608094,0.8195655620738862,0.9394323767242746,0.7261904761904762,12383.767608528953,119.308128,25.393912,108.6,21.683333,629.842443513132,False,0,False,0,False,0
CNNSA,JPYOK,40.0,5,20792.272943045915,1703.2192597410487,14.890969559709143,0.5839367706765277,630.6999999999999,40,1735,20792.272943045915,0.1415887109560805,0.8195655620738862,0.9394323767242746,1.0,17040.63086136108,113.682083,22.64515,139.679832,35.450183,1559.008349638677,False,0,False,0,False,0
MYPKE,PHMAN,39.0,16,20723.45136548883,1581.1913605023933,14.114411688880699,0.41923895663043254,630.6033783584408,16,1737,20723.45136548883,0.14145718437261012,0.8195379157399392,0.9394230964961834,0.717948717948718,12193.392715187178,101.34485,3.00525,120.94162,14.596732,1353.1683061434735,False,0,False,0,False,0
SXPHI,USPMB,50.0,3,20703.273850146383,1078.7412925972128,16.549376245028867,0.7881798750109951,630.7,49,1739,20703.273850146383,0.1415887109560806,0.8195655620738862,0.9394323767242746,1.0,16967.69026976481,-63.052254,18.021834,-80.05,26.766667,1078.172706941225,False,0,False,0,False,0
CNHPU,KRBUS,103.0,13,20667.71819412345,1275.8593687721843,13.969940280166178,0.48852584241400404,630.7000000000002,95,1740,20667.71819412345,0.14158871095608083,0.8195655620738862,0.9394323767242746,0.8640776699029126,14636.222883408549,113.470483,23.077133,129.052391,35.112607,1088.4548124774121,False,0,False,0,False,0
GBLIV,NLROT,97.0,31,20650.23807190336,737.5559012923086,12.741713929244453,0.3579638252499777,628.8347106072389,86,1741,20650.23807190336,0.13904243695900143,0.8190303460028341,0.9392527171995454,0.7319587628865979,12379.744185032014,-3.005791,53.436128,4.03038,52.002215,269.8492587012043,False,0,False,0,False,0
PABAL,PACOL,117.0,79,20639.101831506123,83.35669441970161,3.633376962092884,0.20052928982316556,629.8888572614009,63,1742,20639.101831506123,0.1404832872359868,0.8193332066631978,0.9393543804440612,0.8974358974358975,15175.911590229915,-79.57037,8.954178,-79.892063,9.359918,30.936279960173568,False,0,False,0,False,0
JMKIN,USNOL,35.0,14,20638.5641499732,1194.8908198540407,13.235657274186472,0.3085448277117236,630.7000000000002,28,1743,20638.5641499732,0.14158871095608083,0.8195655620738862,0.9394323767242746,0.5714285714285714,9665.517958840426,-76.7936,17.997,-90.061119,29.923919,1019.4352959133413,False,0,False,0,False,0
BRRDJ,MATAN,7.0,6,20618.908654678744,4228.469862682685,17.833421979793545,0.551421398771198,630.6999999999999,7,1745,20618.908654678744,0.1415887109560805,0.8195655620738862,0.9394323767242746,1.0,16898.5474609219,-43.1667,-22.916667,-5.797516,35.789733,4114.382097665146,False,0,False,0,False,0
CNTJN,LKCOL,5.0,5,20615.826311498615,4554.896602940996,15.192132209508292,0.41385317901521046,628.4402124794922,5,1746,20615.826311498615,0.13850197799417963,0.8189167438044656,0.9392145835969296,0.8,13506.116283080699,117.8143,38.97075,79.85,6.95,2809.8873323214716,False,0,False,0,False,0
ESBAR,TRMER,29.0,11,20609.101797942334,1701.2528775506598,14.003909105003467,0.28662278295485516,630.6999999999999,24,1747,20609.101797942334,0.1415887109560805,0.8195655620738862,0.9394323767242746,0.6206896551724138,10483.764888952892,2.166667,41.35,34.633333,36.783333,1528.8715909028595,False,0,False,0,False,0
JPKOB,JPYOK,268.0,67,20597.699793432716,372.5687452348469,12.720870482319382,0.4173413262025692,630.6192960705278,205,1748,20597.699793432716,0.14147885519276848,0.819542470855074,0.9394246255418613,0.7835820895522388,13227.406172964882,135.237233,34.685033,139.679832,35.450183,223.07597745008664,False,0,False,0,False,0
FRFOS,MTMAL,35.0,26,20591.00507930541,777.3739748097287,11.676511888183537,0.31230981406850994,603.2242927054191,32,1750,20591.00507930541,0.1024897263804504,0.8113471201737998,0.9366736378790786,0.8,13365.162138062824,4.871235,43.408352,14.539518,35.819159,637.582751046595,False,0,False,0,False,0
AEJAL,THLCB,11.0,10,20585.53769041959,4422.430457319698,14.395137872081786,0.4121663978834422,630.7,9,1751,20585.53769041959,0.1415887109560806,0.8195655620738862,0.9394323767242746,0.6363636363636364,10736.216761353939,55.0606,25.0136,100.886078,13.056152,2684.376703588764,False,0,False,0,False,0
CNZOS,HKHKG,34.0,31,20571.315425759538,866.8145661853733,11.524238998768293,0.23772705861702423,630.7,27,1754,20571.315425759538,0.1415887109560806,0.8195655620738862,0.9394323767242746,0.6470588235294118,10909.115210860591,122.099218,30.006902,114.181938,22.298785,629.0609427262879,False,0,False,0,False,0
CNDAL,JPNAG,118.0,22,20559.783396812134,1057.2240086704549,13.349437358831903,0.47030041058090627,630.4435319657375,73,1756,20559.783396812134,0.14123950433450838,0.8194921603126469,0.9394077374687444,0.5,8424.290655706833,121.737442,38.978628,136.866667,35.066667,761.2291857687418,False,0,False,0,False,0
KRBUS,KRULS,1183.0,142,20381.07512170261,88.19859077670566,7.333524471173902,0.22752158762243122,630.1545313844192,1151,1762,20381.07512170261,0.14084566080867467,0.8194093760621115,0.9393799487308669,0.6821639898562976,11392.441544803156,129.052391,35.112607,129.369164,35.462441,26.118759930698634,False,0,False,0,False,0
USBAL,USCHA,60.0,23,20342.06300529713,623.0154955938309,12.066441422809323,0.25556431923356626,630.6043611976202,56,1764,20342.06300529713,0.14145852246915425,0.8195381970021975,0.9394231909093492,0.7,11669.768347066418,-76.583333,39.283333,-79.938165,32.87698,417.58216281219376,False,0,False,0,False,0
INCHN,LKCOL,100.0,13,20294.21776058106,629.9113152011982,14.604838813528827,0.4015366763857438,630.7,71,1766,20294.21776058106,0.1415887109560806,0.8195655620738862,0.9394323767242746,0.72,11975.358229776331,80.3,13.1,79.85,6.95,370.2051055263458,False,0,False,0,False,0
GTSTC,USFRE,52.0,2,20261.24218756125,1062.1863536846436,18.227177037208286,0.5794926361616449,630.7,39,1767,20261.24218756125,0.1415887109560806,0.8195655620738862,0.9394323767242746,1.0,16605.416341763772,-88.616667,15.7,-95.299358,28.938158,876.6805344403912,False,0,False,0,False,0
AEKHA,SAJUB,92.0,38,20253.79576538669,347.464690653367,10.897806090213612,0.2490614997107828,628.4503263599676,73,1768,20253.79576538669,0.13851584239627934,0.8189196580433997,0.9392155618388214,0.5978260869565217,9915.681876357858,54.659214,24.802318,49.666443,27.05295,301.5243071570341,False,0,False,0,False,0
CNYTN,MYPAG,42.0,11,20227.00585576593,1463.7215965178225,15.792888981467518,0.5141476036082738,629.4281614078899,41,1769,20227.00585576593,0.13985418321765364,0.8192009716478925,0.9393099922403294,0.9761904761904762,16175.459449366988,114.263091,22.566543,103.900833,1.426733,1405.8805720838218,False,0,False,0,False,0
ECPSJ,MXMAN,10.0,10,20206.583901382786,2266.366353076302,10.637085938126463,0.35191977067685754,625.6681973115643,9,1772,20206.583901382786,0.13468512172051672,0.8181144566896839,0.9389452745654299,1.0,16531.29841003429,-80.240917,-2.705467,-104.293756,19.073908,1930.3642889474438,False,0,False,0,False,0
CNDCB,CNJIN,63.0,9,20099.616255689085,1483.8885260977318,11.328611662666308,0.3907789570151571,630.6999999999998,20,1774,20099.616255689085,0.1415887109560804,0.8195655620738861,0.9394323767242746,0.8253968253968254,13596.723353829977,113.852567,22.533467,121.066667,40.783333,1155.0019148152046,False,0,False,0,False,0
CNSHE,JPKOB,48.0,18,19994.229291489522,1442.8302024305274,15.503825887440827,0.5083915471590309,629.7010458859363,46,1777,19994.229291489522,0.14022693222893445,0.8192793219203043,0.9393362925953921,0.9375,15357.054952734958,113.8943,22.467416,135.237233,34.685033,1338.6504898861765,False,0,False,0,False,0
JPKOB,JPMOJ,385.0,72,19971.662364900207,292.27025798079524,13.234652069479498,0.44191315870076175,630.4631113070882,340,1779,19971.662364900207,0.14126617356317783,0.819497766072201,0.9394096191911958,0.8233766233766234,13475.985100292257,135.237233,34.685033,131.005955,33.964436,214.20306684030106,False,0,False,0,False,0
MYPAG,SGSGP,542.0,81,19959.09330589815,143.21803298440025,5.895461082561632,0.20439764226798823,630.6867777889373,345,1780,19959.09330589815,0.14157071455019088,0.8195617793051565,0.9394311069372318,0.6642066420664207,10864.899646339169,103.900833,1.426733,103.802776,1.248823,12.19603325280929,False,0,False,0,False,0
CNZOS,VNCMP,12.0,11,19894.596567235076,1869.4970621549523,10.327997205413954,0.2183578119639012,630.3863357439955,5,1783,19894.596567235076,0.14116158726532657,0.8194757824728374,0.9394022398107416,0.6666666666666666,10868.760059277593,122.099218,30.006902,107.012844,10.522075,1442.3203599356943,False,0,False,0,False,0
MYPKE,SADMA,10.0,10,19847.748025730347,3617.6142776749552,16.03913368373231,0.45092623347904737,630.4273620310353,6,1786,19847.748025730347,0.14121747784584981,0.8194875304374911,0.9394061833278748,0.7,11385.487410045946,101.34485,3.00525,50.206833,26.510212,3257.8176327282576,False,0,False,0,False,0
HNPCA,USFRE,48.0,2,19826.500577226663,1000.1226314661316,15.997146299444736,0.567497975459194,630.6999999999999,45,1787,19826.500577226663,0.1415887109560805,0.8195655620738862,0.9394323767242746,1.0,16249.117089533,-85.961838,16.008856,-95.299358,28.938158,932.2962753750702,False,0,False,0,False,0
CNSHE,CNSTO,354.0,66,19822.565525239883,220.93288744304547,9.843044804338504,0.25100570304119824,630.6643543261717,266,1788,19822.565525239883,0.14154019283608565,0.8195553637693878,0.9394289533918332,0.8107344632768362,13170.940681541533,113.8943,22.467416,116.733333,23.333333,165.40062658824291,False,0,False,0,False,0
CNWUH,CNYSN,566.0,45,19821.190035620828,318.11390464778634,6.799583791676669,0.2256385798374116,630.6999999999999,214,1789,19821.190035620828,0.1415887109560805,0.8195655620738862,0.9394323767242746,0.9982332155477032,16216.06375472093,118.33285,31.381033,122.066667,30.633333,197.30838010722374,False,0,False,0,False,0
CNHKO,CNQUA,251.0,11,19784.078833260915,587.3626967651134,10.095444232074557,0.4872473764494183,630.7,136,1790,19784.078833260915,0.1415887109560806,0.8195655620738862,0.9394323767242746,1.0,16214.349689095558,110.266667,20.05,118.682805,24.833576,548.0570748750367,False,0,False,0,False,0
DEBHN,GBLGP,72.0,39,19647.973321631274,442.93494939574737,11.250511215651242,0.27118227152685637,630.5628732651015,64,1794,19647.973321631274,0.14140203466691526,0.8195263235040542,0.9394192052535577,0.8333333333333334,13418.359450485183,8.548651,53.563407,0.486317,51.502973,319.1591060388364,False,0,False,0,False,0
BRPEC,DOCUC,6.0,6,19601.91978073856,6119.588624792294,11.616711719969263,0.3055351323336799,628.9815941833787,2,1796,19601.91978073856,0.13924349296275973,0.8190726071281161,0.9392669032714765,0.8333333333333334,13379.496282938104,-38.795986,-3.528841,-69.629288,18.426403,2249.9030931772722,False,0,False,0,True,1
CNSTO,CNWGQ,64.0,20,19589.27210400153,750.1795578252493,14.698301919422128,0.3313755925591403,630.5671427109995,60,1797,19589.27210400153,0.14140784806458984,0.8195275454557635,0.9394196154341842,0.578125,9281.188736442578,116.733333,23.333333,121.617967,31.353633,547.3014117453391,False,0,False,0,False,0
PTSNS,TGLOM,7.0,7,19520.55382915062,3127.745288236094,15.334118425879415,0.4405298456648227,630.6999999999999,6,1805,19520.55382915062,0.1415887109560805,0.8195655620738862,0.9394323767242746,1.0,15998.37367098138,-8.866667,37.95,1.286945,6.137824,1988.705463736568,False,0,False,0,False,0
CNNBO,CNNJG,425.0,12,19414.410308200364,311.3088996028107,7.4963070888960734,0.2392944920540838,630.7,167,1812,19414.410308200364,0.1415887109560806,0.8195655620738862,0.9394323767242746,1.0,15911.382096573281,121.683333,29.966667,118.764874,32.137024,198.7671317422852,False,0,False,0,False,0
JPYOK,TWKEE,52.0,16,19332.33071225313,1154.2363852439169,15.945072130847256,0.5763679870641288,630.6999999999999,52,1818,19332.33071225313,0.1415887109560805,0.8195655620738862,0.9394323767242746,0.9807692307692307,15539.418015493951,139.679832,35.450183,121.7559,25.15113,1113.17439088781,False,0,False,0,False,0
CNDAL,CNWGQ,119.0,37,19291.091884708087,592.8352315515727,12.974377791545635,0.3869209524170386,630.7000000000002,100,1820,19291.091884708087,0.14158871095608083,0.8195655620738862,0.9394323767242746,0.6974789915966386,11027.362258582443,121.737442,38.978628,121.617967,31.353633,457.8456300477052,False,0,False,0,False,0
IDSUR,MYPKE,71.0,17,19222.84650789644,1005.1396435626268,13.767840907890372,0.4010324551362722,629.4776244097544,55,1822,19222.84650789644,0.13992177163142638,0.8192151784478321,0.9393147611309947,0.6338028169014085,9980.903428885564,112.731533,-7.1937,101.34485,3.00525,916.7880199442171,False,0,False,0,False,0
CGPNO,NGLKK,19.0,13,19168.895055584937,1084.349635561144,12.136211840136541,0.28789080521617816,627.0362417936782,16,1825,19168.895055584937,0.13657303371924745,0.8185112878412456,0.9390784815073425,0.9473684210526315,14864.169769048905,11.839142,-4.778824,4.00692,6.421413,820.1201192165926,False,0,False,0,False,0
CNYPG,HKHKG,674.0,39,19124.832158302117,364.51585883282826,8.838437304191528,0.27599750151422064,630.6999999999999,449,1831,19124.832158302117,0.1415887109560805,0.8195655620738862,0.9394323767242746,0.8516320474777448,13348.526544778171,109.189336,19.728811,114.181938,22.298785,319.5066768676833,False,0,False,0,False,0
CNSTO,HKHKG,848.0,96,19110.47309676118,196.6988912138549,9.153891507467502,0.2518606515600294,630.7,603,1832,19110.47309676118,0.1415887109560806,0.8195655620738862,0.9394323767242746,0.8926886792452831,13981.545068583766,116.733333,23.333333,114.181938,22.298785,154.25487316770278,False,0,False,0,False,0
JPHKA,JPOSK,232.0,52,19093.14073568554,377.44375310666214,12.783198930773022,0.38126880759577814,629.4298964137749,214,1833,19093.14073568554,0.13985655418551302,0.8192014700153516,0.9393101595306365,0.8060344827586207,12607.28928932858,130.383333,33.616667,135.433333,34.65,258.4946664319629,False,0,False,0,False,0
KRGWA,TWKEE,83.0,21,19086.200185745176,694.6086359635486,15.470893088267314,0.5019467555892123,630.7,83,1834,19086.200185745176,0.1415887109560806,0.8195655620738862,0.9394323767242746,0.8313253012048193,13003.916559432073,127.728767,34.866497,121.7559,25.15113,660.4599285535929,False,0,False,0,False,0
CNDAL,CNDAL,57.0,31,18943.465899816845,2022.6083616841554,12.712095097693318,0.5080494441435934,619.976085331541,15,1837,18943.465899816845,0.12674051014326027,0.8164445327933192,0.9383847201467908,0.5263157894736842,8140.152192664283,121.737442,38.978628,121.737442,38.978628,0.0,False,0,False,0,False,0
JMKIN,USHOU,34.0,21,18858.517932554136,1363.4741700568352,13.24433519903372,0.309510676450653,630.6999999999999,22,1842,18858.517932554136,0.1415887109560805,0.8195655620738862,0.9394323767242746,0.5882352941176471,9091.642264278937,-76.7936,17.997,-94.97475,29.6069,1215.161634103088,False,0,False,0,False,0
CNQIN,COBUE,4.0,4,18808.92309973583,8883.145712210882,18.18452795856659,0.5035903202748955,630.6999999999999,2,1847,18808.92309973583,0.1415887109560805,0.8195655620738862,0.9394323767242746,1.0,15415.145632239499,120.2667,36.0333,-77.083333,3.883333,8220.077809109704,False,0,True,1,True,1
CNQIN,CNTAI,157.0,41,18790.750642753,582.4520562606436,11.18696413734228,0.3569234110081059,630.4056646543968,72,1849,18790.750642753,0.14118792016755088,0.8194813175379891,0.9394040978027345,0.554140127388535,8533.02045350217,120.2667,36.0333,121.211133,31.6506,267.3160950257989,False,0,False,0,False,0
HKHKG,MYKUA,44.0,9,18779.699618183033,1353.0488935282644,16.47726992433146,0.5544766811028553,629.5471761871133,44,1850,18779.699618183033,0.14001679226167218,0.819235151384149,0.939321465578862,1.0,15384.990059651023,114.181938,22.298785,103.433333,3.966667,1265.8818735433724,False,0,False,0,False,0
CNBYQ,CNHKO,58.0,6,18751.185041551813,1662.7781957779382,10.695477310450027,0.5013056789262695,630.7,17,1856,18751.185041551813,0.1415887109560806,0.8195655620738862,0.9394323767242746,1.0,15367.825508130858,122.0684,40.268517,110.266667,20.05,1356.7416107933454,False,0,False,0,False,0
LKCOL,NAWVB,6.0,6,18717.66962626789,5169.479874171812,16.190259967176015,0.33202420974971936,630.7000000000002,5,1857,18717.66962626789,0.14158871095608083,0.8195655620738862,0.9394323767242746,0.8333333333333334,12783.631189971291,79.85,6.95,14.5,-22.95,4231.9421762770835,False,0,False,0,True,1
PHMAN,PHSFS,310.0,73,18647.43212848648,104.04507689479424,5.830088064414936,0.21418523928593167,630.362778805892,203,1862,18647.43212848648,0.14112949209091297,0.8194690362023382,0.9393999752454246,0.6903225806451613,10548.814684101862,120.94162,14.596732,120.283033,14.805367,40.24641619160451,False,0,False,0,False,0
CNFUN,CNRIZ,79.0,12,18629.804170622258,794.3422450376239,10.943999309817176,0.27229904832663454,630.6999999999999,47,1863,18629.804170622258,0.1415887109560805,0.8195655620738862,0.9394323767242746,0.7341772151898734,11209.67169281649,119.308128,25.393912,119.533333,35.35,597.8813489631989,False,0,False,0,False,0
CNLYG,CNNBO,132.0,30,18619.79882617198,495.1370241577617,10.058324838120857,0.2234338142532932,630.6318635455956,54,1864,18619.79882617198,0.14149596413335053,0.8195460670823334,0.9394258327112929,0.803030303030303,12254.068084639925,119.483333,34.733333,121.683333,29.966667,307.1513963952061,False,0,False,0,False,0
TWTAP,VNCMP,17.0,10,18602.11647080041,1359.282823501114,16.772104525413596,0.5708453464195085,626.4482429105844,17,1865,18602.11647080041,0.13576260109763572,0.8183409383171609,0.9390212991539152,1.0,15222.873447399923,121.37318,25.14978,107.012844,10.522075,1199.9313688134318,False,0,False,0,False,0
CRPMN,GTSTC,86.0,14,18571.53183081735,720.9678909586006,16.969594104463663,0.5303886786992619,630.7000000000003,71,1866,18571.53183081735,0.14158871095608094,0.8195655620738862,0.9394323767242746,0.7906976744186046,12034.883474392887,-83.090115,10.006213,-88.616667,15.7,470.5495743000994,False,0,False,0,False,0
CNZOS,MYTPP,10.0,10,18567.717910016745,2200.145981765817,14.281214826801214,0.2917506405448606,630.542299957135,9,1868,18567.717910016745,0.1413740203681736,0.8195204350164355,0.9394172286259036,0.7,10651.636981215568,122.099218,30.006902,103.549576,1.327854,2020.9356605597216,False,0,False,0,False,0
USBOS,USCHA,29.0,19,18526.900632997244,911.14959987571,15.203313776800782,0.4051489505434314,628.4921962044803,23,1870,18526.900632997244,0.1385732340519703,0.8189317215277322,0.9392196112685358,1.0,15172.266629953663,-71.083333,42.35,-79.938165,32.87698,706.8219246536581,False,0,False,0,False,0
MYPEN,VNHCM,62.0,17,18507.861723835136,1074.6917497641646,13.554190257944448,0.4262136112787217,627.264396878832,55,1871,18507.861723835136,0.13688708829335705,0.8185773007901441,0.9391006405112786,0.8870967741935484,13439.618582760975,100.35,5.416667,106.710033,10.776988,496.3756990621113,False,0,False,0,False,0
CNZOS,THLCB,7.0,7,18478.270075636814,2307.491432728469,13.890143394688987,0.23885453481870975,630.3616776153967,6,1873,18478.270075636814,0.14112799171410773,0.8194687208294522,0.9393998693821184,0.8571428571428571,12979.169436019924,122.099218,30.006902,100.886078,13.056152,1556.3254744163178,False,0,False,0,False,0
CNBYQ,CNSHA,209.0,23,18470.356570359832,687.4709161769648,9.969716784037464,0.44262943383796194,628.0347304025621,113,1874,18470.356570359832,0.13794576352016452,0.8187998298644158,0.9391753383200412,0.9808612440191388,14834.079366296048,122.0684,40.268517,121.46055,31.130717,549.4333286565527,False,0,False,0,False,0
ESVAL,MQFDF,11.0,7,18427.240713401236,3684.6427998346717,16.781811014044766,0.4953467984428676,630.7,11,1875,18427.240713401236,0.1415887109560806,0.8195655620738862,0.9394323767242746,1.0,15102.331892749484,-0.316667,39.45,-61.05,14.583333,3500.9547303150025,False,0,False,0,False,0
AEKHA,VNCMP,6.0,6,18324.44404720809,4379.187898410666,15.799184722141431,0.392068643659951,630.7,5,1880,18324.44404720809,0.1415887109560806,0.8195655620738862,0.9394323767242746,0.8333333333333334,12515.06940436798,54.659214,24.802318,107.012844,10.522075,3095.5357597872853,False,0,False,0,False,0
BDCTG,HKHKG,21.0,7,18199.543059613425,2997.1392515583643,14.118684183012498,0.5842708401164236,630.1286780610232,1,1884,18199.543059613425,0.14081041087361923,0.8194019666742111,0.9393774615725383,1.0,14912.741375619229,91.883333,22.35,114.181938,22.298785,1237.3330480658765,False,0,False,0,False,0
CNNBO,OMSOH,6.0,5,18176.368163502615,5453.906658174949,16.120876271954074,0.3901037735966861,630.7,4,1888,18176.368163502615,0.1415887109560806,0.8195655620738862,0.9394323767242746,0.6666666666666666,9931.150260255274,121.683333,29.966667,56.625595,24.507768,3442.875948280729,False,0,False,0,True,1
CNTAI,JPYOK,97.0,23,18173.676713855853,1069.7490675376685,14.24474843680225,0.5338116900196177,630.7,72,1889,18173.676713855853,0.1415887109560806,0.8195655620738862,0.9394323767242746,0.7010309278350515,10441.51887447366,121.211133,31.6506,139.679832,35.450183,950.2959785842826,False,0,False,0,False,0
PHBAT,SGSGP,34.0,12,18153.843836640463,1358.2892788222066,14.472828029794798,0.29415610462388825,630.7000000000002,34,1890,18153.843836640463,0.14158871095608083,0.8195655620738862,0.9394323767242746,0.8823529411764706,13127.881083333348,121.05,13.75,103.802776,1.248823,1269.9906817331866,False,0,False,0,False,0
JPYCI,TWKEE,52.0,17,18089.338753211614,1046.9592466281936,15.99578966348478,0.5014430863110364,630.4837727891801,52,1893,18089.338753211614,0.14129431499098666,0.8195036812818144,0.9394116047887988,0.9807692307692307,14539.197398283573,136.633333,34.966667,121.7559,25.15113,970.1715027270948,False,0,False,0,False,0
CNNBO,TWKEE,191.0,34,18073.85547167714,368.2227969215632,10.575628842754128,0.28249688134759565,629.6800506154178,139,1894,18073.85547167714,0.14019826502227173,0.8192732961941901,0.9393342698999829,0.7172774869109948,10621.034131774404,121.683333,29.966667,121.7559,25.15113,289.1528326099561,False,0,False,0,False,0
TWKAO,VULUB,12.0,5,18007.928966651503,3690.214726442427,14.71020236169627,0.8157876837814297,630.2383618093679,10,1897,18007.928966651503,0.1409599402269318,0.8194333971145638,0.9393880120366989,1.0,14756.298408140998,120.260382,22.620829,167.182388,-15.514145,3584.1253273725706,False,0,False,0,False,0
GTPQL,PABAL,48.0,18,17950.008252011638,945.05657109604,13.307372214679843,0.440161236999458,630.6999999999999,18,1901,17950.008252011638,0.1415887109560805,0.8195655620738862,0.9394323767242746,0.7083333333333334,10420.43942662266,-90.783333,13.916667,-79.57037,8.954178,723.7665487022032,False,0,False,0,False,0
CANWE,JPTOM,11.0,5,17901.460191718994,4127.007925321303,13.771135524310088,0.6434990645007352,629.6946655549822,11,1903,17901.460191718994,0.14021822064692824,0.8192774907824537,0.9393356779252173,1.0,14666.26338721352,-122.912378,49.199261,141.583333,42.583333,3735.7281332873126,False,0,False,0,False,0
INNSA,MYTPP,15.0,9,17862.864866696986,2478.1094467090825,15.162400979716868,0.48169711729214015,630.7,11,1905,17862.864866696986,0.1415887109560806,0.8195655620738862,0.9394323767242746,1.0,14639.788884724388,72.9428,18.953883,103.549576,1.327854,2088.3530366414725,False,0,False,0,False,0
CRPTC,ECGYL,48.0,4,17812.18030583817,872.1076383161285,15.735294133155648,0.5448962699780923,630.6999999999999,40,1909,17812.18030583817,0.1415887109560805,0.8195655620738862,0.9394323767242746,1.0,14598.249564115666,-84.720083,9.91385,-79.930086,-2.257278,784.8805429556452,False,0,False,0,False,0
KRGWA,KRULS,529.0,73,17806.36430790205,143.93762846403735,11.297020109288772,0.3040444131880104,630.6832476954518,508,1910,17806.36430790205,0.14156590970458982,0.8195607693468459,0.939430767917834,0.7712665406427222,11255.399307435548,127.728767,34.866497,129.369164,35.462441,88.10668484561096,False,0,False,0,False,0
JPSZU,JPYOK,735.0,93,17806.23674232113,142.54204251193553,9.352630548330586,0.27068036839456766,630.427188188919,628,1911,17806.23674232113,0.14121724103409128,0.8194874806606568,0.939406166618955,0.5782312925170068,8437.544132523924,138.501892,35.025498,139.679832,35.450183,63.14162749571704,False,0,False,0,False,0
CAHFX,SXPHI,28.0,2,17774.270370324615,1678.7201910087433,16.179934043441772,0.7189703685667337,630.6999999999998,24,1915,17774.270370324615,0.1415887109560804,0.8195655620738861,0.9394323767242746,1.0,14567.179886508313,-63.57595,44.655955,-63.052254,18.021834,1599.3417107986058,False,0,False,0,False,0
BEZEE,GRPIR,10.0,5,17759.890826630508,2907.3851061756695,14.503817715451547,0.2894189893419932,630.7,8,1916,17759.890826630508,0.1415887109560806,0.8195655620738862,0.9394323767242746,0.9,13099.85541692846,3.2,51.333333,23.65,37.933333,1180.2572994633726,False,0,False,0,False,0
BRPAR,BRSUA,35.0,7,17618.81504741295,1429.84774773301,14.5385084800276,0.39920001112680364,630.2964460955585,15,1921,17618.81504741295,0.1410391041330432,0.8194500370342451,0.9393935976687888,0.9714285714285714,14025.231824727714,-48.515217,-25.502281,-34.9681,-8.3911,1286.4015229762308,False,0,False,0,False,0
CNWEN,CNWGQ,234.0,34,17608.364666392703,324.39451589975835,12.388571905321513,0.3533934515343585,630.6108328754605,186,1923,17608.364666392703,0.1414673332975851,0.8195400490012286,0.9394238125821347,0.7863247863247863,11347.264306157964,120.666189,28.032743,121.617967,31.353633,205.47111836853654,False,0,False,0,False,0
MXLCS,USLGB,25.0,8,17512.423801348,1432.5373602272934,14.812055623049213,0.5700634775370259,630.7000000000002,25,1928,17512.423801348,0.14158871095608083,0.8195655620738862,0.9394323767242746,1.0,14352.579456027875,-102.166667,17.883333,-118.217354,33.74561,1284.7022030061905,False,0,False,0,False,0
JPOSK,JPYOK,148.0,48,17496.932499321836,365.42721837599356,13.328761386815495,0.3436101274472104,630.6392712654124,136,1930,17496.932499321836,0.14150604843613512,0.8195481867603106,0.9394265442376438,0.6283783783783784,9010.681589478843,135.433333,34.65,139.679832,35.450183,214.1629124007851,False,0,False,0,False,0
AUBRI,CNWGQ,12.0,12,17400.754182484816,4701.493760020853,13.798982154691997,0.375914026152798,630.7,9,1935,17400.754182484816,0.1415887109560806,0.8195655620738862,0.9394323767242746,0.8333333333333334,11884.215735064745,153.169467,-27.350967,121.617967,31.353633,3960.4705652084394,False,0,False,0,False,0
CNHPU,CNNSA,2758.0,233,17357.684514437577,41.21639369827661,5.043270938637511,0.20968568207178626,630.6582798376455,2369,1939,17357.684514437577,0.14153192416759186,0.8195536257300923,0.9394283699726672,0.8303118201595359,11811.645035104364,113.470483,23.077133,113.682083,22.64515,28.45599224594192,False,0,False,0,False,0
JPHKA,JPNAH,220.0,2,17312.134843434695,517.1136520505299,15.533796866819763,0.6683317113529199,630.7,114,1942,17312.134843434695,0.1415887109560806,0.8195655620738862,0.9394323767242746,1.0,14188.429523658466,130.383333,33.616667,127.675638,26.229272,465.3246641205585,False,0,False,0,False,0
CNZOS,SAJED,12.0,11,17270.36027733781,6585.836901776396,14.163637993537918,0.5476300771275016,630.2950204655705,9,1944,17270.36027733781,0.14103716129616217,0.8194496286581145,0.9393934605864673,0.9166666666666666,12972.841123051627,122.099218,30.006902,39.1667,21.466667,4419.5788321929695,False,0,False,0,True,1
CNMWN,HKHKG,1078.0,340,17216.963663839215,53.192592717080835,6.4887249560021765,0.20928202156278491,629.4390298595129,979,1948,17216.963663839215,0.13986903525693772,0.8192040934840035,0.939311040167741,0.8339517625231911,11762.228379029133,113.862187,22.508158,114.181938,22.298785,21.749764776147877,False,0,False,0,False,0
HKHKG,JPYOK,31.0,15,17161.880038212912,1622.4505444574236,16.386836133310172,0.519496858954251,630.7000000000002,31,1950,17161.880038212912,0.14158871095608083,0.8195655620738862,0.9394323767242746,0.9354838709677419,13157.848062358535,114.181938,22.298785,139.679832,35.450183,1548.6973344712997,False,0,False,0,False,0
NZAKL,USLGB,8.0,7,17105.39695218769,5741.014830352614,14.364612125967374,0.2862039651469727,630.7,6,1953,17105.39695218769,0.1415887109560806,0.8195655620738862,0.9394323767242746,0.875,12266.619984164565,174.769478,-36.840752,-118.217354,33.74561,5655.68418128048,False,0,False,0,True,1
CAPRR,CNNBO,8.0,6,17096.82403300419,4736.485683218012,15.619690797173588,0.35373753173289046,630.7,8,1954,17096.82403300419,0.1415887109560806,0.8195655620738862,0.9394323767242746,0.75,10508.976148715556,-130.319567,54.320128,121.683333,29.966667,4535.76246172917,False,0,False,0,False,0
USMOB,USNOL,73.0,28,17040.761700308758,316.8144879217209,10.49934392199502,0.21520764145379304,630.7,55,1955,17040.761700308758,0.1415887109560806,0.8195655620738862,0.9394323767242746,0.7671232876712328,10713.660283568755,-88.1167,30.6833,-90.061119,29.923919,110.62246162362422,False,0,False,0,False,0
PHBAT,PHMAN,265.0,67,17008.47076152811,156.8128529475088,7.230011364328749,0.22543734809248533,630.6266045633862,95,1959,17008.47076152811,0.14148880481368553,0.8195445622234898,0.9394253275653542,0.8150943396226416,11361.762794185199,121.05,13.75,120.94162,14.596732,51.228160078630296,False,0,False,0,False,0
CNFUN,PHMAN,72.0,7,16934.28687653055,756.6077963387959,14.174085009286006,0.4079427524208882,629.0261330147637,36,1963,16934.28687653055,0.13930443969759054,0.8190854178751124,0.9392712035398004,0.8472222222222222,11751.503805603938,119.308128,25.393912,120.94162,14.596732,654.759397463682,False,0,False,0,False,0
PHBAT,VNHCM,82.0,17,16917.999099099405,914.5318279345776,13.694071083958383,0.4765623384008508,630.1842799311955,79,1964,16917.999099099405,0.14088621814065105,0.8194179010424937,0.9393828103675155,0.9878048780487805,13693.851417578651,121.05,13.75,106.710033,10.776988,859.8559794519102,False,0,False,0,False,0
KRPYT,VNHPG,51.0,8,16840.71907365998,1687.9591685917696,14.341519271677772,0.6054593260106943,630.6999999999999,46,1970,16840.71907365998,0.1415887109560805,0.8195655620738862,0.9394323767242746,0.8235294117647058,11366.413382744458,126.799736,36.993778,106.828308,20.81389,1424.3952765246493,False,0,False,0,False,0
KRULS,TWTAP,80.0,14,16838.15364905268,769.941484512724,15.533683765540353,0.48681395548248285,628.2720419243714,80,1971,16838.15364905268,0.1382713794780457,0.8188682729674946,0.9391983130699323,1.0,13788.229798561088,129.369164,35.462441,121.37318,25.14978,744.4177632092112,False,0,False,0,False,0
CNYSN,JPKOB,49.0,14,16827.947550547284,811.4834698987523,14.880061679548575,0.35877349214308185,630.7,49,1975,16827.947550547284,0.1415887109560806,0.8195655620738862,0.9394323767242746,0.5510204081632653,7599.456528693517,122.066667,30.633333,135.237233,34.685033,708.1024783405823,False,0,False,0,False,0
KRBUS,USHNL,27.0,4,16795.976316580563,4389.714822909044,9.993074901390047,0.2457053298042916,630.7,20,1978,16795.976316580563,0.1415887109560806,0.8195655620738862,0.9394323767242746,0.9629629629629629,13255.574001201065,129.052391,35.112607,-157.868643,21.300094,3871.651798148281,False,0,False,0,False,0
CNDAL,MXMAN,4.0,4,16766.725645788938,7528.485235362938,16.655674804007294,0.6112691493282338,630.6999999999999,4,1980,16766.725645788938,0.1415887109560805,0.8195655620738862,0.9394323767242746,0.75,10306.07319602224,121.737442,38.978628,-104.293756,19.073908,6468.112014906244,False,0,False,0,True,1
USCHA,USJAC,91.0,37,16743.453442714235,258.94536786731885,9.82135406555658,0.22511199167548218,628.6860196223317,60,1981,16743.453442714235,0.1388388112634774,0.8189875447391646,0.9392383498157828,0.5824175824175825,7986.50583243584,-79.938165,32.87698,-81.377283,30.398817,165.97657372838484,False,0,False,0,False,0
MYPEN,MYTPP,135.0,33,16738.955826075544,502.5477472754739,12.256446716215734,0.36437535282005107,630.4506201952705,115,1982,16738.955826075544,0.14124915947848338,0.8194941897832497,0.9394084187145882,0.8222222222222222,11278.814457172739,100.35,5.416667,103.549576,1.327854,311.4929611821912,False,0,False,0,False,0
CNFUN,CNXIA,1002.0,49,16710.95832157316,162.0377370647904,8.62180550362641,0.2553851234180109,630.6432146783061,516,1986,16710.95832157316,0.14151141660000177,0.8195493151257485,0.9394269230035465,0.8672654690618763,11877.594725461522,119.308128,25.393912,118.042517,24.44535,89.40012209775772,False,0,False,0,False,0
CNWGQ,PHSFS,45.0,9,16680.333850772764,1158.6042057826994,14.429513832304435,0.39866363333417204,628.6335338213779,31,1987,16680.333850772764,0.13876691128947116,0.8189724316674212,0.9392332767108567,0.9777777777777777,13357.161717574174,121.617967,31.353633,120.283033,14.805367,996.2683694916432,False,0,False,0,False,0
CNYTN,CNZOS,20.0,20,16671.22835641952,798.278650145706,9.581694207902547,0.24719868505005807,630.7000000000002,14,1988,16671.22835641952,0.14158871095608083,0.8195655620738862,0.9394323767242746,0.65,8881.057014954198,114.263091,22.566543,122.099218,30.006902,614.0152848431836,False,0,False,0,False,0
JPTOM,KRBUS,103.0,20,16664.423874763026,812.0256700794441,11.343423721653334,0.4970602330629399,630.4901556752579,96,1989,16664.423874763026,0.14130300826004494,0.8195055085703604,0.939412218166852,0.6893203883495146,9413.763966397097,141.583333,42.583333,129.052391,35.112607,736.584658841904,False,0,False,0,False,0
COCTA,USCHA,21.0,13,16636.232841387853,1502.1039660245408,14.39578050522247,0.44924387021348156,630.338444975289,20,1993,16636.232841387853,0.14109633591962756,0.8194620669147648,0.9393976358184887,0.8095238095238095,11036.045226092509,-75.540962,10.394286,-79.938165,32.87698,1371.5794288546788,False,0,False,0,False,0
CNQIN,PHSFS,36.0,9,16616.063994470445,1415.4954082499612,14.314199022500299,0.3015659219693818,630.7,24,1996,16616.063994470445,0.1415887109560806,0.8195655620738862,0.9394323767242746,0.6944444444444444,9456.912379919328,120.2667,36.0333,120.283033,14.805367,1274.5351795289196,False,0,False,0,False,0
ITGIT,PACRI,4.0,4,16559.270922056327,5513.918806532507,17.746369933349698,0.5287676042409498,630.7000000000002,4,1997,16559.270922056327,0.14158871095608083,0.8195655620738862,0.9394323767242746,0.75,10178.55613557664,15.909341,38.462848,-79.916667,9.35,5325.791455815042,False,0,False,0,True,1
CNNBO,INNSA,12.0,12,16496.17950961756,4675.711383188296,14.536792356571592,0.4356682402122733,629.8677588256952,8,1998,16496.17950961756,0.1404544963384562,0.8193271549377841,0.9393523490212948,0.5833333333333334,7884.197897892124,121.683333,29.966667,72.9428,18.953883,2723.806717109781,False,0,False,0,False,0
KRINC,TWTAP,63.0,17,16471.60764766891,806.8717442454073,15.741392127272725,0.44197080675922534,627.9913205997794,61,2000,16471.60764766891,0.13788617415456983,0.8187873044307168,0.9391711338247222,0.7142857142857143,9633.388018196576,126.607819,37.439929,121.37318,25.14978,784.8779023718723,False,0,False,0,False,0
DEHAM,GRPIR,7.0,7,16418.039681931234,3261.6783863663527,13.851947044676132,0.32859549428308754,630.6999999999999,6,2007,16418.039681931234,0.1415887109560805,0.8195655620738862,0.9394323767242746,0.8571428571428571,11533.42278863429,9.903145,53.539287,23.65,37.933333,1095.6381580610998,False,0,False,0,False,0
KRINC,THLCB,25.0,10,16351.522817764338,2616.663273587915,15.126206290360592,0.558269284388022,629.1394070308899,22,2010,16351.522817764338,0.13945940446642857,0.8191179908169183,0.9392821375149937,1.0,13393.826517284118,126.607819,37.439929,100.886078,13.056152,2009.6476283704565,False,0,False,0,False,0
BRSTS,MACAS,19.0,6,16338.65157635016,4295.533627268405,13.252748575021654,0.37427145378734117,630.7,1,2011,16338.65157635016,0.1415887109560806,0.8195655620738862,0.9394323767242746,0.9473684210526315,12685.827943611288,-46.306133,-23.95,-7.616667,33.6,4101.628754802007,False,0,False,0,False,0
CNHPU,CNZJG,48.0,2,16271.39951364132,1004.3318293688919,9.660540681456508,0.6066443143395793,630.6999999999999,43,2016,16271.39951364132,0.1415887109560805,0.8195655620738862,0.9394323767242746,1.0,13335.478688126206,113.470483,23.077133,120.416667,31.966667,648.9442578675578,False,0,False,0,False,0
CNNBO,TWTCH,175.0,14,16206.379304590304,419.84605707826387,12.351189927290891,0.3254204672796797,630.7,104,2021,16206.379304590304,0.1415887109560806,0.8195655620738862,0.9394323767242746,0.5485714285714286,7286.230142509248,121.683333,29.966667,120.5,24.283333,347.0309810251127,False,0,False,0,False,0
AUMEL,CNQIN,8.0,7,16163.601938503203,5445.267268037494,16.071607642467114,0.43722618901576,630.7,6,2024,16163.601938503203,0.1415887109560806,0.8195655620738862,0.9394323767242746,0.75,9935.348630900951,144.912243,-37.858862,120.2667,36.0333,4643.107603780007,False,0,False,0,True,1
CNMWN,CNQIN,24.0,23,16150.858076249064,1269.2486399303586,14.472939714667232,0.37454820076139245,620.4302352039127,15,2025,16150.858076249064,0.12737972896813843,0.8165788938983638,0.938429822029152,0.8333333333333334,10990.374852844097,113.862187,22.508158,120.2667,36.0333,878.0112656942572,False,0,False,0,False,0
AEKHA,PKKAR,27.0,21,16078.422126123483,820.0905136182405,14.058386148232753,0.3270879665640624,630.7,23,2031,16078.422126123483,0.1415887109560806,0.8195655620738862,0.9394323767242746,0.8148148148148148,10737.076425009896,54.659214,24.802318,66.9833,24.7833,671.5156729531508,False,0,False,0,False,0
JPHKA,JPKOB,240.0,46,16002.68285649895,350.93187964699075,13.328457119566236,0.4977656870076801,629.2512478499111,197,2035,16002.68285649895,0.13961235380953174,0.8191501401247224,0.9392929292861546,0.9458333333333333,12398.550742791176,130.383333,33.616667,135.237233,34.685033,249.53135409789522,False,0,False,0,False,0
COCTA,FRLEH,5.0,5,15992.408827213963,4503.561810747981,16.58412954743402,0.4983234795703133,630.7,5,2036,15992.408827213963,0.1415887109560806,0.8195655620738862,0.9394323767242746,1.0,13106.827529390992,-75.540962,10.394286,0.094067,49.480233,4370.977407627184,False,0,False,0,False,0
KRPYT,VNHCM,30.0,15,15970.916534316046,2121.7393321757513,15.272558549819557,0.6092288509971557,630.6999999999999,25,2038,15970.916534316046,0.1415887109560805,0.8195655620738862,0.9394323767242746,0.7666666666666667,10035.063442816088,126.799736,36.993778,106.710033,10.776988,1912.5663674036784,False,0,False,0,False,0
COCTA,USNYK,27.0,10,15879.77086487998,1911.2302749343903,13.324662171347812,0.4134324654729556,630.7,27,2049,15879.77086487998,0.1415887109560806,0.8195655620738862,0.9394323767242746,0.8148148148148148,10604.418272539164,-75.540962,10.394286,-74.049568,40.663452,1819.0988369494733,False,0,False,0,False,0
CNMWN,KHSSK,46.0,13,15771.461634353493,1278.7393296634914,14.84424535122871,0.5968025222337562,630.4377334029674,30,2056,15771.461634353493,0.14123160573267224,0.8194905000598044,0.9394071801606725,0.9347826086956522,12081.656700014035,113.862187,22.508158,103.504086,10.605101,929.7344716715901,False,0,False,0,False,0
CAVCR,CNQIN,4.0,4,15740.628497330019,5273.090785671035,16.08466908548127,0.5179285247320651,630.7000000000002,3,2061,15740.628497330019,0.14158871095608083,0.8195655620738862,0.9394323767242746,0.75,9675.357781357881,-123.116667,49.283333,120.2667,36.0333,4677.467701880537,False,0,False,0,True,1
CNNBO,CNQUA,120.0,28,15720.844252279116,463.98602986810414,12.236278647349543,0.3053749219911842,630.0347250813664,98,2062,15720.844252279116,0.14068228551992856,0.8193750352644401,0.9393684213277822,0.8,10305.013850878378,121.683333,29.966667,118.682805,24.833576,347.17786099742557,False,0,False,0,False,0
CIABI,ESVAL,11.0,7,15701.373062880366,3217.7015441763433,13.728129186425205,0.3791262702228865,619.9945808947431,7,2064,15701.373062880366,0.1267665610581944,0.8164500085859301,0.9383865582423772,0.9090909090909091,11653.987429090514,-4.0267,5.3364,-0.316667,39.45,2058.0584659966985,False,0,False,0,False,0
HKHKG,KRULS,43.0,9,15653.422467869745,1218.1543483089006,15.555927876408505,0.5860195023974532,630.6999999999998,42,2067,15653.422467869745,0.1415887109560804,0.8195655620738861,0.9394323767242746,0.6511627906976745,8353.771337936525,114.181938,22.298785,129.369164,35.462441,1120.6707958018694,False,0,False,0,False,0
MYPKE,VNDAN,47.0,19,15632.399859576006,1269.8096131382233,13.915857571712687,0.5249899175636206,630.1664347591325,28,2069,15632.399859576006,0.14086188959439194,0.8194127872845249,0.9393810937984961,0.9361702127659575,11991.767808484707,101.34485,3.00525,108.230438,16.111792,885.8062962820105,False,0,False,0,False,0
JPNTA,KRBUS,193.0,18,15575.608211046481,578.8947374460737,11.373193780565327,0.39208015865875023,630.7,178,2076,15575.608211046481,0.1415887109560806,0.8195655620738862,0.9394323767242746,0.6476683937823834,8267.637369254498,139.231539,38.005895,129.052391,35.112607,520.3920036224383,False,0,False,0,False,0
FIKOT,GBFEL,26.0,4,15537.611085593013,1415.2343917249846,16.046559358854452,0.5827895523735938,630.7000000000002,25,2077,15537.611085593013,0.14158871095608083,0.8195655620738862,0.9394323767242746,1.0,12734.090962649483,26.95,60.466667,1.3,51.933333,988.7368444980964,False,0,False,0,False,0
CNSHE,GTPQL,5.0,5,15515.689476726558,8747.240930220594,17.637997779917622,0.5507241888252119,630.7000000000002,3,2078,15515.689476726558,0.14158871095608083,0.8195655620738862,0.9394323767242746,1.0,12716.124766957284,113.8943,22.467416,-90.783333,13.916667,8184.372167399425,False,0,True,1,True,1
USPEV,USPHI,46.0,12,15513.694790971973,956.9859025125719,14.66832955532022,0.4568420574424902,630.7000000000002,44,2079,15513.694790971973,0.14158871095608083,0.8195655620738862,0.9394323767242746,0.7608695652173914,9674.06847156953,-80.1,26.083333,-75.1333,39.95,868.8933525767212,False,0,False,0,False,0
CNYSN,TWKEE,35.0,12,15453.59469815889,511.9710708261637,7.745426628303382,0.2167884209920965,628.3516168566157,32,2081,15453.59469815889,0.13838050945360636,0.818891211628778,0.939206013042349,1.0,12654.812886395393,122.066667,30.633333,121.7559,25.15113,329.56626479472635,False,0,False,0,False,0
BRSTS,ESLPA,6.0,5,15383.43911662271,3824.790516276553,14.151312331878815,0.37380737810848425,630.7000000000002,6,2087,15383.43911662271,0.14158871095608083,0.8195655620738862,0.9394323767242746,1.0,12607.736926244299,-46.306133,-23.95,-15.4167,28.15,3602.4664483716083,False,0,False,0,False,0
IDJAK,KRBUS,21.0,10,15328.492257919082,2941.8049998183246,14.229330640063337,0.43497143497048024,628.3839897495837,21,2092,15328.492257919082,0.13842489810131475,0.8189005419355921,0.9392091450082568,0.9523809523809523,11954.772016252824,106.788826,-6.09208,129.052391,35.112607,2775.8738948773,False,0,False,0,False,0
CNXIA,CNXIA,1004.0,79,15237.25626050204,612.8363241006055,6.502416012083822,0.2444090670389435,630.6679663625273,216,2096,15237.25626050204,0.14154510950888122,0.8195563972333038,0.9394293003015132,0.9790836653386454,12226.592032091468,118.042517,24.44535,118.042517,24.44535,0.0,False,0,False,0,False,0
IDMKS,PHBAT,49.0,4,15195.218945367556,1210.2840546841433,14.120510617337066,0.42697723439229546,630.7000000000002,49,2098,15195.218945367556,0.14158871095608083,0.8195655620738862,0.9394323767242746,1.0,12453.478155795925,119.404183,-5.123883,121.05,13.75,1137.4332631920408,False,0,False,0,False,0
KRBUS,PGLAE,13.0,5,15193.23284427682,2858.7115711728084,14.089570696135114,0.7959440817896917,630.7,11,2099,15193.23284427682,0.1415887109560806,0.8195655620738862,0.9394323767242746,0.8461538461538461,10536.181121010059,129.052391,35.112607,146.983333,-6.733333,2709.7133452682333,False,0,False,0,False,0
KHSSK,THBKK,180.0,48,15181.893092107106,292.32754232948326,13.610679908152544,0.3877866372780418,630.4728603867242,34,2100,15181.893092107106,0.1412794522702976,0.819500557200517,0.9394105561077306,0.7055555555555556,8778.218726329098,103.504086,10.605101,100.574341,13.69736,253.04626991490304,False,0,False,0,False,0
DOCUC,USNYK,13.0,12,15167.438821656358,1659.5119920817392,11.006231314350144,0.25887027903686544,630.6999999999999,13,2102,15167.438821656358,0.1415887109560805,0.8195655620738862,0.9394323767242746,0.7692307692307693,9562.085017763135,-69.629288,18.426403,-74.049568,40.663452,1354.448359388372,False,0,False,0,False,0
AEKHA,SAJED,28.0,11,15114.270173371215,2362.1455695079007,11.615578186877809,0.2664149400625206,630.7,24,2104,15114.270173371215,0.1415887109560806,0.8195655620738862,0.9394323767242746,0.8928571428571429,11059.942258906745,54.659214,24.802318,39.1667,21.466667,877.9339097724555,False,0,False,0,False,0
DJDJI,MYPKE,11.0,10,15103.89872136936,3634.2002254409413,15.17524265864137,0.44963534850344505,629.6094095968948,7,2105,15103.89872136936,0.14010179684793878,0.8192530189902021,0.9393274633165705,0.9090909090909091,11249.013296367364,43.133333,11.583333,101.34485,3.00525,3498.733274643917,False,0,False,0,False,0
CNQIN,CNSTO,45.0,18,15089.489804696428,1032.3795805004083,12.025709087004286,0.2918378320236114,630.6999999999999,37,2108,15089.489804696428,0.1415887109560805,0.8195655620738862,0.9394323767242746,0.7777777777777778,9618.642594706604,120.2667,36.0333,116.733333,23.333333,784.2928258037573,False,0,False,0,False,0
KRBUS,VNCHL,33.0,8,15072.38458165341,1663.381640443309,13.901621537491556,0.5566068811993456,630.7,33,2110,15072.38458165341,0.1415887109560806,0.8195655620738862,0.9394323767242746,1.0,12352.807341456553,129.052391,35.112607,108.638477,15.448882,1612.2849095546494,False,0,False,0,False,0
CNZOS,INMUN,6.0,6,14959.738637611232,5111.807659160322,13.964808177924462,0.46418282100808356,630.6999999999999,3,2117,14959.738637611232,0.1415887109560805,0.8195655620738862,0.9394323767242746,0.6666666666666666,8173.657736674854,122.099218,30.006902,69.7,22.766667,2827.8282206240697,False,0,False,0,True,1
CNDCB,CNNTG,58.0,12,14909.080279910395,907.9413521403856,9.859770294567886,0.63925785208588,630.7,40,2123,14909.080279910395,0.1415887109560806,0.8195655620738862,0.9394323767242746,1.0,12218.968759609455,113.852567,22.533467,120.81025,32.00315,678.6328520780348,False,0,False,0,False,0
PRSJU,USPMB,44.0,3,14851.07735162693,933.2070933188552,16.251753978101007,0.6960942011330127,630.6999999999999,44,2128,14851.07735162693,0.1415887109560805,0.8195655620738862,0.9394323767242746,1.0,12171.431557088885,-66.083333,18.45,-80.05,26.766667,920.0885249559801,False,0,False,0,False,0
NLROT,USPHI,14.0,10,14820.503666526009,3713.405702404716,16.096828932911258,0.648325208691621,630.7,13,2129,14820.503666526009,0.1415887109560806,0.8195655620738862,0.9394323767242746,1.0,12146.37441767448,4.03038,52.002215,-75.1333,39.95,3212.520879106228,False,0,False,0,False,0
CNWGQ,PHBAT,51.0,7,14817.418847432893,1197.4205863585023,12.054057838031072,0.3238628839640484,630.7,32,2130,14817.418847432893,0.1415887109560806,0.8195655620738862,0.9394323767242746,1.0,12143.846206180535,121.617967,31.353633,121.05,13.75,1057.3937173882202,False,0,False,0,False,0
JPYCI,TWTAP,45.0,13,14814.690043404229,1063.0451307404082,16.193710428444586,0.5140631219916345,630.7,45,2131,14814.690043404229,0.1415887109560806,0.8195655620738862,0.9394323767242746,1.0,12141.609772372993,136.633333,34.966667,121.37318,25.14978,986.0220742286833,False,0,False,0,False,0
CNQIZ,CNZHA,208.0,68,14657.412090895872,280.71221027322537,10.614490981164336,0.3004197505467765,630.7000000000002,117,2143,14657.412090895872,0.14158871095608083,0.8195655620738862,0.9394323767242746,0.8846153846153846,10626.628235113229,108.6,21.683333,110.407368,21.182277,105.39470929430644,False,0,False,0,False,0
CNNBO,CNWEN,586.0,57,14538.569362566415,186.38695370842635,9.426012913366236,0.25620750653708646,630.4940654690515,224,2153,14538.569362566415,0.14130833317641245,0.819506627845356,0.9394125938813058,0.7764505119453925,9250.983870589995,121.683333,29.966667,120.666189,28.032743,127.80766305388443,False,0,False,0,False,0
CNYAN,KRINC,250.0,3,14443.099863523345,272.9796595508196,16.09165308728876,0.6277388385608578,630.7,217,2159,14443.099863523345,0.1415887109560806,0.8195655620738862,0.9394323767242746,1.0,11837.067257737779,121.4,37.55,126.607819,37.439929,248.13859268371158,False,0,False,0,False,0
ITLIV,MTMAL,51.0,17,14371.746785183717,569.0535717407042,15.889419434426284,0.4932629705942509,630.6999999999998,50,2169,14371.746785183717,0.1415887109560804,0.8195655620738861,0.9394323767242746,0.9803921568627451,11547.636011747703,10.3,43.55,14.539518,35.819159,503.6210027744865,False,0,False,0,False,0
MYPKE,PGRAB,13.0,2,14298.159974514247,3372.151877948213,14.24035744887097,0.667835684533943,630.6999999999998,10,2178,14298.159974514247,0.1415887109560804,0.8195655620738861,0.9394323767242746,1.0,11718.27951613511,101.34485,3.00525,152.166667,-4.2,3079.6841053892454,False,0,False,0,False,0
INNSA,QAHMD,33.0,12,14294.69526323436,1406.2481935510928,14.10317704159081,0.4189982561427902,630.5505397408289,22,2179,14294.69526323436,0.1413852405510141,0.8195227934516169,0.9394180202974672,0.696969696969697,8164.880534978929,72.9428,18.953883,51.638489,25.021684,1239.053159962286,False,0,False,0,False,0
USOAK,VNHPG,4.0,3,14273.682426055704,6906.850412794432,17.00100636516158,0.37787579501979157,630.6999999999999,4,2181,14273.682426055704,0.1415887109560805,0.8195655620738862,0.9394323767242746,1.0,11698.218560374495,-122.320518,37.814824,106.828308,20.81389,6326.824405143453,False,0,False,0,True,1
CNMWN,JPNAG,39.0,11,14262.37187385699,1518.667261113379,14.516068820891618,0.49499860735920104,630.7,39,2183,14262.37187385699,0.1415887109560806,0.8195655620738862,0.9394323767242746,1.0,11688.94882130439,113.862187,22.508158,136.866667,35.066667,1420.563822125001,False,0,False,0,False,0
CNDAL,CNLYG,118.0,23,14259.707830419338,370.10975222768246,12.8429237575027,0.42751765560576854,630.6388037238165,94,2184,14259.707830419338,0.14150541196779576,0.819548052977346,0.9394264993298297,0.9576271186440678,11191.324441477935,121.737442,38.978628,119.483333,34.733333,276.91223950744626,False,0,False,0,False,0
CNDCB,CNXIA,61.0,39,14180.353331261278,352.5760463761189,13.010825699871296,0.2506766871932451,630.7,57,2190,14180.353331261278,0.1415887109560806,0.8195655620738862,0.9394323767242746,0.6885245901639344,8001.846367710508,113.852567,22.533467,118.042517,24.44535,257.6763539368062,False,0,False,0,False,0
CNQUA,PHMAN,107.0,10,14166.198018561969,689.8247141007829,13.099421168890668,0.4307920813060921,630.7000000000002,35,2191,14166.198018561969,0.14158871095608083,0.8195655620738862,0.9394323767242746,0.7289719626168224,8463.457824668707,118.682805,24.833576,120.94162,14.596732,627.6966171031991,False,0,False,0,False,0
CNBYQ,CNHUM,51.0,13,14161.544540216208,1471.0708669343019,10.988196500890833,0.4198454374799301,630.5152227582204,48,2192,14161.544540216208,0.1413371470531376,0.8195126844008996,0.9394146269254338,1.0,11605.565381415488,122.0684,40.268517,113.659717,22.81445,1131.449722870561,False,0,False,0,False,0
THLCB,VNCHL,43.0,9,14155.88878103817,1046.5483632764362,14.987003124018083,0.6390329336995889,630.5702696088221,41,2193,14155.88878103817,0.14141210568671336,0.8195284403900036,0.9394199158426901,1.0,11601.15345505856,100.886078,13.056152,108.638477,15.448882,473.3954591146991,False,0,False,0,False,0
KHSSK,THLCB,218.0,62,14138.267347138424,250.99398837102413,13.112432724926105,0.37472371842944474,629.1080845859832,189,2196,14138.267347138424,0.13941655930825303,0.8191089849451039,0.9392791144543319,0.8807339449541285,10199.587654103834,103.504086,10.605101,100.886078,13.056152,212.888468254459,False,0,False,0,False,0
CNNTG,CNWGQ,1100.0,89,14088.632135352122,76.56105902849009,5.5505672564202095,0.21465019384734882,630.6999999999999,785,2198,14088.632135352122,0.1415887109560805,0.8195655620738862,0.9394323767242746,0.5845454545454546,6749.487827869379,120.81025,32.00315,121.617967,31.353633,56.780095807400116,False,0,False,0,False,0
KRINC,VNHPG,40.0,23,14081.788578526499,1692.0487357398124,14.051576337075838,0.5038191612403609,630.7000000000002,39,2200,14081.788578526499,0.14158871095608083,0.8195655620738862,0.9394323767242746,0.825,9521.282901376702,126.607819,37.439929,106.828308,20.81389,1433.6781257890302,False,0,False,0,False,0
CNSTO,KRINC,85.0,9,14042.306878490503,1065.7355608986932,14.328700085812226,0.5105912822827269,630.7000000000002,73,2206,14042.306878490503,0.14158871095608083,0.8195655620738862,0.9394323767242746,0.8470588235294118,9748.45366279121,116.733333,23.333333,126.607819,37.439929,987.9526928575093,False,0,False,0,False,0
JPNAG,TWTAP,48.0,17,14018.250440548536,1062.712242207707,16.08627181751358,0.5470851779426376,630.7,48,2211,14018.250440548536,0.1415887109560806,0.8195655620738862,0.9394323767242746,0.9791666666666666,11249.523732817315,136.866667,35.066667,121.37318,25.14978,998.9252177332972,False,0,False,0,False,0
HKHKG,VNDAN,124.0,41,13982.619692997467,533.0993191340876,14.009794825772827,0.44047502132411154,630.3810727830767,111,2214,13982.619692997467,0.14115441694693198,0.8194742753021073,0.9394017338887566,0.7903225806451613,9055.82999753967,114.181938,22.298785,108.230438,16.111792,501.6933154250196,False,0,False,0,False,0
CNZOS,MYPKE,16.0,15,13961.97514239934,2345.364435507934,14.529271653795261,0.3735122409408373,629.8691727488088,11,2217,13961.97514239934,0.14045642583636997,0.8193275605101199,0.939352485162448,0.6875,7864.608835410927,122.099218,30.006902,101.34485,3.00525,2005.1713314765711,False,0,False,0,False,0
CNWEN,PHMAN,66.0,16,13941.728362009018,897.4647091200508,13.462727747721797,0.38026904219940677,630.4010484803591,14,2218,13941.728362009018,0.14118163143114137,0.8194799956720795,0.9394036540832464,0.9242424242424242,10559.43965702103,120.666189,28.032743,120.94162,14.596732,806.8503981052128,False,0,False,0,False,0
CNSHE,VNDAN,79.0,23,13922.910674702722,545.873185473766,15.101114334470173,0.43021217917794047,629.0103419904436,53,2220,13922.910674702722,0.1392828323191142,0.8190808760951518,0.9392696789704288,0.8227848101265823,9383.029642531052,113.8943,22.467416,108.230438,16.111792,498.48026404729114,False,0,False,0,False,0
CNJMN,HKHKG,1439.0,111,13890.487508320288,91.18576438735352,4.265300069028675,0.2055858083375579,630.6999999999999,1238,2222,13890.487508320288,0.1415887109560805,0.8195655620738862,0.9394323767242746,0.6921473245309242,7879.519486746258,113.05,22.35,114.181938,22.298785,62.943196537384246,False,0,False,0,False,0
CNBHI,CNQIZ,789.0,25,13853.358771924193,75.35900602814658,7.274364606417573,0.2060907561656941,630.7000000000002,596,2228,13853.358771924193,0.14158871095608083,0.8195655620738862,0.9394323767242746,0.9746514575411914,11065.935115328748,109.054998,21.471461,108.6,21.683333,28.41084483563862,False,0,False,0,False,0
CRPTC,USPHU,14.0,2,13711.095058740513,2587.0114871213495,18.494545353681048,0.6447883174999658,630.7000000000002,10,2236,13711.095058740513,0.14158871095608083,0.8195655620738862,0.9394323767242746,1.0,11237.141328465152,-84.720083,9.91385,-119.2,34.15,2387.6485331994018,False,0,False,0,False,0
KRINC,TWKAO,42.0,10,13709.136484333374,1012.1496246606243,15.830433936773112,0.5234996039110748,629.7531291931683,42,2237,13709.136484333374,0.1402980391798374,0.8192942683019311,0.9393413097463424,1.0,11231.81694498322,126.607819,37.439929,120.260382,22.620829,948.294613924437,False,0,False,0,False,0
CNSHE,USLGB,6.0,5,13705.527778673086,6594.549622643156,17.492398698786864,0.5383306759436567,630.7000000000002,4,2239,13705.527778673086,0.14158871095608083,0.8195655620738862,0.9394323767242746,1.0,11232.578577447468,113.8943,22.467416,-118.217354,33.74561,6307.033160803437,False,0,False,0,True,1
CUMAR,ESVAL,11.0,2,13700.631018449058,4802.054375206658,11.859615185471394,0.3806518623244501,630.7,11,2240,13700.631018449058,0.1415887109560806,0.8195655620738862,0.9394323767242746,1.0,11228.565361402121,-82.766667,23.016667,-0.316667,39.45,4203.553035582296,False,0,False,0,False,0
CUMAR,PTLIS,15.0,2,13650.804192069234,4061.3684832582185,14.3993544746703,0.439884096335856,630.6999999999999,13,2246,13650.804192069234,0.1415887109560805,0.8195655620738862,0.9394323767242746,1.0,11187.729010433784,-82.766667,23.016667,-9.1667,38.733333,3808.10536618014,False,0,False,0,False,0
CNWGQ,CNZJG,552.0,37,13583.757338750862,91.22542578809603,5.757868751142668,0.22615959618442683,630.7000000000002,408,2249,13583.757338750862,0.14158871095608083,0.8195655620738862,0.9394323767242746,0.644927536231884,7179.836195205563,121.617967,31.353633,120.416667,31.966667,71.57976816805241,False,0,False,0,False,0
CNYSN,KRINC,35.0,16,13567.253122645248,631.6204767975732,9.906376252073533,0.24125926343746917,630.7,34,2253,13567.253122645248,0.1415887109560806,0.8195655620738862,0.9394323767242746,0.9142857142857143,10166.174565722917,122.066667,30.633333,126.607819,37.439929,466.8095667044448,False,0,False,0,False,0
USLGB,VNCLN,5.0,4,13451.733263912743,7352.802035132162,13.268053880305809,0.21381340068218369,630.6999999999999,4,2269,13451.733263912743,0.1415887109560805,0.8195655620738862,0.9394323767242746,1.0,11024.577333306639,-118.217354,33.74561,107.054815,20.97351,6624.7627243292845,False,0,False,0,True,1
KRBUS,SADMA,4.0,3,13437.562619427976,6302.846634215102,15.854894873514747,0.36181539825512415,630.6999999999999,4,2273,13437.562619427976,0.1415887109560805,0.8195655620738862,0.9394323767242746,1.0,11012.963561094532,129.052391,35.112607,50.206833,26.510212,3994.1911953270546,False,0,False,0,True,1
CNDAL,CNSHA,209.0,9,13435.475022091488,552.4651630108938,9.796006780425948,0.39812215674336926,627.8993018992819,147,2274,13435.475022091488,0.13775983129402625,0.8187607476934987,0.9391622193487843,1.0,11000.439574704953,121.737442,38.978628,121.46055,31.130717,471.3879196046679,False,0,False,0,False,0
CNTAI,VNHCM,33.0,9,13391.226435501452,1764.937196391949,14.38120363755594,0.5014270913701302,630.7,24,2276,13391.226435501452,0.1415887109560806,0.8195655620738862,0.9394323767242746,0.9090909090909091,9977.2618367913,121.211133,31.6506,106.710033,10.776988,1489.4080996984324,False,0,False,0,False,0
CNMWN,KRINC,42.0,11,13391.14603870874,1250.4006219823523,14.894100513457902,0.533206285637902,630.7,35,2277,13391.14603870874,0.1415887109560806,0.8195655620738862,0.9394323767242746,0.8571428571428571,9407.07611145242,113.862187,22.508158,126.607819,37.439929,1112.5316022826419,False,0,False,0,False,0
CNWGQ,RUVYP,81.0,18,13360.313210462169,1005.2305269885545,10.298438497127556,0.5520691299533119,630.7,58,2281,13360.313210462169,0.1415887109560806,0.8195655620738862,0.9394323767242746,0.8518518518518519,9327.48184939847,121.617967,31.353633,133.088407,42.743721,875.6308374562689,False,0,False,0,False,0
CNFUN,HKHKG,172.0,32,13338.216037972903,422.04563613317805,12.654958816792087,0.3399421690697279,630.1469601404575,144,2285,13338.216037972903,0.1408353380307923,0.8194072062576729,0.9393792203782347,0.7093023255813954,7752.270357538797,119.308128,25.393912,114.181938,22.298785,337.2528526548179,False,0,False,0,False,0
GTPBA,USTAM,44.0,2,13203.712796263824,837.2221477637862,14.870910420832411,0.4582857100620945,630.7000000000002,41,2296,13203.712796263824,0.14158871095608083,0.8195655620738862,0.9394323767242746,1.0,10821.308299332124,-88.6,15.733333,-82.466667,27.95,808.8125377639851,False,0,False,0,False,0
CNYSN,CNYZH,505.0,59,13072.93233312779,223.02504576956298,7.308581820771966,0.24952211563072593,630.5026356901986,267,2311,13072.93233312779,0.1413200050982496,0.8195090812341721,0.939413417426585,0.9900990099009901,10607.313629067383,122.066667,30.633333,119.433383,32.271117,166.9042098606477,False,0,False,0,False,0
CNYAN,JPTOK,53.0,9,12975.238921284106,1236.7815605774254,13.637416499386497,0.45064273405551303,630.7,53,2320,12975.238921284106,0.1415887109560806,0.8195655620738862,0.9394323767242746,0.9811320754716981,10433.416357309228,121.4,37.55,139.75,35.6667,890.1548557856845,False,0,False,0,False,0
IDSUR,MYTPP,58.0,21,12968.52520370795,838.1691578770703,13.344705221816174,0.3877159606840075,630.6152848597592,50,2322,12968.52520370795,0.14147339432091244,0.8195413230028072,0.9394242402346857,0.8103448275862069,8612.541176440982,112.731533,-7.1937,103.549576,1.327854,751.2203082072689,False,0,False,0,False,0
CNJIN,CNSTO,47.0,7,12962.563228185494,1272.3577571570859,11.329554899393205,0.3962830123209768,630.7000000000003,16,2325,12962.563228185494,0.14158871095608094,0.8195655620738862,0.9394323767242746,1.0,10623.670418026133,121.066667,40.783333,116.733333,23.333333,1070.2709177006227,False,0,False,0,False,0
PHSFS,TWKAO,76.0,22,12923.147716196112,617.8603319109473,12.762383491498735,0.37048532128335687,629.9075693165247,76,2331,12923.147716196112,0.1405088200679332,0.8193385735569464,0.9393561819848449,0.75,7941.325061740374,120.283033,14.805367,120.260382,22.620829,469.2457035359621,False,0,False,0,False,0
CNNSA,JPHKA,46.0,6,12859.509618439375,1210.1407781624173,14.530454257888652,0.47552044056415477,630.1444997796536,44,2336,12859.509618439375,0.1408319834747197,0.8194065011441136,0.9393789836880944,1.0,10537.165782874485,113.682083,22.64515,130.383333,33.616667,1100.1018242871457,False,0,False,0,False,0
CNNBO,JPKOB,68.0,29,12821.361278207618,850.0072173281287,12.715082233554414,0.33772991757024245,630.6323544576375,40,2341,12821.361278207618,0.1414966324307606,0.8195462075556346,0.9394258798648967,0.8382352941176471,8807.92333296435,121.683333,29.966667,135.237233,34.685033,742.908782894505,False,0,False,0,False,0
CNNJG,CNTAI,585.0,129,12602.30995832842,152.69210995441307,8.877906983402815,0.2584349780045826,630.4597391716335,417,2357,12602.30995832842,0.14126158045976078,0.8194968006212058,0.9394092951118634,0.7965811965811965,8226.734280580677,118.764874,32.137024,121.211133,31.6506,128.0716184073469,False,0,False,0,False,0
CNSHA,CNXIA,191.0,19,12569.18298201464,587.6601750615407,9.15130123792469,0.36502578441992667,630.7,138,2365,12569.18298201464,0.1415887109560806,0.8195655620738862,0.9394323767242746,1.0,10301.269515464353,121.46055,31.130717,118.042517,24.44535,440.4623223813575,False,0,False,0,False,0
HKHKG,INMUN,6.0,5,12545.762537806366,4319.2998256475385,16.257706940869912,0.4452687658960403,629.0711332695007,6,2371,12545.762537806366,0.1393660090772938,0.8190983594994385,0.9392755477405849,0.8333333333333334,8563.511261155589,114.181938,22.298785,69.7,22.766667,2457.4077688076854,False,0,False,0,False,0
CNTAI,CNTJN,70.0,16,12522.082338246333,844.1295124413033,10.810260281683869,0.53740332823957,630.6331735306163,50,2373,12522.082338246333,0.14149774746393706,0.8195464419309125,0.9394259585391991,0.9,9236.185223288134,121.211133,31.6506,117.8143,38.97075,469.8570291449193,False,0,False,0,False,0
CNYTN,VNHCM,54.0,24,12491.77169411453,975.8384049355941,13.250791842378224,0.34076485458505623,630.6999999999998,50,2377,12491.77169411453,0.1415887109560804,0.8195655620738861,0.9394323767242746,0.9074074074074074,9289.879048138819,114.263091,22.566543,106.710033,10.776988,830.0055413440166,False,0,False,0,False,0
CNTJN,PHDAV,22.0,8,12441.62197155483,2255.6312779162504,14.121968110558573,0.43669877432395404,630.7,19,2383,12441.62197155483,0.1415887109560806,0.8195655620738862,0.9394323767242746,1.0,10196.724904228147,117.8143,38.97075,125.627031,7.073807,1961.2378435548837,False,0,False,0,False,0
CNNTG,CNYSN,765.0,78,12429.48824788457,120.87487906486976,6.359606428189207,0.23829335021359396,630.3914884870414,333,2385,12429.48824788457,0.1411686073056343,0.8194772580557466,0.9394027351294334,0.8888888888888888,9053.940398588955,120.81025,32.00315,122.066667,30.633333,104.48330293478736,False,0,False,0,False,0
KRBUS,THLCB,16.0,12,12403.006644098099,2586.4655925900447,14.544329488511785,0.4069118097197465,630.130346287721,15,2388,12403.006644098099,0.14081268551888826,0.8194024447950674,0.9393776220665341,1.0,10163.053966983447,129.052391,35.112607,100.886078,13.056152,2020.292728900545,False,0,False,0,False,0
CNJIN,CNNTG,127.0,12,12340.756385509407,731.7383719900133,10.216438237170859,0.5190594010407505,630.7000000000002,53,2392,12340.756385509407,0.14158871095608083,0.8195655620738862,0.9394323767242746,1.0,10114.058943506918,121.066667,40.783333,120.81025,32.00315,527.3111274663465,False,0,False,0,False,0
CNBYQ,CNNTG,70.0,11,12126.995546290542,715.0591357263775,10.017502640717709,0.5299801391564696,630.7000000000002,41,2417,12126.995546290542,0.14158871095608083,0.8195655620738862,0.9394323767242746,0.9857142857142858,9796.884093717936,122.0684,40.268517,120.81025,32.00315,499.9755370411634,False,0,False,0,False,0
CNFOS,CNNSA,1938.0,179,12112.630939102317,68.44508686105604,4.351701657940638,0.20606444643770624,630.7,1721,2420,12112.630939102317,0.1415887109560806,0.8195655620738862,0.9394323767242746,0.8142414860681114,8083.052734796036,113.062235,23.00838,113.682083,22.64515,40.64702498433441,False,0,False,0,False,0
CNHPU,CNHPU,567.0,136,12107.633230429881,459.5593731245628,6.063718049381248,0.27722389186450636,629.0501728126593,130,2421,12107.633230429881,0.1393373320616873,0.8190923317115257,0.9392735243530781,0.798941798941799,7923.321162261034,113.470483,23.077133,113.470483,23.077133,0.0,False,0,False,0,False,0
IDJAK,IDSAM,166.0,20,12098.418818522421,835.1559920832726,8.52868366193575,0.501689173657629,630.7000000000002,70,2422,12098.418818522421,0.14158871095608083,0.8195655620738862,0.9394323767242746,0.891566265060241,8840.278421944135,106.788826,-6.09208,117.136917,-0.50422,704.9738828160507,False,0,False,0,False,0
CNNSA,CNSTO,254.0,75,12090.956954669045,315.4249594519736,11.338336355674832,0.3746199678909783,630.7,154,2423,12090.956954669045,0.1415887109560806,0.8195655620738862,0.9394323767242746,0.7244094488188977,7178.413683432551,113.682083,22.64515,116.733333,23.333333,173.6318275429825,False,0,False,0,False,0
BDCTG,MMRGN,68.0,21,12059.83330739771,667.8251343936369,11.797202593005153,0.32399352938182324,630.6192113759765,56,2425,12059.83330739771,0.14147873989012338,0.8195424466189436,0.939424617406359,0.8823529411764706,8720.775259907068,91.883333,22.35,96.133333,16.766667,412.4632813757065,False,0,False,0,False,0
CNTJN,CNWEN,85.0,12,11878.62987090214,908.1215569740237,11.183051738017708,0.4864350004472108,630.4510238484407,43,2444,11878.62987090214,0.14124970930311065,0.8194943053540709,0.9394084575090115,0.9294117647058824,9047.330508640378,117.8143,38.97075,120.666189,28.032743,671.9575825582439,False,0,False,0,False,0
CNGUA,CNYTN,398.0,52,11849.923035025766,127.38420288386831,4.696479026280953,0.21681233939524855,630.4091478541083,349,2446,11849.923035025766,0.14119266536199937,0.8194823149578787,0.9394044326132773,0.9522613065326633,9247.221343590742,113.569533,22.844217,114.263091,22.566543,41.876052028157616,False,0,False,0,False,0
CNHPU,CNJIA,36.0,2,11828.101306890108,1022.2888847773481,8.813341340848964,0.4983212324344257,630.7,36,2448,11828.101306890108,0.1415887109560806,0.8195655620738862,0.9394323767242746,1.0,9693.90449584826,113.470483,23.077133,120.258166,31.896683,640.7854394658003,False,0,False,0,False,0
CNYTN,INMUN,5.0,4,11538.599482883035,4336.713984119492,16.856265632135507,0.5171648109528463,628.3871881587053,5,2476,11538.599482883035,0.13842928340661176,0.8189014637082977,0.9392094544258082,1.0,9448.976005676725,114.263091,22.566543,69.7,22.766667,2459.23067999169,False,0,False,0,False,0
CNLYG,JPKOB,63.0,14,11507.497570280992,893.60235032267,14.015210137490314,0.43392785670016043,630.4434530893882,58,2480,11507.497570280992,0.1412393968928456,0.8194921377288619,0.9394077298878957,0.9047619047619048,8532.179613895516,119.483333,34.733333,135.237233,34.685033,776.763611781653,False,0,False,0,False,0
CNQUA,CNSTO,320.0,24,11497.082499444348,172.05165586367968,10.865607700340782,0.2862109507543925,630.7000000000002,223,2482,11497.082499444348,0.14158871095608083,0.8195655620738862,0.9394323767242746,0.93125,8774.808245307346,118.682805,24.833576,116.733333,23.333333,139.75358254663408,False,0,False,0,False,0
CNHPU,CNTAI,74.0,5,11491.136125117993,944.3012726126689,9.706965632592151,0.2824925563824813,630.5126973627056,69,2483,11491.136125117993,0.14133370784671617,0.8195119614941934,0.93941438426255,1.0,9417.12350569223,113.470483,23.077133,121.211133,31.6506,659.321912632753,False,0,False,0,False,0
MXMAN,USLGB,14.0,13,11449.15231175856,1261.4621918072826,14.902817880195206,0.4230800186247066,630.7,13,2490,11449.15231175856,0.1415887109560806,0.8195655620738862,0.9394323767242746,1.0,9383.330949655938,-104.293756,19.073908,-118.217354,33.74561,1153.550461225875,False,0,False,0,False,0
CNNSA,PHSFS,74.0,16,11421.571887074226,631.8577798431954,13.880510570879418,0.40730454860574516,630.7000000000002,66,2492,11421.571887074226,0.14158871095608083,0.8195655620738862,0.9394323767242746,1.0,9360.726983397284,113.682083,22.64515,120.283033,14.805367,601.7767524773942,False,0,False,0,False,0
MYPKE,PGLAE,15.0,4,11333.924285080879,3299.575937979479,13.234828173386822,0.4357028975387125,629.9948730281728,3,2505,11333.924285080879,0.1406279270215759,0.8193636093370065,0.9393645859110162,1.0,9286.605110176219,101.34485,3.00525,146.983333,-6.733333,2797.074440899722,False,0,False,0,False,0
PHBAT,PHDAV,58.0,14,11331.680924089433,795.2040723410829,14.20081700204523,0.4997970349359792,630.7,58,2507,11331.680924089433,0.1415887109560806,0.8195655620738862,0.9394323767242746,0.9655172413793104,8966.81215455904,121.05,13.75,125.627031,7.073807,483.3571443812451,False,0,False,0,False,0
CNJIN,CNYAN,192.0,14,11318.613055045265,218.3125250364171,9.165193261065385,0.2147712423826329,630.7,114,2508,11318.613055045265,0.1415887109560806,0.8195655620738862,0.9394323767242746,0.9947916666666666,9228.031171030234,121.066667,40.783333,121.4,37.55,194.74944082931097,False,0,False,0,False,0
CNQUA,CNXIA,872.0,54,11274.587324970547,67.82760656705591,8.230278911416566,0.23455967166862499,630.7,481,2511,11274.587324970547,0.1415887109560806,0.8195655620738862,0.9394323767242746,0.8715596330275229,8053.440663517036,118.682805,24.833576,118.042517,24.44535,42.003792592343544,False,0,False,0,False,0
CNHPU,CNNBO,148.0,13,11215.961577351742,820.6180094924366,8.64720151789391,0.2466729370403796,630.5825298547713,83,2517,11215.961577351742,0.14142879897943073,0.8195319492498323,0.9394210936849173,0.9932432432432432,9129.731834913173,113.470483,23.077133,121.683333,29.966667,604.3982805602227,False,0,False,0,False,0
DOCUC,MXMAN,4.0,4,11196.84722729331,3003.664923119383,10.431855689315118,0.3475263778210928,628.0429056459478,4,2519,11196.84722729331,0.13795698489235353,0.8188021885495933,0.9391761300755226,1.0,9168.003014563208,-69.629288,18.426403,-104.293756,19.073908,1967.9764056632148,False,0,False,0,False,0
CNWGQ,KRULS,55.0,16,11165.06246142393,951.5992590452234,10.099886049311317,0.30416870713513194,630.6999999999998,40,2520,11165.06246142393,0.1415887109560804,0.8195655620738861,0.9394323767242746,0.9636363636363636,8817.755212085605,121.617967,31.353633,129.369164,35.462441,459.9606689139128,False,0,False,0,False,0
CNZOS,CNZPU,830.0,56,11024.830483990921,64.43317149759206,7.419908137844555,0.23350972313328258,630.4235371944208,443,2544,11024.830483990921,0.14121226753462124,0.819486435252013,0.9394058156997092,0.9746987951807229,8806.110261879527,122.099218,30.006902,121.066951,30.583181,63.72479095494925,False,0,False,0,False,0
HKHKG,TWTAP,65.0,16,10976.526631754808,470.8936349514343,15.408981587862714,0.45327167137079954,630.3347758468952,64,2549,10976.526631754808,0.14109133630998816,0.8194610160178734,0.9393972830569662,0.9538461538461539,8579.689404497116,114.181938,22.298785,121.37318,25.14978,430.6522339958889,False,0,False,0,False,0
CNSHA,CNWGQ,1312.0,101,10945.81588509393,146.3272785978157,3.224871165131913,0.20485966748703344,630.7,1239,2552,10945.81588509393,0.1415887109560806,0.8195655620738862,0.9394323767242746,0.895579268292683,8034.074812624642,121.46055,31.130717,121.617967,31.353633,15.634245532249773,False,0,False,0,False,0
CNNJG,CNQIZ,17.0,2,10943.902504687683,1423.388217540899,9.141964459601796,0.6040192554945766,630.7000000000002,14,2554,10943.902504687683,0.14158871095608083,0.8195655620738862,0.9394323767242746,1.0,8969.245607536172,118.764874,32.137024,108.6,21.683333,829.7541323351908,False,0,False,0,False,0
CNTJN,VNCMP,6.0,5,10937.173805655642,2371.1679009821073,16.307785492176507,0.35412565499503357,630.6999999999999,6,2556,10937.173805655642,0.1415887109560805,0.8195655620738862,0.9394323767242746,1.0,8963.730997531951,117.8143,38.97075,107.012844,10.522075,1803.4442375747735,False,0,False,0,False,0
CNZHA,HKHKG,659.0,55,10917.820399395594,245.77837265121838,8.526317065498718,0.3024413516388594,630.6999999999999,368,2558,10917.820399395594,0.1415887109560805,0.8195655620738862,0.9394323767242746,0.9742033383915023,8717.044447748156,110.407368,21.182277,114.181938,22.298785,220.9134625924303,False,0,False,0,False,0
EGPSA,ITTRS,11.0,9,10865.058897602044,1372.0046787137321,14.4734397616114,0.3489805561080802,630.7,11,2570,10865.058897602044,0.1415887109560806,0.8195655620738862,0.9394323767242746,1.0,8904.628102379098,32.319633,31.269083,13.75,45.65,1222.0918585389204,False,0,False,0,False,0
CNFAN,CNHKO,277.0,17,10822.414085537333,171.87018888019404,8.462666284005046,0.311475717673606,630.6999999999999,116,2575,10822.414085537333,0.1415887109560805,0.8195655620738862,0.9394323767242746,0.9422382671480144,8357.349918648173,108.316667,21.55,110.266667,20.05,141.73477146910116,False,0,False,0,False,0
USBOS,USSAV,15.0,10,10620.32274083719,988.4601163140287,15.558347973400707,0.41413182919286173,629.6926206582385,14,2599,10620.32274083719,0.14021542854661906,0.8192769038947271,0.9393354809207256,0.9333333333333333,8120.919457910798,-71.083333,42.35,-81.0833,32.0833,778.9065061919267,False,0,False,0,False,0
GUAPR,KRBUS,23.0,2,10583.589037869331,1636.7104046521733,15.107810077671179,0.44939722479410493,630.7000000000004,23,2605,10583.589037869331,0.14158871095608105,0.8195655620738863,0.9394323767242746,0.9565217391304348,8296.817050816035,144.642048,13.452902,129.052391,35.112607,1550.5831136616373,False,0,False,0,False,0
CNSHE,TWTAP,35.0,30,10521.455061182602,496.3927842045657,13.60566417904068,0.35295664064579085,630.0818535716851,30,2614,10521.455061182602,0.14074656025877075,0.8193885455438643,0.939372956412791,0.8285714285714286,7143.246657943963,113.8943,22.467416,121.37318,25.14978,441.1621601207095,False,0,False,0,False,0
CNRIZ,CNZHA,67.0,5,10364.588075170157,1332.2573438104123,10.227105300192667,0.4087911716107293,630.6999999999999,41,2627,10364.588075170157,0.1415887109560805,0.8195655620738862,0.9394323767242746,1.0,8494.459451491128,119.533333,35.35,110.407368,21.182277,976.8022295349418,False,0,False,0,False,0
CNNBO,JPTOK,59.0,15,10324.082189891045,1054.7385469690537,13.408376851933232,0.4340148109545561,629.9706745898027,37,2630,10324.082189891045,0.1405949168149364,0.8193566707305869,0.9393622567830265,0.8813559322033898,7455.482911793556,121.683333,29.966667,139.75,35.6667,971.9009979499713,False,0,False,0,False,0
CNHPU,CNNJG,19.0,2,10226.473308785253,1107.769091298386,9.8491007903933,0.72918758658024,630.6999999999999,11,2638,10226.473308785253,0.1415887109560805,0.8195655620738862,0.9394323767242746,1.0,8381.26534534818,113.470483,23.077133,118.764874,32.137024,612.3120882771616,False,0,False,0,False,0
CNLYG,CNQUA,95.0,9,10148.210683974155,794.9990479072803,9.77228223967603,0.38615614807490245,630.7,44,2647,10148.210683974155,0.1415887109560806,0.8195655620738862,0.9394323767242746,1.0,8317.123993255496,119.483333,34.733333,118.682805,24.833576,595.8407846965101,False,0,False,0,False,0
CNBAO,CNTJN,126.0,4,10073.679433500416,717.8349938120215,9.669098422954848,0.2999198260096072,630.7,93,2660,10073.679433500416,0.1415887109560806,0.8195655620738862,0.9394323767242746,0.9761904761904762,8059.468348329179,121.482183,31.4168,117.8143,38.97075,487.8198216575628,False,0,False,0,False,0
CNXIA,JPMOJ,33.0,8,10066.991264759461,951.8224038445967,15.586800834358236,0.4782656402744221,630.7000000000002,33,2662,10066.991264759461,0.14158871095608083,0.8195655620738862,0.9394323767242746,0.9090909090909091,7500.508503904991,118.042517,24.44535,131.005955,33.964436,886.3888872218317,False,0,False,0,False,0
CNWGQ,INMUN,7.0,6,10025.121608908348,5082.348697094776,13.027324606726866,0.4384076842531813,629.952175634352,1,2666,10025.121608908348,0.14056967982558577,0.819351366021706,0.9393604761162493,0.8571428571428571,7040.654644108095,121.617967,31.353633,69.7,22.766667,2798.1313012042897,False,0,False,0,True,1
CNMWN,INCHN,13.0,6,9813.992559886543,3259.3223807901263,14.025260759954804,0.47392153540407445,629.5347369009361,8,2682,9813.992559886543,0.13999979943093277,0.8192315795626897,0.939320266601887,1.0,8039.932626652337,113.862187,22.508158,80.3,13.1,1994.735413045918,False,0,False,0,False,0
QAHMD,QAUMS,286.0,5,9698.193211185633,34.04590103049907,7.818420032354455,0.20469824655667251,630.7,186,2698,9698.193211185633,0.1415887109560806,0.8195655620738862,0.9394323767242746,1.0,7948.305170226501,51.638489,25.021684,51.580725,24.930186,6.329553028937677,False,0,False,0,False,0
CNHUM,CNTAI,78.0,6,9689.210031750481,944.4913415056512,10.276568076055915,0.3735993290126448,626.218281012002,62,2701,9689.210031750481,0.13544523305025713,0.8182742288901353,0.9389989063585515,0.9871794871794872,7826.78431770461,113.659717,22.81445,121.211133,31.6506,665.8439678634085,False,0,False,0,False,0
CNNBO,CNRIZ,78.0,19,9655.362671074183,482.35960512369564,11.162776046500564,0.42383909308855927,630.2822443237949,46,2707,9655.362671074183,0.1410197496823874,0.8194459688102248,0.9393922320610772,0.9743589743589743,7709.174992104452,121.683333,29.966667,119.533333,35.35,340.9706853514733,False,0,False,0,False,0
CNHKO,CNNBO,51.0,6,9652.0320412855,995.4648997722198,10.275977177564874,0.4235833936411448,630.7,8,2708,9652.0320412855,0.1415887109560806,0.8195655620738862,0.9394323767242746,1.0,7910.47306507131,110.266667,20.05,121.683333,29.966667,859.3976694926849,False,0,False,0,False,0
MYKUA,MYPEN,45.0,10,9644.907100236962,636.5165398022793,15.752535686881508,0.49509683983126307,629.3942651119315,40,2710,9644.907100236962,0.13980785969869403,0.8191912346392896,0.9393067237541376,1.0,7901.023355424367,103.433333,3.966667,100.35,5.416667,204.00781757185163,False,0,False,0,False,0
CNNJG,CNYZH,1310.0,101,9572.457170073823,30.611345633419656,5.3156717034334235,0.2150645324519625,630.7,1001,2727,9572.457170073823,0.1415887109560806,0.8195655620738862,0.9394323767242746,0.9450381679389313,7414.066585024776,118.764874,32.137024,119.433383,32.271117,34.9037861328231,False,0,False,0,False,0
CNLYG,JPYOK,42.0,7,9512.869760597121,1185.4348621479087,11.621728357591541,0.3024003983809522,628.1745554888419,11,2739,9512.869760597121,0.13813764777739912,0.8188401631272035,0.9391888772535956,0.9047619047619048,7047.660795472789,119.483333,34.733333,139.679832,35.450183,991.4020192087039,False,0,False,0,False,0
CNTAI,CNTAI,582.0,164,9330.582431892602,283.42478074847907,3.7526147532137437,0.21057551846167025,630.5782456008536,130,2763,9330.582431892602,0.14142296570329527,0.8195307231197544,0.9394206821017101,0.8127147766323024,6214.585243376632,121.211133,31.6506,121.211133,31.6506,0.0,False,0,False,0,False,0
CNYTN,TWKEE,29.0,13,9270.315811865488,524.8361061239926,11.046260067311573,0.24909987786734816,627.1722056353898,28,2772,9270.315811865488,0.13676021492134482,0.8185506325416495,0.9390916886036117,1.0,7588.222871663351,114.263091,22.566543,121.7559,25.15113,439.62317008842524,False,0,False,0,False,0
JPNAG,TWKEE,26.0,10,9198.16328492384,1044.407826177584,16.777809589295664,0.531629546906801,630.4892443549089,26,2782,9198.16328492384,0.14130176708416564,0.8195052476804175,0.9394121305921964,1.0,7537.943081016434,136.866667,35.066667,121.7559,25.15113,983.0582258289688,False,0,False,0,False,0
CNDAL,CNMWN,31.0,5,9136.762444952174,1316.3914036188814,13.647519587739536,0.39788356649910495,630.7000000000002,30,2793,9136.762444952174,0.14158871095608083,0.8195655620738862,0.9394323767242746,0.9354838709677419,7005.067729459718,121.737442,38.978628,113.862187,22.508158,1068.0065178845362,False,0,False,0,False,0
CNBYQ,CNWEN,78.0,17,9066.116909256018,879.7258774916584,10.424839144342108,0.3967278976783984,629.3494149209643,25,2804,9066.116909256018,0.13974655864581875,0.8191783494161325,0.9393023984859075,0.9871794871794872,7331.5517278337,122.0684,40.268517,120.666189,28.032743,737.9080249184257,False,0,False,0,False,0
CNQIZ,CNTAI,37.0,11,8979.159392331405,1277.9716863100905,10.283056664463173,0.39881357994282307,630.7000000000002,31,2823,8979.159392331405,0.14158871095608083,0.8195655620738862,0.9394323767242746,0.9459459459459459,6961.225500039151,108.6,21.683333,121.211133,31.6506,901.9762419566096,False,0,False,0,False,0
CNFUZ,CNNBO,245.0,14,8958.907534227505,351.69942874492705,9.23316579494729,0.2764322177079545,629.4795848067722,85,2826,8958.907534227505,0.1399244501850041,0.819215741468514,0.9393149501238772,0.8938775510204081,6560.415914977996,119.375467,25.972352,121.683333,29.966667,269.21966430418234,False,0,False,0,False,0
CNSTO,MYKUC,30.0,12,8764.863098613512,1403.010012590371,12.43715766929227,0.28890687517832314,630.7,29,2862,8764.863098613512,0.1415887109560806,0.8195655620738862,0.9394323767242746,1.0,7183.379951915847,116.733333,23.333333,110.35,1.566667,1358.6948918011672,False,0,False,0,False,0
CNSTO,CNXIA,451.0,47,8667.986132819346,140.4616759631035,9.574631354873885,0.30154887002244074,630.7,304,2878,8667.986132819346,0.1415887109560806,0.8195655620738862,0.9394323767242746,0.9600886917960089,6820.4536749176405,116.733333,23.333333,118.042517,24.44535,98.09534056431742,False,0,False,0,False,0
CNZPU,VNHCM,19.0,3,8334.640274810325,1706.1809592882396,14.79212500653897,0.4859553097971794,624.6000000000001,7,2919,8334.640274810325,0.13320525136087114,0.8178033941722703,0.9388408581492155,1.0,6816.0971059447875,121.066951,30.583181,106.710033,10.776988,1433.4493018181631,False,0,False,0,False,0
CNBYQ,CNDAL,212.0,24,8285.623991074248,203.0060537207483,9.164814904238726,0.3484093306641239,628.8086320511721,107,2925,8285.623991074248,0.13900673049930223,0.819022840655376,0.9392501978298362,0.9952830188679245,6754.105319952285,122.0684,40.268517,121.737442,38.978628,78.94326857180003,False,0,False,0,False,0
CNNBO,KRDAN,74.0,5,8179.826848395888,551.2862669060577,13.356965679691688,0.4196307313953553,630.6999999999999,15,2939,8179.826848395888,0.1415887109560805,0.8195655620738862,0.9394323767242746,1.0,6703.904388672641,121.683333,29.966667,126.3969,37.017333,484.4947916839212,False,0,False,0,False,0
CNXIA,KRPYT,45.0,3,8051.9223260316185,968.2727173182163,14.510618150694437,0.6035675253807895,630.6999999999999,38,2955,8051.9223260316185,0.1415887109560805,0.8195655620738862,0.9394323767242746,1.0,6599.0782469093765,118.042517,24.44535,126.799736,36.993778,877.5832769752823,False,0,False,0,False,0
CNNJG,MYPKE,15.0,4,7979.935370726198,2607.3799695680623,14.390146355784552,0.503036270586155,629.282388201422,10,2970,7979.935370726198,0.13965493051951183,0.8191590895698567,0.9392959334056988,1.0,6536.83659311037,118.764874,32.137024,101.34485,3.00525,2006.1568430583663,False,0,False,0,False,0
CNWEN,CNWEN,1205.0,14,7839.74728005444,20.29534498161192,5.173144453404747,0.20349042309019766,630.6961484205094,706,2988,7839.74728005444,0.1415834687497921,0.8195644601842008,0.9394320068456632,0.9975103734439834,6409.181953166113,120.666189,28.032743,120.666189,28.032743,0.0,False,0,False,0,False,0
CNQIN,TWTAP,37.0,10,7807.047675383121,777.7733296641427,14.387151449484781,0.4433426342598071,630.7,36,2996,7807.047675383121,0.1415887109560806,0.8195655620738862,0.9394323767242746,1.0,6398.387416212994,120.2667,36.0333,121.37318,25.14978,655.9337603982872,False,0,False,0,False,0
CNHUM,CNWEN,85.0,13,7776.108467230249,647.061036350003,10.672621043339628,0.4322981701389169,630.7,30,3001,7776.108467230249,0.1415887109560806,0.8195655620738862,0.9394323767242746,1.0,6373.0307066930645,113.659717,22.81445,120.666189,28.032743,492.2509330166563,False,0,False,0,False,0
CNRIZ,CNSTO,58.0,6,7735.440103537723,948.7585634084359,10.313292824664403,0.5305624580013569,630.7000000000002,31,3011,7735.440103537723,0.14158871095608083,0.8195655620738862,0.9394323767242746,1.0,6339.700316344774,119.533333,35.35,116.733333,23.333333,736.1138186126898,False,0,False,0,False,0
