corridor_id,PGI_h3,n_h3_cells,eu_covered_cells
0,0.45431286549707606,1368,746.5
1,0.41795561533288506,1487,865.5
2,0.41795561533288506,1487,865.5
3,0.4395332390381895,1414,792.5
4,0.6706989247311828,1116,367.5
5,0.39236111111111116,1584,962.5
6,0.5657276995305165,639,277.5
7,0.503315649867374,754,374.5
8,0.84472049689441,161,25.0
9,0.4062091503267974,1530,908.5
10,0.5239520958083832,167,79.5
11,0.45431286549707606,1368,746.5
12,0.45068238213399503,1612,885.5
13,0.554002541296061,787,351.0
14,0.6875323331608898,1933,604.0
15,0.5005268703898841,949,474.0
16,0.45431286549707606,1368,746.5
17,0.8,5,1.0
18,0.42050067658998647,1478,856.5
19,0.4445921985815603,1128,626.5
20,0.44680851063829785,1175,650.0
21,0.4439746300211417,1419,789.0
23,0.39014438166980536,1593,971.5
24,0.4445921985815603,1128,626.5
25,0.46055381400208983,1914,1032.5
26,0.42050067658998647,1478,856.5
27,0.40571870170015456,1294,769.0
28,0.5130718954248366,306,149.0
30,0.3933544303797468,1580,958.5
31,0.9923076923076923,65,0.5
32,0.7718978102189781,274,62.5
33,0.42510259917920656,1462,840.5
34,0.9444444444444444,9,0.5
35,0.8427672955974843,159,25.0
36,0.5240963855421688,166,79.0
37,0.5019505851755527,769,383.0
38,0.4305074971164936,1734,987.5
39,0.42135593220338985,1475,853.5
40,0.9836956521739131,92,1.5
41,0.6610169491525424,59,20.0
42,0.52,50,24.0
43,0.4556451612903226,1364,742.5
44,0.44864420706655705,1217,671.0
45,0.569583931133429,697,300.0
46,0.5674318507890961,697,301.5
47,0.569583931133429,697,300.0
48,0.5414878397711016,699,320.5
49,0.44167278063096116,1363,761.0
50,0.4530696576151122,1694,926.5
51,0.8994932432432432,592,59.5
52,0.4455852156057495,1461,810.0
53,0.5657276995305165,639,277.5
55,0.5730411686586985,753,321.5
56,0.25464190981432355,377,281.0
57,0.515748031496063,254,123.0
58,0.6464788732394366,355,125.5
59,0.5408163265306123,49,22.5
60,0.5677603423680456,701,303.0
61,0.623546511627907,1032,388.5
62,0.6614821591948765,1093,370.0
63,0.9130434782608696,46,4.0
64,0.6587301587301587,63,21.5
65,0.84375,160,25.0
67,0.5155642023346303,257,124.5
68,0.5106382978723405,94,46.0
70,0.5092364532019704,812,398.5
71,0.5257731958762887,97,46.0
72,0.6585915492957746,1775,606.0
73,0.4420553935860059,1372,765.5
74,0.610299488677867,1369,533.5
76,0.38026819923371646,522,323.5
77,0.5616776315789473,608,266.5
78,0.554002541296061,787,351.0
80,0.4199324324324324,1480,858.5
81,0.9919354838709677,62,0.5
82,0.43491952414275714,1429,807.5
83,0.6262541806020068,598,223.5
84,0.5239520958083832,167,79.5
85,0.5306122448979591,98,46.0
86,0.5573770491803278,61,27.0
87,1.0,163,0.0
88,0.6697478991596639,1785,589.5
89,0.5155642023346303,257,124.5
90,0.5392156862745099,714,329.0
91,0.7718978102189781,274,62.5
92,0.4590968586387435,1528,826.5
93,0.4114420062695925,1276,751.0
94,0.8996627318718381,593,59.5
95,0.5462962962962963,54,24.5
97,0.44890745501285345,1556,857.5
98,0.4323040380047506,1263,717.0
100,0.523696682464455,633,301.5
101,0.7141017385705086,1553,444.0
103,0.4265614275909403,1457,835.5
104,0.5400981996726677,1222,562.0
105,1.0,58,0.0
106,0.996268656716418,268,1.0
107,0.5078597339782346,827,407.0
108,0.5287356321839081,261,123.0
109,0.9841269841269842,63,1.0
110,0.5596816976127321,754,332.0
111,0.5483870967741935,62,28.0
112,0.4591049382716049,1944,1051.5
114,0.7615384615384615,195,46.5
115,0.6026785714285714,672,267.0
117,0.5677603423680456,701,303.0
118,0.6514522821576764,1446,504.0
119,0.4102310231023102,1515,893.5
120,0.6884735202492211,1926,600.0
121,0.0,93,93.0
122,0.8931034482758621,145,15.5
123,0.9913793103448276,464,4.0
124,0.5103092783505154,97,47.5
125,0.5101522842639594,197,96.5
126,0.8133187772925764,458,85.5
128,0.6864406779661016,59,18.5
129,0.935064935064935,154,10.0
130,0.6617647058823529,34,11.5
131,0.7562814070351759,199,48.5
134,0.7208121827411167,197,55.0
135,0.6157323688969258,553,212.5
136,1.0,90,0.0
137,0.78719723183391,289,61.5
138,0.4917376064096144,1997,1015.0
139,0.623546511627907,1032,388.5
140,0.39236641221374047,655,398.0
142,0.8232984293193717,382,67.5
143,0.9797979797979798,99,2.0
144,0.36904761904761907,420,265.0
145,0.5571428571428572,70,31.0
147,1.0,44,0.0
148,0.0,90,90.0
149,0.9897579143389199,537,5.5
150,0.4066615027110767,1291,766.0
151,0.5032894736842105,1064,528.5
152,0.5098039215686274,816,400.0
153,0.7995824634655533,479,96.0
154,0.6307692307692307,65,24.0
158,0.875,40,5.0
159,0.7001675041876048,1791,537.0
160,0.6563020544142144,1801,619.0
161,0.510752688172043,93,45.5
162,0.9782608695652174,115,2.5
163,0.506896551724138,145,71.5
164,0.6122233930453109,949,368.0
165,0.990625,160,1.5
166,0.52,150,72.0
167,0.39574898785425106,988,597.0
168,0.9979423868312757,243,0.5
171,0.0,218,218.0
172,0.6672694394213381,1659,552.0
174,0.9056291390728477,302,28.5
175,1.0,126,0.0
176,0.6532738095238095,336,116.5
177,0.6543381535038932,1798,621.5
178,0.5178571428571428,868,418.5
179,0.5258899676375405,309,146.5
180,0.4114544084400904,1327,781.0
182,0.3820375335120644,373,230.5
183,0.7977099236641221,524,106.0
185,0.42307692307692313,1469,847.5
186,0.5257731958762887,97,46.0
187,0.0,327,327.0
189,0.6563020544142144,1801,619.0
190,0.45730397422126745,1862,1010.5
191,0.9425403225806451,496,28.5
192,0.9783989834815756,787,17.0
193,0.0,168,168.0
194,0.45012366034624895,1213,667.0
195,0.9933774834437086,151,1.0
196,0.6764705882352942,17,5.5
197,0.5674318507890961,697,301.5
198,0.6046511627906976,731,289.0
199,0.0,168,168.0
200,0.9898523985239852,542,5.5
201,1.0,428,0.0
202,0.9967948717948718,156,0.5
203,0.6902944383860414,1834,568.0
204,0.8427672955974843,159,25.0
205,0.6323529411764706,34,12.5
206,0.6091575091575092,1365,533.5
207,0.7487046632124352,193,48.5
208,0.6443798449612403,1032,367.0
209,0.6408730158730158,756,271.5
210,0.4500670241286864,1492,820.5
212,1.0,28,0.0
214,0.6443798449612403,1032,367.0
215,0.5,1,0.5
216,0.5009115770282588,1097,547.5
217,0.5699445983379501,722,310.5
218,0.0,21,21.0
219,0.40981240981240985,693,409.0
220,0.9891944990176817,509,5.5
221,0.4421123899796886,1477,824.0
222,0.6028571428571429,700,278.0
223,0.6677890011223344,1782,592.0
224,0.45513544018058694,1772,965.5
225,0.9841269841269842,63,1.0
226,0.9211502782931354,539,42.5
228,1.0,103,0.0
229,0.8422818791946309,149,23.5
230,0.6029411764705883,68,27.0
231,0.9913793103448276,464,4.0
232,0.5449999999999999,100,45.5
233,0.0,5,5.0
234,0.7313915857605178,309,83.0
235,0.6519666269368296,839,292.0
236,0.44680851063829785,1175,650.0
238,1.0,530,0.0
239,0.5537240537240538,819,365.5
240,0.5106382978723405,47,23.0
241,0.6172945205479452,584,223.5
242,0.9261992619926199,542,40.0
243,0.3345070422535211,426,283.5
244,0.4247572815533981,1236,711.0
245,0.4199324324324324,1480,858.5
246,1.0,49,0.0
248,0.5546875,64,28.5
250,0.4632952691680261,613,329.0
251,0.9968354430379747,158,0.5
252,0.6172945205479452,584,223.5
253,0.9464285714285714,112,6.0
255,0.56353591160221,181,79.0
256,0.5068493150684932,146,72.0
257,0.6010215664018161,881,351.5
259,0.725,60,16.5
260,0.6691259931895573,881,291.5
261,0.5750382848392037,653,277.5
262,0.39236641221374047,655,398.0
263,0.9008333333333334,600,59.5
264,0.9921568627450981,510,4.0
265,0.7843137254901961,867,187.0
266,0.9846938775510204,98,1.5
268,0.9941176470588236,85,0.5
270,0.725103734439834,964,265.0
271,0.4362259755387303,1717,968.0
272,0.6563020544142144,1801,619.0
273,0.7542372881355932,118,29.0
274,0.5503311258278145,755,339.5
275,0.9898648648648649,148,1.5
276,0.4610624033006705,1939,1045.0
277,0.8408577878103838,443,70.5
279,0.523696682464455,633,301.5
280,0.5,23,11.5
282,0.39535623409669207,1572,950.5
283,0.53125,96,45.0
284,0.31060606060606055,330,227.5
285,0.5104166666666667,96,47.0
286,0.5054617676266138,1007,498.0
287,0.975,20,0.5
289,0.6395617070357555,867,312.5
290,0.5337837837837838,148,69.0
291,0.8140000000000001,250,46.5
292,0.6825613079019073,367,116.5
293,0.5335570469798658,149,69.5
294,0.45228091236494594,1666,912.5
295,0.7977099236641221,524,106.0
296,0.38928571428571423,420,256.5
297,0.3154296875,512,350.5
298,0.4845739471106758,2042,1052.5
299,0.5714285714285714,14,6.0
300,0.5126999059266228,1063,518.0
301,0.6775923718712753,839,270.5
302,0.6205357142857143,112,42.5
303,0.0,159,159.0
304,0.7526595744680851,188,46.5
305,1.0,47,0.0
306,0.8190661478599222,257,46.5
307,0.3944444444444445,450,272.5
308,0.0,26,26.0
310,0.3228527607361963,652,441.5
311,0.4759887005649718,1770,927.5
313,0.854982206405694,562,81.5
314,0.7620192307692308,208,49.5
315,0.2972103004291845,466,327.5
316,0.45190445448676564,1549,849.0
317,0.6122733612273361,717,278.0
318,0.44864420706655705,1217,671.0
319,0.7208513263417644,1621,452.5
320,0.0,34,34.0
321,0.9917491749174917,606,5.0
322,0.9897579143389199,537,5.5
323,0.5604395604395604,91,40.0
324,0.3429054054054054,592,389.0
325,0.42592592592592593,594,341.0
326,0.7963320463320464,518,105.5
327,0.45953237410071945,556,300.5
328,0.5158227848101266,158,76.5
329,0.9881209503239741,463,5.5
330,0.7537313432835822,67,16.5
331,0.7142857142857143,1554,444.0
332,0.7805059523809523,2016,442.5
333,0.0,31,31.0
334,0.0,105,105.0
335,0.343680709534368,451,296.0
336,0.8984375,128,13.0
337,0.6769366197183099,1136,367.0
338,1.0,427,0.0
339,0.39535623409669207,1572,950.5
341,0.8557894736842105,475,68.5
342,0.3055555555555556,486,337.5
343,0.8658536585365854,41,5.5
344,0.0,196,196.0
345,0.22695035460992907,423,327.0
346,0.2930648769574944,447,316.0
347,0.6141509433962264,1060,409.0
348,0.5427631578947368,152,69.5
349,0.3509485094850948,369,239.5
350,1.0,75,0.0
352,1.0,165,0.0
353,0.4299754299754299,1221,696.0
354,0.0,2,2.0
355,0.9690431519699813,533,16.5
356,0.9836956521739131,92,1.5
357,0.0,150,150.0
358,0.9651162790697675,215,7.5
359,0.9884937238493724,478,5.5
360,0.4621743486973948,1996,1073.5
361,0.9939117199391172,657,4.0
362,0.3258064516129032,465,313.5
363,0.9913793103448276,58,0.5
364,0.6203125,1280,486.0
365,0.5149253731343284,201,97.5
366,0.6710526315789473,38,12.5
368,1.0,69,0.0
369,0.9663461538461539,104,3.5
370,0.552042160737813,759,340.0
372,0.7016183412002697,1483,442.5
375,0.9043408360128617,622,59.5
376,0.9824561403508771,57,1.0
377,0.6307692307692307,65,24.0
378,0.7208121827411167,197,55.0
379,0.5297029702970297,101,47.5
380,0.0,78,78.0
382,0.5167410714285714,448,216.5
383,0.9947916666666666,96,0.5
384,0.4142640364188164,1318,772.0
385,0.5,2,1.0
386,0.45907007203667316,1527,826.0
387,0.5,6,3.0
388,0.853399433427762,706,103.5
389,0.85,10,1.5
391,0.5258899676375405,309,146.5
392,0.7874493927125505,247,52.5
393,0.0,108,108.0
394,0.8214285714285714,56,10.0
395,1.0,8,0.0
396,0.5,1,0.5
397,0.7764505119453925,293,65.5
398,0.5571428571428572,70,31.0
399,0.6172043010752688,1395,534.0
400,0.5167410714285714,448,216.5
402,0.993322203672788,599,4.0
403,0.6487414187643021,1311,460.5
404,0.42592592592592593,1647,945.5
405,0.9003350083752094,597,59.5
406,0.5802139037433155,187,78.5
407,0.0,165,165.0
408,0.45273483947681337,1682,920.5
409,0.9781553398058253,206,4.5
410,0.5344827586206897,87,40.5
411,0.8214765100671141,745,133.0
412,0.4530696576151122,1694,926.5
413,0.9807692307692307,52,1.0
414,0.8536067892503536,707,103.5
415,0.25881410256410253,624,462.5
416,0.2938144329896907,485,342.5
417,0.3104508196721312,488,336.5
418,0.8994932432432432,592,59.5
419,0.310838445807771,489,337.0
420,0.9924812030075187,133,1.0
421,0.0,338,338.0
422,0.8883677298311444,533,59.5
423,0.38026819923371646,522,323.5
425,0.925,20,1.5
426,0.329700272479564,367,246.0
427,0.0,211,211.0
428,0.4601103863522328,1993,1076.0
429,0.33841059602649004,755,499.5
430,0.9538461538461538,65,3.0
431,0.3817204301075269,465,287.5
432,0.9924812030075187,133,1.0
433,0.611353711790393,1374,534.0
434,0.9891774891774892,462,5.0
435,0.7063921993499458,923,271.0
437,0.5080428954423593,746,367.0
440,0.4085603112840467,1285,760.0
442,0.37896825396825395,504,313.0
443,0.9941176470588236,85,0.5
444,0.7371611982881598,1402,368.5
445,0.7597087378640777,206,49.5
446,0.5512820512820513,117,52.5
447,0.5,3,1.5
448,0.8984375,128,13.0
449,0.8173076923076923,52,9.5
450,0.25881410256410253,624,462.5
451,0.5,144,72.0
452,0.41720779220779225,1848,1077.0
454,0.0,19,19.0
455,0.8544303797468354,711,103.5
457,0.6454106280193237,1035,367.0
458,0.4515289525048797,1537,843.0
459,0.9823529411764705,85,1.5
460,0.7714819427148194,803,183.5
461,0.461945564516129,1984,1067.5
462,0.96875,32,1.0
463,0.538659793814433,194,89.5
464,0.44833475661827493,1171,646.0
467,0.6390793339862879,1021,368.5
468,0.7196802646085998,1814,508.5
469,0.7012987012987013,154,46.0
470,0.9560439560439561,91,4.0
472,0.0,143,143.0
473,0.8333333333333334,6,1.0
475,1.0,44,0.0
476,0.6586620926243567,1749,597.0
477,0.9230769230769231,26,2.0
478,0.40031897926634774,1881,1128.0
479,0.6395939086294415,197,71.0
480,0.4309369951534734,1238,704.5
481,1.0,25,0.0
482,0.5211038961038961,308,147.5
483,0.4488961569910057,1223,674.0
485,0.990990990990991,111,1.0
486,0.7226890756302521,238,66.0
487,1.0,3,0.0
488,0.0,113,113.0
489,1.0,14,0.0
490,0.776536312849162,179,40.0
491,0.5696202531645569,79,34.0
492,0.0,138,138.0
493,0.4096590909090909,880,519.5
494,0.98,100,2.0
495,0.9892578125,512,5.5
496,0.4199324324324324,1480,858.5
497,0.45431286549707606,1368,746.5
498,0.7142857142857143,1554,444.0
499,0.0,80,80.0
500,0.0,77,77.0
501,0.94,25,1.5
502,0.26247288503253796,461,340.0
503,0.7119341563786008,243,70.0
504,0.5646551724137931,116,50.5
505,0.9965986394557823,147,0.5
506,0.9963503649635036,137,0.5
507,0.4525373134328359,1675,917.0
508,0.6728323699421965,1730,566.0
509,0.7525773195876289,194,48.0
510,0.37826961770623746,497,309.0
511,0.41880053908355797,1484,862.5
512,0.5821428571428571,840,351.0
513,0.32065217391304346,644,437.5
514,0.8422818791946309,149,23.5
515,0.8863636363636364,132,15.0
516,0.9451476793248945,474,26.0
517,0.9037037037037037,270,26.0
519,0.9037037037037037,270,26.0
520,0.138728323699422,173,149.0
521,0.4544412607449857,1745,952.0
522,0.5576923076923077,104,46.0
523,0.9836065573770492,61,1.0
524,0.8202702702702702,740,133.0
525,0.6686046511627908,86,28.5
526,0.9878048780487805,41,0.5
527,1.0,33,0.0
528,0.7119341563786008,243,70.0
529,1.0,563,0.0
531,0.3578629032258065,496,318.5
532,0.7940180586907449,886,182.5
533,0.0,255,255.0
534,0.998371335504886,307,0.5
535,0.9479768786127167,173,9.0
536,0.7521186440677966,236,58.5
537,0.84375,160,25.0
538,0.6446488294314381,598,212.5
539,0.6666666666666667,156,52.0
540,0.4221238938053097,565,326.5
541,0.5340909090909092,440,205.0
542,0.40694126620900073,1311,777.5
543,0.5165770609318996,1116,539.5
544,0.4449445983379502,1444,801.5
545,0.4768553940321346,2614,1367.5
547,0.8587140439932318,591,83.5
549,0.0,191,191.0
550,0.6621621621621622,37,12.5
551,1.0,159,0.0
552,0.0,16,16.0
553,0.9947916666666666,96,0.5
554,1.0,622,0.0
555,0.5,1,0.5
556,0.37313988095238093,1344,842.5
557,0.5214621059691482,1491,713.5
558,0.0,106,106.0
559,0.7208121827411167,197,55.0
560,0.538659793814433,194,89.5
561,0.9968152866242038,157,0.5
562,0.6363636363636364,33,12.0
563,0.7389937106918238,159,41.5
564,0.9946808510638298,94,0.5
565,0.6082317073170731,328,128.5
566,0.0,128,128.0
567,0.788659793814433,291,61.5
568,0.5240963855421688,166,79.0
569,0.0,100,100.0
570,0.875,44,5.5
571,0.0,363,363.0
572,0.6521739130434783,115,40.0
573,0.0,368,368.0
574,0.34288537549407117,506,332.5
575,0.5,118,59.0
576,1.0,478,0.0
577,0.9315789473684211,190,13.0
578,0.4134881149806523,1809,1061.0
579,1.0,155,0.0
580,0.5,55,27.5
581,1.0,6,0.0
582,0.27197149643705465,421,306.5
583,0.4137115839243499,1269,744.0
584,0.56,50,22.0
585,0.9414893617021276,94,5.5
586,0.4079254079254079,1287,762.0
587,0.7127192982456141,228,65.5
588,0.75,66,16.5
589,0.9727891156462585,147,4.0
590,0.0,135,135.0
591,0.4256844850065189,1534,881.0
592,0.3753623188405797,345,215.5
593,0.5619047619047619,105,46.0
594,0.823404255319149,470,83.0
595,1.0,45,0.0
597,0.515748031496063,254,123.0
598,0.0,91,91.0
599,0.3944020356234097,393,238.0
600,0.9977528089887641,445,1.0
601,0.8571428571428572,7,1.0
602,0.0,79,79.0
603,0.7666666666666666,45,10.5
604,0.5502645502645502,756,340.0
605,0.9230769230769231,377,29.0
606,0.3210735586481114,503,341.5
608,0.9006677796327212,599,59.5
609,0.9884615384615385,130,1.5
610,0.5099667774086378,301,147.5
611,0.28213507625272327,459,329.5
612,0.3780487804878049,451,280.5
613,0.5821428571428571,840,351.0
614,0.33684210526315794,570,378.0
615,0.9634146341463414,41,1.5
616,0.6527027027027027,370,128.5
617,0.6464788732394366,355,125.5
618,0.655940594059406,202,69.5
619,0.0,141,141.0
620,0.9741379310344828,58,1.5
621,0.37356321839080464,348,218.0
623,0.8035714285714286,84,16.5
624,0.6961111111111111,900,273.5
625,1.0,30,0.0
626,1.0,4,0.0
627,0.5208333333333333,1536,736.0
628,0.28267716535433074,635,455.5
630,0.1852861035422343,367,299.0
632,1.0,65,0.0
633,0.9846938775510204,98,1.5
634,0.27118644067796616,354,258.0
635,0.8313679245283019,424,71.5
636,0.0,196,196.0
637,0.9270833333333334,336,24.5
638,0.8563218390804598,87,12.5
639,0.7202380952380952,252,70.5
640,0.6090775988286969,1366,534.0
641,0.9895833333333334,48,0.5
642,0.5257731958762887,97,46.0
643,0.5396158463385354,833,383.5
646,0.9782608695652174,115,2.5
647,0.0,217,217.0
649,1.0,25,0.0
650,0.8106796116504854,206,39.0
651,0.0,143,143.0
654,1.0,25,0.0
655,0.2712871287128713,505,368.0
656,0.2988235294117647,425,298.0
657,0.6355140186915889,107,39.0
658,0.8326271186440678,236,39.5
659,0.851063829787234,141,21.0
660,0.8710166919575114,659,85.0
661,0.9984639016897081,651,1.0
662,0.0,29,29.0
663,0.9921875,64,0.5
664,0.882183908045977,174,20.5
665,0.525,100,47.5
666,0.8125,8,1.5
667,0.6492946708463949,1276,447.5
668,1.0,149,0.0
669,0.2984749455337691,459,322.0
670,0.6716589861751152,434,142.5
671,0.2991360691144709,463,324.5
673,0.6599999999999999,100,34.0
674,0.4354651162790698,1720,971.0
675,1.0,789,0.0
677,0.6714285714285715,140,46.0
678,0.6611842105263157,152,51.5
679,0.33532934131736525,334,222.0
680,0.8653846153846154,52,7.0
681,1.0,195,0.0
683,0.6876850207223208,1689,527.5
684,0.9827586206896551,29,0.5
685,0.8974358974358975,39,4.0
686,0.8517350157728707,634,94.0
688,1.0,73,0.0
689,0.9682539682539683,63,2.0
690,0.9819277108433735,83,1.5
691,0.9131274131274131,259,22.5
692,0.45323529411764707,1700,929.5
694,0.4052511415525114,438,260.5
696,0.9746835443037974,79,2.0
697,0.6883468834688347,369,115.0
698,1.0,81,0.0
699,0.3786549707602339,342,212.5
701,0.375249500998004,501,313.0
702,0.0,21,21.0
704,0.329700272479564,367,246.0
705,0.5172786177105831,463,223.5
707,0.5730411686586985,753,321.5
708,0.0,54,54.0
710,0.5059055118110236,254,125.5
711,1.0,59,0.0
712,0.3497363796133568,569,370.0
713,0.0,48,48.0
715,0.74375,240,61.5
716,0.0,114,114.0
717,0.40122659780503556,1549,927.5
719,0.9878048780487805,41,0.5
721,0.8112244897959184,98,18.5
722,0.0,189,189.0
723,0.7837837837837838,148,32.0
724,0.725,120,33.0
725,0.9901960784313726,102,1.0
726,0.8598484848484849,924,129.5
727,0.6494117647058824,1275,447.0
728,0.5084235860409145,831,408.5
729,0.5287356321839081,261,123.0
730,0.638796603912883,2709,978.5
731,1.0,77,0.0
732,0.5,1,0.5
733,1.0,61,0.0
734,0.39137279596977326,1588,966.5
735,0.5188679245283019,53,25.5
736,0.78719723183391,289,61.5
737,0.44650067294751006,1486,822.5
738,0.8163771712158809,403,74.0
739,0.9791666666666666,24,0.5
740,0.25806451612903225,93,69.0
741,0.8401197604790419,835,133.5
742,0.5684210526315789,95,41.0
743,0.4794520547945206,1095,570.0
744,0.47876857749469215,1884,982.0
745,0.0,29,29.0
746,0.7819548872180451,133,29.0
747,0.5317725752508361,299,140.0
748,0.42307692307692313,1469,847.5
749,0.0,163,163.0
750,0.9719864176570459,589,16.5
751,0.9642857142857143,98,3.5
752,0.5845070422535211,213,88.5
753,0.0,366,366.0
754,0.0,41,41.0
755,0.4761503928170595,1782,933.5
756,1.0,32,0.0
757,0.3434856175972927,591,388.0
758,0.9702380952380952,84,2.5
760,0.9328703703703703,216,14.5
761,0.0,132,132.0
763,0.3801593048515568,1381,856.0
764,0.6593001841620626,543,185.0
765,0.31596638655462184,595,407.0
766,1.0,1,0.0
767,0.9901960784313726,51,0.5
768,1.0,401,0.0
769,0.3895405669599218,1023,624.5
770,0.0,61,61.0
771,0.0,350,350.0
772,0.81438202247191,2225,413.0
773,0.0,30,30.0
774,0.4571197411003236,1854,1006.5
775,0.4556451612903226,1364,742.5
776,0.5263157894736843,95,45.0
777,0.4589359504132231,1936,1047.5
779,0.20326409495548958,674,537.0
780,1.0,17,0.0
781,0.4465558194774347,421,233.0
783,0.8982683982683983,231,23.5
784,0.0,38,38.0
785,0.8703703703703703,405,52.5
786,0.23516949152542377,236,180.5
787,0.5641791044776119,670,292.0
788,0.5427631578947368,152,69.5
789,0.5925925925925926,108,44.0
790,0.875,44,5.5
791,0.7444852941176471,1360,347.5
792,0.7692307692307692,13,3.0
793,0.9352226720647774,247,16.0
794,0.0,201,201.0
796,0.0,367,367.0
797,0.7916666666666666,48,10.0
798,0.6265822784810127,158,59.0
799,0.8224043715846995,183,32.5
800,0.319672131147541,122,83.0
801,0.6010215664018161,881,351.5
803,0.0,47,47.0
804,0.9781553398058253,206,4.5
807,0.26521739130434785,345,253.5
808,0.9946808510638298,94,0.5
809,0.9928571428571429,70,0.5
810,1.0,51,0.0
811,1.0,16,0.0
813,0.8761609907120743,323,40.0
814,0.96,50,2.0
815,0.8107287449392713,494,93.5
816,0.7058605341246291,1348,396.5
817,0.8370786516853932,89,14.5
819,0.9901960784313726,102,1.0
820,0.23781902552204182,431,328.5
821,0.9912280701754386,57,0.5
822,0.3417721518987342,395,260.0
824,0.31558441558441563,385,263.5
825,1.0,115,0.0
826,0.5536130536130537,858,383.0
827,0.4988662131519275,1323,663.0
828,0.3648208469055375,307,195.0
829,1.0,105,0.0
830,0.9936708860759493,158,1.0
831,0.7142857142857143,63,18.0
832,1.0,146,0.0
833,0.0,13,13.0
834,0.9323529411764706,170,11.5
835,1.0,117,0.0
836,0.0,143,143.0
837,0.7913907284768211,151,31.5
838,0.28658536585365857,410,292.5
839,1.0,55,0.0
840,0.41000000000000003,250,147.5
841,0.31405895691609975,441,302.5
842,0.5218281036834924,1466,701.0
843,0.9720930232558139,215,6.0
844,0.6186229040313949,2803,1069.0
845,0.9966887417218543,151,0.5
846,1.0,187,0.0
847,0.8119047619047619,210,39.5
848,0.2981927710843374,498,349.5
849,0.7987551867219918,241,48.5
850,0.9033613445378151,119,11.5
851,0.621484375,1280,484.5
852,1.0,119,0.0
853,0.35929203539823007,565,362.0
854,0.9,5,0.5
855,0.6883910386965377,1473,459.0
856,0.9723756906077348,181,5.0
857,1.0,25,0.0
858,0.759933774834437,302,72.5
859,0.5571428571428572,70,31.0
861,0.0,66,66.0
862,0.41647597254004576,1311,765.0
863,0.8846153846153846,13,1.5
864,1.0,47,0.0
865,0.0,37,37.0
866,0.8973799126637555,229,23.5
867,0.22818791946308725,298,230.0
868,0.9056291390728477,302,28.5
869,1.0,45,0.0
871,0.9081632653061225,49,4.5
872,0.6626016260162602,246,83.0
873,0.9959349593495935,123,0.5
874,0.42307692307692313,1469,847.5
875,0.0,41,41.0
876,0.3926089703095389,1583,961.5
877,0.9426229508196722,183,10.5
878,0.7972027972027972,429,87.0
879,0.5415647921760391,818,375.0
880,0.4568403908794788,1842,1000.5
881,0.626984126984127,63,23.5
882,0.5562579013906448,791,351.0
883,0.9369469026548672,452,28.5
884,0.4249291784702549,353,203.0
885,0.34594594594594597,555,363.0
887,1.0,26,0.0
888,1.0,103,0.0
889,1.0,46,0.0
890,0.9295774647887324,142,10.0
892,0.0,56,56.0
893,0.9993297587131368,746,0.5
894,0.9731182795698925,93,2.5
895,1.0,17,0.0
897,1.0,55,0.0
898,0.9285714285714286,7,0.5
899,0.9655172413793104,174,6.0
900,0.7793296089385475,179,39.5
902,0.0,105,105.0
903,0.0,93,93.0
904,1.0,17,0.0
905,0.5596816976127321,754,332.0
906,0.524390243902439,41,19.5
907,0.21183800623052962,321,253.0
908,0.9226804123711341,194,15.0
909,0.5512820512820513,39,17.5
910,0.5952380952380952,21,8.5
911,0.9936708860759493,79,0.5
912,1.0,1,0.0
913,0.5845070422535211,71,29.5
914,0.0,145,145.0
915,0.24173553719008267,242,183.5
916,0.6,60,24.0
918,0.0,421,421.0
919,0.0,113,113.0
920,0.4577543079488605,1799,975.5
921,0.0,116,116.0
923,1.0,238,0.0
924,0.0,210,210.0
925,0.0,13,13.0
926,1.0,1,0.0
927,0.7040358744394619,223,66.0
929,0.9921259842519685,127,1.0
930,0.84375,80,12.5
931,0.5576923076923077,104,46.0
932,0.5975609756097561,41,16.5
934,0.52,300,144.0
935,0.5638801261829653,634,276.5
936,0.8787015945330297,878,106.5
937,0.43200231481481477,1728,981.5
938,1.0,182,0.0
939,0.6095163193079041,2543,993.0
940,0.0,117,117.0
941,0.0,196,196.0
942,0.7771739130434783,276,61.5
943,0.0,114,114.0
944,0.0941558441558441,154,139.5
945,0.5766806722689075,476,201.5
946,1.0,145,0.0
948,0.9936708860759493,158,1.0
949,0.9906832298136646,161,1.5
950,0.5562579013906448,791,351.0
951,0.8466557911908645,613,94.0
952,0.99706457925636,511,1.5
954,0.9903846153846154,156,1.5
955,0.5158730158730158,252,122.0
956,0.7210682492581602,337,94.0
957,0.0,116,116.0
959,0.4367968232958306,1511,851.0
960,0.0,39,39.0
961,1.0,60,0.0
962,0.8669354838709677,124,16.5
963,0.0,60,60.0
964,1.0,1,0.0
965,0.75,194,48.5
966,0.9960629921259843,127,0.5
967,0.7075471698113207,53,15.5
968,0.0,10,10.0
969,0.32551594746716694,533,359.5
970,0.6870748299319728,147,46.0
971,0.5457516339869282,153,69.5
972,0.8717357910906298,651,83.5
975,0.9895833333333334,48,0.5
976,0.5309734513274336,113,53.0
977,0.6157323688969258,553,212.5
978,0.0,182,182.0
979,0.8715384615384616,650,83.5
980,0.0,131,131.0
981,0.882183908045977,174,20.5
982,0.0,26,26.0
983,0.9952830188679245,106,0.5
984,0.29503916449086165,383,270.0
986,0.5593220338983051,59,26.0
988,1.0,21,0.0
989,0.8819875776397516,161,19.0
990,0.6642512077294687,207,69.5
991,0.5049723756906077,905,448.0
992,0.0,176,176.0
993,1.0,52,0.0
994,0.0,91,91.0
995,0.5021739130434782,230,114.5
996,0.75,38,9.5
998,0.4086826347305389,1336,790.0
1000,1.0,173,0.0
1001,0.5,81,40.5
1002,0.7963320463320464,518,105.5
1004,1.0,35,0.0
1005,0.8898071625344353,363,40.0
1006,0.0,214,214.0
1007,0.869718309859155,142,18.5
1008,0.0,1,1.0
1009,0.45475241889584517,1757,958.0
1010,0.9836956521739131,92,1.5
1011,0.8333333333333334,24,4.0
1012,0.0,67,67.0
1013,1.0,13,0.0
1014,0.0,255,255.0
1016,0.32935779816513766,545,365.5
1017,0.4131121642969984,633,371.5
1018,1.0,131,0.0
1019,0.8700305810397554,654,85.0
1020,0.7939110070257611,427,88.0
1021,0.08759124087591241,274,250.0
1022,0.7816901408450705,142,31.0
1023,0.99,150,1.5
1024,0.48021108179419525,1137,591.0
1025,0.9897959183673469,294,3.0
1026,0.6979166666666667,240,72.5
1027,0.98,50,1.0
1028,0.842,250,39.5
1029,0.8356353591160222,362,59.5
1030,0.8146067415730337,178,33.0
1031,0.9970059880239521,167,0.5
1032,0.4588509316770186,1932,1045.5
1033,0.33062330623306235,369,247.0
1034,0.5,17,8.5
1035,1.0,31,0.0
1036,0.0,83,83.0
1037,0.9921259842519685,127,1.0
1038,0.0,180,180.0
1039,0.9748201438848921,139,3.5
1040,0.5167785234899329,149,72.0
1041,0.9921568627450981,510,4.0
1042,1.0,29,0.0
1043,0.9155555555555556,225,19.0
1044,0.0,26,26.0
1045,1.0,101,0.0
1046,0.25284090909090906,352,263.0
1047,0.9873417721518988,79,1.0
1048,0.37816764132553604,513,319.0
1049,0.3068493150684931,365,253.0
1050,0.598159509202454,163,65.5
1051,1.0,33,0.0
1052,1.0,18,0.0
1053,0.8740458015267176,131,16.5
1054,1.0,99,0.0
1056,0.5007396449704142,676,337.5
1057,0.0,57,57.0
1058,0.0,82,82.0
1059,0.6472081218274112,197,69.5
1060,0.0,196,196.0
1061,0.8636363636363636,143,19.5
1062,1.0,145,0.0
1064,0.0,88,88.0
1065,0.6127591136526089,2798,1083.5
1066,0.0,110,110.0
1067,1.0,96,0.0
1068,0.6220848056537103,2830,1069.5
1069,0.0,56,56.0
1071,1.0,38,0.0
1072,0.9897388059701493,536,5.5
1073,0.8863636363636364,132,15.0
1074,1.0,63,0.0
1075,0.5130718954248366,306,149.0
1077,0.0,4,4.0
1078,0.7703703703703704,270,62.0
1079,0.0,196,196.0
1080,0.0,47,47.0
1081,0.8777777777777778,45,5.5
1082,0.9088397790055248,181,16.5
1083,0.44361702127659575,1410,784.5
1084,0.7005208333333333,384,115.0
1085,0.9822485207100592,169,3.0
1086,0.7531645569620253,79,19.5
1087,0.0,339,339.0
1088,1.0,20,0.0
1089,0.9814814814814815,108,2.0
1090,0.9902654867256637,565,5.5
1091,0.9892578125,512,5.5
1092,0.9781553398058253,206,4.5
1093,0.6153846153846154,13,5.0
1095,0.0,20,20.0
1096,0.25464190981432355,377,281.0
1097,0.7744186046511627,215,48.5
1098,0.9966216216216216,148,0.5
1099,0.7208706786171575,781,218.0
1100,0.6071558963125228,2739,1076.0
1101,0.7771739130434783,276,61.5
1102,1.0,1,0.0
1103,1.0,1,0.0
1104,1.0,182,0.0
1106,1.0,110,0.0
1107,0.822192513368984,748,133.0
1108,0.5170984455958549,965,466.0
1109,0.4079254079254079,1287,762.0
1110,0.0,65,65.0
1111,0.7508305647840532,602,150.0
1112,0.3763440860215054,1395,870.0
1113,0.7589285714285714,56,13.5
1114,0.9947368421052631,95,0.5
1115,0.9583333333333334,24,1.0
1116,1.0,205,0.0
1117,0.8809523809523809,42,5.0
1118,1.0,148,0.0
1119,0.7210591133004927,1624,453.0
1120,0.6151603498542274,343,132.0
1121,0.6642512077294687,207,69.5
1122,0.2267326732673267,505,390.5
1123,0.9421965317919075,173,10.0
1124,0.7525773195876289,97,24.0
1125,0.0,194,194.0
1126,0.0,62,62.0
1127,0.525,100,47.5
1128,0.7275280898876404,178,48.5
1129,1.0,106,0.0
1130,0.5532786885245902,122,54.5
1131,0.0,60,60.0
1132,0.5172786177105831,463,223.5
1133,0.6695627802690582,1784,589.5
1134,1.0,260,0.0
1135,0.6842857142857143,350,110.5
1136,0.8577319587628867,485,69.0
1137,1.0,150,0.0
1138,0.5,13,6.5
1139,0.5,1,0.5
1140,0.8753943217665615,317,39.5
1141,0.890625,64,7.0
1142,0.5,29,14.5
1144,0.8365384615384616,52,8.5
1145,0.6019096584649284,2723,1084.0
1146,0.8258426966292135,534,93.0
1147,0.6290322580645161,62,23.0
1148,0.5010351966873706,483,241.0
1150,1.0,64,0.0
1151,0.7386363636363636,132,34.5
1152,0.7841584158415842,505,109.0
1153,0.6360730593607307,1095,398.5
1154,0.7562814070351759,199,48.5
1155,0.39111747851002865,1396,850.0
1157,0.8826979472140762,341,40.0
1158,0.53125,16,7.5
1159,1.0,190,0.0
1161,0.8651315789473684,152,20.5
1162,1.0,141,0.0
1164,0.6814016172506738,1855,591.0
1165,0.0,115,115.0
1167,0.0,542,542.0
1168,0.9621212121212122,66,2.5
1169,0.5062111801242236,161,79.5
1170,0.5021810250817884,917,456.5
1171,0.9941176470588236,85,0.5
1172,0.6909547738693467,199,61.5
1173,0.6743566992014197,1127,367.0
1174,0.0,138,138.0
1175,0.9959677419354839,124,0.5
1176,1.0,1,0.0
1177,0.0,163,163.0
1179,1.0,15,0.0
1180,0.0,11,11.0
1182,0.8108974358974359,156,29.5
1183,1.0,76,0.0
1184,0.7189349112426036,338,95.0
1185,0.5445544554455446,101,46.0
1186,0.4297639608520437,1737,990.5
1187,0.0,22,22.0
1188,0.9947368421052631,95,0.5
1189,0.9840425531914894,94,1.5
1190,0.9949494949494949,99,0.5
1191,0.9898523985239852,542,5.5
1192,0.0,37,37.0
1193,1.0,10,0.0
1194,0.7976744186046512,430,87.0
1196,0.0,229,229.0
1197,0.7466216216216216,148,37.5
1198,0.9823529411764705,85,1.5
1199,0.6979166666666667,240,72.5
1200,0.6908945686900958,1878,580.5
1201,1.0,55,0.0
1203,1.0,148,0.0
1205,0.59375,176,71.5
1206,0.9210526315789473,209,16.5
1207,0.6578947368421053,57,19.5
1208,0.7962962962962963,54,11.0
1209,0.138728323699422,173,149.0
1210,0.33507853403141363,573,381.0
1211,0.9920634920634921,63,0.5
1212,0.9193548387096774,93,7.5
1213,0.0,45,45.0
1214,0.0,550,550.0
1215,0.6102189781021898,1370,534.0
1216,0.8571428571428572,7,1.0
1218,0.9646464646464646,99,3.5
1219,0.0,67,67.0
1220,0.7327586206896552,58,15.5
1221,0.0,65,65.0
1222,0.7225433526011561,173,48.0
1223,0.8179012345679012,162,29.5
1224,0.0,17,17.0
1225,0.0,537,537.0
1226,0.7892857142857143,140,29.5
1227,0.0,110,110.0
1228,0.6477272727272727,528,186.0
1229,0.0,126,126.0
1230,0.457235072619688,1859,1009.0
1232,0.5128205128205128,195,95.0
1234,0.6878172588832487,197,61.5
1235,0.6061452513966481,358,141.0
1236,0.34667571234735417,737,481.5
1237,0.780045351473923,882,194.0
1238,0.5666666666666667,615,266.5
1239,0.9660087719298246,456,15.5
1240,0.8148148148148149,216,40.0
1242,1.0,118,0.0
1243,0.8566433566433567,143,20.5
1244,0.8304020100502513,398,67.5
1245,0.33507853403141363,573,381.0
1246,0.8319838056680162,494,83.0
1247,0.39351125065410775,1911,1159.0
1248,1.0,110,0.0
1249,1.0,5,0.0
1251,0.8852040816326531,196,22.5
1252,0.8741721854304636,151,19.0
1253,0.5786314525810324,833,351.0
1254,0.8324937027707808,794,133.0
1255,1.0,149,0.0
1256,0.8642857142857143,140,19.0
1257,1.0,22,0.0
1258,0.7185612300933553,1821,512.5
1259,0.96875,32,1.0
1260,0.36254980079681276,1506,960.0
1261,0.0,50,50.0
1263,1.0,46,0.0
1264,0.0,141,141.0
1265,0.9615384615384616,117,4.5
1266,0.9933333333333333,150,1.0
1267,0.0,354,354.0
1268,0.23789473684210527,475,362.0
1269,0.8387553041018387,707,114.0
1270,0.6153846153846154,13,5.0
1271,0.33684210526315794,570,378.0
1272,0.394853875476493,1574,952.5
1273,0.9382022471910112,178,11.0
1274,0.6450676982591876,1034,367.0
1275,0.5240963855421688,166,79.0
1276,0.5458333333333334,120,54.5
1277,0.8046989720998532,681,133.0
1278,0.2041728763040238,671,534.0
1279,0.465852442671984,2006,1071.5
1280,1.0,188,0.0
1281,0.6017410228509249,919,366.0
1282,0.9920634920634921,126,1.0
1283,0.0,15,15.0
1284,0.9990512333965844,527,0.5
1285,0.5,1,0.5
1286,0.7995689655172413,232,46.5
1287,0.6394582723279649,1366,492.5
1288,0.5537240537240538,819,365.5
1289,0.0,21,21.0
1290,0.6981132075471699,53,16.0
1291,0.9948979591836735,98,0.5
1292,0.0,7,7.0
1293,0.6624087591240876,1096,370.0
1294,1.0,59,0.0
1296,0.6124821173104436,2796,1083.5
1297,0.6188186813186813,728,277.5
1298,1.0,13,0.0
1299,0.0,1,1.0
1300,0.9867256637168141,113,1.5
1301,0.5556962025316456,790,351.0
1302,0.0,205,205.0
1303,0.9023255813953488,215,21.0
1304,0.4013521819299324,1627,974.0
1305,0.9947368421052631,95,0.5
1306,0.604551920341394,703,278.0
1307,0.7585227272727273,176,42.5
1308,0.2354085603112841,514,393.0
1309,0.8957816377171216,403,42.0
1312,0.75,194,48.5
1313,0.9295774647887324,142,10.0
1314,1.0,39,0.0
1315,0.9960629921259843,127,0.5
1316,0.9926470588235294,136,1.0
1317,0.9950819672131147,305,1.5
1318,0.8615916955017301,289,40.0
1319,0.4247491638795987,299,172.0
1320,1.0,423,0.0
1321,0.52,25,12.0
1322,0.7141111789859499,1637,468.0
1323,0.0,390,390.0
1324,0.3607594936708861,395,252.5
1325,0.7771739130434783,276,61.5
1326,0.8369565217391304,46,7.5
1327,0.5059347181008902,1011,499.5
1328,0.9903169014084507,568,5.5
1329,0.0,330,330.0
1330,0.33866666666666667,375,248.0
1331,0.0,23,23.0
1332,0.0,25,25.0
1333,1.0,304,0.0
1335,0.4484769928710305,1543,851.0
1336,0.6985632183908046,1740,524.5
1338,1.0,72,0.0
1339,0.7389937106918238,159,41.5
1340,0.0,165,165.0
1341,0.9851851851851852,135,2.0
1342,0.34594594594594597,555,363.0
1343,0.624251497005988,334,125.5
1344,0.5994117647058823,850,340.5
1345,0.9612676056338029,142,5.5
1346,0.0,183,183.0
1347,0.4445107398568019,1676,931.0
1348,1.0,70,0.0
1349,0.7486910994764397,191,48.0
1350,0.41219158200290273,689,405.0
1351,0.9034334763948498,233,22.5
1352,0.3497536945812808,812,528.0
1353,0.5921985815602837,141,57.5
1354,0.6009457984721718,2749,1097.0
1355,0.0,32,32.0
1356,1.0,1,0.0
1357,0.7037444933920705,908,269.0
1358,0.7885714285714286,350,74.0
1359,0.8052631578947369,95,18.5
1360,0.9294354838709677,248,17.5
1361,0.4488961569910057,1223,674.0
1362,0.0,184,184.0
1363,0.604551920341394,703,278.0
1364,0.9928571428571429,70,0.5
1365,0.9791666666666666,72,1.5
1366,0.4461805555555556,1728,957.0
1367,0.0,84,84.0
1368,1.0,39,0.0
1369,0.8983050847457628,236,24.0
1370,1.0,104,0.0
1371,0.7147058823529412,170,48.5
1372,1.0,98,0.0
1373,0.0,129,129.0
1374,0.8571428571428572,7,1.0
1375,0.7083333333333333,12,3.5
1376,0.50418410041841,956,474.0
1377,0.7056962025316456,158,46.5
1378,0.2714808043875686,547,398.5
1379,0.0,70,70.0
1380,0.9151785714285714,112,9.5
1381,0.8519685039370078,635,94.0
1382,1.0,83,0.0
1383,0.9842105263157894,95,1.5
1384,0.7202380952380952,252,70.5
1385,1.0,174,0.0
1386,0.8114754098360656,122,23.0
1387,0.41260634184068057,1293,759.5
1388,0.6347517730496454,2679,978.5
1389,1.0,25,0.0
1390,0.0,60,60.0
1391,0.5097087378640777,103,50.5
1392,1.0,13,0.0
1393,0.0,42,42.0
1394,0.0,38,38.0
1395,0.6061482820976491,2765,1089.0
1396,0.9702380952380952,84,2.5
1397,0.6813509544787077,681,217.0
1398,0.5,123,61.5
1399,1.0,42,0.0
1400,0.35780885780885785,858,551.0
1401,0.5050904977375565,884,437.5
1402,0.5588235294117647,17,7.5
1403,0.8702290076335878,655,85.0
1404,0.25681818181818183,440,327.0
1405,1.0,1,0.0
1406,0.6118794326241135,2820,1094.5
1407,0.7575000000000001,200,48.5
1409,0.0,91,91.0
1410,0.6022889842632332,699,278.0
1411,0.0,149,149.0
1412,0.9096385542168675,664,60.0
1413,1.0,143,0.0
1414,0.867109634551495,301,40.0
1415,0.8518518518518519,270,40.0
1416,1.0,11,0.0
1417,0.9888888888888889,135,1.5
1418,0.0,151,151.0
1420,0.9848484848484849,66,1.0
1421,0.9929245283018868,212,1.5
1422,0.8224137931034483,290,51.5
1423,0.74375,240,61.5
1424,0.6621621621621622,37,12.5
1425,0.9827586206896551,87,1.5
1426,0.7154255319148937,188,53.5
1427,0.0,16,16.0
1428,0.9425403225806451,496,28.5
1429,0.685483870967742,310,97.5
1430,0.0,97,97.0
1431,0.9880597014925373,335,4.0
1432,1.0,2,0.0
1433,0.0,121,121.0
1434,0.0,201,201.0
1435,0.5302013422818792,894,420.0
1436,0.9822485207100592,169,3.0
1437,0.48253105590062106,1288,666.5
1438,0.0,21,21.0
1439,0.6593137254901961,204,69.5
1440,1.0,46,0.0
1441,0.869281045751634,153,20.0
1442,0.6631016042780749,187,63.0
1443,0.9836065573770492,122,2.0
1445,0.0,159,159.0
1446,1.0,55,0.0
1447,0.1785714285714286,70,57.5
1448,0.4221453287197232,289,167.0
1449,0.0,167,167.0
1450,0.7251275510204082,784,215.5
1451,0.7944915254237288,236,48.5
1452,0.5135135135135135,74,36.0
1453,0.7931034482758621,58,12.0
1454,0.5267857142857143,112,53.0
1455,1.0,20,0.0
1457,0.44025897586815776,1699,951.0
1458,0.0,106,106.0
1459,0.9764705882352941,85,2.0
1460,0.85,10,1.5
1461,0.6122233930453109,949,368.0
1462,1.0,53,0.0
1463,0.555753262158956,843,374.5
1464,0.0,144,144.0
1466,0.0,56,56.0
1467,0.8177083333333334,96,17.5
1468,0.5471014492753623,138,62.5
1469,0.9903169014084507,568,5.5
1470,0.0,62,62.0
1471,0.7183462532299741,774,218.0
1472,0.867109634551495,301,40.0
1473,1.0,209,0.0
1474,0.0,158,158.0
1475,0.0,75,75.0
1476,0.6176470588235294,697,266.5
1477,0.7771428571428571,175,39.0
1478,0.6429942418426104,521,186.0
1479,0.0,102,102.0
1481,0.6094361785434612,2554,997.5
1482,0.7366255144032922,729,192.0
1483,0.0,112,112.0
1484,0.0,181,181.0
1485,0.43187066974595845,1732,984.0
1486,0.825,280,49.0
1487,0.0,87,87.0
1488,0.0,11,11.0
1489,0.9797297297297297,74,1.5
1490,0.0,186,186.0
1491,0.9008333333333334,600,59.5
1492,0.9736842105263158,38,1.0
1493,0.16216216216216217,185,155.0
1494,0.5376506024096386,996,460.5
1495,0.5846153846153845,65,27.0
1496,1.0,61,0.0
1497,0.9615384615384616,104,4.0
1499,0.9846153846153847,130,2.0
1500,0.6231587561374796,1222,460.5
1501,0.47109207708779444,1401,741.0
1502,0.991304347826087,115,1.0
1503,0.5267857142857143,112,53.0
1504,1.0,1,0.0
1505,0.27507163323782235,349,253.0
1506,1.0,1,0.0
1509,0.0,78,78.0
1510,0.35994397759103647,714,457.0
1511,0.0,81,81.0
1512,0.5978260869565217,46,18.5
1513,0.3723916532905297,623,391.0
1514,0.7580645161290323,155,37.5
1515,0.5426829268292683,82,37.5
1516,0.8450704225352113,71,11.0
1517,0.0,113,113.0
1518,0.552042160737813,759,340.0
1519,0.270516717325228,329,240.0
1520,0.7841584158415842,505,109.0
1521,0.6313112283345893,2654,978.5
1522,0.0,150,150.0
1523,0.0,117,117.0
1524,0.8112244897959184,98,18.5
1525,0.3350923482849604,379,252.0
1526,0.0,114,114.0
1527,0.0,29,29.0
1528,0.8091787439613527,207,39.5
1529,0.904993909866017,821,78.0
1531,0.8819095477386935,199,23.5
1532,0.8108974358974359,156,29.5
1533,0.9671052631578947,76,2.5
1534,0.5165770609318996,1116,539.5
1535,0.9637681159420289,69,2.5
1536,1.0,16,0.0
1537,0.0,129,129.0
1539,0.8782383419689119,193,23.5
1540,1.0,474,0.0
1541,1.0,223,0.0
1542,1.0,1,0.0
1543,0.6764705882352942,17,5.5
1544,0.0,130,130.0
1545,0.9834983498349835,303,5.0
1546,1.0,8,0.0
1547,0.8571428571428572,7,1.0
1548,0.0,106,106.0
1549,0.0,88,88.0
1550,0.96875,16,0.5
1551,0.68955042527339,823,255.5
1552,1.0,2,0.0
1553,0.33684210526315794,570,378.0
1554,0.7916666666666666,48,10.0
1556,0.5900000000000001,100,41.0
1557,0.729903536977492,311,84.0
1559,0.0,64,64.0
1560,0.3472222222222222,360,235.0
1561,0.5576923076923077,104,46.0
1562,0.6088235294117648,170,66.5
1563,0.5096735187424426,827,405.5
1564,1.0,1,0.0
1565,1.0,39,0.0
1566,0.867109634551495,301,40.0
1567,0.8356643356643356,143,23.5
1568,0.5526315789473684,76,34.0
1569,0.5406427221172023,1058,486.0
1571,0.0,100,100.0
1573,0.0,17,17.0
1574,0.7934131736526946,167,34.5
1577,0.0,47,47.0
1578,0.8964088397790055,362,37.5
1579,0.8294392523364487,214,36.5
1580,0.96875,16,0.5
1581,0.7771428571428571,175,39.0
1582,0.3973080757726819,1003,604.5
1583,0.775,160,36.0
1585,0.0,68,68.0
1586,1.0,57,0.0
1587,0.0,65,65.0
1588,0.41185897435897434,624,367.0
1589,0.690619362597715,1663,514.5
1590,0.6300174520069808,573,212.0
1591,0.0,31,31.0
1592,0.5214216163583252,1027,491.5
1594,0.224390243902439,410,318.0
1595,0.0,107,107.0
1596,0.0,19,19.0
1597,0.7834507042253521,284,61.5
1598,1.0,139,0.0
1599,1.0,157,0.0
1600,0.6138167388167388,2772,1070.5
1601,1.0,27,0.0
1602,0.7005571030640669,359,107.5
1603,0.8010204081632653,98,19.5
1604,1.0,56,0.0
1605,0.5540712468193385,786,350.5
1606,0.0,197,197.0
1607,0.0,108,108.0
1608,0.6594594594594594,185,63.0
1609,0.3694581280788177,406,256.0
1610,0.9963503649635036,137,0.5
1611,1.0,77,0.0
1612,0.9816176470588235,136,2.5
1613,0.5888888888888889,180,74.0
1614,0.0,39,39.0
1615,1.0,70,0.0
1616,0.0,71,71.0
1617,0.7771739130434783,276,61.5
1618,0.8571428571428572,147,21.0
1619,0.0,57,57.0
1620,0.8118279569892473,93,17.5
1621,0.0,55,55.0
1622,0.6202978056426331,1276,484.5
1623,0.1918103448275862,464,375.0
1624,0.9629213483146067,445,16.5
1626,0.0,116,116.0
1627,0.546218487394958,119,54.0
1628,0.7615384615384615,195,46.5
1629,0.7650602409638554,83,19.5
1630,0.9900990099009901,101,1.0
1631,0.6322005801906341,2413,887.5
1632,0.0,37,37.0
1633,1.0,3,0.0
1634,0.8209459459459459,148,26.5
1635,0.9793103448275862,145,3.0
1636,0.795774647887324,142,29.0
1637,0.7366255144032922,729,192.0
1639,1.0,96,0.0
1640,0.953125,128,6.0
1641,0.0,30,30.0
1642,1.0,118,0.0
1644,0.0,20,20.0
1646,0.5069513406156902,1007,496.5
1647,0.7891156462585034,294,62.0
1648,0.5112107623318385,223,109.0
1649,0.5619047619047619,105,46.0
1650,0.6009457984721718,2749,1097.0
1652,0.0,132,132.0
1653,0.989010989010989,91,1.0
1654,0.9888888888888889,135,1.5
1655,0.8007518796992481,532,106.0
1657,0.0,33,33.0
1658,0.0,199,199.0
1659,0.6334586466165413,798,292.5
1660,0.7083333333333333,12,3.5
1661,0.642512077294686,207,74.0
1662,0.5,1,0.5
1663,0.9855769230769231,104,1.5
1664,0.22982062780269064,446,343.5
1665,0.37927350427350426,468,290.5
1666,0.7526595744680851,188,46.5
1667,0.42926045016077174,311,177.5
1668,0.5823529411764705,170,71.0
1669,0.9920634920634921,630,5.0
1670,0.5915492957746479,142,58.0
1671,0.0,138,138.0
1672,0.8205128205128205,741,133.0
1673,0.0,77,77.0
1674,0.8181818181818181,88,16.0
1675,0.925531914893617,47,3.5
1676,0.0,8,8.0
1677,0.9477611940298507,67,3.5
1678,0.5571428571428572,70,31.0
1679,0.8831168831168831,231,27.0
1680,0.640405616224649,1282,461.0
1681,0.573076923076923,130,55.5
1682,0.6219211822660098,1218,460.5
1684,0.0,31,31.0
1685,0.6880530973451328,452,141.0
1686,0.0,65,65.0
1687,0.7834507042253521,284,61.5
1688,0.9099616858237548,261,23.5
1689,0.9757281553398058,103,2.5
1690,1.0,54,0.0
1691,0.9933333333333333,75,0.5
1692,0.5655172413793104,145,63.0
1693,0.0,27,27.0
1694,0.5256410256410257,117,55.5
1696,0.9788732394366197,71,1.5
1697,0.8261682242990654,535,93.0
1698,1.0,84,0.0
1699,1.0,1,0.0
1700,0.7936170212765957,235,48.5
1701,0.5352112676056338,71,33.0
1702,0.7361111111111112,108,28.5
1703,0.5021834061135371,916,456.0
1704,1.0,1,0.0
1705,1.0,44,0.0
1706,0.0,274,274.0
1707,0.5,39,19.5
1708,0.0,199,199.0
1709,0.7550505050505051,198,48.5
1710,0.9615384615384616,13,0.5
1711,0.5306122448979591,98,46.0
1712,1.0,13,0.0
1713,1.0,37,0.0
1714,0.0,40,40.0
1715,1.0,302,0.0
1716,0.0,14,14.0
1717,0.5526315789473684,760,340.0
1718,0.4172932330827067,266,155.0
1720,0.7964876033057852,484,98.5
1721,0.9917355371900827,121,1.0
1722,0.0,255,255.0
1724,1.0,53,0.0
1725,0.5833333333333333,36,15.0
1726,0.827922077922078,154,26.5
1727,0.5161290322580645,62,30.0
1728,0.3198198198198198,555,377.5
1729,0.2984749455337691,459,322.0
1730,0.9947916666666666,96,0.5
1731,0.9455445544554455,101,5.5
1732,0.8315789473684211,95,16.0
1733,0.0,41,41.0
1734,0.45808383233532934,1169,633.5
1735,0.8127962085308057,211,39.5
1736,1.0,173,0.0
1738,0.9890710382513661,183,2.0
1739,0.738562091503268,153,40.0
1740,0.5457516339869282,153,69.5
1741,0.0,87,87.0
1742,0.6009457984721718,2749,1097.0
1743,0.9645390070921985,141,5.0
1745,0.375249500998004,501,313.0
1746,0.6969453376205788,622,188.5
1747,0.0,185,185.0
1748,1.0,47,0.0
1749,0.4111731843575419,895,527.0
1750,0.0,79,79.0
1752,0.0,73,73.0
1754,0.510989010989011,91,44.5
1755,0.3938253012048193,664,402.5
1756,0.9965753424657534,146,0.5
1758,1.0,30,0.0
1759,0.9900990099009901,101,1.0
1760,0.22361809045226133,398,309.0
1761,0.0,71,71.0
1762,0.9166666666666666,6,0.5
1765,0.4504054897067997,1603,881.0
1766,0.9893617021276596,47,0.5
1767,0.9243697478991597,119,9.0
1768,1.0,38,0.0
1769,0.5239520958083832,167,79.5
1770,0.9964285714285714,140,0.5
1771,0.0,64,64.0
1772,0.6598360655737705,244,83.0
1773,0.0,35,35.0
1774,0.7487046632124352,193,48.5
1775,0.8207547169811321,53,9.5
1776,0.7901785714285714,112,23.5
1777,0.7793296089385475,179,39.5
1778,1.0,47,0.0
1779,1.0,27,0.0
1780,0.5,1,0.5
1781,0.3413379073756432,583,384.0
1782,1.0,251,0.0
1783,0.7553763440860215,186,45.5
1784,0.7441972920696325,1034,264.5
1785,0.0,517,517.0
1787,0.923728813559322,118,9.0
1788,0.6923076923076923,26,8.0
1789,0.9166666666666666,6,0.5
1790,0.7808219178082192,73,16.0
1791,1.0,87,0.0
1792,1.0,5,0.0
1793,0.0,120,120.0
1794,0.0,47,47.0
1795,1.0,40,0.0
1796,0.7631578947368421,266,63.0
1797,0.5949367088607596,79,32.0
1798,0.6127591136526089,2798,1083.5
1799,0.8108108108108107,37,7.0
1800,0.8464052287581699,153,23.5
1801,0.0,357,357.0
1802,0.0,3,3.0
1803,1.0,166,0.0
1804,0.9590909090909091,110,4.5
1805,0.33866666666666667,375,248.0
1806,0.8484848484848485,33,5.0
1807,0.0,143,143.0
1808,0.6249130132219902,2874,1078.0
1809,0.8464052287581699,153,23.5
1810,0.9166666666666666,36,3.0
1811,0.0,29,29.0
1812,0.6190476190476191,21,8.0
1813,0.0,81,81.0
1814,0.8950892857142857,224,23.5
1815,0.0,133,133.0
1816,0.0,173,173.0
1817,0.9578313253012049,83,3.5
1818,1.0,148,0.0
1820,0.9935064935064936,77,0.5
1821,1.0,66,0.0
1823,0.0,98,98.0
1824,0.675531914893617,94,30.5
1825,0.8009259259259259,108,21.5
1826,0.0,79,79.0
1827,0.0,67,67.0
1828,0.3894472361809045,398,243.0
1829,0.0,21,21.0
1830,0.9130434782608696,46,4.0
1831,0.9772727272727273,44,1.0
1832,0.6590909090909092,22,7.5
1833,1.0,72,0.0
1834,0.9767441860465116,86,2.0
1835,0.5,1,0.5
1836,0.0,10,10.0
1837,1.0,1,0.0
1839,0.0,346,346.0
1840,0.8181818181818181,11,2.0
1841,1.0,53,0.0
1842,0.9370860927152318,151,9.5
1843,0.3374340949033392,569,377.0
1844,0.5404624277456647,173,79.5
1845,0.4107142857142857,616,363.0
1846,1.0,234,0.0
1847,0.5466472303206997,1029,466.5
1848,0.7226512226512227,777,215.5
1849,0.5128205128205128,39,19.0
1850,0.54,150,69.0
1851,0.25971370143149286,489,362.0
1852,0.680952380952381,105,33.5
1853,1.0,75,0.0
1854,0.43513670738801624,1719,971.0
1855,0.0,176,176.0
1856,0.7795454545454545,220,48.5
1857,0.5702875399361023,626,269.0
1858,0.5269709543568465,241,114.0
1859,0.0,28,28.0
1860,0.9933333333333333,75,0.5
1861,0.0,164,164.0
1862,1.0,6,0.0
1863,0.6182795698924731,93,35.5
1864,0.6702127659574468,47,15.5
1865,0.8409090909090909,154,24.5
1866,0.9885057471264368,87,1.0
1867,0.8367346938775511,196,32.0
1868,0.5158730158730158,252,122.0
1869,0.9881656804733728,169,2.0
1870,0.518348623853211,109,52.5
1871,0.6450381679389313,262,93.0
1872,0.7384105960264901,151,39.5
1873,0.8165322580645161,248,45.5
1874,0.9945652173913043,92,0.5
1875,0.26340326340326337,429,316.0
1876,0.552,125,56.0
1877,1.0,1,0.0
1881,0.0,63,63.0
1883,0.9047619047619048,42,4.0
1884,0.6852678571428572,448,141.0
1885,0.96875,32,1.0
1886,0.5093457943925234,107,52.5
1887,0.0,109,109.0
1888,0.7340720221606648,722,192.0
1889,0.9888888888888889,135,1.5
1890,0.7373417721518987,158,41.5
1891,0.96,50,2.0
1892,0.0,46,46.0
1893,1.0,126,0.0
1894,0.9534883720930233,43,2.0
1895,0.9243697478991597,119,9.0
1896,0.7837837837837838,148,32.0
1897,1.0,438,0.0
1898,1.0,230,0.0
1899,0.5698924731182795,93,40.0
1900,0.9089529590288316,659,60.0
1901,0.8106796116504854,103,19.5
1902,0.5,1,0.5
1903,0.9819277108433735,498,9.0
1904,0.78,125,27.5
1905,0.8232984293193717,382,67.5
1906,1.0,201,0.0
1907,0.0,11,11.0
1908,0.6127591136526089,2798,1083.5
1909,0.9433962264150944,106,6.0
1910,0.9615384615384616,13,0.5
1911,1.0,16,0.0
1913,0.0,46,46.0
1914,1.0,205,0.0
1915,0.7046511627906977,215,63.5
1916,0.0,323,323.0
1917,0.36106346483704976,583,372.5
1918,1.0,1,0.0
1919,0.0,151,151.0
1921,0.5628930817610063,159,69.5
1922,0.16901408450704225,568,472.0
1923,0.7,30,9.0
1925,0.0,158,158.0
1926,0.0,73,73.0
1927,0.3389175257731959,388,256.5
1928,0.7466216216216216,148,37.5
1929,0.0,84,84.0
1930,1.0,47,0.0
1931,1.0,54,0.0
1932,0.7807017543859649,114,25.0
1933,0.518348623853211,109,52.5
1934,0.0,23,23.0
1935,0.9665991902834008,494,16.5
1936,0.0,113,113.0
1937,0.0,19,19.0
1938,0.9099616858237548,261,23.5
1939,1.0,1,0.0
1940,0.0,88,88.0
1941,0.5427631578947368,152,69.5
1942,1.0,63,0.0
1943,0.71875,224,63.0
1945,0.0,87,87.0
1946,1.0,86,0.0
1947,0.9902912621359223,206,2.0
1948,0.8333333333333334,6,1.0
1949,0.8731003039513678,658,83.5
1950,0.8106796116504854,206,39.0
1951,0.891170431211499,487,53.0
1952,1.0,169,0.0
1953,0.9984639016897081,651,1.0
1954,0.8571428571428572,595,85.0
1955,0.9615384615384616,13,0.5
1956,0.0,35,35.0
1957,0.6487341772151899,158,55.5
1958,0.5777777777777777,495,209.0
1959,1.0,7,0.0
1961,0.9423076923076923,52,3.0
1962,1.0,10,0.0
1963,0.9886363636363636,88,1.0
1964,0.9838709677419355,93,1.5
1965,0.8787878787878788,33,4.0
1966,0.0,193,193.0
1967,1.0,343,0.0
1968,0.9568965517241379,58,2.5
1969,0.32618025751072965,466,314.0
1970,0.7450980392156863,204,52.0
1971,0.8762886597938144,97,12.0
1972,1.0,1,0.0
1973,0.9908256880733946,436,4.0
1974,0.0,55,55.0
1975,0.9848484848484849,99,1.5
1976,0.8571428571428572,7,1.0
1977,0.0,91,91.0
1978,0.8862275449101796,501,57.0
1979,0.9820846905537459,307,5.5
1980,0.5444038929440389,822,374.5
1981,0.8333333333333334,24,4.0
1982,0.6909547738693467,199,61.5
1983,0.9344827586206896,145,9.5
1984,0.9920634920634921,126,1.0
1985,0.0,277,277.0
1986,1.0,16,0.0
1987,0.8700787401574803,127,16.5
1988,0.5108695652173914,92,45.0
1989,0.5485436893203883,103,46.5
1990,0.632031905961377,2382,876.5
1991,0.5743243243243243,148,63.0
1992,0.7426470588235294,68,17.5
1993,0.9648648648648649,185,6.5
1994,0.5732984293193717,191,81.5
1995,0.0,39,39.0
1996,0.752906976744186,172,42.5
1997,0.25881410256410253,624,462.5
1998,0.6963434022257552,629,191.0
1999,0.0,18,18.0
2000,0.9081632653061225,98,9.0
2001,0.0,363,363.0
2002,1.0,5,0.0
2003,0.0,8,8.0
2004,0.3664302600472813,423,268.0
2005,0.0,53,53.0
2006,0.0,64,64.0
2007,0.0,417,417.0
2009,1.0,171,0.0
2010,0.8300970873786407,309,52.5
2011,0.3938492063492064,504,305.5
2012,0.6397652237710931,1363,491.0
2013,0.0,98,98.0
2014,0.4206500956022945,523,303.0
2015,0.0,40,40.0
2016,0.5258620689655172,116,55.0
2017,0.5625,56,24.5
2018,0.9693654266958425,457,14.0
2019,0.0,169,169.0
2020,0.37384898710865566,543,340.0
2021,0.648936170212766,47,16.5
2022,0.9888888888888889,90,1.0
2023,0.7180451127819549,133,37.5
2024,0.9336973478939158,641,42.5
2025,0.5167785234899329,149,72.0
2026,0.855098389982111,559,81.0
2027,0.9173913043478261,115,9.5
2028,0.0,187,187.0
2029,0.0,139,139.0
2030,0.8738461538461538,650,82.0
2032,0.3580402010050251,398,255.5
2033,0.37166324435318276,487,306.0
2034,0.7569444444444444,72,17.5
2035,1.0,72,0.0
2036,0.3432122370936902,523,343.5
2037,0.8566433566433567,143,20.5
2038,0.7857142857142857,245,52.5
2039,0.5476190476190477,21,9.5
2040,0.0,126,126.0
2041,0.0,61,61.0
2042,0.30842607313195547,629,435.0
2043,0.8831967213114754,244,28.5
2044,0.7857142857142857,42,9.0
2045,0.5625,56,24.5
2046,0.7552083333333334,96,23.5
2047,0.0,105,105.0
2048,1.0,74,0.0
2049,0.8918367346938776,245,26.5
2051,0.0,63,63.0
2052,0.6720554272517321,433,142.0
2053,0.9977477477477478,444,1.0
2055,0.3589743589743589,312,200.0
2056,0.9962121212121212,132,0.5
2057,0.935483870967742,93,6.0
2058,0.0,43,43.0
2059,1.0,88,0.0
2060,0.0,20,20.0
2061,0.9085365853658537,656,60.0
2062,0.5471698113207547,53,24.0
2063,0.0,48,48.0
2064,0.2726063829787234,376,273.5
2065,0.7380952380952381,126,33.0
2066,0.621135873472322,2782,1054.0
2067,0.5196078431372548,153,73.5
2068,0.35359116022099446,543,351.0
2070,1.0,32,0.0
2071,1.0,74,0.0
2072,0.5812314540059347,2696,1129.0
2073,0.8055555555555556,144,28.0
2074,0.9099616858237548,261,23.5
2075,0.0,85,85.0
2076,0.8424657534246576,73,11.5
2077,0.0,176,176.0
2078,0.5164506480558325,1003,485.0
2079,0.5318181818181817,110,51.5
2080,1.0,20,0.0
2081,0.9239130434782609,46,3.5
2082,0.5660660660660661,666,289.0
2083,0.0,4,4.0
2084,0.0,5,5.0
2085,0.0,41,41.0
2086,0.55,70,31.5
2087,0.44909502262443435,442,243.5
2088,0.8166666666666667,90,16.5
2089,0.392391870766024,1919,1166.0
2090,0.9615384615384616,117,4.5
2091,0.8142857142857143,385,71.5
2092,0.5196629213483146,356,171.0
2093,1.0,1,0.0
2094,0.0,63,63.0
2095,0.0,144,144.0
2096,1.0,1,0.0
2097,0.0,190,190.0
2098,1.0,137,0.0
2099,0.8955613577023499,383,40.0
2100,1.0,30,0.0
2101,0.7552083333333334,96,23.5
2102,0.8942731277533039,227,24.0
2103,0.0,122,122.0
2106,0.8047619047619048,420,82.0
2108,0.532258064516129,124,58.0
2109,1.0,38,0.0
2110,0.6690476190476191,210,69.5
2111,0.8374233128834356,489,79.5
2112,0.9963503649635036,137,0.5
2113,1.0,60,0.0
2114,0.8472222222222222,504,77.0
2115,0.0,37,37.0
2116,0.0,71,71.0
2117,0.7100149476831091,669,194.0
2118,0.0,82,82.0
2119,0.0,148,148.0
2120,0.0,101,101.0
2121,0.9173669467787114,357,29.5
2122,0.0,183,183.0
2123,0.5217391304347826,115,55.0
2124,0.84375,160,25.0
2125,0.0,113,113.0
2126,1.0,83,0.0
2128,0.8828125,128,15.0
2129,0.36319612590799033,413,263.0
2130,0.8777777777777778,135,16.5
2131,1.0,127,0.0
2132,0.8072916666666666,192,37.0
2133,1.0,93,0.0
2134,0.9981132075471698,530,1.0
2135,0.38716814159292035,1356,831.0
2136,0.7623574144486692,263,62.5
2138,0.3154296875,512,350.5
2139,0.0,106,106.0
2140,1.0,34,0.0
2142,0.0,29,29.0
2143,1.0,24,0.0
2144,0.39417177914110424,1956,1185.0
2145,1.0,29,0.0
2149,0.5111111111111111,90,44.0
2150,0.7631578947368421,38,9.0
2151,1.0,47,0.0
2152,1.0,46,0.0
2153,0.6086956521739131,23,9.0
2154,0.7894736842105263,38,8.0
2155,0.8964088397790055,362,37.5
2156,0.7994652406417112,187,37.5
2157,1.0,794,0.0
2158,0.6126373626373627,182,70.5
2159,1.0,36,0.0
2161,0.0,91,91.0
2162,0.0,81,81.0
2163,0.37166324435318276,487,306.0
2164,0.0,118,118.0
2165,0.0,6,6.0
2166,0.4480651731160896,1473,813.0
2167,0.8397435897435898,78,12.5
2168,0.0,76,76.0
2169,0.0,62,62.0
2171,0.0,19,19.0
2172,0.9967320261437909,153,0.5
2173,1.0,9,0.0
2174,0.5267857142857143,112,53.0
2175,0.9724770642201834,109,3.0
2177,0.0,67,67.0
2180,0.7391304347826086,23,6.0
2181,0.5797280593325093,809,340.0
2182,0.0,21,21.0
2183,0.7898936170212766,188,39.5
2184,0.9716981132075472,53,1.5
2185,0.3023598820058997,339,236.5
2186,0.0,24,24.0
2187,0.9925373134328358,67,0.5
2188,0.32755474452554745,548,368.5
2189,0.0,124,124.0
2190,0.6621621621621622,37,12.5
2191,0.9879518072289156,83,1.0
2192,0.7487046632124352,193,48.5
2193,0.9953703703703703,108,0.5
2194,0.0,102,102.0
2196,1.0,27,0.0
2197,0.3910891089108911,505,307.5
2198,0.6333333333333333,15,5.5
2199,0.9411764705882353,17,1.0
2200,0.7475728155339806,206,52.0
2201,0.0,154,154.0
2202,1.0,143,0.0
2203,1.0,1,0.0
2204,0.8964497041420119,507,52.5
2205,1.0,57,0.0
2206,0.7099236641221374,131,38.0
2207,0.5759493670886076,711,301.5
2208,0.6244359597362027,2881,1082.0
2209,0.8261682242990654,535,93.0
2210,0.3453177257525084,598,391.5
2211,1.0,127,0.0
2212,0.4017295597484277,636,380.5
2213,0.34735973597359737,606,395.5
2214,0.984375,64,1.0
2215,1.0,4,0.0
2216,0.9901574803149606,508,5.0
2218,0.9953271028037384,107,0.5
2219,0.0,55,55.0
2220,1.0,62,0.0
2221,0.5390625,64,29.5
2222,0.8888888888888888,9,1.0
2223,0.8122489959839357,498,93.5
2224,0.9523809523809523,126,6.0
2225,0.0,98,98.0
2226,0.0,73,73.0
2227,0.6073446327683616,177,69.5
2228,1.0,4,0.0
2229,0.0,166,166.0
2232,1.0,41,0.0
2233,0.740909090909091,110,28.5
2235,0.9273504273504274,585,42.5
2236,0.6545138888888888,288,99.5
2237,0.8109243697478992,119,22.5
2238,0.9920634920634921,126,1.0
2239,0.5556962025316456,790,351.0
2240,0.29484902309058614,563,397.0
2241,0.9173913043478261,115,9.5
2242,1.0,15,0.0
2243,0.6285714285714286,105,39.0
2244,0.6797752808988764,89,28.5
2245,0.0,45,45.0
2246,0.3394683026584867,489,323.0
2247,0.6780487804878048,205,66.0
2248,0.5239130434782608,230,109.5
2249,0.6333333333333333,15,5.5
2251,1.0,32,0.0
2252,0.0,25,25.0
2253,0.9682539682539683,63,2.0
2254,0.993421052631579,608,4.0
2256,0.23298969072164943,485,372.0
2257,0.997979797979798,495,1.0
2258,0.9880952380952381,84,1.0
2259,1.0,60,0.0
2261,0.0,12,12.0
2262,0.9868421052631579,38,0.5
2263,0.8424242424242424,660,104.0
2264,0.6358695652173914,92,33.5
2265,0.6548507462686567,536,185.0
2266,0.5763569457221711,1087,460.5
2267,0.7325268817204301,744,199.0
2268,0.0,106,106.0
2269,0.5821428571428571,840,351.0
2270,0.0,17,17.0
2271,0.9970238095238095,168,0.5
2272,0.0,285,285.0
2274,0.9935064935064936,77,0.5
2275,1.0,54,0.0
2276,0.7364532019704433,203,53.5
2277,0.6666666666666667,156,52.0
2278,0.0,18,18.0
2279,0.3144171779141104,326,223.5
2280,0.9807692307692307,26,0.5
2281,0.8174603174603174,126,23.0
2282,0.8577319587628867,485,69.0
2283,0.7155172413793103,116,33.0
2284,0.7936170212765957,235,48.5
2285,0.6770833333333333,48,15.5
2286,0.0,105,105.0
2287,0.6388888888888888,72,26.0
2288,0.8469721767594108,611,93.5
2289,0.5170454545454546,880,425.0
2290,0.8271812080536913,298,51.5
2291,0.9736842105263158,19,0.5
2292,0.0,377,377.0
2293,0.0,232,232.0
2294,0.0,88,88.0
2296,0.9840425531914894,94,1.5
2297,0.9565217391304348,92,4.0
2298,0.0,204,204.0
2299,0.4654442877291961,1418,758.0
2300,1.0,97,0.0
2301,0.6869158878504673,107,33.5
2303,0.0,180,180.0
2304,1.0,214,0.0
2305,0.5,22,11.0
2306,0.25249999999999995,600,448.5
2307,0.2666666666666667,30,22.0
2308,0.9903846153846154,52,0.5
2309,0.9920634920634921,126,1.0
2310,0.6785714285714286,42,13.5
2311,0.5555555555555556,18,8.0
2312,0.0,76,76.0
2313,0.4100327153762269,1834,1082.0
2314,0.9888888888888889,45,0.5
2316,0.0,61,61.0
2317,0.0,69,69.0
2318,0.0,119,119.0
2319,0.706140350877193,114,33.5
2320,0.9968944099378882,161,0.5
2321,1.0,130,0.0
2322,0.9560439560439561,91,4.0
2323,1.0,13,0.0
2324,0.9880952380952381,84,1.0
2325,0.7946428571428572,168,34.5
2326,0.6923076923076923,52,16.0
2328,0.0,384,384.0
2329,0.24653739612188363,361,272.0
2330,0.47299592391304346,2944,1551.5
2331,1.0,61,0.0
2332,0.0,74,74.0
2333,0.0,1,1.0
2334,0.9840425531914894,94,1.5
2336,0.5855263157894737,152,63.0
2337,0.0,155,155.0
2339,1.0,91,0.0
2340,1.0,20,0.0
2341,0.9797979797979798,99,2.0
2342,0.9518072289156626,83,4.0
2343,1.0,117,0.0
2344,0.0,63,63.0
2346,0.0,37,37.0
2347,1.0,18,0.0
2348,0.5,34,17.0
2349,0.989247311827957,93,1.0
2350,0.41515474919957307,937,548.0
2351,0.3510971786833855,319,207.0
2352,0.0,166,166.0
2353,0.5957446808510638,47,19.0
2354,1.0,134,0.0
2355,0.9480874316939891,183,9.5
2356,1.0,23,0.0
2357,0.5833333333333333,6,2.5
2358,0.9791666666666666,72,1.5
2359,0.5007396449704142,676,337.5
2361,0.7967557251908397,524,106.5
2362,0.0,35,35.0
2363,0.0,105,105.0
2364,0.0,128,128.0
2365,0.6029411764705883,68,27.0
2366,1.0,19,0.0
2367,0.6764705882352942,17,5.5
2368,0.5128205128205128,78,38.0
2369,0.0,22,22.0
2370,0.0,183,183.0
2371,0.7409948542024014,583,151.0
2372,0.9964028776978417,139,0.5
2373,0.9090909090909091,88,8.0
2374,0.0,88,88.0
2376,0.0,93,93.0
2377,0.9797979797979798,99,2.0
2378,0.4980026631158455,1502,754.0
2379,0.0,86,86.0
2380,0.0,400,400.0
2381,1.0,88,0.0
2382,0.0,29,29.0
2383,0.9372937293729373,303,19.0
2384,0.3913043478260869,506,308.0
2385,0.5625,16,7.0
2386,1.0,102,0.0
2387,0.0,77,77.0
2388,0.7704918032786885,305,70.0
2389,0.0,79,79.0
2390,0.9,10,1.0
2391,0.0,132,132.0
2392,0.9177215189873418,79,6.5
2393,0.7857142857142857,7,1.5
2394,0.9962049335863378,527,2.0
2395,0.6276595744680851,47,17.5
2396,0.926605504587156,545,40.0
2397,0.8102766798418972,253,48.0
2398,0.0,4,4.0
2399,0.9962406015037594,133,0.5
2400,0.33169291338582674,508,339.5
2401,0.4983366600133067,1503,754.0
2402,0.3453177257525084,598,391.5
2404,1.0,85,0.0
2406,0.8080110497237569,362,69.5
2407,1.0,56,0.0
2408,0.4098883572567783,627,370.0
2409,0.9468085106382979,47,2.5
2410,0.0,34,34.0
2411,0.0,55,55.0
2412,0.0,37,37.0
2413,0.0,54,54.0
2414,0.40174672489082974,229,137.0
2416,0.0,131,131.0
2417,0.9166666666666666,78,6.5
2418,0.6428571428571428,28,10.0
2419,0.5661764705882353,68,29.5
2420,1.0,1,0.0
2421,1.0,1,0.0
2422,1.0,97,0.0
2423,0.7037037037037037,27,8.0
2424,0.0,53,53.0
2425,1.0,69,0.0
2426,0.41182913472070104,1826,1074.0
2427,0.0,180,180.0
2428,0.0,64,64.0
2430,0.6878172588832487,197,61.5
2431,1.0,12,0.0
2432,0.6896551724137931,29,9.0
2433,0.983679525222552,337,5.5
2434,0.0,166,166.0
2435,0.516728624535316,269,130.0
2437,0.52,25,12.0
2438,0.2977346278317152,309,217.0
2439,0.9100467289719626,428,38.5
2440,0.4338747099767981,1724,976.0
2441,0.6295254833040422,2845,1054.0
2442,1.0,78,0.0
2443,0.9855072463768116,69,1.0
2444,0.907258064516129,124,11.5
2445,0.9855769230769231,104,1.5
2446,0.8125,8,1.5
2447,0.0,280,280.0
2448,0.5260869565217392,115,54.5
2449,0.0,93,93.0
2450,1.0,23,0.0
2451,0.0,82,82.0
2453,0.8171641791044776,268,49.0
2454,0.9968152866242038,157,0.5
2455,1.0,101,0.0
2457,0.7807424593967518,431,94.5
2458,0.0,135,135.0
2459,1.0,57,0.0
2460,0.9863945578231292,147,2.0
2461,0.0,33,33.0
2462,0.3055555555555556,486,337.5
2463,0.0,72,72.0
2464,0.0,463,463.0
2465,1.0,75,0.0
2466,1.0,163,0.0
2467,0.7152173913043478,230,65.5
2469,0.0,103,103.0
2470,0.9875776397515528,161,2.0
2471,0.0,110,110.0
2472,0.7852112676056338,142,30.5
2473,0.9657534246575342,73,2.5
2474,0.37319884726224783,347,217.5
2475,0.65625,32,11.0
2476,0.740582191780822,584,151.5
2477,1.0,30,0.0
2478,0.5,1,0.5
2479,0.0,13,13.0
2480,0.9921875,128,1.0
2481,0.35860655737704916,1464,939.0
2482,1.0,20,0.0
2483,0.5309734513274336,113,53.0
2484,1.0,35,0.0
2485,0.9769230769230769,65,1.5
2488,1.0,156,0.0
2489,1.0,19,0.0
2490,0.7819548872180451,133,29.0
2492,0.9924242424242424,66,0.5
2493,0.42160278745644597,287,166.0
2495,0.6672694394213381,1659,552.0
2496,0.0,7,7.0
2497,0.7956521739130434,115,23.5
2498,0.9861878453038674,181,2.5
2499,0.0,534,534.0
2500,0.6825613079019073,367,116.5
2501,0.0,129,129.0
2502,0.5,8,4.0
2503,0.9903846153846154,104,1.0
2504,0.0,2,2.0
2506,0.9861111111111112,108,1.5
2507,1.0,75,0.0
2508,1.0,29,0.0
2509,0.9845360824742269,97,1.5
2510,0.8786764705882353,136,16.5
2511,1.0,9,0.0
2513,0.0,41,41.0
2514,0.16447368421052633,76,63.5
2515,0.9840425531914894,94,1.5
2516,0.5053475935828877,187,92.5
2517,0.5306122448979591,98,46.0
2518,0.0,81,81.0
2519,0.5883646541383447,2501,1029.5
2520,0.640625,64,23.0
2521,1.0,5,0.0
2522,0.5144927536231885,69,33.5
2523,0.5108499095840868,553,270.5
2524,1.0,30,0.0
2525,0.7797619047619048,84,18.5
2526,0.9978070175438597,228,0.5
2527,0.9772727272727273,22,0.5
2528,0.9933628318584071,226,1.5
2529,0.8125,8,1.5
2530,0.9767441860465116,86,2.0
2531,0.7777777777777778,108,24.0
2533,1.0,1,0.0
2534,0.9683544303797469,79,2.5
2535,0.0,134,134.0
2536,0.9375,24,1.5
2538,1.0,25,0.0
2539,0.963276836158192,177,6.5
2540,0.9968354430379747,158,0.5
2541,0.0,23,23.0
2542,1.0,281,0.0
2543,0.0,85,85.0
2544,0.875,8,1.0
2545,0.7338129496402878,139,37.0
2546,0.5128205128205128,39,19.0
2547,0.0,71,71.0
2548,0.9652777777777778,72,2.5
2549,0.6016949152542372,59,23.5
2550,0.0,70,70.0
2551,0.6311475409836065,61,22.5
2552,1.0,1,0.0
2554,0.6509433962264151,159,55.5
2555,0.8571428571428572,7,1.0
2556,0.8304498269896194,289,49.0
2557,0.11682242990654201,107,94.5
2558,0.9666666666666667,30,1.0
2559,0.0,9,9.0
2560,0.839622641509434,53,8.5
2561,0.48581681476418315,2926,1504.5
2562,0.4375,112,63.0
2563,1.0,74,0.0
2564,1.0,1,0.0
2565,0.6237623762376238,101,38.0
2566,0.4077777777777778,450,266.5
2567,0.0,95,95.0
2568,1.0,15,0.0
2569,0.5167785234899329,149,72.0
2570,0.0,146,146.0
2571,0.0,149,149.0
2572,0.7084569732937686,674,196.5
2573,1.0,62,0.0
2574,0.29152249134948094,578,409.5
2575,1.0,17,0.0
2576,0.8,85,17.0
2577,0.8085106382978724,47,9.0
2578,0.9615384615384616,26,1.0
2579,0.0,116,116.0
2580,0.9846938775510204,98,1.5
2582,0.8636363636363636,99,13.5
2583,0.83984375,256,41.0
2584,0.5315315315315315,111,52.0
2585,0.7213740458015268,131,36.5
2586,0.9918032786885246,61,0.5
2587,0.0,137,137.0
2588,1.0,81,0.0
2589,0.9421965317919075,173,10.0
2591,1.0,82,0.0
2592,0.4722222222222222,2862,1510.5
2593,0.855726872246696,454,65.5
2594,0.5683453237410072,139,60.0
2595,0.2909090909090909,660,468.0
2596,0.3350923482849604,379,252.0
2597,0.6290261462675255,2639,979.0
2598,0.0,159,159.0
2599,0.5165289256198347,121,58.5
2600,1.0,161,0.0
2601,0.4044700793078587,1387,826.0
2602,0.9088145896656535,658,60.0
2603,0.0,1,1.0
2604,0.9875,40,0.5
2605,0.9876847290640394,203,2.5
2606,0.0,319,319.0
2607,0.9829931972789115,147,2.5
2608,1.0,66,0.0
2609,0.9615384615384616,52,2.0
2610,1.0,25,0.0
2611,1.0,142,0.0
2612,1.0,70,0.0
2614,0.6190476190476191,63,24.0
2615,0.0,86,86.0
2616,0.9019607843137255,153,15.0
2617,0.5619047619047619,105,46.0
2618,0.9826388888888888,144,2.5
2619,1.0,62,0.0
2621,0.0,178,178.0
2622,0.6870748299319728,147,46.0
2623,1.0,45,0.0
2624,0.9943820224719101,89,0.5
2625,0.6927374301675977,179,55.0
2626,0.5,1,0.5
2627,0.6227544910179641,167,63.0
2628,0.2447595561035758,811,612.5
2629,1.0,169,0.0
2630,0.9846153846153847,130,2.0
2631,0.0,50,50.0
2632,0.0,60,60.0
2633,0.7750809061488673,309,69.5
2634,0.1095890410958904,219,195.0
2635,0.9226190476190477,84,6.5
2636,0.0,100,100.0
2637,0.44890510948905105,137,75.5
2638,0.5256410256410257,117,55.5
2639,1.0,30,0.0
2640,0.5555555555555556,9,4.0
2641,1.0,401,0.0
2642,0.0,114,114.0
2643,0.7663934426229508,122,28.5
2644,0.671830985915493,355,116.5
2645,0.9289940828402367,169,12.0
2646,0.0,90,90.0
2647,0.5816326530612245,98,41.0
2648,1.0,30,0.0
2649,0.0,542,542.0
2650,0.5,46,23.0
2651,0.9319727891156463,588,40.0
2654,0.8148148148148149,27,5.0
2655,0.69432918395574,723,221.0
2656,0.0,79,79.0
2657,0.0,41,41.0
2658,1.0,32,0.0
2659,0.9936708860759493,79,0.5
2660,0.9948979591836735,98,0.5
2662,0.8435114503816794,131,20.5
2663,0.5,55,27.5
2664,0.0,141,141.0
2665,0.0,10,10.0
2666,0.7123893805309734,678,195.0
2667,0.9976744186046511,215,0.5
2668,0.5306122448979591,98,46.0
2669,0.0,129,129.0
2670,0.8315972222222222,576,97.0
2671,0.0,217,217.0
2672,0.0,200,200.0
2673,0.5079365079365079,63,31.0
2675,0.6417910447761195,67,24.0
2676,0.91,100,9.0
2678,0.8333333333333334,3,0.5
2679,0.0,128,128.0
2680,0.0,161,161.0
2681,0.0,28,28.0
2682,0.7972027972027972,429,87.0
2684,0.8544303797468354,316,46.0
2685,0.0,140,140.0
2686,0.9836956521739131,92,1.5
2687,0.0,83,83.0
2688,0.9661190965092402,487,16.5
2689,0.75,66,16.5
2690,0.0,80,80.0
2692,1.0,101,0.0
2693,0.6417910447761195,67,24.0
2694,0.9903846153846154,156,1.5
2695,1.0,27,0.0
2696,0.9478260869565217,115,6.0
2697,1.0,118,0.0
2698,1.0,2,0.0
2699,0.9958333333333333,120,0.5
2700,0.0,75,75.0
2701,0.5309734513274336,113,53.0
2703,1.0,3,0.0
2704,1.0,283,0.0
2705,0.0,117,117.0
2707,0.6836734693877551,49,15.5
2708,0.632,125,46.0
2709,0.532967032967033,91,42.5
2710,0.6963470319634704,219,66.5
2712,0.0,7,7.0
2714,0.9881974248927039,466,5.5
2715,1.0,103,0.0
2716,0.5432692307692308,208,95.0
2717,0.9924242424242424,132,1.0
2718,1.0,29,0.0
2719,0.5140845070422535,213,103.5
2720,0.8076923076923077,52,10.0
2721,0.0,32,32.0
2722,1.0,46,0.0
2723,1.0,38,0.0
2724,0.8245033112582781,151,26.5
2726,0.4728854024556617,2932,1545.5
2727,0.5,2,1.0
2728,0.0,11,11.0
2729,0.0,80,80.0
2730,0.7255400254129606,787,216.0
2731,0.9926470588235294,68,0.5
2732,1.0,17,0.0
2733,0.0,152,152.0
2735,0.0,162,162.0
2737,0.8125,8,1.5
2738,0.0,73,73.0
2739,0.9937106918238994,159,1.0
2740,0.0,171,171.0
2741,1.0,524,0.0
2742,1.0,1,0.0
2743,0.261501210653753,826,610.0
2746,0.7880434782608696,184,39.0
2747,0.7083333333333333,12,3.5
2748,0.0,213,213.0
2749,1.0,111,0.0
2750,0.9946808510638298,94,0.5
2751,0.0,42,42.0
2752,0.20606060606060606,330,262.0
2753,0.9859154929577465,142,2.0
2754,0.6785714285714286,14,4.5
2755,1.0,95,0.0
2756,0.0,42,42.0
2757,0.0,107,107.0
2758,0.0,15,15.0
2759,0.9358974358974359,117,7.5
2760,0.0,214,214.0
2761,0.996268656716418,268,1.0
2762,0.0,97,97.0
2763,1.0,1,0.0
2764,1.0,3,0.0
2766,0.9984871406959153,661,1.0
2767,0.6135379061371842,2770,1070.5
2768,0.9901960784313726,51,0.5
2769,0.53125,112,52.5
2770,0.7933333333333333,225,46.5
2771,0.0,8,8.0
2772,0.625,64,24.0
2773,0.9731182795698925,93,2.5
2774,0.0,40,40.0
2775,0.0,5,5.0
2776,0.6081081081081081,74,29.0
2777,1.0,2,0.0
2778,1.0,115,0.0
2779,0.5256410256410257,117,55.5
2781,0.5625,16,7.0
2782,1.0,126,0.0
2783,0.5652173913043479,46,20.0
2784,0.0,28,28.0
2785,0.9903846153846154,104,1.0
2786,1.0,127,0.0
2787,1.0,28,0.0
2788,0.0,17,17.0
2789,0.8928571428571429,14,1.5
2790,0.5,88,44.0
2791,1.0,21,0.0
2792,0.9160958904109588,292,24.5
2793,0.7259887005649718,177,48.5
2794,0.8603351955307262,358,50.0
2795,0.0,87,87.0
2796,0.9888888888888889,135,1.5
2797,0.0,63,63.0
2798,0.5263157894736843,95,45.0
2799,0.9903846153846154,52,0.5
2800,0.675531914893617,94,30.5
2801,0.0,62,62.0
2802,0.5793650793650793,63,26.5
2803,0.6172945205479452,584,223.5
2804,0.902542372881356,118,11.5
2805,0.8036117381489842,443,87.0
2806,0.9230769230769231,195,15.0
2807,0.5863095238095238,168,69.5
2808,1.0,89,0.0
2809,0.8902439024390244,41,4.5
2810,0.9712230215827338,139,4.0
2811,0.0,23,23.0
2812,0.9469026548672567,113,6.0
2813,0.9968354430379747,158,0.5
2814,0.9791666666666666,24,0.5
2815,0.9840425531914894,94,1.5
2816,0.9694444444444444,540,16.5
2817,0.0,37,37.0
2818,0.09448818897637801,254,230.0
2819,0.3817204301075269,186,115.0
2820,0.972972972972973,74,2.0
2821,0.0,63,63.0
2823,0.6580645161290323,155,53.0
2824,0.2988235294117647,425,298.0
2825,0.9903846153846154,52,0.5
2826,0.5813953488372092,43,18.0
2827,0.17164179104477617,67,55.5
2828,1.0,137,0.0
2829,0.0,36,36.0
2831,1.0,71,0.0
2832,0.608407940833009,2569,1006.0
2833,0.0,159,159.0
2834,0.6944444444444444,54,16.5
2835,0.0,1,1.0
2836,1.0,236,0.0
2837,1.0,56,0.0
2838,1.0,6,0.0
2839,0.0,67,67.0
2840,0.0,14,14.0
2841,0.5634328358208955,804,351.0
2842,0.52,25,12.0
2843,0.6574074074074074,216,74.0
2844,0.9590909090909091,110,4.5
2845,0.6193415637860082,729,277.5
2846,0.8119047619047619,210,39.5
2847,0.6082317073170731,328,128.5
2848,0.9864864864864865,74,1.0
2849,0.0,114,114.0
2850,1.0,42,0.0
2851,0.0,362,362.0
2852,0.5223880597014925,134,64.0
2853,0.8682008368200836,717,94.5
2854,1.0,99,0.0
2855,0.8119047619047619,210,39.5
2856,0.7923076923076923,130,27.0
2857,0.0,58,58.0
2858,1.0,111,0.0
2859,0.0,1,1.0
2860,1.0,166,0.0
2861,1.0,122,0.0
2862,0.7375,160,42.0
2863,0.0,308,308.0
2865,0.9658119658119658,117,4.0
2867,0.0,40,40.0
2869,1.0,28,0.0
2870,0.84472049689441,161,25.0
2871,0.31060606060606055,330,227.5
2872,0.0,136,136.0
2873,0.0,143,143.0
2874,0.24173553719008267,242,183.5
2875,0.0,121,121.0
2877,0.7357954545454546,352,93.0
2878,1.0,12,0.0
2880,1.0,33,0.0
2882,0.9882226980728052,467,5.5
2883,0.53125,112,52.5
2884,0.9883720930232558,129,1.5
2885,0.28915662650602414,332,236.0
2886,0.0,21,21.0
2887,0.63,50,18.5
2888,1.0,233,0.0
2889,0.0,14,14.0
2890,1.0,55,0.0
2891,0.386411889596603,1413,867.0
2892,0.9532163742690059,171,8.0
2893,0.7885010266940452,487,103.0
2894,0.6993670886075949,158,47.5
2895,1.0,73,0.0
2896,0.75,16,4.0
2897,0.0,91,91.0
2898,0.96875,64,2.0
2899,0.7951923076923078,520,106.5
2900,0.24174528301886788,424,321.5
2901,0.6317733990147782,2436,897.0
2902,0.7840909090909091,88,19.0
2903,0.2696897374701671,419,306.0
2904,0.0,66,66.0
2905,1.0,1,0.0
2906,1.0,40,0.0
2907,1.0,35,0.0
2908,1.0,19,0.0
2909,0.7008196721311475,122,36.5
2910,1.0,9,0.0
2911,0.0,15,15.0
2912,0.9866666666666667,75,1.0
2913,0.9382022471910112,178,11.0
2914,0.8998330550918197,599,60.0
2917,0.7591463414634146,164,39.5
2918,0.515625,32,15.5
2919,0.7616580310880829,193,46.0
2920,0.9962962962962963,135,0.5
2921,0.9565217391304348,92,4.0
2922,0.875,4,0.5
2923,1.0,68,0.0
2924,0.48574373067674337,2911,1497.0
2925,1.0,18,0.0
2926,0.0,33,33.0
2927,0.3724559023066486,1474,925.0
2928,0.7530120481927711,83,20.5
2929,0.9888888888888889,90,1.0
2930,0.0,135,135.0
2931,0.0,75,75.0
2932,0.9968944099378882,161,0.5
2933,1.0,119,0.0
2934,0.6666666666666667,69,23.0
2935,0.0,72,72.0
2936,0.8888888888888888,9,1.0
2937,0.0,45,45.0
2938,0.0,160,160.0
2939,0.9453125,64,3.5
2940,0.9940652818991098,337,2.0
2941,1.0,5,0.0
2942,0.0,79,79.0
2943,0.6194029850746269,134,51.0
2944,1.0,1,0.0
2945,0.9810126582278481,79,1.5
2946,1.0,140,0.0
2947,0.537037037037037,54,25.0
2948,0.5736196319018405,163,69.5
2949,0.9178272980501393,359,29.5
2950,0.9605263157894737,152,6.0
2951,0.7744063324538258,379,85.5
2953,0.6470588235294117,51,18.0
2954,0.7908163265306123,294,61.5
2955,0.7203389830508475,118,33.0
2956,0.9880597014925373,335,4.0
2957,1.0,53,0.0
2958,0.0,119,119.0
2959,0.0,88,88.0
2961,1.0,84,0.0
2962,0.65625,48,16.5
2963,0.993421052631579,76,0.5
2965,0.0,48,48.0
2966,0.0,88,88.0
2967,0.7521367521367521,234,58.0
2968,0.9047619047619048,63,6.0
2969,0.8287401574803149,254,43.5
2971,1.0,68,0.0
2972,0.0,63,63.0
2973,0.0,25,25.0
2974,0.3330078125,512,341.5
2975,0.19594594594594594,74,59.5
2976,0.0,56,56.0
2978,0.5525040387722133,619,277.0
2980,0.5384615384615384,117,54.0
2981,0.0,195,195.0
2982,0.0,41,41.0
2983,0.0,142,142.0
2984,0.0,33,33.0
2985,0.8304498269896194,289,49.0
2986,0.5277777777777778,18,8.5
2987,0.9024390243902439,82,8.0
2988,1.0,1,0.0
2989,0.8670212765957447,94,12.5
2990,0.9933510638297872,376,2.5
2991,0.0,108,108.0
2992,0.0,301,301.0
2993,0.0,28,28.0
2994,0.0,28,28.0
2995,0.5928571428571429,70,28.5
2996,0.543010752688172,93,42.5
2997,1.0,98,0.0
2998,0.0,154,154.0
2999,0.9652777777777778,72,2.5
3000,1.0,454,0.0
3001,0.6645569620253164,79,26.5
3002,0.0,8,8.0
3003,0.0,103,103.0
3004,0.7956521739130434,115,23.5
3006,0.0,149,149.0
3007,0.996551724137931,145,0.5
3008,0.9896907216494846,97,1.0
3009,0.6307692307692307,65,24.0
3010,0.0,75,75.0
3011,0.5882352941176471,119,49.0
3012,0.847457627118644,59,9.0
3013,0.0,29,29.0
3014,0.31766055045871555,436,297.5
3015,0.5,1,0.5
3016,0.0,26,26.0
3017,1.0,215,0.0
3018,0.5697674418604651,86,37.0
3019,1.0,87,0.0
3020,0.0,168,168.0
3021,0.8790087463556852,343,41.5
3022,0.0,142,142.0
3023,0.0,164,164.0
3024,0.0,123,123.0
3025,0.0,184,184.0
3026,0.6444444444444444,45,16.0
3027,0.0,32,32.0
3028,0.0,171,171.0
3029,0.869281045751634,153,20.0
3030,0.9926470588235294,136,1.0
3031,0.9642857142857143,56,2.0
3032,0.17801047120418845,382,314.0
3033,0.6960132890365449,301,91.5
3034,0.0,48,48.0
3036,0.0,92,92.0
3037,0.8571428571428572,357,51.0
3039,0.0,57,57.0
3040,0.0,536,536.0
3041,0.8448275862068966,58,9.0
3042,0.4367968232958306,1511,851.0
3043,0.9943820224719101,89,0.5
3044,1.0,10,0.0
3045,1.0,8,0.0
3046,0.9970238095238095,168,0.5
3047,0.0,8,8.0
3048,0.7548076923076923,104,25.5
3049,0.9866071428571429,112,1.5
3050,0.9924812030075187,133,1.0
3051,0.0,83,83.0
3053,0.9864864864864865,74,1.0
3054,1.0,1,0.0
3055,0.0,150,150.0
3056,0.881578947368421,190,22.5
3057,0.5,112,56.0
3058,0.30645161290322576,62,43.0
3059,0.8264925373134329,536,93.0
3060,0.9945054945054945,91,0.5
3061,0.0,105,105.0
3062,1.0,3,0.0
3063,0.0,100,100.0
3064,0.788659793814433,291,61.5
3065,0.0,30,30.0
3066,0.0,222,222.0
3067,0.6268656716417911,134,50.0
3068,0.0,17,17.0
3069,0.0,10,10.0
3070,1.0,26,0.0
3071,0.6381909547738693,199,72.0
3072,0.5060240963855422,830,410.0
3073,0.9821428571428571,84,1.5
3074,0.5041580041580042,481,238.5
3075,1.0,31,0.0
3076,0.0,114,114.0
3077,0.8076923076923077,65,12.5
3078,0.0,16,16.0
3079,0.0,38,38.0
3080,0.0,517,517.0
3081,0.5841584158415842,101,42.0
3082,0.15517241379310343,58,49.0
3083,0.5,1,0.5
3084,0.0,26,26.0
3085,1.0,19,0.0
3086,0.0,117,117.0
3087,0.0,83,83.0
3088,1.0,33,0.0
3089,0.0,74,74.0
3091,0.0,152,152.0
3092,0.0,67,67.0
3093,0.7868217054263567,129,27.5
3094,0.0,117,117.0
3095,0.9090909090909091,88,8.0
3096,0.0,226,226.0
3097,0.0,129,129.0
3098,0.85,10,1.5
3099,0.9961538461538462,130,0.5
3101,0.9166666666666666,6,0.5
3102,0.6129032258064516,62,24.0
3103,0.0,74,74.0
3104,0.0,50,50.0
3105,1.0,45,0.0
3106,0.9054054054054054,37,3.5
3107,0.0,21,21.0
3108,0.0,112,112.0
3109,1.0,103,0.0
3110,0.5,85,42.5
3111,1.0,106,0.0
3112,0.9883720930232558,129,1.5
3113,0.0,109,109.0
3114,0.9714285714285714,210,6.0
3115,0.5432692307692308,208,95.0
3116,0.0,57,57.0
3117,0.7909090909090909,55,11.5
3118,0.5579710144927537,138,61.0
3119,0.0,18,18.0
3120,0.9798657718120806,149,3.0
3121,1.0,4,0.0
3122,0.996,125,0.5
3123,0.37193460490463215,1468,922.0
3124,0.9928571428571429,70,0.5
3125,0.25051759834368525,483,362.0
3126,0.0,29,29.0
3128,0.0,126,126.0
3129,0.8972602739726028,146,15.0
3130,0.0,7,7.0
3131,0.8886861313868613,274,30.5
3132,0.3623188405797102,345,220.0
3134,0.0,35,35.0
3135,0.0,134,134.0
3136,0.0,76,76.0
3137,0.587360594795539,269,111.0
3138,0.0,155,155.0
3139,0.9921875,128,1.0
3140,0.5555555555555556,18,8.0
3141,0.0,118,118.0
3142,0.0,321,321.0
3143,0.9549180327868853,244,11.0
3144,0.9816176470588235,136,2.5
3145,0.5,1,0.5
3146,0.9848484848484849,33,0.5
3147,0.47236704900938475,2877,1518.0
3148,0.9886363636363636,88,1.0
3149,0.99,100,1.0
3150,0.6509433962264151,53,18.5
3151,0.7093889716840536,671,195.0
3152,0.9968553459119497,159,0.5
3153,0.886039886039886,351,40.0
3155,1.0,82,0.0
3156,0.0,139,139.0
3157,0.9652777777777778,144,5.0
3158,0.0,37,37.0
3159,1.0,13,0.0
3160,0.6909547738693467,199,61.5
3161,0.9906832298136646,161,1.5
3162,0.7315789473684211,190,51.0
3163,0.9593023255813954,172,7.0
3164,0.9615384615384616,26,1.0
3165,0.0,40,40.0
3166,0.953781512605042,119,5.5
3167,0.0,194,194.0
3168,0.8858858858858859,333,38.0
3169,0.675531914893617,94,30.5
3170,0.8005780346820809,173,34.5
3171,0.4044943820224719,89,53.0
3172,0.7852112676056338,142,30.5
3173,0.6190476190476191,21,8.0
3174,0.7142857142857143,133,38.0
3175,0.5,110,55.0
3176,0.7531645569620253,79,19.5
3177,0.2835443037974683,395,283.0
3179,0.0,79,79.0
3180,0.5612033195020747,482,211.5
3181,0.0,140,140.0
3182,0.5943396226415094,53,21.5
3183,1.0,16,0.0
3184,0.0,145,145.0
3185,0.0,54,54.0
3186,0.23516949152542377,236,180.5
3187,0.625,20,7.5
3189,0.14035087719298245,57,49.0
3190,0.9925373134328358,67,0.5
3191,0.7589285714285714,112,27.0
3193,0.9935064935064936,77,0.5
3195,0.0,23,23.0
3196,1.0,1,0.0
3197,0.0,6,6.0
3198,0.0,184,184.0
3200,0.991166077738516,566,5.0
3201,1.0,37,0.0
3203,0.5294117647058824,17,8.0
3204,0.0,11,11.0
3205,0.30000000000000004,495,346.5
3206,0.0,147,147.0
3207,0.9959349593495935,123,0.5
3208,0.0,34,34.0
3210,0.5297029702970297,101,47.5
3211,0.0,14,14.0
3212,0.6545454545454545,55,19.0
3213,0.9375,24,1.5
3214,0.9846625766871165,163,2.5
3216,0.0,202,202.0
3217,0.5,2,1.0
3219,0.8387096774193549,31,5.0
3220,0.7852112676056338,142,30.5
3221,0.30305755395683454,556,387.5
3222,0.0,15,15.0
3223,0.7580645161290323,62,15.0
3224,0.23781902552204182,431,328.5
3225,1.0,72,0.0
3227,0.0,144,144.0
3228,1.0,49,0.0
3229,0.9662921348314607,89,3.0
3230,0.0,56,56.0
3231,0.5714285714285714,21,9.0
3232,0.3279678068410463,497,334.0
3233,0.6776315789473684,76,24.5
3234,0.0,125,125.0
3235,0.6875,56,17.5
3236,0.946078431372549,102,5.5
3237,1.0,15,0.0
3238,0.0,121,121.0
3239,1.0,81,0.0
3241,0.9875,80,1.0
3242,0.0,13,13.0
3243,0.8424036281179138,441,69.5
3244,0.0,58,58.0
3245,0.9831460674157303,89,1.5
3246,1.0,17,0.0
3247,0.9765625,64,1.5
3248,0.5,1,0.5
3249,0.941908713692946,241,14.0
3251,0.5773809523809523,84,35.5
3252,0.9622641509433962,53,2.0
3253,1.0,56,0.0
3255,0.6866666666666666,75,23.5
3256,0.8491379310344828,116,17.5
3257,0.0,80,80.0
3258,0.603030303030303,165,65.5
3259,0.8401639344262295,122,19.5
3260,0.9828326180257511,233,4.0
3261,0.9197530864197531,81,6.5
3262,1.0,1,0.0
3263,0.0,79,79.0
3264,1.0,140,0.0
3265,0.7708333333333334,120,27.5
3266,0.0,93,93.0
3267,1.0,11,0.0
3268,0.0,168,168.0
3269,0.0,114,114.0
3270,0.5804597701149425,87,36.5
3271,0.9789473684210527,95,2.0
3272,0.9941176470588236,170,1.0
3274,0.6187589158345221,2804,1069.0
3276,0.9782608695652174,184,4.0
3277,1.0,124,0.0
3278,1.0,27,0.0
3279,0.8013698630136986,438,87.0
3280,0.6,5,2.0
3281,0.5952380952380952,21,8.5
3282,0.27064220183486243,109,79.5
3283,1.0,16,0.0
3285,0.9881974248927039,466,5.5
3286,0.5852272727272727,88,36.5
3287,0.9821428571428571,56,1.0
3288,1.0,104,0.0
3289,0.515625,128,62.0
3290,1.0,46,0.0
3291,1.0,160,0.0
3292,1.0,148,0.0
3293,0.0,114,114.0
3294,0.19660194174757284,206,165.5
3295,0.0,73,73.0
3296,0.5916114790286976,453,185.0
3297,0.0,123,123.0
3298,1.0,6,0.0
3299,1.0,209,0.0
3300,0.700657894736842,152,45.5
3301,0.5318181818181817,110,51.5
3303,0.6964285714285714,112,34.0
3305,1.0,127,0.0
3306,0.0,46,46.0
3307,0.5,2,1.0
3308,0.0,68,68.0
3309,0.0,84,84.0
3310,0.9827586206896551,29,0.5
3312,0.6654700854700855,2925,978.5
3313,0.0,142,142.0
3314,0.0,58,58.0
3315,0.0,109,109.0
3316,0.9893617021276596,141,1.5
3317,1.0,17,0.0
3318,0.0,100,100.0
3319,0.0,68,68.0
3320,0.5550239234449761,209,93.0
3321,1.0,118,0.0
3322,0.0,83,83.0
3323,0.8414893617021276,470,74.5
3324,0.9736842105263158,19,0.5
3325,0.0,113,113.0
3326,0.0,1,1.0
3328,1.0,96,0.0
3329,0.7634615384615384,260,61.5
3331,1.0,114,0.0
3332,1.0,1,0.0
3333,1.0,83,0.0
3334,1.0,1,0.0
3335,0.0,58,58.0
3336,0.7928571428571428,140,29.0
3337,1.0,46,0.0
3338,0.956,375,16.5
3339,1.0,168,0.0
3340,0.0,158,158.0
3341,0.0,105,105.0
3342,0.0,83,83.0
3343,0.9910714285714286,56,0.5
3344,0.54375,80,36.5
3345,1.0,1,0.0
3346,0.0,67,67.0
3348,0.0,1,1.0
3349,0.0,53,53.0
3350,0.9375,16,1.0
3352,0.9896907216494846,97,1.0
3353,0.0,31,31.0
3354,1.0,79,0.0
3355,0.9072164948453608,97,9.0
3356,0.8146067415730337,178,33.0
3357,0.0,74,74.0
3358,1.0,10,0.0
3359,0.0,50,50.0
3360,1.0,24,0.0
3361,0.9784172661870504,139,3.0
3362,0.5526315789473684,76,34.0
3363,1.0,49,0.0
3364,0.0,22,22.0
3365,0.693069306930693,303,93.0
3367,0.0,80,80.0
3368,0.8805970149253731,67,8.0
3369,0.0,93,93.0
3370,1.0,3,0.0
3371,0.17361111111111116,72,59.5
3372,0.9593023255813954,172,7.0
3373,0.0,3,3.0
3374,0.9716981132075472,106,3.0
3375,0.8196078431372549,255,46.0
3376,0.699685534591195,636,191.0
3377,1.0,240,0.0
3378,0.0,25,25.0
3379,0.9916666666666667,120,1.0
3380,1.0,169,0.0
3381,0.0,206,206.0
3382,0.3787878787878788,33,20.5
3383,1.0,204,0.0
3384,0.0,48,48.0
3385,0.7391304347826086,138,36.0
3386,1.0,1,0.0
3387,1.0,149,0.0
3388,0.0,75,75.0
3389,0.9230769230769231,26,2.0
3390,0.0,151,151.0
3391,0.0,79,79.0
3392,1.0,47,0.0
3393,0.9528301886792453,106,5.0
3394,0.375,380,237.5
3395,1.0,15,0.0
3397,0.9879518072289156,83,1.0
3398,1.0,56,0.0
3399,0.9912280701754386,57,0.5
3400,0.5866666666666667,75,31.0
3401,0.29357798165137616,109,77.0
3402,0.0,75,75.0
3403,0.0,43,43.0
3405,0.0,33,33.0
3406,0.2977346278317152,309,217.0
3407,0.25111111111111106,450,337.0
3408,0.6887755102040816,98,30.5
3409,0.16000000000000003,75,63.0
3410,0.984375,32,0.5
3411,0.0,69,69.0
3412,0.825381679389313,524,91.5
3413,0.6136363636363636,22,8.5
3414,0.0,119,119.0
3415,0.8771929824561404,57,7.0
3416,0.0,131,131.0
3417,0.7849740932642487,193,41.5
3418,0.0,151,151.0
3419,1.0,1,0.0
3420,0.6223985890652557,2835,1070.5
3421,1.0,1,0.0
3422,0.3651315789473685,456,289.5
3423,1.0,281,0.0
3424,0.9760479041916168,167,4.0
3425,0.0,187,187.0
3426,0.9579439252336449,107,4.5
3428,0.0,170,170.0
3429,0.0,57,57.0
3430,0.5277777777777778,72,34.0
3431,0.8007518796992481,133,26.5
3432,0.9741379310344828,58,1.5
3433,0.36471861471861466,462,293.5
3435,0.92,25,2.0
3436,0.0,125,125.0
3437,0.9887218045112782,133,1.5
3438,1.0,40,0.0
3440,0.8466796875,512,78.5
3441,0.9798387096774194,124,2.5
3442,0.9928571428571429,70,0.5
3443,0.5845070422535211,355,147.5
3444,0.9888888888888889,135,1.5
3445,0.0,43,43.0
3446,0.9965753424657534,146,0.5
3447,1.0,48,0.0
3448,0.9927536231884058,69,0.5
3449,0.0,148,148.0
3450,0.0,169,169.0
3451,0.5,120,60.0
3452,0.8886861313868613,274,30.5
3453,0.9397590361445783,166,10.0
3454,0.0,69,69.0
3455,0.996031746031746,126,0.5
3456,0.5872093023255813,172,71.0
3458,0.0,142,142.0
3459,1.0,120,0.0
3460,0.8269230769230769,156,27.0
3461,0.5625,16,7.0
3462,0.6964285714285714,28,8.5
3463,0.0,10,10.0
3464,0.549342105263158,152,68.5
3465,0.9789473684210527,95,2.0
3466,0.9514563106796117,103,5.0
3467,0.9927536231884058,69,0.5
3468,0.5,10,5.0
3469,0.0,15,15.0
3470,0.0,53,53.0
3471,0.0,59,59.0
3472,0.0,55,55.0
3473,1.0,8,0.0
3474,0.0941558441558441,154,139.5
3475,1.0,20,0.0
3476,1.0,33,0.0
3478,0.8243243243243243,111,19.5
3479,0.8449367088607596,158,24.5
3480,0.6428571428571428,14,5.0
3481,0.978813559322034,118,2.5
3482,0.0,56,56.0
3483,0.0,64,64.0
3484,1.0,89,0.0
3485,0.0,7,7.0
3486,0.0,25,25.0
3487,0.5333333333333333,15,7.0
3488,0.928030303030303,264,19.0
3489,0.0,195,195.0
3490,0.5594405594405594,143,63.0
3491,1.0,49,0.0
3492,0.0,25,25.0
3493,0.96,50,2.0
3494,0.6504854368932038,206,72.0
3495,0.8342857142857143,175,29.0
3496,0.9795918367346939,49,1.0
3497,0.0,71,71.0
3498,0.0,94,94.0
3499,0.17616580310880825,193,159.0
3500,0.991869918699187,123,1.0
3501,0.5277777777777778,18,8.5
3502,0.0,150,150.0
3503,0.7278597785977861,542,147.5
3504,0.6574074074074074,216,74.0
3505,0.6645569620253164,79,26.5
3506,0.0,193,193.0
3507,0.973404255319149,94,2.5
3508,1.0,1,0.0
3509,1.0,4,0.0
3511,0.0,17,17.0
3512,0.8687943262411347,141,18.5
3514,0.0,48,48.0
3515,0.0,40,40.0
3516,0.9823943661971831,284,5.0
3517,0.0,84,84.0
3518,0.6995967741935484,248,74.5
3519,0.625,192,72.0
3520,0.7954545454545454,418,85.5
3521,0.6645569620253164,79,26.5
3522,0.9935064935064936,154,1.0
3523,0.28411214953271025,535,383.0
3524,0.0,26,26.0
3525,0.0,37,37.0
3526,0.5018587360594795,269,134.0
3527,0.8203125,64,11.5
3528,0.0,19,19.0
3529,1.0,21,0.0
3530,0.978021978021978,91,2.0
3532,0.5,2,1.0
3534,0.5,3,1.5
3535,0.9968152866242038,157,0.5
3537,1.0,19,0.0
3538,1.0,133,0.0
3539,0.9382022471910112,178,11.0
3540,1.0,82,0.0
3541,0.0,68,68.0
3542,0.0,1,1.0
3543,1.0,1,0.0
3544,0.0,67,67.0
3545,0.7473684210526316,190,48.0
3546,0.5119047619047619,126,61.5
3547,0.5,83,41.5
3548,1.0,9,0.0
3549,0.8065476190476191,168,32.5
3550,0.0,151,151.0
3552,0.0,198,198.0
3553,1.0,128,0.0
3554,0.8849206349206349,126,14.5
3555,0.9886363636363636,44,0.5
3556,0.0,144,144.0
3557,0.7852112676056338,142,30.5
3558,0.5,1,0.5
3559,0.9925373134328358,134,1.0
3560,0.9965753424657534,146,0.5
3562,0.7857142857142857,126,27.0
3564,0.0,16,16.0
3565,0.5,1,0.5
3566,0.0,156,156.0
3567,0.0,132,132.0
3568,1.0,89,0.0
3569,0.6238095238095238,210,79.0
3570,0.0,50,50.0
3571,0.4161849710982659,519,303.0
3572,0.9184397163120568,141,11.5
3573,0.8026315789473684,190,37.5
3574,1.0,17,0.0
3575,0.8333333333333334,6,1.0
3576,0.6509433962264151,212,74.0
3577,0.0,5,5.0
3578,0.9922480620155039,129,1.0
3579,0.8333333333333334,24,4.0
3580,0.9764705882352941,85,2.0
3581,0.8826979472140762,341,40.0
3582,0.7964285714285715,140,28.5
3583,0.0,190,190.0
3584,0.9193548387096774,31,2.5
3585,0.8973214285714286,112,11.5
3586,1.0,39,0.0
3587,1.0,72,0.0
3588,0.8777777777777778,45,5.5
3589,0.9380281690140845,355,22.0
3590,0.0,97,97.0
3591,0.7058823529411764,391,115.0
3592,0.9741379310344828,58,1.5
3593,1.0,68,0.0
3594,1.0,64,0.0
3597,1.0,69,0.0
3598,0.6551724137931034,58,20.0
3599,0.9961832061068703,131,0.5
3600,0.3949814126394052,538,325.5
3601,0.0,46,46.0
3602,1.0,63,0.0
3603,0.6141304347826086,92,35.5
3604,0.6973684210526316,152,46.0
3605,1.0,46,0.0
3606,1.0,1,0.0
3607,0.0,10,10.0
3608,0.0,58,58.0
3609,1.0,34,0.0
3610,0.975,60,1.5
3611,0.0,40,40.0
3612,0.0,30,30.0
3613,0.0,22,22.0
3614,0.6291666666666667,120,44.5
3617,0.0,30,30.0
3618,0.8777777777777778,45,5.5
3619,1.0,54,0.0
3620,0.9880952380952381,84,1.0
3621,1.0,6,0.0
3622,0.0,72,72.0
3623,0.15333333333333332,75,63.5
3624,0.0,101,101.0
3625,0.0,24,24.0
3626,0.7962962962962963,27,5.5
3627,0.0,152,152.0
3629,0.9829059829059829,117,2.0
3630,0.97,50,1.5
3631,0.9816176470588235,136,2.5
3632,0.0,139,139.0
3633,0.0,74,74.0
3634,0.9927536231884058,69,0.5
3635,0.5680112570356473,1066,460.5
3636,0.0,87,87.0
3637,0.0,87,87.0
3638,0.96875,64,2.0
3639,0.0,70,70.0
3641,0.8367346938775511,49,8.0
3642,0.5787037037037037,108,45.5
3643,0.6043956043956045,91,36.0
3644,0.9512195121951219,205,10.0
3645,1.0,146,0.0
3647,1.0,42,0.0
3648,0.5,21,10.5
3649,1.0,31,0.0
3650,0.7550505050505051,198,48.5
3651,1.0,9,0.0
3652,0.9489795918367347,49,2.5
3653,1.0,54,0.0
3654,0.7272727272727273,11,3.0
3655,0.0,6,6.0
3656,0.99375,80,0.5
3657,0.8491379310344828,116,17.5
3658,0.0,46,46.0
3659,0.6422018348623852,109,39.0
3660,0.9652777777777778,72,2.5
3661,0.0,96,96.0
3662,1.0,42,0.0
3663,0.967948717948718,78,2.5
3664,0.0,84,84.0
3665,0.55,120,54.0
3666,0.4602510460251046,1434,774.0
3667,0.7406417112299466,187,48.5
3668,0.8906976744186046,215,23.5
3669,0.0,70,70.0
3670,0.0,40,40.0
3671,0.5932203389830508,177,72.0
3672,1.0,23,0.0
3673,0.0,105,105.0
3674,0.5576923076923077,104,46.0
3675,0.0,182,182.0
3676,0.0,29,29.0
3677,1.0,57,0.0
3678,0.6532258064516129,62,21.5
3679,0.9885057471264368,87,1.0
3680,0.0,32,32.0
3681,0.5,1,0.5
3682,0.0,102,102.0
3683,0.0,25,25.0
3684,0.0,135,135.0
3685,0.6678321678321678,143,47.5
3686,0.5,1,0.5
3687,0.0,233,233.0
3688,0.43125,320,182.0
3689,1.0,6,0.0
3690,0.0,73,73.0
3691,0.0,21,21.0
3692,0.8146067415730337,178,33.0
3693,0.0,197,197.0
3695,1.0,6,0.0
3696,1.0,1,0.0
3697,0.525,100,47.5
3698,1.0,75,0.0
3700,0.40476190476190477,231,137.5
3701,1.0,1,0.0
3702,1.0,61,0.0
3703,1.0,138,0.0
3704,0.0,75,75.0
3705,0.7934272300469484,426,88.0
3706,0.6887755102040816,98,30.5
3707,0.0,86,86.0
3708,0.5675675675675675,37,16.0
3709,0.0,62,62.0
3710,1.0,32,0.0
3711,0.8643410852713178,129,17.5
3712,0.9838709677419355,124,2.0
3713,0.9770114942528736,87,2.0
3714,1.0,57,0.0
3715,0.9099378881987578,161,14.5
3716,1.0,166,0.0
3717,0.0,36,36.0
3718,0.0,11,11.0
3719,1.0,48,0.0
3720,0.0,13,13.0
3721,0.0,71,71.0
3722,0.0,63,63.0
3723,0.0,79,79.0
3724,0.0,70,70.0
3725,0.0,62,62.0
3726,0.0,83,83.0
3728,0.0,11,11.0
3729,0.5084985835694051,353,173.5
3730,0.7305825242718447,206,55.5
3731,0.0,60,60.0
3732,0.9797979797979798,99,2.0
3733,0.0,9,9.0
3734,1.0,104,0.0
3735,0.9358974358974359,78,5.0
3736,0.869281045751634,153,20.0
3737,0.0,44,44.0
3738,0.0,68,68.0
3739,1.0,3,0.0
3740,1.0,1,0.0
3741,0.0,24,24.0
3742,1.0,119,0.0
3743,1.0,23,0.0
3744,0.631578947368421,19,7.0
3745,1.0,60,0.0
3746,0.0,28,28.0
3747,0.6268656716417911,402,150.0
3748,0.9618055555555556,144,5.5
3749,0.24818401937046008,413,310.5
3750,0.0,103,103.0
3751,0.0,142,142.0
3752,0.9879518072289156,83,1.0
3753,0.8968253968253969,126,13.0
3754,0.0,198,198.0
3755,1.0,44,0.0
3756,0.2744360902255639,266,193.0
3757,0.0,68,68.0
3759,1.0,35,0.0
3761,0.0,81,81.0
3762,0.0,76,76.0
3763,0.0,103,103.0
3764,0.96875,32,1.0
3765,0.0,19,19.0
3766,0.0,59,59.0
3767,1.0,11,0.0
3768,0.9385665529010239,293,18.0
3769,0.0,21,21.0
3770,0.9891304347826086,46,0.5
3771,0.6029411764705883,68,27.0
3772,0.0,129,129.0
3774,0.0,69,69.0
3775,0.7535410764872521,353,87.0
3776,0.9666666666666667,465,15.5
3777,0.0,132,132.0
3778,1.0,192,0.0
3779,1.0,67,0.0
3780,0.871875,320,41.0
3781,1.0,59,0.0
3782,0.9927536231884058,69,0.5
3783,0.6728395061728395,162,53.0
3784,1.0,53,0.0
3785,0.922077922077922,77,6.0
3786,0.0,1,1.0
3787,0.9769230769230769,65,1.5
3788,0.7303370786516854,89,24.0
3789,0.2647058823529411,85,62.5
3790,0.0,41,41.0
3791,0.5,1,0.5
3792,1.0,14,0.0
3793,1.0,34,0.0
3795,0.981651376146789,109,2.0
3796,0.0,76,76.0
3797,0.6105263157894737,95,37.0
3798,0.9779411764705882,68,1.5
3799,0.0,31,31.0
3800,0.0,38,38.0
3801,1.0,23,0.0
3802,0.5666666666666667,15,6.5
3803,0.9905660377358491,106,1.0
3804,0.9855769230769231,104,1.5
3805,0.5,1,0.5
3806,0.0,114,114.0
3807,0.0,51,51.0
3808,0.9962962962962963,135,0.5
3809,1.0,4,0.0
3811,0.0,35,35.0
3812,1.0,34,0.0
3813,0.9671052631578947,76,2.5
3814,0.0,121,121.0
3815,0.0,107,107.0
3816,0.6176470588235294,68,26.0
3817,0.0,119,119.0
3818,0.5357142857142857,70,32.5
3819,0.7521367521367521,351,87.0
3820,0.6710526315789473,38,12.5
3821,1.0,1,0.0
3822,0.9921875,128,1.0
3824,0.9887640449438202,89,1.0
3825,1.0,74,0.0
3826,0.0,92,92.0
3827,0.9963503649635036,137,0.5
3828,0.0,155,155.0
3829,1.0,87,0.0
3830,0.0,37,37.0
3831,0.9901960784313726,102,1.0
3832,1.0,39,0.0
3833,0.5079365079365079,63,31.0
3834,0.0,78,78.0
3835,0.6896551724137931,145,45.0
3836,0.96875,16,0.5
3837,1.0,142,0.0
3838,0.5800970873786409,206,86.5
3839,1.0,78,0.0
3840,0.6710526315789473,38,12.5
3841,0.6605504587155964,545,185.0
3843,0.8206106870229007,131,23.5
3844,1.0,1,0.0
3845,1.0,25,0.0
3846,0.7103174603174602,126,36.5
3847,0.5138888888888888,108,52.5
3849,0.5333333333333333,90,42.0
3850,0.0,96,96.0
3851,0.54,100,46.0
3852,0.9972972972972973,185,0.5
3853,1.0,1,0.0
3856,0.9895833333333334,192,2.0
3857,1.0,109,0.0
3858,1.0,7,0.0
3859,0.9827586206896551,145,2.5
3861,1.0,66,0.0
3862,0.7628424657534246,584,138.5
3863,1.0,100,0.0
3864,0.868,250,33.0
3865,0.96875,64,2.0
3866,0.9880952380952381,168,2.0
3867,0.0,21,21.0
3868,0.8947368421052632,76,8.0
3869,0.8360655737704918,61,10.0
3870,0.0,43,43.0
3871,0.9583333333333334,24,1.0
3873,0.99,50,0.5
3875,1.0,105,0.0
3876,0.9657534246575342,73,2.5
3877,0.16216216216216217,185,155.0
3878,1.0,32,0.0
3879,0.8016877637130801,237,47.0
3880,0.8125,8,1.5
3881,0.0,22,22.0
3882,0.9666666666666667,60,2.0
3884,0.4044943820224719,89,53.0
3885,0.0,82,82.0
3886,0.0,80,80.0
3887,0.0,23,23.0
3888,0.9465648854961832,131,7.0
3889,0.17204301075268813,186,154.0
3890,0.0,13,13.0
3893,0.0,51,51.0
3894,1.0,63,0.0
3895,0.9791666666666666,48,1.0
3896,1.0,139,0.0
3897,0.0,492,492.0
3898,1.0,39,0.0
3899,0.6111111111111112,99,38.5
3900,0.5,31,15.5
3901,1.0,23,0.0
3902,0.0,50,50.0
3903,0.7,20,6.0
3904,0.0,106,106.0
3905,1.0,1,0.0
3907,0.0,84,84.0
3908,0.0,30,30.0
3909,0.0,95,95.0
3910,1.0,120,0.0
3912,0.0,1,1.0
3913,0.553030303030303,66,29.5
3914,0.7553763440860215,186,45.5
3915,1.0,12,0.0
3916,0.9935897435897436,78,0.5
3918,0.050000000000000044,50,47.5
3919,0.9642857142857143,98,3.5
3920,0.0,82,82.0
3921,0.890625,160,17.5
3922,0.9916666666666667,120,1.0
3923,1.0,23,0.0
3924,0.8248175182481752,137,24.0
3926,0.0,1,1.0
3929,0.0,4,4.0
3930,1.0,1,0.0
3931,0.5130718954248366,306,149.0
3932,0.9921875,128,1.0
3933,0.7805429864253394,221,48.5
3934,0.70625,80,23.5
3935,0.8214285714285714,42,7.5
3936,1.0,58,0.0
3938,0.0,95,95.0
3939,0.6509433962264151,530,185.0
3940,1.0,106,0.0
3941,0.0,90,90.0
3942,0.5909090909090908,44,18.0
3943,0.0,67,67.0
3944,0.0,56,56.0
3945,0.16901408450704225,71,59.0
3946,1.0,123,0.0
3947,0.9916666666666667,60,0.5
3948,0.7743055555555556,144,32.5
3949,0.0,146,146.0
3950,1.0,78,0.0
3951,0.9921875,128,1.0
3952,0.9745762711864406,295,7.5
3953,0.9615384615384616,13,0.5
3954,0.9653465346534653,101,3.5
3955,1.0,1,0.0
3956,0.0,65,65.0
3957,0.6212862635442153,2861,1083.5
3958,0.0,71,71.0
3959,1.0,14,0.0
3960,0.6776315789473684,76,24.5
3961,0.0,78,78.0
3962,0.9642857142857143,70,2.5
3963,0.0,117,117.0
3964,0.0,92,92.0
3965,0.0,18,18.0
3966,0.0,31,31.0
3967,0.0,175,175.0
3968,1.0,11,0.0
3969,0.0,46,46.0
3970,0.6830543933054394,478,151.5
3971,1.0,29,0.0
3972,1.0,75,0.0
3973,1.0,58,0.0
3974,0.019230769230769273,130,127.5
3975,1.0,80,0.0
3976,0.9948979591836735,98,0.5
3977,0.995575221238938,113,0.5
3978,0.0,73,73.0
3979,0.6636363636363636,220,74.0
3980,0.0,172,172.0
3982,0.0,49,49.0
3983,0.0,93,93.0
3984,0.0,104,104.0
3985,0.8055555555555556,54,10.5
3986,1.0,111,0.0
3987,0.0,30,30.0
3988,0.0,40,40.0
3989,0.9936708860759493,158,1.0
3990,0.5,1,0.5
3991,1.0,95,0.0
3992,0.9761904761904762,21,0.5
3993,1.0,11,0.0
3994,0.6607142857142857,84,28.5
3995,1.0,221,0.0
3996,0.8571428571428572,7,1.0
3998,1.0,89,0.0
3999,0.6444444444444444,45,16.0
4000,0.5434782608695652,23,10.5
4001,0.5550239234449761,209,93.0
4002,0.5388349514563107,103,47.5
4003,1.0,6,0.0
4004,1.0,4,0.0
4005,0.7720588235294118,68,15.5
4006,0.5,1,0.5
4007,0.5267857142857143,112,53.0
4008,0.0,29,29.0
4009,1.0,1,0.0
4010,0.7512820512820513,195,48.5
4011,0.12962962962962965,27,23.5
4012,0.53125,64,30.0
4015,0.0,16,16.0
4016,0.0,105,105.0
4017,0.9741379310344828,58,1.5
4018,1.0,1,0.0
4019,0.0,98,98.0
4020,0.8221476510067114,149,26.5
4021,0.625,16,6.0
4022,0.9583333333333334,12,0.5
4023,0.9965034965034965,143,0.5
4024,1.0,215,0.0
4025,0.9782608695652174,115,2.5
4026,1.0,66,0.0
4027,0.8486238532110092,109,16.5
4028,1.0,34,0.0
4029,1.0,97,0.0
4030,0.9344827586206896,145,9.5
4031,1.0,6,0.0
4032,1.0,15,0.0
4033,0.959349593495935,123,5.0
4034,0.5,1,0.5
4035,0.0,41,41.0
4036,0.5408163265306123,98,45.0
4037,0.5,1,0.5
4038,0.0,31,31.0
4040,0.0,20,20.0
4041,0.78125,16,3.5
4042,0.0,26,26.0
4043,0.0,16,16.0
4044,0.9927007299270073,137,1.0
4045,0.5120772946859904,207,101.0
4047,0.9461538461538461,65,3.5
4048,0.5950704225352113,142,57.5
4049,0.8142857142857143,210,39.0
4051,0.8119047619047619,210,39.5
4052,1.0,243,0.0
4053,0.6,5,2.0
4054,1.0,17,0.0
4055,0.6833333333333333,150,47.5
4056,0.17361111111111116,72,59.5
4057,0.0,90,90.0
4058,0.5,1,0.5
4059,0.0,134,134.0
4062,0.9827586206896551,29,0.5
4063,1.0,52,0.0
4064,0.6209677419354839,62,23.5
4065,0.0,107,107.0
4066,0.0,68,68.0
4067,0.0,219,219.0
4068,0.0,92,92.0
4069,0.7551020408163265,196,48.0
4070,1.0,9,0.0
4071,0.0,86,86.0
4073,1.0,2,0.0
4074,0.0,6,6.0
4075,0.6729559748427674,159,52.0
4076,0.5,2,1.0
4077,1.0,70,0.0
4078,1.0,14,0.0
4079,1.0,220,0.0
4080,0.9967948717948718,156,0.5
4081,1.0,14,0.0
4082,0.9895833333333334,48,0.5
4083,0.0,116,116.0
4084,0.8795180722891567,332,40.0
4085,1.0,294,0.0
4086,0.5,1,0.5
4088,0.5,1,0.5
4089,0.0,42,42.0
4091,0.0,215,215.0
4092,0.9903846153846154,52,0.5
4093,0.5,1,0.5
4094,0.9973544973544973,189,0.5
4095,0.0,26,26.0
4096,0.9967320261437909,153,0.5
4097,0.0,128,128.0
4098,0.42280701754385963,285,164.5
4099,0.5238095238095238,84,40.0
4100,0.8064516129032258,62,12.0
4101,0.9433962264150944,106,6.0
4102,0.0,58,58.0
4103,0.875,4,0.5
4104,0.0,11,11.0
4105,1.0,25,0.0
4106,0.0,91,91.0
4107,1.0,57,0.0
4108,0.0,175,175.0
4110,0.518348623853211,109,52.5
4111,0.9653465346534653,101,3.5
4112,0.0,131,131.0
4113,1.0,65,0.0
4115,1.0,33,0.0
4116,0.5714285714285714,14,6.0
4117,0.0,53,53.0
4118,1.0,7,0.0
4119,0.0,71,71.0
4120,1.0,37,0.0
4121,1.0,1,0.0
4122,1.0,12,0.0
4123,0.0,59,59.0
4124,1.0,7,0.0
4125,0.7012987012987013,154,46.0
4126,0.0,103,103.0
4127,1.0,6,0.0
4128,0.9885057471264368,87,1.0
4129,0.0,44,44.0
4130,0.6521739130434783,46,16.0
4131,0.96875,64,2.0
4132,0.9920634920634921,63,0.5
4133,1.0,22,0.0
4134,1.0,58,0.0
4135,0.9859154929577465,71,1.0
4136,0.0,83,83.0
4137,1.0,5,0.0
4138,0.8968253968253969,63,6.5
4139,0.3557692307692307,156,100.5
4140,0.9142857142857143,35,3.0
4141,0.858974358974359,78,11.0
4142,0.9932432432432432,74,0.5
4143,1.0,84,0.0
4144,0.9934497816593887,229,1.5
4145,0.0,143,143.0
4146,0.6737588652482269,141,46.0
4147,0.996875,160,0.5
4148,0.0,43,43.0
4149,0.8392857142857143,28,4.5
4150,0.0,163,163.0
4151,1.0,73,0.0
4152,0.7857142857142857,21,4.5
4153,1.0,11,0.0
4154,1.0,145,0.0
4155,0.0,2,2.0
4156,0.6127717391304348,368,142.5
4157,0.0,199,199.0
4158,0.0,9,9.0
4159,0.0,154,154.0
4160,0.9029411764705882,170,16.5
4161,1.0,28,0.0
4162,1.0,244,0.0
4163,0.0,21,21.0
4164,0.825925925925926,135,23.5
4165,0.7364532019704433,203,53.5
4166,1.0,48,0.0
4168,0.0,137,137.0
4169,0.0,71,71.0
4170,1.0,2,0.0
4171,0.0,27,27.0
4172,1.0,284,0.0
4173,0.9904458598726115,157,1.5
4174,0.6,5,2.0
4175,0.8566308243727598,279,40.0
4176,0.0,82,82.0
4177,1.0,21,0.0
4178,0.9881656804733728,169,2.0
4179,0.6094035858031468,2733,1067.5
4180,0.9836956521739131,92,1.5
4181,0.0,45,45.0
4182,0.5876623376623377,154,63.5
4185,0.0,52,52.0
4186,0.6923076923076923,13,4.0
4187,0.98125,80,1.5
4188,0.9888268156424581,179,2.0
4190,0.0,63,63.0
4191,0.9764705882352941,85,2.0
4192,0.0,136,136.0
4193,0.7927350427350427,234,48.5
4194,0.0,8,8.0
4195,0.9230769230769231,156,12.0
4196,0.30603448275862066,116,80.5
4197,0.0,48,48.0
4198,1.0,51,0.0
4199,1.0,50,0.0
4200,1.0,1,0.0
4201,0.0,39,39.0
4202,0.9825581395348837,86,1.5
4203,0.9845360824742269,97,1.5
4204,0.0,42,42.0
4205,1.0,292,0.0
4206,0.0,6,6.0
4207,1.0,6,0.0
4208,0.0,78,78.0
4209,0.0,48,48.0
4210,0.0,100,100.0
4211,0.0,24,24.0
4212,1.0,2,0.0
4213,1.0,127,0.0
4214,0.5833333333333333,18,7.5
4215,0.0,146,146.0
4216,1.0,33,0.0
4217,0.875,12,1.5
4218,1.0,11,0.0
4219,0.0,49,49.0
4220,0.0,62,62.0
4221,0.9836956521739131,92,1.5
4222,1.0,50,0.0
4223,1.0,93,0.0
4224,0.0,76,76.0
4225,0.0,74,74.0
4226,0.9893617021276596,94,1.0
4227,1.0,160,0.0
4228,1.0,96,0.0
4229,1.0,88,0.0
4230,0.0,87,87.0
4231,1.0,130,0.0
4232,1.0,1,0.0
4233,0.5935672514619883,171,69.5
4235,0.1658536585365854,205,171.0
4236,0.9898734177215189,395,4.0
4237,1.0,283,0.0
4239,1.0,48,0.0
4240,0.0,101,101.0
4241,0.78125,16,3.5
4242,0.0,156,156.0
4243,0.0,143,143.0
4245,0.5169491525423728,59,28.5
4247,1.0,27,0.0
4248,0.6171875,64,24.5
4249,0.0,119,119.0
4250,1.0,4,0.0
4251,0.0,29,29.0
4252,0.0,34,34.0
4254,0.5,1,0.5
4255,0.0,20,20.0
4256,1.0,2,0.0
4257,0.6923076923076923,52,16.0
4258,0.9883720930232558,43,0.5
4259,1.0,1,0.0
4260,0.9545454545454546,88,4.0
4261,0.0,96,96.0
4262,0.6621621621621622,37,12.5
4263,1.0,40,0.0
4264,0.44890510948905105,137,75.5
4265,0.9845360824742269,97,1.5
4266,0.6511627906976745,43,15.0
4267,1.0,52,0.0
4268,0.0,77,77.0
4269,1.0,1,0.0
4270,0.9918032786885246,61,0.5
4271,0.17894736842105263,190,156.0
4272,0.7370689655172413,232,61.0
4273,0.962962962962963,108,4.0
4274,0.9,10,1.0
4275,0.0,95,95.0
4276,0.9583333333333334,84,3.5
4277,0.0,67,67.0
4278,0.0,1,1.0
4279,1.0,51,0.0
4280,0.6931818181818181,44,13.5
4281,1.0,112,0.0
4282,0.0,56,56.0
4283,0.5,4,2.0
4284,0.0,42,42.0
4285,0.0,31,31.0
4286,0.0,38,38.0
4287,0.794392523364486,428,88.0
4289,0.0,158,158.0
4291,0.9943977591036415,357,2.0
4292,1.0,7,0.0
4293,0.0,72,72.0
4294,0.0,129,129.0
4295,0.9811320754716981,53,1.0
4296,0.0,56,56.0
4297,0.8525179856115108,139,20.5
4298,0.0,137,137.0
4299,0.5949367088607596,79,32.0
4300,0.0,35,35.0
4301,0.9905660377358491,53,0.5
4302,0.8075396825396826,252,48.5
4303,1.0,3,0.0
4304,1.0,204,0.0
4305,1.0,150,0.0
4306,0.9166666666666666,12,1.0
4307,0.6333333333333333,15,5.5
4309,1.0,327,0.0
4310,0.9782608695652174,69,1.5
4311,1.0,64,0.0
4312,0.9663865546218487,119,4.0
4313,0.7373417721518987,158,41.5
4314,0.0,25,25.0
4315,0.6687898089171975,157,52.0
4316,0.0,160,160.0
4317,0.8283582089552239,67,11.5
4318,0.9662921348314607,89,3.0
4319,0.9663865546218487,119,4.0
4320,0.9489795918367347,49,2.5
4321,0.0,177,177.0
4322,0.0,38,38.0
4323,0.9553571428571429,56,2.5
4324,0.8483870967741935,155,23.5
4327,0.5135135135135135,37,18.0
4328,0.29338842975206614,121,85.5
4329,0.0,85,85.0
4330,0.9968354430379747,158,0.5
4331,0.0,81,81.0
4332,0.5,1,0.5
4333,0.6166666666666667,120,46.0
4334,0.5,2,1.0
4336,0.23188405797101452,69,53.0
4337,1.0,114,0.0
4338,0.6178861788617886,123,47.0
4339,0.7608695652173914,207,49.5
4340,0.0,33,33.0
4341,0.0,77,77.0
4342,0.9885057471264368,87,1.0
4343,1.0,5,0.0
4344,1.0,126,0.0
4345,0.9333333333333333,15,1.0
4347,0.8703703703703703,27,3.5
4348,0.8857142857142857,35,4.0
4349,0.0,54,54.0
4350,0.9708029197080292,137,4.0
4351,1.0,102,0.0
4353,0.6666666666666667,69,23.0
4354,0.0,61,61.0
4356,0.53551912568306,183,85.0
4357,1.0,106,0.0
4358,0.0,32,32.0
4359,0.0,31,31.0
4360,1.0,10,0.0
4361,0.9759615384615384,104,2.5
4362,0.0,1,1.0
4363,0.5,13,6.5
4364,0.0,15,15.0
4366,1.0,38,0.0
4367,0.9637681159420289,69,2.5
4368,0.5516129032258065,155,69.5
4369,1.0,1,0.0
4370,1.0,56,0.0
4371,0.8,5,1.0
4372,0.6333333333333333,15,5.5
4374,0.6130653266331658,199,77.0
4375,1.0,23,0.0
4376,1.0,17,0.0
4377,0.5409090909090909,220,101.0
4378,0.0,46,46.0
4380,1.0,16,0.0
4382,0.0,119,119.0
4383,0.8991228070175439,114,11.5
4384,0.8546099290780143,141,20.5
4385,0.8886861313868613,274,30.5
4386,0.0,35,35.0
4387,0.9945652173913043,92,0.5
4388,0.9646464646464646,99,3.5
4389,0.997907949790795,239,0.5
4390,0.5,31,15.5
4391,0.8480769230769231,260,39.5
4393,0.8951048951048951,143,15.0
4394,0.9193548387096774,31,2.5
4395,0.7,95,28.5
4397,0.0,189,189.0
4398,1.0,38,0.0
4399,1.0,261,0.0
4400,0.6037735849056604,53,21.0
4401,0.6354166666666667,48,17.5
4402,0.7857142857142857,161,34.5
4403,0.6944444444444444,216,66.0
4404,0.8741721854304636,151,19.0
4405,0.9924242424242424,66,0.5
4406,1.0,25,0.0
4407,0.0,13,13.0
4408,0.0,19,19.0
4409,0.9901960784313726,153,1.5
4410,0.6190476190476191,84,32.0
4411,1.0,5,0.0
4412,0.6509433962264151,53,18.5
4413,1.0,58,0.0
4414,0.6147894926232458,2779,1070.5
4415,0.0,89,89.0
4416,0.5619047619047619,105,46.0
4417,0.0,73,73.0
4418,1.0,138,0.0
4419,0.6176470588235294,17,6.5
4420,0.0,96,96.0
4421,1.0,46,0.0
4423,1.0,41,0.0
4424,0.96,50,2.0
4426,0.993421052631579,76,0.5
4427,0.6842105263157895,190,60.0
4428,1.0,15,0.0
4429,0.9928571428571429,140,1.0
4430,1.0,136,0.0
4431,0.0,39,39.0
4432,1.0,6,0.0
4433,0.0,56,56.0
4434,0.0,91,91.0
4435,0.0,12,12.0
4436,0.0,86,86.0
4437,0.9712643678160919,174,5.0
4438,1.0,16,0.0
4439,1.0,60,0.0
4440,0.9948453608247423,97,0.5
4441,1.0,3,0.0
4442,0.0,64,64.0
4444,0.922077922077922,77,6.0
4445,0.0,163,163.0
4446,0.0,4,4.0
4447,0.0,58,58.0
4448,0.0,47,47.0
4449,0.5981308411214954,107,43.0
4451,1.0,35,0.0
4452,0.553921568627451,102,45.5
4453,0.9230769230769231,78,6.0
4454,0.9819277108433735,83,1.5
4455,0.0,173,173.0
4456,0.9124087591240876,137,12.0
4457,0.0,144,144.0
4458,0.5,1,0.5
4459,1.0,29,0.0
4460,0.7916666666666666,60,12.5
4461,0.9047619047619048,42,4.0
4462,0.7198795180722892,166,46.5
4463,0.7884615384615384,130,27.5
4464,0.9949494949494949,99,0.5
4465,0.7259887005649718,177,48.5
4466,0.0,128,128.0
4468,0.0,79,79.0
4469,0.9895833333333334,96,1.0
4470,0.9848484848484849,99,1.5
4471,1.0,41,0.0
4472,0.9642857142857143,70,2.5
4473,0.5137614678899083,109,53.0
4474,1.0,49,0.0
4475,0.5,1,0.5
4476,0.0,42,42.0
4477,1.0,2,0.0
4478,1.0,27,0.0
4479,0.9886363636363636,88,1.0
4480,1.0,15,0.0
4481,0.0,61,61.0
4482,1.0,43,0.0
4483,0.6521739130434783,46,16.0
4484,1.0,1,0.0
4485,0.9878048780487805,41,0.5
4487,0.625,28,10.5
4488,0.0,37,37.0
4489,0.9671052631578947,76,2.5
4490,0.0,55,55.0
4491,1.0,13,0.0
4492,0.6153846153846154,143,55.0
4493,0.1548387096774193,155,131.0
4494,1.0,21,0.0
4496,0.9889705882352942,136,1.5
4497,0.0,15,15.0
4498,0.9375,8,0.5
4499,0.9772727272727273,110,2.5
4500,0.9099616858237548,261,23.5
4501,0.7203065134099618,261,73.0
4502,0.0,49,49.0
4503,0.9961832061068703,131,0.5
4504,0.7908163265306123,294,61.5
4505,0.0,79,79.0
4506,0.991304347826087,115,1.0
4507,0.0,30,30.0
4508,1.0,1,0.0
4509,0.5408163265306123,49,22.5
4510,0.0,36,36.0
4511,0.0,57,57.0
4512,1.0,1,0.0
4513,0.9861111111111112,36,0.5
4514,1.0,21,0.0
4515,0.0,39,39.0
4516,1.0,90,0.0
4517,0.9935064935064936,231,1.5
4518,0.55,150,67.5
4519,0.5555555555555556,18,8.0
4520,0.0,77,77.0
4521,0.8310810810810811,74,12.5
4522,0.0,53,53.0
4523,1.0,1,0.0
4524,0.5555555555555556,72,32.0
4525,1.0,175,0.0
4526,0.1132075471698113,106,94.0
4527,0.9591836734693877,98,4.0
4528,0.8505154639175257,194,29.0
4529,0.9615384615384616,13,0.5
4530,0.38,50,31.0
4531,0.6796116504854368,206,66.0
4532,0.7930327868852459,244,50.5
4533,0.0,30,30.0
4534,1.0,41,0.0
4535,0.9054054054054054,37,3.5
4536,0.9956140350877193,114,0.5
4537,1.0,13,0.0
4538,0.7865853658536586,82,17.5
4539,0.96,50,2.0
4540,1.0,140,0.0
4541,1.0,380,0.0
4542,0.9772727272727273,66,1.5
4543,0.9642857142857143,42,1.5
4544,1.0,20,0.0
4545,0.0,6,6.0
4546,0.7303030303030302,165,44.5
4548,0.9855769230769231,104,1.5
4549,0.5196850393700787,127,61.0
4550,0.7341040462427746,173,46.0
4551,0.0,42,42.0
4553,0.0,15,15.0
4554,0.5740740740740741,27,11.5
4555,0.0,10,10.0
4556,0.6345291479820627,223,81.5
4557,1.0,12,0.0
4558,0.0,114,114.0
4559,1.0,5,0.0
4560,1.0,140,0.0
4561,1.0,38,0.0
4562,0.0,89,89.0
4563,0.888,375,42.0
4564,0.0,132,132.0
4565,0.9759615384615384,104,2.5
4566,0.0,88,88.0
4567,1.0,76,0.0
4568,0.0,79,79.0
4569,0.9746376811594203,138,3.5
4570,0.0,219,219.0
4571,0.5144927536231885,69,33.5
4572,0.6923076923076923,26,8.0
4573,0.9125,80,7.0
4574,0.0,65,65.0
4575,0.0,59,59.0
4576,0.5,1,0.5
4577,0.0,45,45.0
4578,1.0,21,0.0
4579,0.0,138,138.0
4580,0.0,1,1.0
4581,0.0,16,16.0
4583,0.7142857142857143,203,58.0
4584,0.0,9,9.0
4585,0.6164237468894419,2813,1079.0
4586,0.5,1,0.5
4587,0.9946236559139785,93,0.5
4588,0.8857142857142857,245,28.0
4589,0.59765625,128,51.5
4590,0.9036144578313253,83,8.0
4591,0.0,89,89.0
4592,1.0,1,0.0
4593,0.9,5,0.5
4594,0.0,48,48.0
4595,1.0,1,0.0
4596,1.0,7,0.0
4597,0.0,2,2.0
4598,0.0,17,17.0
4599,1.0,19,0.0
4600,0.0,58,58.0
4601,0.8809523809523809,189,22.5
4602,0.9375,72,4.5
4603,0.0,49,49.0
4604,0.8121019108280254,157,29.5
4605,1.0,17,0.0
4606,0.0,111,111.0
4607,0.9180327868852459,122,10.0
4608,1.0,9,0.0
4609,1.0,25,0.0
4610,1.0,1,0.0
4611,1.0,23,0.0
4612,0.0,76,76.0
4613,0.8048780487804879,82,16.0
4614,0.8691275167785235,149,19.5
4615,1.0,5,0.0
4617,0.0,36,36.0
4618,1.0,136,0.0
4619,0.9884615384615385,130,1.5
4620,0.0,48,48.0
4621,0.0,50,50.0
4622,0.9953271028037384,107,0.5
4623,0.0,27,27.0
4624,0.78125,16,3.5
4625,0.8875,40,4.5
4627,1.0,31,0.0
4628,1.0,35,0.0
4629,0.5849056603773585,106,44.0
4630,1.0,4,0.0
4631,0.5,1,0.5
4632,0.9930555555555556,144,1.0
4633,0.8188976377952756,127,23.0
4634,1.0,43,0.0
4635,0.5,12,6.0
4636,0.9937106918238994,159,1.0
4638,1.0,44,0.0
4639,0.8190184049079754,163,29.5
4640,1.0,18,0.0
4643,1.0,101,0.0
4644,1.0,76,0.0
4645,0.0,11,11.0
4646,0.6444444444444444,45,16.0
4647,0.9014598540145985,137,13.5
4648,0.8121019108280254,157,29.5
4649,0.9768518518518519,108,2.5
4650,0.0,12,12.0
4651,0.9885057471264368,87,1.0
4652,0.7352941176470589,17,4.5
4653,0.8439024390243902,205,32.0
4654,0.0,152,152.0
4655,0.0,6,6.0
4656,0.0,41,41.0
4657,0.5169491525423728,59,28.5
4658,1.0,36,0.0
4660,1.0,1,0.0
4661,0.9972222222222222,180,0.5
4662,0.8011363636363636,88,17.5
4663,0.5531914893617021,141,63.0
4664,0.9107142857142857,28,2.5
4665,1.0,62,0.0
4666,1.0,2,0.0
4667,0.996875,160,0.5
4668,0.9615384615384616,65,2.5
4669,0.0,37,37.0
4670,0.0,6,6.0
4672,0.0,45,45.0
4673,1.0,142,0.0
4674,1.0,32,0.0
4675,0.0,25,25.0
4676,0.0,116,116.0
4677,0.0,19,19.0
4678,0.0,154,154.0
4679,0.5878378378378378,74,30.5
4680,0.5153846153846153,130,63.0
4681,1.0,19,0.0
4682,0.0,73,73.0
4683,0.0,47,47.0
4684,0.728,125,34.0
4685,0.0,38,38.0
4686,1.0,86,0.0
4687,0.6870748299319728,147,46.0
4688,0.0,1,1.0
4689,0.0,16,16.0
4690,0.9385964912280702,57,3.5
4691,0.0,26,26.0
4692,0.9886363636363636,88,1.0
4693,0.0,49,49.0
4694,0.0,114,114.0
4695,0.0,177,177.0
4696,1.0,162,0.0
4698,0.3214285714285714,126,85.5
4699,1.0,60,0.0
4700,1.0,15,0.0
4701,1.0,70,0.0
4702,0.7389937106918238,159,41.5
4703,1.0,61,0.0
4704,0.7,15,4.5
4705,0.0,2,2.0
4706,0.0,119,119.0
4707,0.9789915966386554,119,2.5
4708,0.0,11,11.0
4709,0.0,37,37.0
4710,0.0,48,48.0
4711,1.0,70,0.0
4712,0.9902912621359223,103,1.0
4713,1.0,77,0.0
4714,0.0,94,94.0
4715,0.9765625,64,1.5
4716,1.0,31,0.0
4717,1.0,1,0.0
4718,0.0,33,33.0
4719,0.96875,80,2.5
4720,1.0,10,0.0
4721,0.0,48,48.0
4722,1.0,25,0.0
4723,0.0,48,48.0
4724,0.9807692307692307,26,0.5
4725,0.6981132075471699,53,16.0
4726,0.0,5,5.0
4727,1.0,9,0.0
4728,0.0,1,1.0
4729,0.7542857142857142,175,43.0
4730,0.6,5,2.0
4731,0.0,35,35.0
4732,0.9545454545454546,11,0.5
4733,0.0,75,75.0
4734,0.0,1,1.0
4736,1.0,6,0.0
4737,0.0,63,63.0
4738,0.9836956521739131,92,1.5
4739,1.0,12,0.0
4740,0.0,45,45.0
4741,0.771978021978022,182,41.5
4742,0.0,125,125.0
4743,0.0,53,53.0
4745,0.0,80,80.0
4746,0.0,52,52.0
4747,1.0,4,0.0
4749,0.0,229,229.0
4750,0.99,50,0.5
4751,0.0,44,44.0
4752,0.0,55,55.0
4754,0.6272727272727272,55,20.5
4755,1.0,1,0.0
4756,0.625,4,1.5
4757,1.0,166,0.0
4758,0.75,8,2.0
4759,0.6538461538461539,52,18.0
4760,0.679245283018868,106,34.0
4761,1.0,16,0.0
4762,0.8125,8,1.5
4763,0.8513513513513513,74,11.0
4764,0.0,44,44.0
4765,0.5,2,1.0
4766,1.0,124,0.0
4767,1.0,112,0.0
4768,1.0,89,0.0
4769,0.0,81,81.0
4770,0.8656716417910448,67,9.0
4771,1.0,28,0.0
4772,1.0,6,0.0
4773,1.0,5,0.0
4775,0.9894736842105263,95,1.0
4776,0.0,136,136.0
4777,0.0,27,27.0
4778,0.9901477832512315,203,2.0
4779,1.0,1,0.0
4780,0.7294685990338164,207,56.0
4781,1.0,34,0.0
4782,0.0,71,71.0
4783,1.0,6,0.0
4784,0.0,11,11.0
4785,0.0,158,158.0
4786,0.9927007299270073,137,1.0
4787,0.0,100,100.0
4788,0.6567164179104478,134,46.0
4789,0.537037037037037,81,37.5
4790,0.0,1,1.0
4791,0.98,25,0.5
4792,0.9849246231155779,199,3.0
4793,0.9797297297297297,148,3.0
4794,1.0,49,0.0
4795,0.9903225806451613,155,1.5
4796,0.0,78,78.0
4797,0.6395348837209303,86,31.0
4798,0.0,5,5.0
4799,0.2857142857142857,105,75.0
4800,0.0,147,147.0
4801,0.7857142857142857,42,9.0
4802,0.8571428571428572,7,1.0
4803,0.6153846153846154,26,10.0
4804,0.7857142857142857,7,1.5
4805,0.0,90,90.0
4806,1.0,1,0.0
4807,0.7735849056603774,159,36.0
4808,0.0,93,93.0
4809,0.9647887323943662,71,2.5
4810,1.0,27,0.0
4811,0.0,24,24.0
4812,1.0,1,0.0
4814,0.7714285714285715,175,40.0
4815,0.8127962085308057,211,39.5
4816,0.7805555555555556,180,39.5
4818,0.0,53,53.0
4819,0.9863013698630136,146,2.0
4820,0.0,175,175.0
4821,0.5517241379310345,87,39.0
4822,0.5,1,0.5
4823,0.0,39,39.0
4824,0.6521739130434783,23,8.0
4825,0.6428571428571428,14,5.0
4826,0.0,1,1.0
4828,0.9307692307692308,325,22.5
4829,1.0,18,0.0
4830,1.0,50,0.0
4831,0.0,17,17.0
4832,0.0,9,9.0
4833,0.9903846153846154,156,1.5
4834,1.0,62,0.0
4835,0.8424657534246576,73,11.5
4836,0.9466019417475728,103,5.5
4837,1.0,91,0.0
4838,1.0,125,0.0
4839,0.9652777777777778,72,2.5
4840,0.0,10,10.0
4841,0.96875,16,0.5
4842,1.0,71,0.0
4844,0.975,20,0.5
4845,1.0,100,0.0
4846,0.0,48,48.0
4847,0.9972067039106145,179,0.5
4848,1.0,99,0.0
4849,0.8787878787878788,33,4.0
4850,1.0,58,0.0
4851,0.6538461538461539,13,4.5
4853,0.7853982300884956,226,48.5
4854,1.0,26,0.0
4855,0.7857142857142857,7,1.5
4856,0.9964539007092199,141,0.5
4857,0.0,92,92.0
4858,0.0,26,26.0
4859,1.0,1,0.0
4860,1.0,152,0.0
4861,0.0,155,155.0
4862,1.0,9,0.0
4863,0.9897959183673469,98,1.0
4865,1.0,149,0.0
4866,0.9587155963302753,109,4.5
4867,0.556338028169014,142,63.0
4868,1.0,182,0.0
4869,0.9878048780487805,123,1.5
4870,1.0,179,0.0
4873,0.8221476510067114,149,26.5
4874,0.6875,40,12.5
4875,0.6,60,24.0
4876,0.7142857142857143,161,46.0
4877,1.0,71,0.0
4878,0.8444444444444444,45,7.0
4879,0.0,16,16.0
4880,0.0,98,98.0
4882,0.9184782608695652,92,7.5
4883,0.0,6,6.0
4884,1.0,27,0.0
4885,0.9675324675324676,77,2.5
4886,0.5714285714285714,91,39.0
4887,0.047169811320754707,53,50.5
4888,1.0,48,0.0
4889,0.8348623853211009,109,18.0
4890,1.0,64,0.0
4891,0.9586776859504132,121,5.0
4892,0.0,24,24.0
4893,0.0,45,45.0
4894,0.9925925925925926,135,1.0
4895,1.0,85,0.0
4896,0.5,67,33.5
4897,0.0,13,13.0
4898,0.0,54,54.0
4900,0.9850746268656716,67,1.0
4901,0.875,8,1.0
4903,0.7375,40,10.5
4904,0.6870748299319728,147,46.0
4906,0.8725490196078431,51,6.5
4907,0.9545454545454546,88,4.0
4908,0.0,14,14.0
4909,0.9512195121951219,82,4.0
4910,0.0,26,26.0
4911,0.9113924050632911,79,7.0
4912,1.0,29,0.0
4914,0.5,1,0.5
4915,0.6351351351351351,37,13.5
4916,1.0,54,0.0
4917,0.0,43,43.0
4918,0.0,79,79.0
4919,0.7272727272727273,66,18.0
4921,0.0,107,107.0
4922,0.9787234042553191,94,2.0
4923,0.0,19,19.0
4924,1.0,25,0.0
4925,0.0,57,57.0
4926,0.0,29,29.0
4927,0.0,115,115.0
4928,0.0,42,42.0
4929,0.0,79,79.0
4932,0.5,2,1.0
4933,0.5619047619047619,105,46.0
4934,0.5297029702970297,101,47.5
4935,1.0,169,0.0
4936,0.991304347826087,115,1.0
4937,0.17307692307692313,52,43.0
4938,0.0,102,102.0
4939,1.0,1,0.0
4940,0.9833333333333333,120,2.0
4941,1.0,133,0.0
4942,0.6176470588235294,17,6.5
4944,0.0,24,24.0
4945,0.0,22,22.0
4946,0.0,96,96.0
4947,0.0,59,59.0
4948,0.0,90,90.0
4949,1.0,36,0.0
4950,0.6932515337423313,163,50.0
4951,1.0,37,0.0
4952,0.7256637168141593,339,93.0
4953,0.9912280701754386,57,0.5
4954,0.6170212765957447,94,36.0
4955,0.9794520547945206,73,1.5
4957,1.0,9,0.0
4958,1.0,12,0.0
4960,1.0,23,0.0
4961,0.7389937106918238,159,41.5
4963,0.0,43,43.0
4964,0.0,18,18.0
4965,1.0,1,0.0
4966,0.9921259842519685,127,1.0
4967,0.0,24,24.0
4968,0.0,19,19.0
4969,1.0,77,0.0
4970,0.9166666666666666,6,0.5
4971,0.0,99,99.0
4972,0.7011494252873562,87,26.0
4973,0.0,30,30.0
4974,1.0,1,0.0
4975,0.9973544973544973,189,0.5
4976,0.0,84,84.0
4977,0.0,24,24.0
4978,0.0,53,53.0
4979,0.9965034965034965,143,0.5
4980,1.0,4,0.0
4981,0.8984962406015038,133,13.5
4982,0.956140350877193,57,2.5
4983,0.5571428571428572,70,31.0
4984,0.0,150,150.0
4985,1.0,4,0.0
4986,0.0,10,10.0
4988,0.9954954954954955,111,0.5
4989,1.0,98,0.0
4990,0.0,48,48.0
4991,0.736842105263158,114,30.0
4992,0.0,33,33.0
4993,0.9626168224299065,107,4.0
4994,0.0,13,13.0
4996,1.0,11,0.0
4997,0.5714285714285714,7,3.0
4998,1.0,59,0.0
4999,0.8392857142857143,56,9.0
5000,0.0,21,21.0
5001,0.0,7,7.0
5002,0.0,12,12.0
5003,0.0,13,13.0
5004,1.0,1,0.0
5005,0.6683050847457628,2950,978.5
5006,0.0,47,47.0
5007,0.0,155,155.0
5008,0.9840425531914894,94,1.5
5009,1.0,11,0.0
5010,1.0,1,0.0
5011,0.6754560530679934,3015,978.5
5012,0.8769230769230769,65,8.0
5013,0.0,105,105.0
5014,0.0,55,55.0
5015,0.0,114,114.0
5016,0.0,1,1.0
5017,0.0,104,104.0
5018,0.0,38,38.0
5019,0.9863013698630136,73,1.0
5020,1.0,26,0.0
5021,0.9210526315789473,19,1.5
5022,0.0,5,5.0
5023,0.0,127,127.0
5024,0.0,28,28.0
5026,0.0,1,1.0
5027,1.0,36,0.0
5028,0.9145299145299145,117,10.0
5029,0.9745762711864406,59,1.5
5030,0.8290322580645162,155,26.5
5031,0.8136363636363636,220,41.0
5033,0.5697674418604651,86,37.0
5034,0.0,71,71.0
5035,0.0,93,93.0
5036,1.0,17,0.0
5037,0.0,40,40.0
5039,0.0,131,131.0
5040,1.0,54,0.0
5041,1.0,8,0.0
5042,0.0,138,138.0
5043,0.0,122,122.0
5044,0.8055555555555556,36,7.0
5046,0.9736842105263158,19,0.5
5047,0.7336448598130841,107,28.5
5048,0.0,31,31.0
5049,1.0,51,0.0
5050,0.0,49,49.0
5051,0.9782608695652174,69,1.5
5052,0.0,5,5.0
5053,1.0,48,0.0
5054,0.0,16,16.0
5055,0.9962121212121212,132,0.5
5056,0.84375,160,25.0
5057,1.0,178,0.0
5059,0.0,5,5.0
5060,0.0,55,55.0
5061,0.9882352941176471,170,2.0
5062,0.6734693877551021,49,16.0
5063,1.0,5,0.0
5064,0.5459183673469388,98,44.5
5065,0.9912280701754386,57,0.5
5066,1.0,140,0.0
5067,0.5315315315315315,111,52.0
5068,0.0,55,55.0
5069,0.0,71,71.0
5070,0.9857142857142858,105,1.5
5071,1.0,25,0.0
5072,0.0,61,61.0
5073,0.9964539007092199,141,0.5
5074,0.5,2,1.0
5075,1.0,19,0.0
5076,1.0,1,0.0
5077,0.5948275862068966,58,23.5
5078,0.0,57,57.0
5079,1.0,114,0.0
5080,1.0,1,0.0
5081,1.0,10,0.0
5082,1.0,18,0.0
5083,1.0,89,0.0
5084,0.0,39,39.0
5085,0.5454545454545454,121,55.0
5086,1.0,34,0.0
5087,0.9920634920634921,63,0.5
5088,1.0,46,0.0
5089,0.8118131868131868,364,68.5
5090,0.0,90,90.0
5091,1.0,2,0.0
5092,1.0,19,0.0
5093,0.558252427184466,103,45.5
5094,0.9736842105263158,38,1.0
5095,1.0,67,0.0
5096,0.0,69,69.0
5097,1.0,74,0.0
5098,1.0,1,0.0
5099,1.0,1,0.0
5101,1.0,16,0.0
5102,0.0,202,202.0
5103,0.0,125,125.0
5104,0.0,132,132.0
5106,1.0,29,0.0
5107,1.0,103,0.0
5108,0.9924242424242424,132,1.0
5109,1.0,2,0.0
5110,0.5483870967741935,93,42.0
5112,0.0,11,11.0
5113,1.0,40,0.0
5114,0.9891304347826086,46,0.5
5115,1.0,1,0.0
5116,0.9117647058823529,51,4.5
5117,0.0,18,18.0
5118,0.73109243697479,119,32.0
5119,0.0,81,81.0
5120,1.0,46,0.0
5121,0.7295081967213115,61,16.5
5122,1.0,2,0.0
5123,1.0,131,0.0
5124,0.0,18,18.0
5125,0.0,132,132.0
5126,0.775462962962963,216,48.5
5127,0.0,1,1.0
5128,1.0,24,0.0
5129,0.28365384615384615,104,74.5
5130,1.0,1,0.0
5131,0.9948453608247423,97,0.5
5133,0.5588235294117647,17,7.5
5134,0.990909090909091,55,0.5
5135,0.0,72,72.0
5136,0.6989247311827957,186,56.0
5137,0.0,16,16.0
5138,0.5384615384615384,130,60.0
5139,1.0,4,0.0
5140,0.0,29,29.0
5141,0.5,1,0.5
5142,1.0,175,0.0
5143,0.7037037037037037,27,8.0
5145,0.0,11,11.0
5146,1.0,19,0.0
5147,0.0,90,90.0
5148,1.0,27,0.0
5149,0.0,86,86.0
5150,0.9838709677419355,124,2.0
5151,1.0,107,0.0
5152,0.7482517482517482,143,36.0
5153,0.9541666666666667,120,5.5
5154,0.7226890756302521,119,33.0
5155,0.8894736842105263,190,21.0
5156,0.0,1,1.0
5157,0.0,32,32.0
5158,1.0,8,0.0
5159,1.0,6,0.0
5161,1.0,15,0.0
5162,0.5,1,0.5
5163,0.9078212290502793,179,16.5
5164,0.0,150,150.0
5165,0.0,72,72.0
5166,0.9836956521739131,92,1.5
5167,0.8421052631578947,133,21.0
5168,1.0,39,0.0
5169,0.8384615384615385,130,21.0
5170,0.5,1,0.5
5171,0.5,1,0.5
5172,0.0,41,41.0
5173,1.0,150,0.0
5174,0.0,121,121.0
5175,0.9387755102040817,147,9.0
5176,1.0,35,0.0
5177,1.0,15,0.0
5178,0.9868421052631579,114,1.5
5179,0.7025641025641025,195,58.0
5180,1.0,51,0.0
5181,0.0,27,27.0
5182,1.0,11,0.0
5183,0.550561797752809,89,40.0
5184,1.0,43,0.0
5185,0.6566666666666667,150,51.5
5186,0.9411764705882353,17,1.0
5187,0.0,10,10.0
5188,0.0,113,113.0
5189,0.5979381443298969,97,39.0
5190,1.0,57,0.0
5191,0.7647058823529411,34,8.0
5192,0.0,77,77.0
5193,0.0,66,66.0
5194,1.0,86,0.0
5195,0.0,170,170.0
5196,1.0,17,0.0
5197,0.0,135,135.0
5198,0.0,37,37.0
5199,1.0,162,0.0
5200,0.851145038167939,131,19.5
5201,0.0,71,71.0
5202,0.0,71,71.0
5203,0.0,10,10.0
5204,0.0,30,30.0
5205,0.9666666666666667,30,1.0
5206,0.0,13,13.0
5207,1.0,80,0.0
5208,1.0,4,0.0
5209,0.0,36,36.0
5210,1.0,55,0.0
5211,1.0,74,0.0
5212,1.0,61,0.0
5213,1.0,56,0.0
5214,0.0,60,60.0
5215,0.0,150,150.0
5218,1.0,21,0.0
5221,0.9861111111111112,36,0.5
5223,0.0,24,24.0
5224,0.990990990990991,111,1.0
5225,0.55,130,58.5
5227,0.9924812030075187,133,1.0
5228,1.0,33,0.0
5229,0.5,1,0.5
5230,0.8,10,2.0
5231,0.0,83,83.0
5233,0.9545454545454546,11,0.5
5234,0.7876106194690266,113,24.0
5236,1.0,29,0.0
5237,1.0,15,0.0
5238,0.9935064935064936,77,0.5
5239,0.5991735537190083,121,48.5
5241,0.0,96,96.0
5243,0.0,85,85.0
5244,0.5263157894736843,152,72.0
5245,0.985,100,1.5
5246,1.0,29,0.0
5248,1.0,20,0.0
5250,0.5,1,0.5
5251,0.0,129,129.0
5252,0.5714285714285714,7,3.0
5253,0.0,94,94.0
5254,0.8703703703703703,135,17.5
5255,0.9879518072289156,166,2.0
5256,0.0,96,96.0
5257,1.0,38,0.0
5258,1.0,79,0.0
5259,0.0,41,41.0
5260,1.0,79,0.0
5261,0.0,20,20.0
5262,0.0,1,1.0
5263,1.0,1,0.0
5264,0.9967105263157895,152,0.5
5265,0.0,156,156.0
5266,1.0,134,0.0
5267,0.5,1,0.5
5268,1.0,9,0.0
5269,0.9765625,192,4.5
5270,0.8333333333333334,6,1.0
5271,0.0,19,19.0
5272,0.0,111,111.0
5273,0.8571428571428572,49,7.0
5274,1.0,1,0.0
5275,1.0,25,0.0
5276,0.9935897435897436,234,1.5
5277,0.0,9,9.0
5278,0.5152671755725191,131,63.5
5279,1.0,192,0.0
5280,0.6521739130434783,46,16.0
5281,0.0,39,39.0
5283,1.0,145,0.0
5284,1.0,42,0.0
5285,0.5,3,1.5
5286,1.0,1,0.0
5287,1.0,1,0.0
5288,0.8097826086956521,92,17.5
5289,0.9583333333333334,24,1.0
5291,1.0,1,0.0
5292,0.751412429378531,177,44.0
5293,1.0,9,0.0
5294,0.0,10,10.0
5295,1.0,137,0.0
5296,0.0,131,131.0
5299,1.0,4,0.0
5300,0.0,49,49.0
5302,1.0,29,0.0
5303,0.0,31,31.0
5304,0.7727272727272727,44,10.0
5307,1.0,66,0.0
5308,0.0,93,93.0
5309,1.0,79,0.0
5310,0.8846153846153846,143,16.5
5311,1.0,7,0.0
5312,0.9857142857142858,70,1.0
5313,1.0,8,0.0
5314,0.0,13,13.0
5315,0.0,22,22.0
5316,0.0,17,17.0
5317,0.6515151515151515,132,46.0
5318,0.0,24,24.0
5319,0.0,8,8.0
5320,0.9712230215827338,139,4.0
5321,0.0,39,39.0
5322,1.0,5,0.0
5323,0.9873096446700508,197,2.5
5324,0.9571428571428572,70,3.0
5325,1.0,1,0.0
5327,0.5054347826086957,92,45.5
5328,0.0,1,1.0
5329,0.9148936170212766,47,4.0
5330,1.0,32,0.0
5331,0.0,13,13.0
5332,1.0,50,0.0
5334,0.0,98,98.0
5335,0.0,6,6.0
5336,0.6887755102040816,98,30.5
5337,0.0,78,78.0
5338,0.9583333333333334,12,0.5
5339,1.0,100,0.0
5340,0.9901960784313726,102,1.0
5341,0.5714285714285714,7,3.0
5342,0.0,63,63.0
5344,0.6137254901960785,2805,1083.5
5346,0.8823529411764706,17,2.0
5347,0.0,55,55.0
5348,0.9299999999999999,100,7.0
5349,0.0,55,55.0
5350,0.8025210084033614,119,23.5
5351,0.9947916666666666,96,0.5
5352,0.9758620689655172,145,3.5
5353,1.0,1,0.0
5354,0.9711538461538461,52,1.5
5355,1.0,18,0.0
5357,0.7233009708737864,103,28.5
5358,1.0,15,0.0
5359,0.0,86,86.0
5360,0.9938271604938271,162,1.0
5361,0.7897727272727273,88,18.5
5363,0.7083333333333333,12,3.5
5364,0.5984848484848485,66,26.5
5366,1.0,9,0.0
5367,1.0,6,0.0
5368,0.8367346938775511,196,32.0
5369,1.0,4,0.0
5370,0.6666666666666667,18,6.0
5371,1.0,57,0.0
5372,0.5,22,11.0
5373,1.0,78,0.0
5374,1.0,5,0.0
5375,0.9960629921259843,127,0.5
5376,0.0,41,41.0
5377,0.5,1,0.5
5378,0.7946428571428572,168,34.5
5379,0.6971830985915493,71,21.5
5380,1.0,24,0.0
5381,0.0,27,27.0
5382,1.0,1,0.0
5383,0.0,66,66.0
5384,1.0,115,0.0
5385,0.0,75,75.0
5386,0.0,74,74.0
5387,1.0,67,0.0
5388,0.0,56,56.0
5391,0.5,35,17.5
5393,1.0,16,0.0
5394,0.5625,40,17.5
5395,0.9615384615384616,65,2.5
5396,0.9671052631578947,76,2.5
5397,1.0,55,0.0
5398,0.0,65,65.0
5399,0.019230769230769273,130,127.5
5400,1.0,9,0.0
5401,1.0,2,0.0
5402,0.6029411764705883,68,27.0
5403,1.0,107,0.0
5404,0.0,46,46.0
5405,0.625,20,7.5
5406,0.7661870503597122,139,32.5
5407,0.9783464566929134,254,5.5
5408,1.0,104,0.0
5409,1.0,138,0.0
5411,0.0,29,29.0
5412,1.0,1,0.0
5413,1.0,33,0.0
5414,0.0,28,28.0
5415,1.0,151,0.0
5416,0.8402366863905325,169,27.0
5417,0.962962962962963,54,2.0
5418,1.0,101,0.0
5419,1.0,64,0.0
5420,0.0,9,9.0
5421,0.0,54,54.0
5422,0.9456521739130435,46,2.5
5423,0.0,81,81.0
5424,0.0,80,80.0
5426,1.0,56,0.0
5427,1.0,23,0.0
5428,0.0,141,141.0
5429,0.6666666666666667,3,1.0
5430,0.0,90,90.0
5431,0.0,54,54.0
5432,0.0,114,114.0
5435,0.5666666666666667,15,6.5
5436,0.0,53,53.0
5437,0.0,34,34.0
5438,1.0,18,0.0
5439,0.8333333333333334,63,10.5
5440,1.0,25,0.0
5441,0.0,96,96.0
5442,1.0,6,0.0
5443,0.0,11,11.0
5444,1.0,19,0.0
5445,0.0,39,39.0
5446,0.0,64,64.0
5447,0.9905660377358491,53,0.5
5449,0.0,103,103.0
5450,0.0,12,12.0
5451,1.0,23,0.0
5452,0.0,138,138.0
5453,1.0,11,0.0
5454,0.0,8,8.0
5455,0.9954128440366973,109,0.5
5456,0.9924242424242424,66,0.5
5457,1.0,28,0.0
5458,1.0,23,0.0
5459,0.5,22,11.0
5460,0.0,59,59.0
5461,0.0,89,89.0
5462,1.0,10,0.0
5463,0.0,61,61.0
5465,0.9958677685950413,121,0.5
5466,0.05319148936170215,47,44.5
5467,0.5,4,2.0
5468,0.0,199,199.0
5469,0.0,82,82.0
5470,0.0,47,47.0
5471,0.0,26,26.0
5473,0.0,96,96.0
5474,1.0,20,0.0
5475,0.7608695652173914,23,5.5
5476,0.9835164835164835,91,1.5
5478,1.0,80,0.0
5480,1.0,7,0.0
5481,0.0,21,21.0
5482,0.6666666666666667,3,1.0
5483,1.0,16,0.0
5484,0.0,1,1.0
5485,1.0,1,0.0
5486,0.0,108,108.0
5487,0.0,24,24.0
5488,0.9848484848484849,66,1.0
5489,1.0,10,0.0
5491,1.0,117,0.0
5492,1.0,6,0.0
5493,1.0,1,0.0
5494,1.0,186,0.0
5495,0.8514492753623188,138,20.5
5496,0.6593137254901961,204,69.5
5497,0.0,94,94.0
5498,0.5833333333333333,6,2.5
5499,1.0,2,0.0
5500,0.0,69,69.0
5502,0.994475138121547,181,1.0
5505,1.0,81,0.0
5506,0.625,20,7.5
5507,1.0,10,0.0
5508,0.42307692307692313,91,52.5
5509,0.0,59,59.0
5510,0.0,144,144.0
5511,0.5125,80,39.0
5512,0.804093567251462,171,33.5
5513,0.0,139,139.0
5514,1.0,42,0.0
5515,0.0,28,28.0
5516,0.0,40,40.0
5517,0.9859154929577465,142,2.0
5518,0.0,12,12.0
5519,1.0,9,0.0
5520,1.0,2,0.0
5522,0.6333333333333333,15,5.5
5523,0.0,69,69.0
5524,0.07250000000000001,200,185.5
5525,1.0,1,0.0
5527,1.0,18,0.0
5528,0.9049586776859504,121,11.5
5529,0.8636363636363636,11,1.5
5530,0.0,146,146.0
5531,0.0,86,86.0
5533,1.0,1,0.0
5534,0.0,3,3.0
5535,0.9672131147540983,122,4.0
5536,1.0,1,0.0
5537,1.0,59,0.0
5538,1.0,5,0.0
5539,0.9859154929577465,71,1.0
5540,0.0,91,91.0
5541,1.0,17,0.0
5542,0.0,76,76.0
5543,0.0,68,68.0
5544,1.0,1,0.0
5545,0.5811965811965811,117,49.0
5546,0.7052631578947368,95,28.0
5547,0.625,4,1.5
5548,1.0,3,0.0
5549,0.5,1,0.5
5550,0.8202247191011236,89,16.0
5551,0.5,3,1.5
5553,0.9863013698630136,146,2.0
5554,0.0,5,5.0
5555,1.0,2,0.0
5556,0.9859154929577465,142,2.0
5557,1.0,7,0.0
5558,0.0,76,76.0
5559,0.9212121212121213,165,13.0
5560,0.0,58,58.0
5562,0.6,10,4.0
5563,1.0,53,0.0
5564,0.9923076923076923,130,1.0
5565,0.0,112,112.0
5566,0.7877358490566038,106,22.5
5567,0.75,194,48.5
5568,1.0,1,0.0
5569,1.0,1,0.0
5570,0.984375,32,0.5
5571,0.7183098591549295,71,20.0
5572,0.0,51,51.0
5574,1.0,11,0.0
5575,0.0,6,6.0
5576,0.0,60,60.0
5577,0.9264705882352942,102,7.5
5578,0.9615384615384616,13,0.5
5579,0.8913043478260869,23,2.5
5580,0.0,6,6.0
5581,0.0,79,79.0
5582,0.8809523809523809,21,2.5
5583,0.9915254237288136,59,0.5
5584,0.6904761904761905,21,6.5
5585,0.9033613445378151,119,11.5
5586,0.9823008849557522,113,2.0
5587,0.0,89,89.0
5588,1.0,97,0.0
5589,0.0,18,18.0
5590,1.0,25,0.0
5591,1.0,57,0.0
5592,1.0,1,0.0
5593,0.0,82,82.0
5594,0.0,20,20.0
5595,1.0,16,0.0
5596,1.0,5,0.0
5598,1.0,32,0.0
5599,1.0,19,0.0
5600,1.0,2,0.0
5601,0.029761904761904767,84,81.5
5602,0.0,7,7.0
5603,0.9782608695652174,69,1.5
5604,0.7352941176470589,34,9.0
5605,1.0,41,0.0
5606,0.9946808510638298,94,0.5
5607,0.9960629921259843,127,0.5
5608,0.5309734513274336,113,53.0
5609,0.9890510948905109,137,1.5
5610,0.9789473684210527,95,2.0
5611,0.984375,32,0.5
5612,0.53125,96,45.0
5613,0.0,77,77.0
5615,0.975,20,0.5
5616,0.9523809523809523,84,4.0
5617,0.0,13,13.0
5618,0.5,3,1.5
5619,0.0,25,25.0
5620,0.0,26,26.0
5621,1.0,65,0.0
5622,0.9868421052631579,114,1.5
5623,0.8149606299212598,127,23.5
5624,0.875,12,1.5
5625,1.0,22,0.0
5626,0.0,156,156.0
5627,1.0,61,0.0
5628,0.0,30,30.0
5629,0.0,12,12.0
5630,0.0,1,1.0
5631,1.0,26,0.0
5632,1.0,91,0.0
5633,0.6557377049180328,61,21.0
5634,0.0,153,153.0
5635,0.655813953488372,215,74.0
5638,1.0,23,0.0
5639,0.0,95,95.0
5640,0.0,53,53.0
5641,1.0,21,0.0
5642,0.0,1,1.0
5643,1.0,17,0.0
5644,0.5,1,0.5
5645,0.5182481751824817,137,66.0
5646,0.0,94,94.0
5647,0.0,33,33.0
5649,0.0,15,15.0
5650,0.0,23,23.0
5651,0.7777777777777778,45,10.0
5652,1.0,54,0.0
5653,1.0,261,0.0
5654,1.0,1,0.0
5655,1.0,13,0.0
5656,1.0,4,0.0
5657,1.0,59,0.0
5658,0.0,35,35.0
5659,0.0,121,121.0
5660,0.6555555555555556,45,15.5
5661,0.0,13,13.0
5662,0.9705882352941176,51,1.5
5663,0.0,50,50.0
5664,1.0,1,0.0
5665,0.0,73,73.0
5666,0.5,1,0.5
5667,0.0,79,79.0
5668,0.5714285714285714,14,6.0
5669,0.0,26,26.0
5670,0.18181818181818177,66,54.0
5671,0.0,24,24.0
5672,0.6280487804878049,82,30.5
5673,0.0,29,29.0
5674,1.0,11,0.0
5675,0.0,19,19.0
5676,0.5,2,1.0
5677,0.0,62,62.0
5678,0.5,3,1.5
5679,1.0,139,0.0
5680,1.0,22,0.0
5682,1.0,1,0.0
5683,0.0,15,15.0
5684,0.6923076923076923,13,4.0
5685,1.0,31,0.0
5686,1.0,66,0.0
5687,1.0,22,0.0
5688,0.5703125,64,27.5
5689,0.0,65,65.0
5690,1.0,1,0.0
5691,0.9896907216494846,97,1.0
5692,0.0,96,96.0
5693,1.0,1,0.0
5694,1.0,35,0.0
5695,1.0,1,0.0
5696,0.0,40,40.0
5697,0.0,25,25.0
5698,0.6623376623376623,154,52.0
5699,1.0,9,0.0
5700,1.0,9,0.0
5701,1.0,2,0.0
5702,0.9929577464788732,71,0.5
5703,0.9367816091954023,87,5.5
5704,0.6008403361344538,119,47.5
5705,1.0,51,0.0
5706,0.5,1,0.5
5707,1.0,1,0.0
5708,0.0,138,138.0
5709,1.0,77,0.0
5713,0.0,106,106.0
5714,0.9087591240875912,137,12.5
5715,0.5,3,1.5
5717,1.0,45,0.0
5718,0.0,9,9.0
5719,1.0,15,0.0
5720,0.0,47,47.0
5721,0.7037037037037037,27,8.0
5722,0.0,58,58.0
5723,1.0,3,0.0
5724,1.0,1,0.0
5725,0.0,199,199.0
5726,0.0,38,38.0
5727,0.6333333333333333,15,5.5
5728,0.5,1,0.5
5729,0.0,42,42.0
5730,1.0,8,0.0
5731,1.0,17,0.0
5732,0.8416666666666667,60,9.5
5734,0.7352941176470589,17,4.5
5735,1.0,48,0.0
5736,0.0,173,173.0
5737,1.0,12,0.0
5738,0.0,1,1.0
5739,1.0,1,0.0
5740,0.5,6,3.0
5741,0.0,18,18.0
5742,0.0,75,75.0
5743,0.0,33,33.0
5744,0.0,59,59.0
5745,0.9197530864197531,81,6.5
5746,0.0,40,40.0
5747,0.0,12,12.0
5748,0.8916666666666666,60,6.5
5749,0.0,12,12.0
5750,0.0,61,61.0
5752,0.0,69,69.0
5753,0.85,10,1.5
5754,1.0,7,0.0
5755,0.88,75,9.0
5756,0.6098901098901099,91,35.5
5757,0.0,10,10.0
5758,1.0,41,0.0
5759,0.9652777777777778,72,2.5
5760,0.9917355371900827,121,1.0
5761,1.0,1,0.0
5762,0.9880952380952381,168,2.0
5764,0.641025641025641,78,28.0
5765,0.0,97,97.0
5766,1.0,195,0.0
5767,0.0,24,24.0
5768,1.0,53,0.0
5769,1.0,10,0.0
5770,1.0,9,0.0
5771,0.9180327868852459,122,10.0
5772,0.5625,16,7.0
5773,1.0,105,0.0
5774,1.0,29,0.0
5775,1.0,27,0.0
5776,0.0,38,38.0
5777,1.0,1,0.0
5778,1.0,1,0.0
5779,0.7333333333333334,60,16.0
5780,0.0,1,1.0
5781,1.0,29,0.0
5782,0.0,63,63.0
5783,1.0,10,0.0
5784,1.0,65,0.0
5786,0.8055555555555556,72,14.0
5787,0.0,131,131.0
5788,0.6538461538461539,13,4.5
5789,1.0,87,0.0
5790,0.9736842105263158,76,2.0
5791,1.0,23,0.0
5792,0.0,11,11.0
5793,0.7105263157894737,19,5.5
5794,0.0,27,27.0
5795,0.0,77,77.0
5796,1.0,1,0.0
5797,0.9933333333333333,75,0.5
5798,0.8333333333333334,6,1.0
5799,0.0,79,79.0
5800,0.0,110,110.0
5801,0.9946236559139785,186,1.0
5802,0.9819277108433735,83,1.5
5803,0.5655172413793104,145,63.0
5805,0.696078431372549,51,15.5
5806,0.0,12,12.0
5807,0.0,9,9.0
5808,1.0,24,0.0
5809,1.0,13,0.0
5810,0.52,150,72.0
5812,1.0,5,0.0
5813,0.9791666666666666,72,1.5
5814,0.0,101,101.0
5815,0.5,1,0.5
5816,1.0,14,0.0
5817,1.0,46,0.0
5818,0.5,1,0.5
5819,0.8840579710144928,69,8.0
5820,0.9901960784313726,51,0.5
5822,0.6681926076636148,2949,978.5
5823,0.0,66,66.0
5824,0.0,58,58.0
5825,0.0,74,74.0
5826,1.0,97,0.0
5827,0.16901408450704225,71,59.0
5828,0.0,21,21.0
5829,0.8716216216216216,148,19.0
5830,1.0,66,0.0
5831,1.0,52,0.0
5832,0.0,20,20.0
5833,1.0,21,0.0
5834,0.0,12,12.0
5835,0.95,10,0.5
5836,0.0,94,94.0
5837,0.0,124,124.0
5838,0.8571428571428572,7,1.0
5839,1.0,20,0.0
5840,1.0,5,0.0
5841,0.0,2,2.0
5842,1.0,30,0.0
5844,0.0,78,78.0
5845,0.9702380952380952,84,2.5
5846,0.0,32,32.0
5847,1.0,15,0.0
5848,1.0,26,0.0
5849,0.0,187,187.0
5850,1.0,1,0.0
5851,1.0,1,0.0
5852,1.0,1,0.0
5853,0.0,102,102.0
5854,0.9525862068965517,116,5.5
5855,0.0,22,22.0
5856,0.0,15,15.0
5857,0.9961538461538462,130,0.5
5858,0.0,41,41.0
5859,0.925,20,1.5
5861,0.9929577464788732,142,1.0
5862,0.0,1,1.0
5863,0.7058823529411764,34,10.0
5864,0.0,3,3.0
5865,0.5,1,0.5
5866,0.25384615384615383,65,48.5
5867,0.0,68,68.0
5868,1.0,47,0.0
5870,0.0,25,25.0
5871,0.0,49,49.0
5872,0.0,94,94.0
5873,0.6428571428571428,14,5.0
5875,1.0,33,0.0
5876,1.0,13,0.0
5877,0.0,1,1.0
5878,0.2857142857142857,7,5.0
5879,0.22499999999999998,40,31.0
5880,0.0,16,16.0
5881,1.0,55,0.0
5882,1.0,81,0.0
5883,0.0,83,83.0
5884,1.0,23,0.0
5885,0.0,50,50.0
5886,1.0,8,0.0
5887,0.0,35,35.0
5888,0.9901960784313726,51,0.5
5889,1.0,4,0.0
5890,0.8333333333333334,27,4.5
5891,1.0,10,0.0
5892,1.0,75,0.0
5893,0.0,106,106.0
5894,0.9972972972972973,185,0.5
5895,0.5333333333333333,75,35.0
5896,1.0,11,0.0
5897,1.0,30,0.0
5898,0.6666666666666667,54,18.0
5899,0.9672897196261683,107,3.5
5900,1.0,3,0.0
5901,0.0,42,42.0
5902,0.0,62,62.0
5903,0.0,58,58.0
5904,0.0,36,36.0
5905,0.0,40,40.0
5906,1.0,36,0.0
5907,0.0,49,49.0
5908,0.0,53,53.0
5909,0.0,110,110.0
5910,1.0,5,0.0
5911,1.0,1,0.0
5912,1.0,17,0.0
5913,0.0,54,54.0
5914,0.9476584022038568,363,19.0
5915,0.0,15,15.0
5916,0.0,23,23.0
5917,0.0,10,10.0
5920,0.0,75,75.0
5921,0.0,21,21.0
5923,0.0,39,39.0
5924,0.0,1,1.0
5926,0.0,87,87.0
5927,1.0,6,0.0
5928,1.0,1,0.0
5931,0.5763888888888888,72,30.5
5934,1.0,133,0.0
5935,0.0,161,161.0
5936,0.5619047619047619,105,46.0
5937,0.9969325153374233,163,0.5
5938,0.0,21,21.0
5939,0.0,52,52.0
5940,0.0,32,32.0
5941,1.0,8,0.0
5942,0.0,30,30.0
5943,0.5,1,0.5
5944,0.0,88,88.0
5945,0.0,54,54.0
5946,1.0,42,0.0
5947,1.0,132,0.0
5948,1.0,1,0.0
5949,1.0,31,0.0
5951,1.0,18,0.0
5952,0.99,50,0.5
5953,0.75,6,1.5
5954,0.7888888888888889,90,19.0
5955,1.0,29,0.0
5957,1.0,25,0.0
5958,0.9944444444444445,90,0.5
5959,0.0,6,6.0
5961,0.5,2,1.0
5962,0.0,4,4.0
5963,0.5212765957446808,47,22.5
5965,1.0,21,0.0
5966,0.915929203539823,113,9.5
5967,0.9695121951219512,82,2.5
5968,0.625,20,7.5
5969,0.0,100,100.0
5971,1.0,71,0.0
5972,0.0,27,27.0
5973,1.0,30,0.0
5974,0.0,82,82.0
5975,0.8968253968253969,63,6.5
5976,0.8870967741935484,31,3.5
5977,0.0,74,74.0
5978,0.9951456310679612,103,0.5
5979,0.7226890756302521,119,33.0
5980,0.8125,8,1.5
5981,0.7661870503597122,139,32.5
5982,0.9567901234567902,81,3.5
5983,1.0,18,0.0
5985,0.6538461538461539,52,18.0
5986,0.0,29,29.0
5987,1.0,41,0.0
5988,1.0,11,0.0
5989,0.0,75,75.0
5990,0.625,16,6.0
5991,0.0,102,102.0
5992,1.0,9,0.0
5993,0.9867256637168141,113,1.5
5994,0.0,50,50.0
5996,0.0,99,99.0
5997,0.9868421052631579,38,0.5
5998,0.0,55,55.0
5999,0.0,69,69.0
6000,0.5,2,1.0
6001,0.890625,64,7.0
6002,0.9882352941176471,170,2.0
6003,0.7037037037037037,27,8.0
6004,1.0,55,0.0
6005,0.9879518072289156,83,1.0
6006,1.0,52,0.0
6008,0.0,22,22.0
6009,1.0,18,0.0
6010,0.5923076923076923,130,53.0
6011,1.0,81,0.0
6012,0.0,48,48.0
6013,0.5,1,0.5
6014,1.0,30,0.0
6015,0.6799999999999999,25,8.0
6016,1.0,5,0.0
6017,0.0,22,22.0
6018,0.7653061224489796,49,11.5
6019,0.0,79,79.0
6020,1.0,63,0.0
6021,1.0,32,0.0
6022,0.993421052631579,76,0.5
6023,0.6904761904761905,21,6.5
6024,0.0,13,13.0
6025,0.0,3,3.0
6026,0.9166666666666666,6,0.5
6027,0.9014084507042254,71,7.0
6028,0.0,96,96.0
6030,0.6136363636363636,22,8.5
6031,1.0,9,0.0
6032,0.0,46,46.0
6033,0.0,119,119.0
6034,0.0,61,61.0
6035,1.0,44,0.0
6036,1.0,8,0.0
6037,1.0,1,0.0
6038,0.0,69,69.0
6040,1.0,1,0.0
6041,0.0,144,144.0
6042,1.0,27,0.0
6043,0.0,91,91.0
6044,1.0,1,0.0
6045,0.0,51,51.0
6046,0.0,70,70.0
6047,1.0,7,0.0
6050,0.5949367088607596,79,32.0
6051,0.0,98,98.0
6052,0.0,90,90.0
6053,1.0,4,0.0
6055,0.0,11,11.0
6056,0.13157894736842102,95,82.5
6057,0.0,143,143.0
6059,0.0,27,27.0
6060,0.0,45,45.0
6061,1.0,54,0.0
6062,0.0,80,80.0
6063,1.0,4,0.0
6065,1.0,66,0.0
6066,0.0,6,6.0
6067,0.0,58,58.0
6068,0.0,55,55.0
6069,0.992,125,1.0
6070,1.0,41,0.0
6071,0.7272727272727273,22,6.0
6072,1.0,60,0.0
6073,0.0,20,20.0
6074,0.0,7,7.0
6075,0.0,38,38.0
6076,0.0,109,109.0
6077,0.0,2,2.0
6078,1.0,18,0.0
6079,1.0,100,0.0
6080,1.0,83,0.0
6081,0.0,41,41.0
6082,1.0,35,0.0
6084,1.0,145,0.0
6085,0.0,49,49.0
6086,0.851063829787234,47,7.0
6087,0.9473684210526316,19,1.0
6088,0.0,66,66.0
6089,0.0,48,48.0
6090,0.0,1,1.0
6092,0.7378640776699029,103,27.0
6093,0.0,90,90.0
6094,1.0,1,0.0
6095,1.0,47,0.0
6096,0.05102040816326525,49,46.5
6098,1.0,10,0.0
6099,1.0,16,0.0
6100,0.6666666666666667,6,2.0
6101,0.5301724137931034,116,54.5
6102,1.0,72,0.0
6104,1.0,6,0.0
6105,0.0,25,25.0
6106,1.0,1,0.0
6107,1.0,11,0.0
6109,1.0,2,0.0
6110,1.0,46,0.0
6111,1.0,12,0.0
6112,0.0,41,41.0
6113,0.7105263157894737,19,5.5
6115,0.0,36,36.0
6116,0.0,5,5.0
6117,0.9058823529411765,85,8.0
6118,0.7415254237288136,118,30.5
6119,0.0,73,73.0
6120,1.0,13,0.0
6121,1.0,66,0.0
6122,0.0,3,3.0
6123,0.0,52,52.0
6124,1.0,25,0.0
6125,1.0,28,0.0
6126,0.9926470588235294,68,0.5
6127,0.625,4,1.5
6128,0.0,33,33.0
6129,1.0,3,0.0
6130,1.0,1,0.0
6131,1.0,2,0.0
6132,0.9967320261437909,153,0.5
6133,0.0,13,13.0
6134,0.0,19,19.0
6135,1.0,26,0.0
6137,0.0,60,60.0
6138,0.0,14,14.0
6139,0.5,3,1.5
6140,0.6785714285714286,14,4.5
6141,0.0,91,91.0
6142,1.0,15,0.0
6143,1.0,15,0.0
6145,0.0,43,43.0
6148,0.0,92,92.0
6149,0.9941860465116279,86,0.5
6150,0.75,54,13.5
6151,1.0,118,0.0
6153,1.0,89,0.0
6154,0.9431137724550899,334,19.0
6155,0.8392857142857143,28,4.5
6157,0.0,95,95.0
6158,1.0,5,0.0
6159,1.0,73,0.0
6160,1.0,74,0.0
6161,0.0,54,54.0
6162,0.5925925925925926,108,44.0
6163,0.0,70,70.0
6164,1.0,24,0.0
6165,0.0,13,13.0
6166,0.9883720930232558,43,0.5
6168,0.625,20,7.5
6169,0.7359550561797753,89,23.5
6170,1.0,15,0.0
6171,0.0,96,96.0
6172,0.8697916666666666,96,12.5
6173,1.0,79,0.0
6174,0.5,3,1.5
6175,1.0,42,0.0
6176,0.5714285714285714,14,6.0
6177,1.0,9,0.0
6178,1.0,9,0.0
6179,0.8387096774193549,62,10.0
6180,0.625,16,6.0
6181,0.0,12,12.0
6182,0.9930555555555556,72,0.5
6183,1.0,1,0.0
6184,0.0,4,4.0
6185,0.0,24,24.0
6186,0.54,75,34.5
6187,0.0,87,87.0
6188,0.5,1,0.5
6189,0.5833333333333333,6,2.5
6190,0.9920634920634921,126,1.0
6191,1.0,15,0.0
6192,0.0,13,13.0
6193,0.9910714285714286,56,0.5
6194,0.9817518248175182,137,2.5
6195,0.0,154,154.0
6196,1.0,104,0.0
6197,1.0,51,0.0
6198,0.6875,32,10.0
6199,0.0,65,65.0
6200,0.1986301369863014,73,58.5
6201,0.0,117,117.0
6202,1.0,21,0.0
6205,0.0,75,75.0
6207,1.0,1,0.0
6208,0.0,39,39.0
6209,1.0,15,0.0
6210,0.8571428571428572,7,1.0
6211,0.5,4,2.0
6212,1.0,5,0.0
6213,1.0,44,0.0
6215,0.0,47,47.0
6216,1.0,4,0.0
6217,0.0,42,42.0
6218,0.0,58,58.0
6219,0.0,33,33.0
6220,0.0,63,63.0
6221,0.6535947712418301,153,53.0
6222,0.504950495049505,101,50.0
6223,0.0,77,77.0
6224,1.0,26,0.0
6225,0.0,135,135.0
6226,0.5833333333333333,6,2.5
6227,1.0,9,0.0
6228,1.0,61,0.0
6229,0.0,11,11.0
6230,0.7,20,6.0
6231,1.0,25,0.0
6232,1.0,136,0.0
6233,0.8397435897435898,78,12.5
6234,1.0,20,0.0
6235,0.0,43,43.0
6236,0.0,30,30.0
6237,1.0,27,0.0
6238,0.9946236559139785,93,0.5
6239,0.0,113,113.0
6240,0.0,28,28.0
6241,0.968421052631579,95,3.0
6242,1.0,12,0.0
6243,0.0,65,65.0
6245,1.0,22,0.0
6246,0.0,25,25.0
6247,1.0,13,0.0
6248,0.9310344827586207,58,4.0
6249,0.45238095238095233,42,23.0
6250,0.0,7,7.0
6251,1.0,50,0.0
6252,0.0,7,7.0
6253,0.6829268292682926,41,13.0
6254,0.20370370370370372,54,43.0
6255,1.0,7,0.0
6256,0.0,93,93.0
6257,0.0,109,109.0
6258,1.0,17,0.0
6260,0.5925925925925926,108,44.0
6261,1.0,144,0.0
6262,1.0,1,0.0
6263,0.6470588235294117,17,6.0
6264,1.0,31,0.0
6265,1.0,136,0.0
6266,1.0,1,0.0
6267,0.9477611940298507,134,7.0
6268,0.0,32,32.0
6269,0.8818181818181818,55,6.5
6270,0.96,25,1.0
6271,0.0,80,80.0
6273,1.0,22,0.0
6274,1.0,52,0.0
6275,0.9945652173913043,92,0.5
6276,0.0,5,5.0
6277,0.0,177,177.0
6278,0.8181818181818181,22,4.0
6280,1.0,1,0.0
6281,0.0,12,12.0
6282,1.0,19,0.0
6283,1.0,41,0.0
6285,1.0,31,0.0
6286,1.0,59,0.0
6287,0.0,7,7.0
6289,0.0,65,65.0
6290,1.0,31,0.0
6292,0.0,83,83.0
6293,1.0,98,0.0
6294,0.9893617021276596,94,1.0
6295,1.0,25,0.0
6296,1.0,44,0.0
6297,0.0,61,61.0
6298,0.0,123,123.0
6299,0.6136363636363636,22,8.5
6300,1.0,1,0.0
6301,0.0,60,60.0
6302,0.95,10,0.5
6303,0.5,29,14.5
6304,1.0,6,0.0
6305,0.0,26,26.0
6306,1.0,3,0.0
6307,0.0,110,110.0
6308,0.9764705882352941,85,2.0
6309,1.0,11,0.0
6310,1.0,14,0.0
6311,0.0,89,89.0
6312,0.0,12,12.0
6313,0.7232142857142857,56,15.5
6314,1.0,6,0.0
6315,1.0,67,0.0
6316,1.0,20,0.0
6317,0.9516129032258065,31,1.5
6318,0.0,51,51.0
6319,1.0,139,0.0
6320,0.9714285714285714,35,1.0
6321,0.90625,16,1.5
6322,0.9364754098360656,244,15.5
6323,0.991304347826087,115,1.0
6324,1.0,6,0.0
6325,0.11764705882352944,17,15.0
6326,1.0,67,0.0
6327,1.0,74,0.0
6328,1.0,19,0.0
6329,1.0,71,0.0
6330,1.0,7,0.0
6331,0.0,28,28.0
6332,1.0,17,0.0
6333,0.0,55,55.0
6334,1.0,1,0.0
6335,0.0,1,1.0
6336,0.9444444444444444,9,0.5
6337,1.0,53,0.0
6338,1.0,43,0.0
6339,0.0,90,90.0
6340,0.5714285714285714,7,3.0
6341,0.0,63,63.0
6342,0.052631578947368474,38,36.0
6343,0.0,43,43.0
6344,0.0,58,58.0
6345,1.0,84,0.0
6346,0.0,96,96.0
6347,0.0,166,166.0
6348,1.0,4,0.0
6349,1.0,95,0.0
6350,0.0,16,16.0
6351,1.0,1,0.0
6352,1.0,105,0.0
6353,0.0,20,20.0
6354,0.0,8,8.0
6355,0.0,98,98.0
6356,0.0,121,121.0
6357,0.0,89,89.0
6358,1.0,11,0.0
6359,1.0,20,0.0
6360,0.0,42,42.0
6361,1.0,18,0.0
6362,0.6875,32,10.0
6364,0.7540322580645161,124,30.5
6366,0.0,10,10.0
6367,1.0,68,0.0
6368,1.0,4,0.0
6369,0.0,16,16.0
6370,0.9949494949494949,99,0.5
6371,0.0,9,9.0
6373,1.0,7,0.0
6374,0.9964539007092199,141,0.5
6375,0.0,106,106.0
6376,1.0,1,0.0
6377,0.0,92,92.0
6378,0.0,36,36.0
6379,0.5909090909090908,11,4.5
6380,1.0,1,0.0
6381,0.625,16,6.0
6382,0.5,1,0.5
6383,0.9883720930232558,86,1.0
6384,0.5443037974683544,79,36.0
6385,0.7692307692307692,13,3.0
6386,0.9925373134328358,67,0.5
6387,0.538961038961039,77,35.5
6388,0.0,111,111.0
6390,0.5,1,0.5
6391,0.0,6,6.0
6392,0.0,102,102.0
6393,0.6145833333333333,48,18.5
6394,0.8518518518518519,54,8.0
6395,0.0,17,17.0
6396,0.0,1,1.0
6397,1.0,5,0.0
6398,0.0,3,3.0
6399,0.180327868852459,61,50.0
6400,0.0,113,113.0
6401,1.0,1,0.0
6402,1.0,82,0.0
6403,0.9464285714285714,28,1.5
6404,1.0,28,0.0
6405,0.0,89,89.0
6407,0.0,12,12.0
6408,0.0,35,35.0
6409,0.5909090909090908,11,4.5
6410,0.0,12,12.0
6411,1.0,23,0.0
6412,1.0,3,0.0
6413,0.0,86,86.0
6414,1.0,6,0.0
6415,1.0,26,0.0
6416,1.0,93,0.0
6417,1.0,26,0.0
6418,1.0,12,0.0
6419,1.0,24,0.0
6420,1.0,7,0.0
6421,1.0,1,0.0
6422,0.5819672131147541,61,25.5
6423,1.0,47,0.0
6424,0.9057971014492754,69,6.5
6425,0.9918032786885246,61,0.5
6426,0.7346938775510203,49,13.0
6427,0.9310344827586207,58,4.0
6428,0.9885057471264368,87,1.0
6429,1.0,21,0.0
6430,0.0,6,6.0
6431,0.9777777777777777,45,1.0
6432,1.0,23,0.0
6433,0.0,47,47.0
6434,1.0,3,0.0
6436,0.5,21,10.5
6437,0.0,32,32.0
6438,1.0,69,0.0
6439,1.0,13,0.0
6440,0.0,5,5.0
6441,0.65625,32,11.0
6442,1.0,106,0.0
6444,1.0,153,0.0
6445,0.5,3,1.5
6446,1.0,8,0.0
6447,0.0,54,54.0
6448,0.6935483870967742,217,66.5
6449,0.0,14,14.0
6451,0.9947368421052631,95,0.5
6452,0.9966216216216216,148,0.5
6453,1.0,42,0.0
6454,0.0,9,9.0
6455,0.30681818181818177,88,61.0
6456,0.30645161290322576,62,43.0
6457,1.0,41,0.0
6458,0.8981481481481481,54,5.5
6459,0.9444444444444444,9,0.5
6460,1.0,25,0.0
6461,1.0,7,0.0
6462,0.0,6,6.0
6463,1.0,42,0.0
6464,1.0,30,0.0
6465,0.0,2,2.0
6466,0.9176470588235294,85,7.0
6467,0.5436893203883495,103,47.0
6468,1.0,6,0.0
6469,1.0,3,0.0
6470,0.0,42,42.0
6471,1.0,44,0.0
6473,0.0,54,54.0
6474,0.7825112107623319,223,48.5
6475,0.6989795918367347,196,59.0
6476,0.0,96,96.0
6477,1.0,33,0.0
6479,0.7857142857142857,7,1.5
6480,1.0,24,0.0
6481,1.0,4,0.0
6482,1.0,9,0.0
6483,0.0,86,86.0
6484,0.7771084337349398,83,18.5
6485,0.6176470588235294,17,6.5
6486,1.0,52,0.0
6487,0.9924242424242424,66,0.5
6488,0.9746376811594203,138,3.5
6489,0.0,6,6.0
6490,0.0,1,1.0
6491,1.0,59,0.0
6492,1.0,2,0.0
6493,1.0,1,0.0
6494,0.0,101,101.0
6495,0.8194444444444444,108,19.5
6496,0.0,31,31.0
6497,1.0,29,0.0
6498,0.0,6,6.0
6499,0.5166666666666666,30,14.5
6500,0.9852941176470589,34,0.5
6501,0.0,43,43.0
6502,1.0,19,0.0
6503,0.0,71,71.0
6507,1.0,29,0.0
6508,0.9166666666666666,12,1.0
6509,0.0,26,26.0
6510,1.0,51,0.0
6511,0.9907407407407407,54,0.5
6513,1.0,1,0.0
6514,1.0,43,0.0
6515,1.0,94,0.0
6517,0.0,66,66.0
6518,1.0,62,0.0
6519,1.0,35,0.0
6520,1.0,49,0.0
6521,0.8829787234042553,47,5.5
6522,1.0,7,0.0
6523,0.0,31,31.0
6524,0.7921348314606742,89,18.5
6525,0.38,50,31.0
6526,1.0,44,0.0
6527,1.0,3,0.0
6528,0.0,4,4.0
6529,0.0,37,37.0
6530,1.0,104,0.0
6531,1.0,13,0.0
6532,0.6645569620253164,79,26.5
6533,0.0,68,68.0
6534,1.0,4,0.0
6535,0.0,92,92.0
6536,1.0,1,0.0
6538,0.0,45,45.0
6539,0.0,11,11.0
6540,1.0,10,0.0
6541,0.0,33,33.0
6542,1.0,1,0.0
6543,1.0,16,0.0
6546,0.0,56,56.0
6547,0.0,13,13.0
6548,1.0,6,0.0
6549,1.0,28,0.0
6550,1.0,22,0.0
6551,0.7672413793103449,58,13.5
6552,0.5,1,0.5
6553,0.20512820512820518,39,31.0
6554,1.0,19,0.0
6555,0.0,51,51.0
6556,1.0,24,0.0
6558,1.0,82,0.0
6559,0.0,55,55.0
6560,0.0,85,85.0
6562,0.9587628865979382,97,4.0
6563,0.7358490566037736,53,14.0
6564,0.0,25,25.0
6565,0.0,2,2.0
6566,0.0,8,8.0
6567,0.9736842105263158,19,0.5
6568,0.8571428571428572,21,3.0
6569,0.7708333333333334,48,11.0
6570,1.0,1,0.0
6571,0.0,1,1.0
6572,0.0,12,12.0
6573,1.0,18,0.0
6574,0.0,94,94.0
6575,0.0,39,39.0
6576,1.0,37,0.0
6577,1.0,5,0.0
6578,1.0,115,0.0
6579,0.0,8,8.0
6580,0.0,64,64.0
6581,1.0,24,0.0
6582,0.9912280701754386,57,0.5
6583,0.0,81,81.0
6584,0.0,73,73.0
6585,0.0,33,33.0
6586,1.0,11,0.0
6587,0.0,13,13.0
6588,0.7857142857142857,7,1.5
6590,0.6176470588235294,17,6.5
6591,0.0,64,64.0
6592,0.5714285714285714,14,6.0
6593,0.6,5,2.0
6594,1.0,9,0.0
6596,0.0,84,84.0
6597,0.975,20,0.5
6598,1.0,1,0.0
6600,0.0,60,60.0
6601,0.0,49,49.0
6602,1.0,11,0.0
6603,0.90625,32,3.0
6604,0.0,33,33.0
6605,0.0,26,26.0
6606,1.0,1,0.0
6608,0.0,18,18.0
6609,1.0,1,0.0
6610,0.9411764705882353,68,4.0
6611,1.0,22,0.0
6612,0.6981132075471699,53,16.0
6613,1.0,1,0.0
6614,0.5,5,2.5
6615,0.0,49,49.0
6616,1.0,8,0.0
6617,0.5,1,0.5
6618,0.5,1,0.5
6620,1.0,43,0.0
6621,1.0,23,0.0
6622,0.8071428571428572,70,13.5
6623,1.0,1,0.0
6624,0.0,38,38.0
6625,0.5,5,2.5
6626,1.0,16,0.0
6627,0.5,1,0.5
6628,0.75,4,1.0
6629,1.0,25,0.0
6630,0.0,48,48.0
6631,0.0,5,5.0
6632,0.5426829268292683,82,37.5
6633,0.5865384615384616,52,21.5
6634,0.7619047619047619,42,10.0
6635,0.0,99,99.0
6636,0.0,30,30.0
6637,0.0,89,89.0
6638,1.0,56,0.0
6639,1.0,26,0.0
6640,1.0,11,0.0
6641,0.0,40,40.0
6642,1.0,31,0.0
6643,1.0,4,0.0
6644,0.9545454545454546,11,0.5
6646,0.6022727272727273,44,17.5
6647,0.0,8,8.0
6648,1.0,31,0.0
6649,0.78125,16,3.5
6650,1.0,8,0.0
6651,1.0,17,0.0
6652,0.0,73,73.0
6653,0.9521739130434783,115,5.5
6654,1.0,35,0.0
6655,0.5,3,1.5
6656,1.0,13,0.0
6657,0.5258620689655172,116,55.0
6658,1.0,27,0.0
6659,0.0,7,7.0
6660,0.0,1,1.0
6661,0.0,1,1.0
6662,0.9947368421052631,95,0.5
6663,0.0,31,31.0
6665,0.0,15,15.0
6666,0.9591836734693877,98,4.0
6667,0.625,48,18.0
6668,0.0,54,54.0
6669,0.0,22,22.0
6670,1.0,29,0.0
6671,1.0,28,0.0
6672,1.0,1,0.0
6673,1.0,12,0.0
6674,0.0,48,48.0
6676,0.0,37,37.0
6677,1.0,9,0.0
6678,0.0,16,16.0
6679,0.5,3,1.5
6680,0.0,11,11.0
6681,1.0,65,0.0
6682,1.0,1,0.0
6683,0.6176470588235294,17,6.5
6684,0.0,70,70.0
6685,0.9871794871794872,39,0.5
6687,0.6413043478260869,46,16.5
6688,1.0,6,0.0
6689,1.0,16,0.0
6690,0.9888888888888889,45,0.5
6691,0.0,1,1.0
6692,1.0,2,0.0
6693,0.0,31,31.0
6694,0.0,8,8.0
6695,0.8809523809523809,21,2.5
6696,0.5735294117647058,34,14.5
6698,1.0,1,0.0
6699,0.0,1,1.0
6700,0.7105263157894737,19,5.5
6701,0.908,125,11.5
6702,1.0,15,0.0
6703,0.9285714285714286,14,1.0
6704,0.7,20,6.0
6705,0.62,25,9.5
6706,0.0,24,24.0
6707,1.0,6,0.0
6708,1.0,8,0.0
6709,0.5,1,0.5
6710,0.0,77,77.0
6712,1.0,7,0.0
6713,0.7105263157894737,19,5.5
6715,0.0,33,33.0
6716,0.0,16,16.0
6717,1.0,5,0.0
6718,0.0,12,12.0
6719,0.0,11,11.0
6720,0.0,65,65.0
6721,1.0,16,0.0
6722,1.0,19,0.0
6723,1.0,25,0.0
6724,1.0,196,0.0
6725,0.9788732394366197,71,1.5
6726,1.0,1,0.0
6727,0.0,9,9.0
6728,1.0,9,0.0
6729,1.0,24,0.0
6730,0.5,20,10.0
6731,0.0,12,12.0
6732,1.0,26,0.0
6733,1.0,15,0.0
6735,0.7771084337349398,83,18.5
6736,1.0,15,0.0
6737,0.813953488372093,86,16.0
6738,0.0,13,13.0
6739,0.0,14,14.0
6740,0.675,20,6.5
6741,0.0,76,76.0
6742,1.0,1,0.0
6743,0.5,36,18.0
6744,1.0,43,0.0
6745,1.0,6,0.0
6746,0.0,17,17.0
6747,0.9893617021276596,94,1.0
6748,1.0,43,0.0
6749,0.7142857142857143,56,16.0
6750,1.0,6,0.0
6751,0.0,4,4.0
6752,0.0,52,52.0
6753,1.0,6,0.0
6754,1.0,5,0.0
6755,0.0,2,2.0
6756,1.0,5,0.0
6758,0.0,10,10.0
6759,0.0,41,41.0
6760,0.0,126,126.0
6761,0.0,56,56.0
6762,1.0,3,0.0
6763,1.0,25,0.0
6765,0.0,61,61.0
6766,1.0,1,0.0
6767,1.0,4,0.0
6769,0.7545454545454545,55,13.5
6770,0.0,15,15.0
6771,1.0,3,0.0
6772,0.0,22,22.0
6774,1.0,4,0.0
6776,0.9935064935064936,77,0.5
6777,0.17361111111111116,72,59.5
6778,0.6,5,2.0
6779,1.0,15,0.0
6780,1.0,31,0.0
6781,0.0,40,40.0
6782,0.9803921568627451,51,1.0
6783,1.0,34,0.0
6784,0.5192307692307692,26,12.5
6785,1.0,1,0.0
6786,1.0,21,0.0
6787,1.0,54,0.0
6788,0.0,21,21.0
6789,0.0,34,34.0
6790,0.6166666666666667,60,23.0
6791,1.0,1,0.0
6793,1.0,15,0.0
6794,1.0,79,0.0
6795,1.0,4,0.0
6796,1.0,37,0.0
6797,1.0,26,0.0
6798,0.6666666666666667,15,5.0
6799,1.0,60,0.0
6800,1.0,6,0.0
6801,0.0,25,25.0
6802,1.0,1,0.0
6804,1.0,1,0.0
6805,0.6333333333333333,15,5.5
6806,1.0,1,0.0
6807,0.0,47,47.0
6808,1.0,5,0.0
6809,1.0,35,0.0
6810,1.0,55,0.0
6811,1.0,7,0.0
6812,0.0,56,56.0
6813,1.0,9,0.0
6815,1.0,72,0.0
6816,0.5,13,6.5
6817,0.0444444444444444,45,43.0
6818,1.0,30,0.0
6820,1.0,1,0.0
6821,0.9691358024691358,81,2.5
6822,1.0,1,0.0
6823,1.0,38,0.0
6824,0.0,1,1.0
6825,0.0,34,34.0
6826,1.0,34,0.0
6827,0.0,48,48.0
6828,0.020491803278688492,122,119.5
6829,0.0,18,18.0
6831,1.0,41,0.0
6832,0.16891891891891897,74,61.5
6834,0.0,21,21.0
6836,0.0,18,18.0
6837,0.0,28,28.0
6838,1.0,17,0.0
6839,0.0,47,47.0
6840,1.0,3,0.0
6841,1.0,1,0.0
6842,0.0,1,1.0
6843,0.0,21,21.0
6844,0.0,46,46.0
6845,0.0,38,38.0
6846,1.0,14,0.0
6847,1.0,20,0.0
6848,0.5408163265306123,49,22.5
6849,0.0,2,2.0
6850,0.5625,8,3.5
6851,0.0,89,89.0
6852,0.0,17,17.0
6853,1.0,1,0.0
6855,0.0,5,5.0
6856,0.0,64,64.0
6857,0.0,13,13.0
6858,0.5754716981132075,53,22.5
6859,0.6875,24,7.5
6860,1.0,33,0.0
6861,0.6904761904761905,21,6.5
6863,0.0,23,23.0
6864,0.9166666666666666,12,1.0
6865,1.0,8,0.0
6867,1.0,2,0.0
6868,1.0,8,0.0
6869,0.5,4,2.0
6870,1.0,69,0.0
6871,1.0,1,0.0
6873,0.6607142857142857,28,9.5
6874,1.0,15,0.0
6875,1.0,22,0.0
6876,1.0,3,0.0
6877,1.0,12,0.0
6878,1.0,6,0.0
6879,1.0,37,0.0
6880,0.631578947368421,19,7.0
6881,1.0,1,0.0
6882,0.59375,16,6.5
6883,0.5,4,2.0
6884,1.0,2,0.0
6885,0.6,5,2.0
6887,1.0,2,0.0
6888,1.0,4,0.0
6889,1.0,1,0.0
6890,0.0,8,8.0
6891,1.0,1,0.0
6892,1.0,136,0.0
6893,0.0,11,11.0
6894,0.0,26,26.0
6895,1.0,19,0.0
6897,0.0,20,20.0
6898,1.0,6,0.0
6899,0.0,1,1.0
6901,0.12962962962962965,27,23.5
6902,0.984375,32,0.5
6905,0.0,16,16.0
6906,0.0,22,22.0
6907,1.0,19,0.0
6908,1.0,61,0.0
6909,0.5833333333333333,6,2.5
6910,0.8846153846153846,13,1.5
6911,1.0,35,0.0
6912,0.0,24,24.0
6913,0.0,20,20.0
6914,1.0,11,0.0
6915,1.0,14,0.0
6916,1.0,2,0.0
6917,0.0,53,53.0
6918,0.0,63,63.0
6919,0.6734693877551021,49,16.0
6920,1.0,8,0.0
6921,1.0,1,0.0
6923,0.6538461538461539,13,4.5
6925,1.0,1,0.0
6926,1.0,37,0.0
6927,0.0,24,24.0
6928,0.9516129032258065,31,1.5
6930,0.0,2,2.0
6931,0.9905660377358491,53,0.5
6932,0.8125,8,1.5
6934,0.0,11,11.0
6935,1.0,32,0.0
6936,1.0,7,0.0
6937,0.0,15,15.0
6938,0.0,21,21.0
6939,1.0,1,0.0
6940,0.9905660377358491,53,0.5
6941,1.0,1,0.0
6942,0.0,31,31.0
6943,1.0,88,0.0
6945,1.0,1,0.0
6946,1.0,6,0.0
6947,1.0,14,0.0
6948,1.0,9,0.0
6949,1.0,15,0.0
6950,0.5,1,0.5
6951,0.8144654088050315,159,29.5
6953,1.0,25,0.0
6954,1.0,44,0.0
6955,0.0,13,13.0
6956,0.0,22,22.0
6957,1.0,10,0.0
6958,0.0,19,19.0
6959,1.0,91,0.0
6960,1.0,2,0.0
6961,0.0,5,5.0
6962,0.0,14,14.0
6963,0.0,16,16.0
6964,1.0,39,0.0
6965,0.5,23,11.5
6966,0.95,10,0.5
6967,1.0,9,0.0
6968,0.0,26,26.0
6969,1.0,11,0.0
6970,1.0,8,0.0
6971,0.0,40,40.0
6972,1.0,21,0.0
6973,0.7063492063492063,63,18.5
6974,0.0,41,41.0
6976,1.0,54,0.0
6977,1.0,1,0.0
6978,0.9285714285714286,14,1.0
6979,1.0,10,0.0
6980,0.0,39,39.0
6981,1.0,57,0.0
6982,1.0,1,0.0
6983,1.0,10,0.0
6984,1.0,3,0.0
6985,1.0,1,0.0
6986,1.0,26,0.0
6987,0.0,12,12.0
6988,1.0,1,0.0
6989,1.0,40,0.0
6990,0.0,4,4.0
6991,0.0,24,24.0
6992,1.0,1,0.0
6993,1.0,7,0.0
6995,0.78125,16,3.5
6996,1.0,53,0.0
6997,0.0,9,9.0
6999,1.0,4,0.0
7001,1.0,26,0.0
7002,1.0,10,0.0
7003,0.0,25,25.0
7004,1.0,15,0.0
7005,0.0,2,2.0
7006,1.0,16,0.0
7007,0.9666666666666667,45,1.5
7008,1.0,41,0.0
7009,0.0,9,9.0
7010,0.0,46,46.0
7011,0.0,45,45.0
7012,0.8121019108280254,157,29.5
7013,1.0,12,0.0
7015,0.0,25,25.0
7017,1.0,17,0.0
7018,0.0,26,26.0
7020,0.0,29,29.0
7021,1.0,4,0.0
7022,1.0,40,0.0
7023,1.0,1,0.0
7024,1.0,28,0.0
7025,0.0,1,1.0
7026,1.0,1,0.0
7027,0.0,15,15.0
7028,1.0,8,0.0
7029,0.7083333333333333,12,3.5
7030,0.9583333333333334,12,0.5
7031,0.0,35,35.0
7032,0.0,98,98.0
7033,0.7037037037037037,27,8.0
7034,0.7131147540983607,61,17.5
7035,0.0,15,15.0
7036,0.0,7,7.0
7037,1.0,16,0.0
7038,0.6195652173913043,46,17.5
7040,0.0,64,64.0
7041,0.5,2,1.0
7042,0.0,1,1.0
7043,1.0,24,0.0
7044,0.7352941176470589,17,4.5
7046,1.0,51,0.0
7047,1.0,40,0.0
7048,1.0,60,0.0
7049,1.0,1,0.0
7050,1.0,1,0.0
7051,0.9363636363636364,55,3.5
7052,1.0,18,0.0
7053,1.0,38,0.0
7054,1.0,1,0.0
7056,0.0,14,14.0
7057,1.0,76,0.0
7058,1.0,45,0.0
7059,0.7857142857142857,28,6.0
7060,1.0,9,0.0
7061,1.0,48,0.0
7062,0.6607142857142857,28,9.5
7063,0.0,26,26.0
7064,0.7641509433962264,53,12.5
7065,1.0,4,0.0
7066,1.0,8,0.0
7068,1.0,23,0.0
7069,0.75,4,1.0
7071,0.0,14,14.0
7072,1.0,113,0.0
7073,0.0,75,75.0
7074,1.0,25,0.0
7075,0.9107142857142857,28,2.5
7076,0.0,1,1.0
7077,0.0,54,54.0
7078,0.9905660377358491,53,0.5
7079,1.0,11,0.0
7081,1.0,5,0.0
7083,0.875,16,2.0
7084,0.5853658536585367,41,17.0
7085,1.0,47,0.0
7086,0.625,16,6.0
7087,0.0,5,5.0
7088,1.0,15,0.0
7089,0.0,23,23.0
7090,0.0,2,2.0
7091,0.5,3,1.5
7092,0.9,5,0.5
7093,1.0,29,0.0
7094,1.0,13,0.0
7095,0.0,27,27.0
7097,1.0,8,0.0
7098,1.0,1,0.0
7099,0.7105263157894737,19,5.5
7100,0.5,4,2.0
7101,1.0,45,0.0
7102,1.0,71,0.0
7103,0.0,32,32.0
7104,0.7125,40,11.5
7105,1.0,8,0.0
7106,0.0,21,21.0
7107,0.0,1,1.0
7108,1.0,45,0.0
7109,1.0,33,0.0
7110,0.0,3,3.0
7113,1.0,26,0.0
7114,1.0,8,0.0
7115,1.0,24,0.0
7117,0.0,45,45.0
7118,1.0,23,0.0
7119,0.0,24,24.0
7120,1.0,9,0.0
7122,1.0,115,0.0
7123,0.0,40,40.0
7125,0.0,2,2.0
7126,0.5166666666666666,30,14.5
7127,1.0,47,0.0
7128,0.0,59,59.0
7130,0.0,37,37.0
7131,1.0,1,0.0
7133,0.0,4,4.0
7134,1.0,21,0.0
7135,0.5,2,1.0
7136,1.0,57,0.0
7137,1.0,44,0.0
7139,0.0,21,21.0
7140,1.0,24,0.0
7141,1.0,2,0.0
7142,0.0,2,2.0
7143,0.5384615384615384,13,6.0
7145,1.0,11,0.0
7146,1.0,30,0.0
7147,0.0,18,18.0
7148,0.0,7,7.0
7149,0.5,1,0.5
7150,0.5,3,1.5
7151,0.7,5,1.5
7152,0.5,3,1.5
7153,0.5,16,8.0
7154,0.5,1,0.5
7155,1.0,6,0.0
7156,0.8125,8,1.5
7157,1.0,48,0.0
7158,1.0,2,0.0
7159,0.8947368421052632,19,2.0
7160,1.0,29,0.0
7162,0.5,1,0.5
7163,1.0,61,0.0
7164,1.0,7,0.0
7165,0.641025641025641,39,14.0
7166,1.0,8,0.0
7167,1.0,48,0.0
7168,1.0,2,0.0
7169,0.5,2,1.0
7170,1.0,26,0.0
7171,1.0,1,0.0
7172,0.0,74,74.0
7173,1.0,9,0.0
7176,0.9166666666666666,42,3.5
7177,1.0,82,0.0
7178,0.0,36,36.0
7179,1.0,57,0.0
7181,1.0,1,0.0
7182,0.9895833333333334,48,0.5
7183,1.0,13,0.0
7185,1.0,4,0.0
7186,1.0,7,0.0
7187,1.0,67,0.0
7189,1.0,4,0.0
7191,1.0,32,0.0
7196,0.0,4,4.0
7197,0.0,29,29.0
7198,1.0,35,0.0
7199,0.7,5,1.5
7200,0.9761904761904762,21,0.5
7201,0.6521739130434783,46,16.0
7202,0.0,34,34.0
7203,1.0,27,0.0
7204,0.75,2,0.5
7205,0.0,51,51.0
7207,0.7105263157894737,19,5.5
7208,0.9166666666666666,6,0.5
7209,1.0,8,0.0
7211,1.0,57,0.0
7212,0.0,16,16.0
7213,1.0,52,0.0
7214,0.0,6,6.0
7215,1.0,1,0.0
7216,1.0,4,0.0
7217,0.0,26,26.0
7218,1.0,7,0.0
7219,0.0,28,28.0
7220,0.5,1,0.5
7221,1.0,1,0.0
7222,0.6176470588235294,17,6.5
7223,0.8333333333333334,24,4.0
7224,1.0,146,0.0
7225,1.0,1,0.0
7228,0.0,1,1.0
7229,1.0,88,0.0
7230,0.0,6,6.0
7231,0.0,1,1.0
7232,0.0,8,8.0
7233,0.5,2,1.0
7234,0.5,2,1.0
7236,0.0,1,1.0
7237,1.0,17,0.0
7238,1.0,41,0.0
7239,1.0,15,0.0
7240,0.6785714285714286,42,13.5
7241,1.0,1,0.0
7242,0.0,20,20.0
7243,1.0,8,0.0
7244,1.0,47,0.0
7245,0.7068965517241379,29,8.5
7246,1.0,45,0.0
7247,0.7222222222222222,18,5.0
7248,1.0,18,0.0
7249,0.5,7,3.5
7252,1.0,1,0.0
7253,0.9078947368421053,38,3.5
7254,0.8,10,2.0
7255,0.0,2,2.0
7256,0.7,30,9.0
7257,1.0,1,0.0
7258,0.0,7,7.0
7260,0.5,1,0.5
7263,0.0,6,6.0
7264,0.8225806451612903,31,5.5
7265,0.0,25,25.0
7266,0.5,1,0.5
7267,0.0,6,6.0
7268,1.0,26,0.0
7269,1.0,37,0.0
7271,0.6190476190476191,21,8.0
7272,0.0,15,15.0
7273,0.9788732394366197,71,1.5
7274,0.0,13,13.0
7275,1.0,1,0.0
7276,0.6904761904761905,21,6.5
7277,0.7,20,6.0
7278,1.0,1,0.0
7279,1.0,33,0.0
7280,1.0,60,0.0
7281,0.0,25,25.0
7282,0.6176470588235294,17,6.5
7283,0.0,1,1.0
7284,0.9545454545454546,11,0.5
7286,1.0,14,0.0
7287,1.0,33,0.0
7288,1.0,9,0.0
7289,0.6538461538461539,13,4.5
7290,1.0,33,0.0
7291,1.0,1,0.0
7292,0.9130434782608696,23,2.0
7293,0.0,13,13.0
7294,0.0,68,68.0
7295,0.703125,32,9.5
7297,1.0,16,0.0
7298,0.8541666666666666,24,3.5
7299,1.0,1,0.0
7300,0.0,20,20.0
7301,0.0,1,1.0
7302,0.6428571428571428,14,5.0
7303,0.0,5,5.0
7304,1.0,10,0.0
7305,0.9545454545454546,11,0.5
7306,1.0,44,0.0
7307,1.0,4,0.0
7309,1.0,3,0.0
7310,1.0,15,0.0
7311,0.0,5,5.0
7312,0.0,1,1.0
7314,1.0,9,0.0
7315,1.0,1,0.0
7316,0.0,13,13.0
7317,1.0,5,0.0
7318,1.0,27,0.0
7319,1.0,3,0.0
7320,1.0,1,0.0
7321,0.0,27,27.0
7322,0.0,19,19.0
7323,0.0,2,2.0
7324,1.0,1,0.0
7325,1.0,1,0.0
7328,0.9833333333333333,30,0.5
7329,0.7,20,6.0
7330,0.0,19,19.0
7332,1.0,3,0.0
7333,0.9583333333333334,96,4.0
7334,1.0,5,0.0
7336,1.0,1,0.0
7337,0.9722222222222222,18,0.5
7338,0.7083333333333333,12,3.5
7340,1.0,100,0.0
7341,1.0,7,0.0
7342,1.0,1,0.0
7343,1.0,32,0.0
7344,1.0,121,0.0
7345,1.0,17,0.0
7346,1.0,5,0.0
7347,0.6333333333333333,15,5.5
7348,0.0,38,38.0
7350,0.0,36,36.0
7352,1.0,3,0.0
7353,0.5,2,1.0
7354,0.6636363636363636,55,18.5
7355,1.0,14,0.0
7356,0.0,9,9.0
7357,1.0,41,0.0
7358,0.0,16,16.0
7361,1.0,4,0.0
7362,1.0,1,0.0
7363,1.0,34,0.0
7364,1.0,4,0.0
7365,0.0,15,15.0
7366,0.0,15,15.0
7367,0.0,20,20.0
7368,1.0,14,0.0
7369,0.5,4,2.0
7370,0.8857142857142857,35,4.0
7371,0.0,13,13.0
7372,0.6041666666666667,24,9.5
7374,1.0,44,0.0
7375,0.6333333333333333,15,5.5
7376,0.0,42,42.0
7377,1.0,4,0.0
7379,0.9298245614035088,57,4.0
7381,0.0,27,27.0
7382,1.0,10,0.0
7383,1.0,11,0.0
7385,1.0,22,0.0
7386,1.0,40,0.0
7387,1.0,2,0.0
7388,1.0,6,0.0
7389,0.9918032786885246,61,0.5
7391,0.5,3,1.5
7392,1.0,3,0.0
7394,1.0,6,0.0
7395,0.0,22,22.0
7396,0.5714285714285714,7,3.0
7397,1.0,1,0.0
7398,1.0,7,0.0
7400,1.0,47,0.0
7402,1.0,22,0.0
7403,1.0,10,0.0
7404,0.0,2,2.0
7406,0.0,22,22.0
7407,1.0,14,0.0
7408,0.0,1,1.0
7409,1.0,39,0.0
7410,0.5,1,0.5
7411,0.6,5,2.0
7412,0.5984848484848485,66,26.5
7413,1.0,9,0.0
7414,1.0,1,0.0
7415,1.0,6,0.0
7416,0.9666666666666667,45,1.5
7417,1.0,3,0.0
7418,0.9615384615384616,13,0.5
7419,1.0,31,0.0
7420,1.0,3,0.0
7421,0.5,1,0.5
7423,1.0,1,0.0
7424,0.9473684210526316,76,4.0
7425,0.6923076923076923,13,4.0
7426,1.0,22,0.0
7428,1.0,45,0.0
7429,1.0,38,0.0
7430,1.0,1,0.0
7431,1.0,7,0.0
7432,0.0,21,21.0
7433,1.0,1,0.0
7434,1.0,1,0.0
7435,1.0,8,0.0
7436,0.0,8,8.0
7437,0.0,13,13.0
7439,1.0,2,0.0
7440,0.0,6,6.0
7441,1.0,1,0.0
7442,1.0,13,0.0
7443,1.0,11,0.0
7444,1.0,33,0.0
7445,0.0,23,23.0
7446,1.0,64,0.0
7447,0.18181818181818177,11,9.0
7448,0.0,14,14.0
7449,1.0,7,0.0
7450,1.0,1,0.0
7452,1.0,21,0.0
7454,1.0,5,0.0
7455,0.0,6,6.0
7456,0.0,16,16.0
7457,0.5,1,0.5
7458,1.0,1,0.0
7459,0.7142857142857143,56,16.0
7461,1.0,52,0.0
7463,0.625,4,1.5
7464,1.0,28,0.0
7465,1.0,3,0.0
7466,1.0,14,0.0
7467,0.5,3,1.5
7468,1.0,1,0.0
7469,1.0,58,0.0
7470,1.0,4,0.0
7471,0.96875,16,0.5
7472,1.0,26,0.0
7473,1.0,3,0.0
7474,1.0,16,0.0
7475,1.0,19,0.0
7477,1.0,11,0.0
7478,1.0,9,0.0
7480,1.0,1,0.0
7481,0.5,5,2.5
7482,1.0,10,0.0
7483,0.0,19,19.0
7484,0.5,2,1.0
7485,1.0,14,0.0
7487,1.0,1,0.0
7488,0.7674418604651163,43,10.0
7489,1.0,45,0.0
7490,1.0,35,0.0
7491,1.0,4,0.0
7492,1.0,5,0.0
7493,0.0,14,14.0
7494,1.0,12,0.0
7497,1.0,34,0.0
7498,1.0,10,0.0
7499,0.0,8,8.0
7500,0.0,64,64.0
7502,0.0,1,1.0
7503,0.7666666666666666,15,3.5
7504,0.625,20,7.5
7505,1.0,16,0.0
7506,0.7258064516129032,31,8.5
7507,1.0,1,0.0
7508,1.0,1,0.0
7509,0.0,2,2.0
7510,1.0,6,0.0
7511,1.0,1,0.0
7512,1.0,7,0.0
7513,1.0,12,0.0
7514,1.0,14,0.0
7515,1.0,21,0.0
7516,1.0,1,0.0
7517,1.0,7,0.0
7518,0.0,8,8.0
7519,0.0,34,34.0
7520,0.0,8,8.0
7521,0.696969696969697,33,10.0
7522,0.5,1,0.5
7523,1.0,1,0.0
7524,0.0,25,25.0
7525,0.0,9,9.0
7526,1.0,8,0.0
7527,1.0,40,0.0
7528,0.0,9,9.0
7529,0.7,5,1.5
7530,1.0,19,0.0
7531,0.5,1,0.5
7532,1.0,15,0.0
7533,1.0,6,0.0
7534,0.0,1,1.0
7535,1.0,1,0.0
7536,1.0,4,0.0
7537,0.0,10,10.0
7538,0.5,3,1.5
7539,1.0,39,0.0
7540,0.9,5,0.5
7543,1.0,1,0.0
7544,1.0,16,0.0
7545,0.0,74,74.0
7546,0.0,11,11.0
7547,0.78125,16,3.5
7548,0.9705882352941176,17,0.5
7549,1.0,1,0.0
7550,1.0,14,0.0
7551,0.0,2,2.0
7552,0.0,14,14.0
7553,1.0,17,0.0
7555,0.5,2,1.0
7556,1.0,42,0.0
7557,1.0,16,0.0
7559,1.0,25,0.0
7560,0.6428571428571428,14,5.0
7561,1.0,40,0.0
7562,1.0,44,0.0
7563,1.0,14,0.0
7564,0.5,2,1.0
7565,1.0,38,0.0
7566,1.0,10,0.0
7568,1.0,21,0.0
7569,1.0,25,0.0
7570,0.7105263157894737,19,5.5
7572,1.0,3,0.0
7573,1.0,10,0.0
7574,1.0,2,0.0
7575,0.6219512195121951,41,15.5
7578,1.0,8,0.0
7580,0.0,1,1.0
7581,0.0,24,24.0
7583,1.0,16,0.0
7584,0.0,8,8.0
7585,1.0,7,0.0
7586,0.0,6,6.0
7587,1.0,13,0.0
7588,1.0,42,0.0
7589,1.0,1,0.0
7591,1.0,31,0.0
7592,1.0,6,0.0
7595,1.0,6,0.0
7596,1.0,1,0.0
7597,1.0,13,0.0
7598,1.0,12,0.0
7599,0.6785714285714286,14,4.5
7600,1.0,1,0.0
7601,1.0,7,0.0
7602,0.7352941176470589,17,4.5
7604,0.0,7,7.0
7605,1.0,20,0.0
7606,0.6666666666666667,3,1.0
7608,0.0,2,2.0
7609,0.5,1,0.5
7611,1.0,1,0.0
7612,0.6538461538461539,13,4.5
7613,0.9,5,0.5
7614,0.0,4,4.0
7615,1.0,14,0.0
7616,1.0,25,0.0
7617,1.0,11,0.0
7619,1.0,10,0.0
7620,1.0,29,0.0
7621,1.0,15,0.0
7622,1.0,23,0.0
7623,0.0,1,1.0
7624,0.0,16,16.0
7625,0.5,5,2.5
7626,1.0,25,0.0
7627,0.5,1,0.5
7629,1.0,29,0.0
7630,1.0,3,0.0
7633,1.0,53,0.0
7634,1.0,3,0.0
7636,0.558252427184466,103,45.5
7637,0.5,3,1.5
7638,1.0,1,0.0
7640,1.0,19,0.0
7641,1.0,16,0.0
7642,0.78125,16,3.5
7643,0.9666666666666667,15,0.5
7644,1.0,7,0.0
7645,1.0,34,0.0
7646,0.0,14,14.0
7647,0.0,24,24.0
7648,1.0,6,0.0
7650,1.0,18,0.0
7652,1.0,3,0.0
7653,0.0,1,1.0
7654,1.0,8,0.0
7656,1.0,6,0.0
7657,0.5833333333333333,6,2.5
7658,0.5,3,1.5
7659,1.0,4,0.0
7661,1.0,6,0.0
7662,1.0,9,0.0
7665,0.7105263157894737,19,5.5
7666,1.0,8,0.0
7667,1.0,22,0.0
7668,0.7857142857142857,7,1.5
7670,1.0,1,0.0
7671,1.0,1,0.0
7673,1.0,23,0.0
7674,1.0,14,0.0
7675,1.0,1,0.0
7676,1.0,25,0.0
7677,1.0,14,0.0
7678,1.0,1,0.0
7679,0.6521739130434783,23,8.0
7681,0.6333333333333333,15,5.5
7682,1.0,5,0.0
7683,1.0,2,0.0
7684,1.0,8,0.0
7685,0.7222222222222222,18,5.0
7687,1.0,1,0.0
7688,0.5,3,1.5
7690,1.0,3,0.0
7691,0.5,2,1.0
7693,1.0,60,0.0
7696,1.0,1,0.0
7697,0.5,2,1.0
7698,1.0,1,0.0
7699,0.6333333333333333,15,5.5
7700,1.0,1,0.0
7701,1.0,1,0.0
7702,1.0,23,0.0
7703,0.9166666666666666,6,0.5
7704,1.0,2,0.0
7705,1.0,18,0.0
7706,0.0,1,1.0
7707,1.0,9,0.0
7709,1.0,6,0.0
7710,1.0,4,0.0
7711,1.0,1,0.0
7712,0.0,3,3.0
7713,0.95,10,0.5
7714,0.8125,8,1.5
7716,0.625,16,6.0
7717,1.0,16,0.0
7718,0.8125,8,1.5
7720,0.0,5,5.0
7721,1.0,3,0.0
7722,1.0,1,0.0
7723,0.7666666666666666,15,3.5
7724,1.0,8,0.0
7725,0.0,2,2.0
7726,1.0,1,0.0
7727,1.0,6,0.0
7729,1.0,2,0.0
7730,1.0,1,0.0
7731,0.8125,8,1.5
7732,1.0,6,0.0
7733,1.0,1,0.0
7738,1.0,3,0.0
7739,1.0,1,0.0
7740,0.9090909090909091,11,1.0
7742,1.0,45,0.0
7743,0.5,5,2.5
7744,1.0,1,0.0
7745,1.0,1,0.0
7747,1.0,11,0.0
7748,1.0,2,0.0
7751,0.0,1,1.0
7754,1.0,5,0.0
7755,1.0,5,0.0
7756,1.0,1,0.0
7757,1.0,2,0.0
7758,1.0,3,0.0
7759,1.0,3,0.0
7760,0.6,5,2.0
7761,1.0,4,0.0
7764,1.0,1,0.0
7765,1.0,1,0.0
7766,0.7352941176470589,17,4.5
7767,1.0,1,0.0
